Stock,Entry_Date,Entry_Price,Exit_Date,Exit_Price,Result,Profit_%,ER_21,CumRet_21,WMA_Ratio_21
OIL,2023-01-23,160.10000610351562,2023-02-10,149.03334045410156,Loss,-6.91,0.6176253098623666,0.20799796907677615,1.0734051560377165
ACI,2023-01-31,650.4500122070312,2023-02-17,638.4500122070312,Loss,-1.84,0.5256031257853789,0.23600952438390738,1.0646526729368635
ITC,2023-02-14,372.11859130859375,2023-03-03,370.6742248535156,Loss,-0.39,0.6151386665936851,0.17551331656220462,1.0547278320983982
ITC,2023-02-22,369.6150207519531,2023-03-14,365.6189270019531,Loss,-1.08,0.5162377358557529,0.13649155106146593,1.0162559904114863
ITC,2023-02-23,373.2259521484375,2023-03-15,365.3300476074219,Loss,-2.12,0.5296681577461834,0.14353148775519822,1.021957659264158
BOROLTD,2023-04-24,341.9787292480469,2023-05-12,333.88232421875,Loss,-2.37,0.5580700560091717,0.25899608008799296,1.0913902326468963
ITC,2023-04-28,409.7685852050781,2023-05-18,404.1355285644531,Loss,-1.37,0.719109174783659,0.123712700794239,1.0541526104473742
KOTAKBANK,2023-04-28,387.6099853515625,2023-05-18,385.4800109863281,Loss,-0.55,0.761299764646302,0.14531806796124033,1.037526773075857
SHK,2023-04-28,115.0500030517578,2023-05-18,106.0999984741211,Loss,-7.78,0.6175212591888954,0.3354614162972187,1.0394112649728957
BHEL,2023-05-02,81.5999984741211,2023-05-19,80.05000305175781,Loss,-1.9,0.5288221088116686,0.14848691019306395,1.079371231856606
CAMLINFINE,2023-05-02,174.35000610351562,2023-05-19,172.6999969482422,Loss,-0.95,0.5159028610178952,0.3782609178143528,1.045097019161367
GNFC,2023-05-02,597.1500244140625,2023-05-19,590.5999755859375,Loss,-1.1,0.5483877374188287,0.19573494535892957,1.0826918455237633
ITC,2023-05-02,408.7093811035156,2023-05-19,404.2799682617188,Loss,-1.08,0.6833972411781233,0.11638613891510745,1.0449185904252734
SHK,2023-05-02,115.0500030517578,2023-05-19,105.6999969482422,Loss,-8.13,0.7523146022331528,0.3937007728470088,1.031908702577933
BOROLTD,2023-05-03,350.2848815917969,2023-05-22,345.54449462890625,Loss,-1.35,0.7298167671237736,0.37312941281463513,1.0571809893532915
GNFC,2023-05-03,600.8499755859375,2023-05-22,600.1500244140625,Loss,-0.12,0.6376775506058023,0.22497446602637614,1.07846039637523
ITC,2023-05-03,411.3092346191406,2023-05-22,408.9982604980469,Loss,-0.56,0.7074623505053597,0.12481896029252779,1.044957706746812
SHK,2023-05-03,111.1500015258789,2023-05-22,105.75,Loss,-4.86,0.5682611591655009,0.28052992647478914,0.9941687343934552
BOROLTD,2023-05-04,352.214599609375,2023-05-23,316.4309997558594,Loss,-10.16,0.7187814934693278,0.3435749572411969,1.0534458615577793
KOTAKBANK,2023-05-04,389.5199890136719,2023-05-23,384.2999877929688,Loss,-1.34,0.6973990763461172,0.13163475402632824,1.0284337362729565
BOROLTD,2023-05-05,347.4742126464844,2023-05-24,311.39697265625,Loss,-10.38,0.6200998495541965,0.2659330740843194,1.0325176845981183
GNFC,2023-05-05,597.4500122070312,2023-05-24,596.5999755859375,Loss,-0.14,0.5336167966330431,0.17296555423150617,1.0556089786559375
KOTAKBANK,2023-05-05,385.739990234375,2023-05-24,382.0700073242188,Loss,-0.95,0.5899986485654098,0.11302184863767639,1.0151159971324604
M&MFIN,2023-05-05,286.3999938964844,2023-05-24,283.6000061035156,Loss,-0.98,0.6600363120629996,0.2363479449279229,1.0860469910968273
KOTAKBANK,2023-05-08,391.7699890136719,2023-05-25,385.989990234375,Loss,-1.48,0.6103079153965553,0.12209993863968911,1.0265974665250341
KOTAKBANK,2023-05-09,390.8599853515625,2023-05-26,389.010009765625,Loss,-0.47,0.5822785476925229,0.11553165107777444,1.02058480348346
M&MFIN,2023-05-09,288.70001220703125,2023-05-26,280.04998779296875,Loss,-3.0,0.557191800824839,0.20542802591662318,1.0715511898237187
KOTAKBANK,2023-05-10,391.739990234375,2023-05-29,390.6400146484375,Loss,-0.28,0.5813149230438215,0.1147344353366829,1.0195246656327623
ASHOKLEY,2023-05-15,76.67500305175781,2023-06-01,73.57499694824219,Loss,-4.04,0.5055822334190292,0.11527277166193182,1.0531779689741407
GNFC,2023-05-16,648.0999755859375,2023-06-02,585.3499755859375,Loss,-9.68,0.5273477285654088,0.18721367759887997,1.0810187152923048
GNFC,2023-05-17,654.75,2023-06-05,582.9500122070312,Loss,-10.97,0.5515428108148158,0.20181720754519128,1.0800046161309065
ASHOKLEY,2023-05-19,77.3499984741211,2023-06-07,75.9749984741211,Loss,-1.78,0.5537462586122744,0.12345679285955143,1.0390217828297221
POONAWALLA,2023-05-26,346.1000061035156,2023-06-14,345.6499938964844,Loss,-0.13,0.5127518417051175,0.12406629738314984,1.0305103043438413
ZENSARTECH,2023-06-01,388.75,2023-06-20,384.7000122070313,Loss,-1.04,0.5069320354351559,0.3488896028246442,1.0836851557777458
DCBBANK,2023-06-05,120.0500030517578,2023-06-22,117.0500030517578,Loss,-2.5,0.5082565355140234,0.13041437383718155,1.0286507836492729
EIHOTEL,2023-06-05,216.1499938964844,2023-06-22,208.6499938964844,Loss,-3.47,0.5521580063466672,0.16554325938765246,1.0518347620736697
ZENSARTECH,2023-06-05,403.4500122070313,2023-06-22,400.8999938964844,Loss,-0.63,0.5034203345876959,0.32670175636134957,1.0937492643355329
ROUTE,2023-06-20,1642.1500244140625,2023-07-10,1553.1500244140625,Loss,-5.42,0.5019703645727019,0.16754356517174723,1.0766688568082707
FIVESTAR,2023-06-21,655.9000244140625,2023-07-11,654.9500122070312,Loss,-0.14,0.5915427764973887,0.24082492377533057,1.0908386285868736
WONDERLA,2023-06-21,569.5499877929688,2023-07-11,556.4000244140625,Loss,-2.31,0.6069747998957351,0.23842138584843015,1.0409904545214212
RAMRAT,2023-06-22,147.5,2023-07-12,146.4499969482422,Loss,-0.71,0.5383346093016789,0.49708193570803605,1.099590869410665
WONDERLA,2023-06-23,573.2999877929688,2023-07-13,570.0499877929688,Loss,-0.57,0.5322128851540615,0.19862011796897747,1.0357719339358982
FIVESTAR,2023-06-26,659.7000122070312,2023-07-14,639.2999877929688,Loss,-3.09,0.5049931928474146,0.21402278720611528,1.0685700711131905
RAMRAT,2023-06-26,151.3000030517578,2023-07-14,142.875,Loss,-5.57,0.5371042731891611,0.5198392608094073,1.0903254565375753
WONDERLA,2023-06-26,584.5499877929688,2023-07-14,569.4500122070312,Loss,-2.58,0.5310305772270464,0.1929591587611607,1.0484407864920833
WONDERLA,2023-06-27,581.9000244140625,2023-07-17,566.4000244140625,Loss,-2.66,0.50816977141475,0.18718766022662642,1.0373770230767687
WONDERLA,2023-06-28,583.7000122070312,2023-07-18,558.5,Loss,-4.32,0.521787249843751,0.19341648931301383,1.0347599271688908
AMRUTANJAN,2023-07-10,729.2999877929688,2023-07-27,649.2999877929688,Loss,-10.97,0.508120518224706,0.2425248703048451,1.0686869730501336
AMRUTANJAN,2023-07-11,729.0999755859375,2023-07-28,652.2000122070312,Loss,-10.55,0.5022508154507193,0.23649613397446553,1.058224848375573
AMRUTANJAN,2023-07-12,732.4500122070312,2023-07-31,657.9000244140625,Loss,-10.18,0.5138418658639401,0.24439354839913882,1.0535170939564302
BHEL,2023-07-27,103.5,2023-08-16,99.8499984741211,Loss,-3.53,0.565730982474038,0.22703025337640287,1.0823296718059083
BHEL,2023-07-28,103.0999984741211,2023-08-17,99.9000015258789,Loss,-3.1,0.5380026729023786,0.21222803967895007,1.0683458462682642
BHEL,2023-07-31,104.0500030517578,2023-08-18,98.0,Loss,-5.81,0.5141063604004504,0.18710782932544212,1.0683867777665785
BHEL,2023-08-01,104.6999969482422,2023-08-21,100.9499969482422,Loss,-3.58,0.5141062441912593,0.1857303887846005,1.0655032924785972
PFC,2023-08-09,216.0399932861328,2023-08-29,216.0,Loss,-0.02,0.6070675741069484,0.1891237450216603,1.0658383807603309
POONAWALLA,2023-08-09,438.0,2023-08-29,410.6000061035156,Loss,-6.26,0.5503760316318137,0.20065793491356596,1.0900775452113323
ZENSARTECH,2023-08-10,514.0999755859375,2023-08-30,496.8999938964844,Loss,-3.35,0.5849896669535914,0.29692225908608166,1.059968262607592
PFC,2023-08-11,211.2400054931641,2023-08-31,208.16000366210932,Loss,-1.46,0.5324330809873996,0.17538395314026944,1.027261499124988
PFC,2023-08-14,211.2400054931641,2023-09-01,205.9199981689453,Loss,-2.52,0.5334694314443382,0.1756456706581153,1.021523080931276
OIL,2023-08-16,190.5666656494141,2023-09-04,185.3000030517578,Loss,-2.76,0.6087826722177033,0.11944386779548853,1.0420446790022935
PFC,2023-08-16,211.3600006103516,2023-09-04,211.3600006103516,Loss,0.0,0.5596714332996257,0.18263204547173767,1.0170403329847875
WONDERLA,2023-08-16,640.1500244140625,2023-09-04,612.1500244140625,Loss,-4.37,0.5258462446330452,0.13020832772084348,1.0280621176261542
OIL,2023-08-17,192.36666870117188,2023-09-05,187.0666656494141,Loss,-2.76,0.6459333916234028,0.13245682729895542,1.0454677411306104
PFC,2023-08-17,216.67999267578125,2023-09-05,209.67999267578125,Loss,-3.23,0.6313429833615781,0.22169594006606463,1.0358023838047532
WONDERLA,2023-08-17,638.8499755859375,2023-09-05,632.0,Loss,-1.07,0.6011963151520465,0.1438674585245076,1.0213329957143846
OIL,2023-08-18,192.2333374023437,2023-09-06,188.36666870117188,Loss,-2.01,0.6283190700324829,0.12461000151129821,1.0390205023181966
PFC,2023-08-18,214.8000030517578,2023-09-06,206.0,Loss,-4.1,0.5576167861055905,0.1859541124257364,1.0217812475704822
WONDERLA,2023-08-18,638.9500122070312,2023-09-06,628.9000244140625,Loss,-1.57,0.6258056745244013,0.14815815311236524,1.0174412373073893
OIL,2023-08-21,194.0,2023-09-07,187.86666870117188,Loss,-3.16,0.6437327313800907,0.13295695185898207,1.0424737310671177
WONDERLA,2023-08-21,640.3499755859375,2023-09-07,621.5999755859375,Loss,-2.93,0.6201840832935994,0.14378852105110643,1.0160120942918744
OIL,2023-08-22,194.1999969482422,2023-09-08,187.5666656494141,Loss,-3.42,0.6375842343050094,0.12885093340412512,1.0379628113924688
WONDERLA,2023-08-22,637.9000244140625,2023-09-08,626.3499755859375,Loss,-1.81,0.5898597185318133,0.13920887669917698,1.0094181081484106
OIL,2023-08-23,193.96665954589844,2023-09-11,187.5666656494141,Loss,-3.3,0.6208899746149061,0.12401000978926335,1.031838925662095
OIL,2023-08-24,192.933334350586,2023-09-12,181.63333129882807,Loss,-5.86,0.5428002434032213,0.10268627663874681,1.022546804283613
SHK,2023-08-29,163.8000030517578,2023-09-15,161.39999389648438,Loss,-1.47,0.5755779435531576,0.42125816096969904,1.0945318217663753
SHK,2023-08-30,162.5500030517578,2023-09-18,155.5,Loss,-4.34,0.5346293847927169,0.37115140335163077,1.0727717874197722
EIHOTEL,2023-08-31,248.8500061035156,2023-09-20,228.6000061035156,Loss,-8.14,0.5326978966143752,0.18641242480817924,1.0831971414994621
SHK,2023-08-31,162.89999389648438,2023-09-20,157.5500030517578,Loss,-3.28,0.5366000498472275,0.37410366683300544,1.0630725746422143
CAMLINFINE,2023-09-01,173.60000610351562,2023-09-21,161.75,Loss,-6.83,0.5077879191351267,0.10362366646868074,1.0920870820671882
JYOTHYLAB,2023-09-01,365.5499877929688,2023-09-21,351.0,Loss,-3.98,0.6117648290790721,0.20583867772661724,1.0894082397874816
MRPL,2023-09-01,96.3499984741211,2023-09-21,93.4499969482422,Loss,-3.01,0.5454544632116862,0.16717134963291108,1.0548569937514956
SHK,2023-09-01,163.85000610351562,2023-09-21,152.89999389648438,Loss,-6.68,0.5371601266396397,0.3722780905325413,1.058181448928486
ACI,2023-09-04,653.7999877929688,2023-09-22,585.75,Loss,-10.41,0.6595556814000807,0.2857423555417281,1.0759279983907375
CAMLINFINE,2023-09-04,173.75,2023-09-22,160.64999389648438,Loss,-7.54,0.5411393291349137,0.10916059221052668,1.0831475758567777
JYOTHYLAB,2023-09-04,362.3500061035156,2023-09-22,349.04998779296875,Loss,-3.67,0.5614874317826954,0.1941011419577712,1.0703313126864529
MRPL,2023-09-04,97.9000015258789,2023-09-22,94.4499969482422,Loss,-3.52,0.6168582151483537,0.19682148989571607,1.0622535621900524
ACI,2023-09-05,656.25,2023-09-25,588.2999877929688,Loss,-10.35,0.6522954273681065,0.27291245376487655,1.067563128008776
MRPL,2023-09-05,97.0500030517578,2023-09-25,93.0999984741211,Loss,-4.07,0.5500001173752996,0.17280970455296432,1.0453609973654636
ACI,2023-09-06,639.6500244140625,2023-09-26,584.2999877929688,Loss,-8.65,0.5305863166220444,0.2363971288287219,1.0322665889189344
MRPL,2023-09-06,95.6500015258789,2023-09-26,93.3000030517578,Loss,-2.46,0.5207548321418043,0.16860114000027776,1.0249046294280657
SHK,2023-09-06,170.8000030517578,2023-09-26,160.39999389648438,Loss,-6.09,0.5541235587969552,0.33646321575270555,1.0740764130163185
GNFC,2023-09-07,647.8499755859375,2023-09-27,607.4000244140625,Loss,-6.24,0.6501948520949576,0.1825317230196968,1.080249946743204
SARDAEN,2023-09-07,234.3500061035156,2023-09-27,224.6999969482422,Loss,-4.12,0.5460367851919199,0.30994977137403296,1.0656634570613233
SHK,2023-09-07,171.60000610351562,2023-09-27,159.3000030517578,Loss,-7.17,0.5626598013840811,0.3448276501219418,1.0680584608672974
GNFC,2023-09-08,643.0499877929688,2023-09-28,599.0999755859375,Loss,-6.83,0.5830317033606871,0.15990252430562055,1.062108247394991
SARDAEN,2023-09-08,239.5,2023-09-28,218.6000061035156,Loss,-8.73,0.5131999066748119,0.2545835917096413,1.07628198741563
ACI,2023-09-11,641.3499755859375,2023-09-29,588.8499755859375,Loss,-8.19,0.5083253557168096,0.2536160436561227,1.0186331895058764
FEDERALBNK,2023-09-11,148.89999389648438,2023-09-29,147.1999969482422,Loss,-1.14,0.5384613664830954,0.10953798273118914,1.0394179453640238
GNFC,2023-09-11,647.0999755859375,2023-09-29,612.0999755859375,Loss,-5.41,0.6592197917599459,0.1803009130614455,1.0588137467300747
GNFC,2023-09-13,653.2000122070312,2023-10-04,616.7000122070312,Loss,-5.59,0.6364620396682635,0.22047832083074412,1.0535627524693558
GNFC,2023-09-14,651.7999877929688,2023-10-05,612.5999755859375,Loss,-6.01,0.6116183962555637,0.204249400079388,1.0431541837312324
GNFC,2023-09-15,650.8499755859375,2023-10-06,616.7000122070312,Loss,-5.25,0.6007752750130959,0.20005532383915034,1.0345486066076752
OIL,2023-10-17,221.0666656494141,2023-11-06,207.5333404541016,Loss,-6.12,0.5252577251310605,0.19259124198748964,1.0863396283330835
RAMRAT,2023-11-24,142.97500610351562,2023-12-14,141.4250030517578,Loss,-1.08,0.5079710650193852,0.20071391784844583,1.0589145347210407
BOROLTD,2023-12-04,373.8190002441406,2023-12-21,341.1000061035156,Loss,-8.75,0.6430839218264973,0.15832578802563213,1.076274711209774
MRPL,2023-12-04,125.1999969482422,2023-12-21,124.25,Loss,-0.76,0.5365239585153003,0.20500476525073003,1.0591265918001274
SARDAEN,2023-12-04,252.1000061035156,2023-12-21,248.6000061035156,Loss,-1.39,0.5638598137728809,0.2508062628943578,1.0760117513813188
BOROLTD,2023-12-05,375.75,2023-12-22,342.3999938964844,Loss,-8.88,0.6106064675851808,0.13423209713775475,1.0727819256610294
SARDAEN,2023-12-05,254.3999938964844,2023-12-22,250.5,Loss,-1.53,0.5868495738238262,0.2666168093884439,1.0745403775633826
SARDAEN,2023-12-06,258.3500061035156,2023-12-26,245.1499938964844,Loss,-5.11,0.5310949210983591,0.19800609049647339,1.0794226755671266
CONCOR,2023-12-07,842.3499755859375,2023-12-27,837.6500244140625,Loss,-0.56,0.7289966422415932,0.14644433560522285,1.0847443104282088
SARDAEN,2023-12-07,257.3500061035156,2023-12-27,250.5,Loss,-2.66,0.6208035549076562,0.22431022759188357,1.0649537981873625
PFC,2023-12-15,412.2999877929688,2024-01-04,405.75,Loss,-1.59,0.689911742859003,0.32828606926605536,1.0940711113585737
PFC,2023-12-18,411.7999877929688,2024-01-05,404.0,Loss,-1.89,0.6853475685470799,0.32710281660636276,1.0785286721234533
PFC,2023-12-19,408.75,2024-01-08,405.75,Loss,-0.73,0.6370522880405153,0.2924901185770751,1.0587543741200813
KOTAKBANK,2023-12-28,384.2699890136719,2024-01-16,369.6000061035156,Loss,-3.82,0.6026243897379975,0.10279803573477339,1.035542576795842
DCBBANK,2024-01-09,155.8000030517578,2024-01-30,136.0,Loss,-12.71,0.5504372391293783,0.2860090886460064,1.094264139144938
POONAWALLA,2024-01-11,491.3999938964844,2024-02-01,476.1000061035156,Loss,-3.11,0.6128508932505139,0.18110805988296433,1.0856843267095764
POONAWALLA,2024-01-12,496.25,2024-02-02,467.7000122070313,Loss,-5.75,0.6101557321570864,0.17664493183165383,1.0853849966858777
POONAWALLA,2024-01-15,496.25,2024-02-05,480.1000061035156,Loss,-3.25,0.5633028540103054,0.14119809827453048,1.0753403110415523
POONAWALLA,2024-01-19,503.6499938964844,2024-02-09,480.8500061035156,Loss,-4.53,0.5003920611213244,0.1450494189102134,1.0605356735472817
RAMRAT,2024-01-19,154.6999969482422,2024-02-09,150.52499389648438,Loss,-2.7,0.5088756034105648,0.12509088689630682,1.0106864254105874
KNRCON,2024-02-06,286.95001220703125,2024-02-23,265.6000061035156,Loss,-7.44,0.5116495753138218,0.1057803938613921,1.0609033390878029
CONCOR,2024-02-22,1013.7000122070312,2024-03-13,862.4500122070312,Loss,-14.92,0.533560188536655,0.2282806581857405,1.059544336622361
VSTIND,2024-04-24,363.595458984375,2024-05-14,359.1454467773437,Loss,-1.22,0.5893344960865149,0.11766106386607313,1.0598270305785769
VSTIND,2024-04-25,366.1363525390625,2024-05-15,356.6499938964844,Loss,-2.59,0.6007075693658281,0.12308631571931576,1.058994092401677
VSTIND,2024-04-26,374.5636291503906,2024-05-16,355.9272766113281,Loss,-4.98,0.6410349715029215,0.1456933891488973,1.0732441039550935
VSTIND,2024-04-29,368.6863708496094,2024-05-17,367.3818054199219,Loss,-0.35,0.5879010477354703,0.13953550669608686,1.048827431469548
VSTIND,2024-05-02,369.8500061035156,2024-05-22,368.1636352539063,Loss,-0.46,0.5669836138703104,0.13959390504955238,1.039234685206942
VSTIND,2024-06-11,396.39544677734375,2024-07-01,371.713623046875,Loss,-6.23,0.5000620238004511,0.16065528828720815,1.0623773615802012
VSTIND,2024-06-12,402.404541015625,2024-07-02,370.4909057617188,Loss,-7.93,0.5179741265685505,0.1716229653523352,1.0695505330093371
WIPRO,2024-07-02,269.1000061035156,2024-07-22,252.8999938964844,Loss,-6.02,0.6464123601113381,0.22820629213664703,1.0790781105807574
ZENSARTECH,2024-07-02,751.4000244140625,2024-07-22,748.5499877929688,Loss,-0.38,0.5127000142622139,0.23160146612433646,1.0313474541306158
WIPRO,2024-07-03,269.5,2024-07-23,250.2749938964844,Loss,-7.13,0.6343582220900328,0.21369059354249156,1.0703785437469941
AMRUTANJAN,2024-07-04,790.5999755859375,2024-07-24,767.3499755859375,Loss,-2.94,0.5601175378513241,0.18628548443981321,1.0373400784553286
HINDWAREAP,2024-07-04,470.3999938964844,2024-07-24,446.5499877929688,Loss,-5.07,0.6470289913163811,0.3692330391813561,1.0965687686662766
PANACEABIO,2024-07-04,143.1300048828125,2024-07-24,135.82000732421875,Loss,-5.11,0.5420985899865586,0.20226796483647091,1.0615249556231994
PARKHOTELS,2024-07-04,191.8699951171875,2024-07-24,187.9499969482422,Loss,-2.04,0.5791880211948018,0.26772373557724394,1.0518963686378917
UPL,2024-07-04,570.4500122070312,2024-07-24,537.0499877929688,Loss,-5.86,0.5884677280164918,0.15021675202399304,1.007943544532414
WIPRO,2024-07-04,265.3500061035156,2024-07-24,250.0500030517578,Loss,-5.77,0.6090821287474406,0.21122907588676673,1.0463413220064968
ACI,2024-07-05,747.0499877929688,2024-07-25,724.5999755859375,Loss,-3.01,0.5003652962535885,0.22437098730000646,1.0771107626760907
BHEL,2024-07-05,316.3999938964844,2024-07-25,311.54998779296875,Loss,-1.53,0.6035588043267067,0.23908355721056807,1.0492869762278496
HINDWAREAP,2024-07-05,468.5499877929688,2024-07-25,458.25,Loss,-2.2,0.6135702224734308,0.32808958051303805,1.0792777711492427
PARKHOTELS,2024-07-05,195.13999938964844,2024-07-25,188.0399932861328,Loss,-3.64,0.5226978168901029,0.1979128710934829,1.061359275808082
PFC,2024-07-05,534.25,2024-07-25,525.0499877929688,Loss,-1.72,0.5426792689393929,0.19478923692813324,1.0644509400040323
WIPRO,2024-07-05,267.54998779296875,2024-07-25,253.4250030517578,Loss,-5.28,0.5846154634128219,0.18516052178502215,1.0475089230502304
BHEL,2024-07-08,328.3500061035156,2024-07-26,317.29998779296875,Loss,-3.37,0.5569058221112424,0.18132754697972062,1.0790661110471327
PARKHOTELS,2024-07-08,198.5200042724609,2024-07-26,189.8000030517578,Loss,-4.39,0.5290353888635031,0.19987916551345739,1.0702986054365426
PFC,2024-07-08,549.75,2024-07-26,538.9500122070312,Loss,-1.96,0.5134240950732457,0.16398478553630866,1.0848428806737267
WIPRO,2024-07-08,270.6000061035156,2024-07-26,262.3999938964844,Loss,-3.03,0.5744987552498542,0.17396965771590292,1.0515707982857443
WONDERLA,2024-07-08,941.2000122070312,2024-07-26,930.9000244140624,Loss,-1.09,0.6623847276512987,0.10605793372741934,1.0296373991823846
BHEL,2024-07-09,329.5,2024-07-29,323.04998779296875,Loss,-1.96,0.5231864547008299,0.15411558669001751,1.07353438526265
PARKHOTELS,2024-07-09,200.1000061035156,2024-07-29,191.72000122070312,Loss,-4.19,0.5009323665037155,0.17326298752859048,1.0694598170963578
BHEL,2024-07-10,327.95001220703125,2024-07-30,317.3999938964844,Loss,-3.22,0.5141841745864437,0.15292669408760437,1.0605104851222646
MONQ50,2024-07-10,73.01000213623047,2024-07-30,63.25,Loss,-13.37,0.9070239238070017,0.1366962217097421,1.0847651558885403
PFC,2024-07-10,560.7999877929688,2024-07-30,554.7000122070312,Loss,-1.09,0.5053909602962915,0.15438452425808286,1.0856763069766062
WIPRO,2024-07-10,267.7749938964844,2024-07-30,260.75,Loss,-2.62,0.536476643197459,0.12688056347810364,1.0282359003504389
MONQ50,2024-07-11,74.66000366210938,2024-07-31,63.93999862670898,Loss,-14.36,0.9182553717542187,0.15662277509491535,1.0971554375412045
PFC,2024-07-11,570.5999755859375,2024-07-31,556.7999877929688,Loss,-2.42,0.5341161694620298,0.17298789447474056,1.0923813821097457
WIPRO,2024-07-11,267.04998779296875,2024-07-31,261.0,Loss,-2.27,0.513489276605485,0.12194095007143299,1.0208856687973797
MONQ50,2024-07-12,75.2699966430664,2024-08-01,63.27999877929688,Loss,-15.93,0.9199280502290853,0.1592483642275047,1.0939738706633257
WIPRO,2024-07-12,280.07501220703125,2024-08-01,260.7749938964844,Loss,-6.89,0.602169803886336,0.17456496452723447,1.061654883290737
MONQ50,2024-07-15,75.73999786376953,2024-08-02,61.290000915527344,Loss,-19.08,0.9201411877480229,0.15863537833076977,1.088880721348357
WIPRO,2024-07-15,279.8500061035156,2024-08-02,251.0749969482422,Loss,-10.28,0.5796988949661399,0.1597596459353919,1.0527307279686124
FEDERALBNK,2024-07-16,195.3500061035156,2024-08-05,192.8500061035156,Loss,-1.28,0.5675971316290587,0.12012622098752,1.0493263854264323
MONQ50,2024-07-16,76.6500015258789,2024-08-05,60.06999969482422,Loss,-21.63,0.9340475902947599,0.17345379491715532,1.0895683455611846
WIPRO,2024-07-16,279.8500061035156,2024-08-05,242.5,Loss,-13.35,0.6426892673161484,0.1721466224231021,1.045432718855641
FEDERALBNK,2024-07-18,196.6000061035156,2024-08-06,191.3699951171875,Loss,-2.66,0.5740594893212937,0.12285116349031566,1.0488171548658238
MONQ50,2024-07-18,76.87999725341797,2024-08-06,61.540000915527344,Loss,-19.95,0.9334993239455199,0.17105857527074472,1.0811096030988971
WIPRO,2024-07-18,286.6000061035156,2024-08-06,244.75,Loss,-14.6,0.6402987430032395,0.1653959644078861,1.0615614982928587
MONQ50,2024-07-19,78.0199966430664,2024-08-07,62.79999923706055,Loss,-19.51,0.9391169643137086,0.18788057674412337,1.084661034359886
FEDERALBNK,2024-07-23,197.9600067138672,2024-08-09,197.5599975585937,Loss,-0.2,0.5121833328594608,0.12145933561339216,1.0411667288310105
FEDERALBNK,2024-07-25,204.6699981689453,2024-08-13,202.1999969482422,Loss,-1.21,0.6006704532848627,0.16289771686900745,1.0599066719302135
ITC,2024-07-26,483.5760498046875,2024-08-14,473.9468688964844,Loss,-1.99,0.6909497351787705,0.18457372354489246,1.0700096871425921
JYOTHYLAB,2024-07-26,548.4500122070312,2024-08-14,540.9000244140625,Loss,-1.38,0.5891238002188927,0.3005691162697257,1.090880347106266
UPL,2024-09-04,607.8499755859375,2024-09-23,592.7999877929688,Loss,-2.48,0.5476761057863825,0.15057730386346888,1.0471652820947408
PFC,2024-09-05,558.25,2024-09-24,489.9500122070313,Loss,-12.23,0.5269089536858295,0.17761842500838487,1.0452840263803993
UPL,2024-09-05,618.7000122070312,2024-09-24,603.75,Loss,-2.42,0.564467811005985,0.1595914653963087,1.057773981894031
ROUTE,2024-09-13,1695.5,2024-10-03,1571.6500244140625,Loss,-7.3,0.5919672685936429,0.10893100110992612,1.054356379106059
SARDAEN,2024-10-08,480.0499877929688,2024-10-25,462.3999938964844,Loss,-3.68,0.5132230001121085,0.3490234075008665,1.0786464873583028
RAMRAT,2024-10-10,365.625,2024-10-29,280.0249938964844,Loss,-23.41,0.5003277887188917,0.18555449817136965,1.097679366797214
SARDAEN,2024-10-10,498.25,2024-10-29,476.9500122070313,Loss,-4.27,0.5321589129391407,0.3526537036624324,1.0885251330228767
RAMRAT,2024-10-11,365.7749938964844,2024-10-30,289.75,Loss,-20.78,0.5256267715021254,0.19319852703277143,1.0865833274715972
SARDAEN,2024-10-11,499.5,2024-10-30,437.3999938964844,Loss,-12.43,0.5370483006213652,0.35752135732761053,1.0779976194538885
RAMRAT,2024-10-14,371.25,2024-10-31,298.5,Loss,-19.6,0.5431622888287927,0.20653228882620295,1.0905985043708797
SARDAEN,2024-10-14,512.2000122070312,2024-10-31,454.2000122070313,Loss,-11.32,0.5441205607970813,0.35916148046004487,1.0907763547315354
SARDAEN,2024-10-15,511.6499938964844,2024-11-01,455.4500122070313,Loss,-10.98,0.5298705067558427,0.33729740129186825,1.0768119414814774
GANDHAR,2024-10-18,244.5599975585937,2024-11-06,222.17999267578125,Loss,-9.15,0.5052485801846105,0.17588230879173458,1.0732642989912964
AGIIL,2024-12-10,179.6999969482422,2024-12-30,178.84500122070312,Loss,-0.48,0.8091416180667732,0.28146618001323814,1.0804033058530673
AGIIL,2024-12-11,179.8350067138672,2024-12-31,178.02000427246094,Loss,-1.01,0.7943207686652218,0.24989575070100495,1.069758434872713
EIHOTEL,2024-12-11,426.7999877929688,2024-12-31,419.8500061035156,Loss,-1.63,0.5256608741792761,0.18819591672779543,1.095595734425518
AGIIL,2024-12-12,184.0850067138672,2025-01-01,178.05499267578125,Loss,-3.28,0.8610234037327472,0.2911450861239999,1.0820888727514315
AGIIL,2024-12-13,186.96499633789065,2025-01-02,178.58999633789062,Loss,-4.48,0.86577053185434,0.3006260614809785,1.0856540508265
EIHOTEL,2024-12-13,429.8500061035156,2025-01-02,429.25,Loss,-0.14,0.5759658685029947,0.1849758955300224,1.079928236775395
PANACEABIO,2024-12-13,467.2000122070313,2025-01-02,428.5,Loss,-8.28,0.5519697904161516,0.39254847155598005,1.0492073810791251
AGIIL,2024-12-16,183.7350006103516,2025-01-03,178.86000061035156,Loss,-2.65,0.7514861849845397,0.2764693448240333,1.0569958318193995
PANACEABIO,2024-12-16,484.8999938964844,2025-01-03,443.2000122070313,Loss,-8.6,0.5742731110488576,0.42324618879622444,1.0764128542098061
VSTIND,2024-12-16,360.2999877929688,2025-01-03,340.5,Loss,-5.5,0.5580997553003136,0.1564756922166706,1.0649294845823543
ZENSARTECH,2024-12-16,811.3499755859375,2025-01-03,794.0999755859375,Loss,-2.13,0.6236587377493122,0.16239251516609957,1.0415634654112174
AGIIL,2024-12-17,180.7400054931641,2025-01-06,177.0500030517578,Loss,-2.04,0.6543003456120602,0.2508392096666142,1.0328212317081003
EIHOTEL,2024-12-17,424.5,2025-01-06,409.3999938964844,Loss,-3.56,0.6019810453031375,0.1869146015499841,1.0482926982555378
ZENSARTECH,2024-12-17,799.5999755859375,2025-01-06,771.7000122070312,Loss,-3.49,0.5055150041084202,0.13313958466859896,1.0218182510994032
AGIIL,2024-12-18,179.96499633789062,2025-01-07,176.27000427246094,Loss,-2.05,0.5806736484329039,0.18945798220722362,1.0228892999174606
EIHOTEL,2024-12-18,422.4500122070313,2025-01-07,422.3500061035156,Loss,-0.02,0.5799290832232742,0.18283639766622356,1.035944298457195
WIPRO,2024-12-18,312.6000061035156,2025-01-07,294.04998779296875,Loss,-5.93,0.5550447568027203,0.1308673958869468,1.0330240280882865
AGIIL,2024-12-19,184.4900054931641,2025-01-08,172.56500244140625,Loss,-6.46,0.5387692557715887,0.15083281331678944,1.041335867138533
EIHOTEL,2024-12-19,427.2000122070313,2025-01-08,421.0,Loss,-1.45,0.5945135853590965,0.19379629710961843,1.0399489803240887
WIPRO,2024-12-19,312.75,2025-01-08,297.54998779296875,Loss,-4.86,0.5226342699434458,0.11298932384341637,1.0287363720339633
AGIIL,2024-12-23,182.59500122070312,2025-01-10,171.28500366210938,Loss,-6.19,0.5147150577371626,0.14346998160364396,1.0198525718383171
FIVESTAR,2024-12-24,768.0499877929688,2025-01-13,651.5999755859375,Loss,-15.16,0.512942060571208,0.1831625339400211,1.0951201995576234
FIVESTAR,2024-12-30,801.0999755859375,2025-01-16,674.4500122070312,Loss,-15.81,0.6062892058110587,0.22025891178360624,1.0947284192491364
FIVESTAR,2025-01-01,791.7000122070312,2025-01-20,662.75,Loss,-16.29,0.5745162324158292,0.23925810826071248,1.0605904630989231
FIVESTAR,2025-01-02,797.7000122070312,2025-01-21,649.4500122070312,Loss,-18.58,0.6199249038122651,0.26058790707185087,1.0575947773969339
FIVESTAR,2025-01-03,790.4500122070312,2025-01-22,673.25,Loss,-14.83,0.5859403940170723,0.2521980391398515,1.0391451053731469
UPL,2025-02-10,634.9500122070312,2025-02-28,632.9500122070312,Loss,-0.31,0.5559827051320145,0.18982475997109566,1.0586311573679288
UPL,2025-02-25,647.5,2025-03-18,626.1500244140625,Loss,-3.3,0.5094779459279714,0.20207921777102542,1.0192240175136473
ACI,2025-03-19,562.4000244140625,2025-04-08,558.5999755859375,Loss,-0.68,0.5380712528999751,0.32454078268890046,1.0554642605950182
POONAWALLA,2025-04-15,382.25,2025-05-06,369.5499877929688,Loss,-3.32,0.5645439932094433,0.34666194039326337,1.092819369981822
POONAWALLA,2025-04-16,383.7999877929688,2025-05-07,383.25,Loss,-0.14,0.5773520926757267,0.3569028796573833,1.0838308600127229
POONAWALLA,2025-04-17,384.6499938964844,2025-05-08,371.2000122070313,Loss,-3.5,0.5929966518248185,0.36715829234765374,1.074184795607283
POONAWALLA,2025-04-21,396.6499938964844,2025-05-09,372.0,Loss,-6.21,0.6014616190341896,0.36941136632041444,1.0936022175070108
JAMNAAUTO,2025-05-19,90.19000244140624,2025-06-05,88.43000030517578,Loss,-1.95,0.5408904456552625,0.17389041119287643,1.0692797919049433
JAMNAAUTO,2025-05-28,93.06999969482422,2025-06-16,88.51000213623047,Loss,-4.9,0.5070556422064925,0.12119018551624604,1.0521757326548709
JAMNAAUTO,2025-05-29,92.4499969482422,2025-06-17,87.44000244140625,Loss,-5.42,0.5239544010116536,0.12510647448428486,1.0384215585345724
HEXT,2025-05-30,857.5,2025-06-18,839.75,Loss,-2.07,0.5332432465836385,0.22587562544674766,1.0887416652387443
JAMNAAUTO,2025-05-30,92.29000091552734,2025-06-18,91.9000015258789,Loss,-0.42,0.6883109721844091,0.1521848024172513,1.0306567328270206
GANDHAR,2025-06-02,178.44000244140625,2025-06-19,169.55999755859375,Loss,-4.98,0.668105524315983,0.22261052533413822,1.0843843730640963
BOROLTD,2025-06-03,371.25,2025-06-20,337.29998779296875,Loss,-9.14,0.5190987364352253,0.16653574234092694,1.047345575529565
GANDHAR,2025-06-03,182.82000732421875,2025-06-20,170.35000610351562,Loss,-6.82,0.7136313928655276,0.2574455470919775,1.096261710619632
RAMRAT,2025-06-03,337.7250061035156,2025-06-20,335.45001220703125,Loss,-0.67,0.5418329696497562,0.2844918580711149,1.0572363786062333
BOROLTD,2025-06-04,370.3999938964844,2025-06-23,347.04998779296875,Loss,-6.3,0.5834606326529531,0.18244211938223265,1.038441012048848
FEDERALBNK,2025-06-04,210.97000122070312,2025-06-23,206.9499969482422,Loss,-1.91,0.5088098700183106,0.12643498736418401,1.0400968489170621
GANDHAR,2025-06-04,179.97999572753906,2025-06-23,166.80999755859375,Loss,-7.32,0.7051783417530129,0.2602758826719731,1.0677560852977668
RAMRAT,2025-06-04,336.82501220703125,2025-06-23,331.92498779296875,Loss,-1.45,0.557059631413605,0.2921263181358304,1.044783628165437
SHK,2025-06-04,241.97000122070312,2025-06-23,236.13999938964844,Loss,-2.41,0.5098238962677506,0.2592766531705325,1.036462414875178
BOROLTD,2025-06-05,369.2999877929688,2025-06-24,346.8999938964844,Loss,-6.07,0.5253858316306158,0.14796386005513862,1.0299470278202951
GANDHAR,2025-06-05,174.17999267578125,2025-06-24,171.97000122070312,Loss,-1.27,0.5398313509828274,0.22085929004865337,1.0266218291052704
SHK,2025-06-05,244.8500061035156,2025-06-24,242.72999572753903,Loss,-0.87,0.5058798418778228,0.2504469085152166,1.0399572328275002
BOROLTD,2025-06-06,370.0499877929688,2025-06-25,346.25,Loss,-6.43,0.6571765345578022,0.17606863172134776,1.0270669303536888
CONCOR,2025-06-06,647.5999755859375,2025-06-25,604.9199829101562,Loss,-6.59,0.5739620643580989,0.2313659808141727,1.0534726000649928
GANDHAR,2025-06-06,177.49000549316406,2025-06-25,173.7100067138672,Loss,-2.13,0.6213031070256989,0.26318420348759614,1.0383667416627766
ACI,2025-06-09,649.5,2025-06-26,631.0499877929688,Loss,-2.84,0.6406297891495392,0.1724884659037759,1.0350701203664487
BOROLTD,2025-06-09,370.8999938964844,2025-06-26,345.45001220703125,Loss,-6.86,0.6513870216766781,0.17040076061862955,1.0249508878792986
CONCOR,2025-06-09,640.7999877929688,2025-06-26,603.3599853515625,Loss,-5.84,0.575448426745726,0.23487244449384467,1.0355268815254337
FEDERALBNK,2025-06-09,212.6999969482422,2025-06-26,210.0200042724609,Loss,-1.26,0.5375799021816847,0.13512643508182645,1.0367988294293566
GANDHAR,2025-06-09,176.27999877929688,2025-06-26,173.3800048828125,Loss,-1.65,0.5818386650404962,0.24535496276068625,1.0252981457140475
GNFC,2025-06-09,553.7000122070312,2025-06-26,550.0499877929688,Loss,-0.66,0.5523246558300631,0.18730568234221606,1.0317054282335
M&MFIN,2025-06-09,283.6499938964844,2025-06-26,269.0,Loss,-5.16,0.5497597936388258,0.19354571943651191,1.0736735371014727
SHK,2025-06-09,247.22999572753903,2025-06-26,235.5,Loss,-4.74,0.5717031980961399,0.29561883575172027,1.0353705687232966
BOROLTD,2025-06-10,370.4500122070313,2025-06-27,344.8999938964844,Loss,-6.9,0.576102518243266,0.12274586604527181,1.020047209552935
RAMRAT,2025-06-10,342.29998779296875,2025-06-27,341.8999938964844,Loss,-0.12,0.5430650805587592,0.24404868393981222,1.0289672567893404
SHK,2025-06-10,246.07000732421875,2025-06-27,228.1199951171875,Loss,-7.29,0.508272410135022,0.23041152340300192,1.0244343106170448
BOROLTD,2025-06-11,370.5499877929688,2025-06-30,340.8500061035156,Loss,-8.02,0.5491679455429568,0.10860130977701962,1.017151332240273
SHK,2025-06-11,246.2100067138672,2025-06-30,234.92999267578125,Loss,-4.58,0.5270253724652882,0.23773380746141906,1.0197948884840173
HINDWAREAP,2025-06-16,292.3500061035156,2025-07-03,288.95001220703125,Loss,-1.16,0.6735042040508369,0.42373629744518176,1.0628702452134133
HINDWAREAP,2025-06-17,291.8500061035156,2025-07-04,287.95001220703125,Loss,-1.34,0.6122138274905946,0.30476580677711823,1.0507759076041503
CAMLINFINE,2025-06-18,302.1600036621094,2025-07-07,299.29998779296875,Loss,-0.95,0.5180235712543402,0.5544808934657405,1.0842622668165056
HINDWAREAP,2025-06-18,288.1499938964844,2025-07-07,284.25,Loss,-1.35,0.5532984881901054,0.27782702393119457,1.0298216929915678
HINDWAREAP,2025-06-19,283.3500061035156,2025-07-08,278.1499938964844,Loss,-1.84,0.5134671527000351,0.2667650902252336,1.0078009732036826
HINDWAREAP,2025-06-20,288.6000061035156,2025-07-09,277.6000061035156,Loss,-3.81,0.5165456444663755,0.26473554062746996,1.0207739110507938
CAMLINFINE,2025-06-23,303.0299987792969,2025-07-10,293.79998779296875,Loss,-3.05,0.5456225606425978,0.612547901936783,1.0491437341806236
HINDWAREAP,2025-06-23,289.79998779296875,2025-07-10,272.95001220703125,Loss,-5.81,0.5485873258409951,0.28162035225048926,1.0199046433334307
RSYSTEMS,2025-06-30,459.75,2025-07-17,451.8500061035156,Loss,-1.72,0.5062397936660525,0.2546049520671253,1.045528248521008
RSYSTEMS,2025-07-01,458.3500061035156,2025-07-18,447.75,Loss,-2.31,0.5013522475235194,0.2535211643768676,1.035042568009245
VSTIND,2025-07-01,314.79998779296875,2025-07-18,292.79998779296875,Loss,-6.99,0.5163939593145245,0.11118955650298055,1.0811974228461063
VSTIND,2025-07-02,315.70001220703125,2025-07-21,292.75,Loss,-7.27,0.5782432796172609,0.1228882057997402,1.0749040368030618
POONAWALLA,2025-07-03,466.3999938964844,2025-07-22,452.3999938964844,Loss,-3.0,0.5092414449910336,0.1612100111638188,1.052148222974267
POONAWALLA,2025-07-04,472.5499877929688,2025-07-23,446.4500122070313,Loss,-5.52,0.5198156591121416,0.16679009331597236,1.0577555309584838
LAXMIDENTL,2025-07-18,482.2999877929688,2025-08-06,410.3500061035156,Loss,-14.92,0.5055983037036393,0.22333541608869703,1.076383579373458
TAJGVK,2025-07-18,435.7999877929688,2025-08-06,415.3500061035156,Loss,-4.69,0.5362874805467673,0.10595102472617045,1.0548541790996908
LAXMIDENTL,2025-07-21,497.75,2025-08-07,400.6000061035156,Loss,-19.52,0.5184561255466451,0.2288606715238626,1.0977347502186587
AGIIL,2025-08-14,235.32000732421875,2025-09-04,233.1000061035156,Loss,-0.94,0.5373415388272539,0.11945197568320662,1.0882756370681594
AGIIL,2025-08-18,237.5599975585937,2025-09-05,235.47999572753903,Loss,-0.88,0.5413655401050901,0.12035467402615628,1.088064082089334
AGIIL,2025-08-19,237.2400054931641,2025-09-08,234.47999572753903,Loss,-1.16,0.5173456082881787,0.11181928983203189,1.0769250078026127
AGIIL,2025-08-22,234.3800048828125,2025-09-11,234.32000732421875,Loss,-0.03,0.5422687523225718,0.11811854948180388,1.0445092352547647
AGIIL,2025-08-25,235.1199951171875,2025-09-12,232.83999633789065,Loss,-0.97,0.54096160838915,0.1170126323400343,1.0415284391425206
MONQ50,2025-09-08,90.9499969482422,2025-09-25,89.97000122070312,Loss,-1.08,0.7825423777592312,0.13164108299237448,1.0904822637514793
HEMIPROP,2025-09-22,174.94000244140625,2025-10-10,148.25999450683594,Loss,-15.25,0.5191271155474431,0.2736803397705016,1.0405609183907027
HEMIPROP,2025-09-23,173.92999267578125,2025-10-13,144.0800018310547,Loss,-17.16,0.5134835992179136,0.27318638385689153,1.0270870764062385
MONQ50,2025-10-03,102.51000213623048,2025-10-23,100.66000366210938,Loss,-1.8,0.657289686957655,0.21284910326176504,1.0982934301167497
BHEL,2025-10-06,245.3099975585937,2025-10-24,230.94000244140625,Loss,-5.86,0.6063075786757627,0.16211095653214785,1.0378880101572836
MONQ50,2025-10-06,101.93000030517578,2025-10-27,101.4800033569336,Loss,-0.44,0.612785216116364,0.19565982762669537,1.0811343308931127
POONAWALLA,2025-10-06,531.4500122070312,2025-10-24,484.5499877929688,Loss,-8.82,0.5098138554779019,0.22807628470717795,1.0854827502816935
BHEL,2025-10-07,244.8600006103516,2025-10-27,235.0,Loss,-4.03,0.584322237560879,0.153042003704043,1.0308872588312068
MONQ50,2025-10-07,103.79000091552734,2025-10-28,102.37999725341795,Loss,-1.36,0.6004554502922029,0.1801023822275612,1.0888313892419839
POONAWALLA,2025-10-07,537.0,2025-10-27,490.3999938964844,Loss,-8.68,0.5323229553578895,0.24420758203419737,1.083993846749145
MONQ50,2025-10-10,103.1999969482422,2025-10-31,99.86000061035156,Loss,-3.24,0.5772690126699136,0.15850914713682754,1.056042540955893
POONAWALLA,2025-10-13,528.3499755859375,2025-10-31,481.8500061035156,Loss,-8.8,0.5026541503981606,0.20517788079780913,1.033444319547412
UPL,2025-11-12,760.5999755859375,2025-12-01,750.8499755859375,Loss,-1.28,0.5882788944666736,0.11639511113137753,1.052444418368592
UPL,2025-11-13,758.1500244140625,2025-12-02,746.75,Loss,-1.5,0.6500969271665609,0.125185571607655,1.0422807199574644
BHEL,2025-11-14,281.6000061035156,2025-12-03,278.54998779296875,Loss,-1.08,0.5452530867916664,0.21149545321701538,1.0635364604557782
UPL,2025-11-14,758.5999755859375,2025-12-03,743.0,Loss,-2.06,0.7016226619075153,0.13232325063606568,1.03666769501415
BHEL,2025-11-17,285.5,2025-12-04,275.75,Loss,-3.42,0.547960477871131,0.2107718248728483,1.0669720103483704
UPL,2025-11-17,773.2000122070312,2025-12-04,756.4500122070312,Loss,-2.17,0.7170734075771574,0.1410019690851293,1.0489988466083215
BHEL,2025-11-18,289.1000061035156,2025-12-05,277.75,Loss,-3.93,0.5635049575237645,0.22411825526079981,1.0687836412475753
UPL,2025-11-18,759.6500244140625,2025-12-05,759.0999755859375,Loss,-0.07,0.5501564754922855,0.11647559840734488,1.025508728183013
BHEL,2025-11-19,289.20001220703125,2025-12-08,269.70001220703125,Loss,-6.74,0.6253318888523125,0.24322937957822718,1.0586072983268473
DCBBANK,2025-11-19,184.82000732421875,2025-12-08,169.3300018310547,Loss,-8.38,0.6043766658049057,0.43238013696605176,1.0799900545945278
UPL,2025-11-19,752.6500244140625,2025-12-08,739.8499755859375,Loss,-1.7,0.542127346040005,0.11644292391478926,1.0123809653825462
BHEL,2025-11-20,285.25,2025-12-09,277.0,Loss,-2.89,0.5519349254880679,0.2202686802837782,1.0362183178751094
UPL,2025-11-20,753.5,2025-12-09,739.7000122070312,Loss,-1.83,0.5230219002140623,0.10678615380518973,1.0102242145309048
BHEL,2025-11-21,282.5,2025-12-10,275.0,Loss,-2.65,0.5031512931665941,0.20417729177444638,1.0202326771027912
M&MFIN,2025-11-25,360.3500061035156,2025-12-12,346.1000061035156,Loss,-3.95,0.5829422111630701,0.20861986745043057,1.0982787300546513
UPL,2025-11-25,749.7000122070312,2025-12-12,748.3499755859375,Loss,-0.18,0.5255505148438449,0.11554203678965516,0.9999307295783769
BHEL,2025-11-26,289.70001220703125,2025-12-15,282.6000061035156,Loss,-2.45,0.5265692109731663,0.23276600939162234,1.0316983782312326
BHEL,2025-11-27,290.8500061035156,2025-12-16,279.3500061035156,Loss,-3.95,0.5210829534857319,0.22545719470495437,1.0302207510800656
WIPRO,2025-12-22,272.6700134277344,2026-01-09,261.95001220703125,Loss,-3.93,0.6131419455617221,0.11526036771003383,1.0477446383544362
JAMNAAUTO,2025-12-23,128.86000061035156,2026-01-12,126.01000213623048,Loss,-2.21,0.5483013874557997,0.237016443077626,1.0349499179583275
GANDHAR,2025-12-31,154.36000061035156,2026-01-19,153.22999572753906,Loss,-0.73,0.5042415517048133,0.1874759142037968,1.084266646114099
ASHOKLEY,2026-01-01,184.8800048828125,2026-01-20,180.7899932861328,Loss,-2.21,0.5413397838938288,0.15550003051757813,1.0667499469678765
GANDHAR,2026-01-01,154.27999877929688,2026-01-20,153.19000244140625,Loss,-0.71,0.5331083879259273,0.1959689827852471,1.0717471681984074
ASHOKLEY,2026-01-02,188.77999877929688,2026-01-21,181.2400054931641,Loss,-3.99,0.552915591297805,0.16022365552030818,1.0781819486276885
GANDHAR,2026-01-07,163.66000366210938,2026-01-27,152.47999572753906,Loss,-6.83,0.5461393566063009,0.3299204201932828,1.0736021433218401
MRPL,2026-02-11,193.72000122070312,2026-03-02,188.509994506836,Loss,-2.69,0.5635825532167955,0.38016529195153237,1.0975930929305457
MRPL,2026-02-19,193.75,2026-03-11,186.9199981689453,Loss,-3.53,0.6816359295997643,0.3897854882035258,1.0404413673013826
MRPL,2026-02-23,192.2700042724609,2026-03-13,178.13999938964844,Loss,-7.35,0.555588342961223,0.24615991081089536,1.0209991332950117
RAMRAT,2026-03-05,346.8500061035156,2026-03-24,306.6000061035156,Loss,-11.6,0.5396188089823877,0.18358648882986822,1.075615794211462
RAMRAT,2026-03-06,352.8500061035156,2026-03-25,304.1000061035156,Loss,-13.82,0.5473371463242278,0.1866487266211084,1.0836001813723921
AGIIL,2026-03-12,312.1499938964844,2026-04-02,297.45001220703125,Loss,-4.71,0.5184200772061147,0.27982780528057954,1.0476688643450291
PFC,2026-04-27,474.8999938964844,2026-05-14,451.4500122070313,Loss,-4.94,0.5717470367892157,0.19321606506654365,1.055385105694394
SARDAEN,2026-04-27,612.7000122070312,2026-05-14,563.7999877929688,Loss,-7.98,0.56269426745047,0.2614782722012075,1.0688682079698446
PFC,2026-04-28,481.3999938964844,2026-05-15,445.75,Loss,-7.41,0.5893046410861601,0.20727271196610503,1.059560328040141
JYOTHYLAB,2026-04-30,265.6400146484375,2026-05-19,213.5,Loss,-19.63,0.5805691756272409,0.3031150684074288,1.0731129712730172
AGIIL,2026-05-01,395.5499877929688,2026-05-20,381.7000122070313,Loss,-3.5,0.554109547629138,0.4096578018143278,1.0725998583948444
AMRUTANJAN,2026-05-01,571.2000122070312,2026-05-20,550.5,Loss,-3.62,0.5120501580284182,0.15709514690444557,1.0166077906152624
CAMLINFINE,2026-05-01,126.94000244140624,2026-05-20,121.20999908447266,Loss,-4.51,0.5041158120258937,0.3096048905575832,1.0920867333244466
CONCOR,2026-05-01,508.8500061035156,2026-05-20,504.1499938964844,Loss,-0.92,0.5674021484776145,0.1964496137047105,1.01395408767478
JYOTHYLAB,2026-05-01,265.6400146484375,2026-05-20,209.6000061035156,Loss,-21.1,0.6850644298736474,0.34671743801489224,1.061359553875359
ROUTE,2026-05-01,527.1500244140625,2026-05-20,514.4500122070312,Loss,-2.41,0.5540108396196138,0.2684071623491809,1.0296538712392644
SHK,2026-05-01,146.1199951171875,2026-05-20,125.5199966430664,Loss,-14.1,0.5507012977191904,0.30069431974784017,1.0129672266899095
VSTIND,2026-05-01,258.3699951171875,2026-05-20,256.29998779296875,Loss,-0.8,0.5966027781256412,0.2913979390148773,1.022862770989236
AGIIL,2026-05-04,407.25,2026-05-21,380.5,Loss,-6.57,0.5616115368627856,0.4103896103896104,1.090431585495984
CONCOR,2026-05-04,516.3499755859375,2026-05-21,505.8999938964844,Loss,-2.02,0.5298889701189129,0.1615116179609629,1.0240056596125982
JYOTHYLAB,2026-05-04,267.8999938964844,2026-05-21,206.5500030517578,Loss,-22.9,0.6644965789447979,0.3028254025921909,1.059171974793464
ROUTE,2026-05-04,544.8499755859375,2026-05-21,516.7000122070312,Loss,-5.17,0.5102266841189285,0.20729002952219044,1.0557057652246646
VSTIND,2026-05-04,258.3999938964844,2026-05-21,256.8500061035156,Loss,-0.6,0.545276513594043,0.22389043679466136,1.0172553866073704
CONCOR,2026-05-05,518.0499877929688,2026-05-22,505.8999938964844,Loss,-2.35,0.5974218100359512,0.17939667112798804,1.0228297621706148
JYOTHYLAB,2026-05-05,265.25,2026-05-22,203.75,Loss,-23.19,0.6088991502087325,0.27493389141653707,1.0398959496139326
RAMRAT,2026-05-05,444.1000061035156,2026-05-22,432.6499938964844,Loss,-2.58,0.630955246109878,0.46543482591032614,1.089201557008496
ROUTE,2026-05-05,559.2000122070312,2026-05-22,511.3500061035156,Loss,-8.56,0.526870762628063,0.21777002905416895,1.0730490634938785
SHK,2026-05-05,146.4499969482422,2026-05-22,127.5,Loss,-12.94,0.514349420613846,0.21213373049293202,1.0082997666036253
CONCOR,2026-05-06,524.2000122070312,2026-05-25,512.0499877929688,Loss,-2.32,0.581394901246782,0.16372515928827128,1.0299702493152099
ROUTE,2026-05-06,560.9000244140625,2026-05-25,516.5499877929688,Loss,-7.91,0.5190148978829249,0.20883625951306573,1.0665829034243666
SHK,2026-05-06,146.1300048828125,2026-05-25,136.32000732421875,Loss,-6.71,0.5119222647487831,0.2118925415804528,1.0036010555060937
CONCOR,2026-05-07,526.7000122070312,2026-05-26,475.8999938964844,Loss,-9.64,0.5792388748163698,0.16115521410913197,1.0300901127529491
ROUTE,2026-05-07,577.6500244140625,2026-05-26,514.0499877929688,Loss,-11.01,0.5513369496007623,0.23614388937237218,1.086336036711352
SHK,2026-05-07,155.6300048828125,2026-05-26,134.4600067138672,Loss,-13.6,0.5689266274319149,0.26036605646134875,1.0607288876115932
VSTIND,2026-05-07,259.0,2026-05-26,257.95001220703125,Loss,-0.41,0.5534405574142076,0.21556291874478473,1.0082133054460494
CONCOR,2026-05-08,534.75,2026-05-27,472.2999877929688,Loss,-11.68,0.5348220945496163,0.1288790082747279,1.040172101959026
VSTIND,2026-05-08,264.3999938964844,2026-05-27,258.1499938964844,Loss,-2.36,0.5451089889090395,0.20187275464521168,1.0244522629260806
BHEL,2026-05-14,413.1499938964844,2026-06-02,410.75,Loss,-0.58,0.689074410175992,0.4124786116119124,1.089726379159176
BHEL,2026-05-28,422.3500061035156,2026-06-16,384.2000122070313,Loss,-9.03,0.5153924404068604,0.2259796984136883,1.0362894813539436
HEXT,2026-06-02,549.6500244140625,2026-06-19,499.6000061035156,Loss,-9.11,0.5168317118879175,0.19932367238543308,1.0836888247139356
MONQ50,2026-06-02,144.02000427246094,2026-06-19,142.2899932861328,Loss,-1.2,0.5003727637722445,0.16285834515011674,1.0529700602525873
POONAWALLA,2026-07-06,476.3500061035156,2026-07-23,464.9500122070313,Loss,-2.39,0.5555555119994637,0.22188020686353904,1.0955311962358734
EIHOTEL,2026-07-07,336.95001220703125,2026-07-24,326.3999938964844,Loss,-3.13,0.5955971226481482,0.1800035952070461,1.0388351801953801
FIVESTAR,2026-07-07,548.5499877929688,2026-07-24,535.2000122070312,Loss,-2.43,0.5574020778113511,0.3026596529141895,1.0690907289102713
POONAWALLA,2026-07-07,471.75,2026-07-24,459.7000122070313,Loss,-2.55,0.5986799485612617,0.23802654536839957,1.0732747097529358
ACI,2023-01-17,609.7999877929688,2023-02-06,660.5999755859375,Win,8.33,0.5113053056682405,0.1949833477957432,1.0823907797613685
ACI,2023-01-18,617.4000244140625,2023-02-07,664.75,Win,7.67,0.529324517042871,0.20952102977647452,1.082861046196673
ACI,2023-01-19,602.4000244140625,2023-02-08,633.2000122070312,Win,5.11,0.5021877856386965,0.20697258474711774,1.0474637332412393
ACI,2023-01-20,605.2999877929688,2023-02-09,624.9500122070312,Win,3.25,0.5363593455682698,0.22184092702966077,1.043859853090004
ACI,2023-01-23,617.7999877929688,2023-02-10,645.2000122070312,Win,4.44,0.6297363368298535,0.2698869224932554,1.0555426715030733
ACI,2023-01-24,622.7999877929688,2023-02-13,676.6500244140625,Win,8.65,0.6279519331089788,0.26456850313293145,1.0545177143022264
OIL,2023-01-24,159.5,2023-02-13,160.6666717529297,Win,0.73,0.5758514776519558,0.18411287018281888,1.0603069404983065
ACI,2023-01-25,639.0499877929688,2023-02-14,640.2000122070312,Win,0.18,0.613032707817122,0.2366714809733309,1.0707487818566301
ITC,2023-02-03,366.53369140625,2023-02-22,369.6150207519531,Win,0.84,0.6735721277425413,0.16406726726167908,1.094546210834506
ITC,2023-02-06,369.18170166015625,2023-02-23,373.2259521484375,Win,1.1,0.6576698303938976,0.1497976054821451,1.0905423674618724
ZENSARTECH,2023-02-08,252.25,2023-02-27,279.5,Win,10.8,0.5151512780297894,0.21244891276087266,1.0934021275215489
ITC,2023-02-09,360.37103271484375,2023-02-28,362.7301635742188,Win,0.65,0.507768599729596,0.12252547742303825,1.041453094416355
ZENSARTECH,2023-02-09,253.3000030517578,2023-02-28,290.29998779296875,Win,14.61,0.5450291166145853,0.2254475413233039,1.0857819521790184
ITC,2023-02-13,360.3228759765625,2023-03-02,361.6228332519531,Win,0.36,0.5366002272379545,0.13445506127054285,1.0297021184721584
ITC,2023-02-15,368.0262145996094,2023-03-06,373.7555541992188,Win,1.56,0.5383024934383203,0.15748031647214053,1.0364648625798445
ITC,2023-02-16,368.36322021484375,2023-03-08,377.8479309082031,Win,2.57,0.5300317931043695,0.1513920075700487,1.0313661270062755
ITC,2023-02-17,369.18170166015625,2023-03-09,373.1296691894531,Win,1.07,0.522228329564247,0.14567455117349914,1.0280538429394386
ITC,2023-02-20,369.8075866699219,2023-03-10,373.6111145019531,Win,1.03,0.5672132396746886,0.15625463669096154,1.0246590857524716
ITC,2023-02-21,368.0743408203125,2023-03-13,369.4224243164063,Win,0.37,0.5244911080172094,0.1424088253650059,1.01584104302265
KOTAKBANK,2023-04-17,379.0299987792969,2023-05-05,385.739990234375,Win,1.77,0.6336816435698074,0.13217635510289769,1.0698239181671487
KOTAKBANK,2023-04-18,377.6600036621094,2023-05-08,391.7699890136719,Win,3.74,0.7266536165196742,0.14563934674514495,1.0577558513414347
KOTAKBANK,2023-04-19,376.9800109863281,2023-05-09,390.8599853515625,Win,3.68,0.6927703601422307,0.13142653808354485,1.0485757670010123
KOTAKBANK,2023-04-20,376.7999877929688,2023-05-10,391.739990234375,Win,3.96,0.7008423743654302,0.13251780069804014,1.0414949783572602
KOTAKBANK,2023-04-21,378.7300109863281,2023-05-11,391.5899963378906,Win,3.4,0.6806380465443375,0.11845140998026298,1.0403424692725172
KOTAKBANK,2023-04-24,379.4500122070313,2023-05-12,392.1199951171875,Win,3.34,0.6774083191486471,0.11625928980307278,1.0362068193140586
POONAWALLA,2023-04-24,315.1000061035156,2023-05-12,325.04998779296875,Win,3.16,0.5123536674075811,0.14290893054766265,1.0539278023905232
KOTAKBANK,2023-04-25,377.8599853515625,2023-05-15,394.6000061035156,Win,4.43,0.6238666139344515,0.1068927871702623,1.026727733666242
KOTAKBANK,2023-04-26,375.7200012207031,2023-05-16,389.4100036621094,Win,3.64,0.5753853037886508,0.10172126371749615,1.0168247459658049
BOROLTD,2023-04-27,336.9027404785156,2023-05-17,345.5025634765625,Win,2.55,0.5085933869667052,0.24840667309361386,1.0452194101600791
KOTAKBANK,2023-04-27,381.7200012207031,2023-05-17,381.8299865722656,Win,0.03,0.748038673523475,0.13627433007857317,1.027847256800884
BOROLTD,2023-04-28,339.8392639160156,2023-05-18,344.2440490722656,Win,1.3,0.5691320110528684,0.27957672752894686,1.0447330124784666
M&MFIN,2023-04-28,259.0,2023-05-18,285.1000061035156,Win,10.08,0.5703706282419295,0.1746031746031746,1.0187396398697557
POONAWALLA,2023-04-28,323.1499938964844,2023-05-18,336.0,Win,3.98,0.5209930497203429,0.1578286880317409,1.0537700551061029
TAJGVK,2023-04-28,223.0500030517578,2023-05-18,242.25,Win,8.61,0.589632552246228,0.2248764172196897,1.0428329445437756
BOROLTD,2023-05-02,341.6850891113281,2023-05-19,344.7893981933594,Win,0.91,0.6214099861415037,0.30507934039759893,1.0414200429934446
EIHOTEL,2023-05-02,188.6000061035156,2023-05-19,205.25,Win,8.83,0.612795302138415,0.23915906626234532,1.087719722024086
KOTAKBANK,2023-05-02,384.2300109863281,2023-05-19,388.3299865722656,Win,1.07,0.6607007138975658,0.12664204011042668,1.023842393287441
M&MFIN,2023-05-02,266.29998779296875,2023-05-19,281.79998779296875,Win,5.82,0.6645966369564117,0.22071966648475944,1.0408063383454016
POONAWALLA,2023-05-02,322.45001220703125,2023-05-19,334.54998779296875,Win,3.75,0.5721272351416176,0.16978058895993234,1.044473546773248
TAJGVK,2023-05-02,222.1000061035156,2023-05-19,237.0500030517578,Win,6.73,0.6727272559131838,0.2498593692615852,1.0317093679835272
EIHOTEL,2023-05-03,190.5,2023-05-22,201.25,Win,5.64,0.5964918667890221,0.21725239616613418,1.0871447557634728
KOTAKBANK,2023-05-03,386.1900024414063,2023-05-22,388.0400085449219,Win,0.48,0.7024371114573282,0.13658839198552977,1.0244700681794414
M&MFIN,2023-05-03,271.5,2023-05-22,283.1499938964844,Win,4.29,0.673387510264822,0.22628729667869757,1.0533577686534568
POONAWALLA,2023-05-03,325.3999938964844,2023-05-22,346.6000061035156,Win,6.52,0.5512820512820513,0.15226629224277513,1.04682387908218
TAJGVK,2023-05-03,225.6000061035156,2023-05-22,228.3000030517578,Win,1.2,0.6661514369672984,0.23616441700556493,1.0406621202777049
GNFC,2023-05-04,593.7000122070312,2023-05-23,596.8499755859375,Win,0.53,0.5663201701079985,0.20389337839402474,1.057150796709886
ITC,2023-05-04,408.8538208007813,2023-05-23,413.2350769042969,Win,1.07,0.6288505928311661,0.10934030160380585,1.0333311170738386
POONAWALLA,2023-05-04,330.8500061035156,2023-05-23,346.45001220703125,Win,4.72,0.5472187359724782,0.14659511384521923,1.0560866507875712
TAJGVK,2023-05-04,223.6499938964844,2023-05-23,226.8999938964844,Win,1.45,0.593625209306715,0.19983906233755813,1.0262353112627747
ITC,2023-05-05,412.8499145507813,2023-05-24,417.42376708984375,Win,1.11,0.646890811052781,0.11799222197494152,1.0375532130214522
ITC,2023-05-08,415.4497680664063,2023-05-25,424.7900695800781,Win,2.25,0.7722264862367562,0.13869095346203786,1.0381148856692635
CONCOR,2023-05-10,639.6500244140625,2023-05-29,673.7000122070312,Win,5.32,0.5203625657992853,0.12091474116880742,1.0320535350736462
EIHOTEL,2023-05-10,188.8999938964844,2023-05-29,205.3000030517578,Win,8.68,0.5117469413812541,0.15288365492731767,1.0406137067379624
CONCOR,2023-05-11,642.0499877929688,2023-05-30,670.4500122070312,Win,4.42,0.5042874506735043,0.11206376538142032,1.0314070427483082
EIHOTEL,2023-05-11,190.4499969482422,2023-05-30,207.0,Win,8.69,0.5061987301146932,0.1476348324829512,1.0422908261928951
KOTAKBANK,2023-05-11,391.5899963378906,2023-05-30,394.9400024414063,Win,0.86,0.5752139036842456,0.1129142631738352,1.016295712751196
POONAWALLA,2023-05-15,330.29998779296875,2023-06-01,343.75,Win,4.07,0.5061572587100989,0.1421160921546401,1.0240128152784236
EIHOTEL,2023-05-18,207.6499938964844,2023-06-06,215.0500030517578,Win,3.56,0.5584001750000862,0.20202601387255806,1.096179000058912
ZENSARTECH,2023-05-18,349.25,2023-06-06,392.25,Win,12.31,0.5144301522664175,0.3289574437695017,1.095255645332982
EIHOTEL,2023-05-19,205.25,2023-06-07,213.6999969482422,Win,4.12,0.5786064241762661,0.21055733592257264,1.0727109251352058
ZENSARTECH,2023-05-19,353.8500061035156,2023-06-07,394.4500122070313,Win,11.47,0.5185839414192238,0.33051321625079605,1.0935417938295362
ROUTE,2023-05-22,1406.5,2023-06-08,1484.25,Win,5.53,0.5709966891660774,0.12044925140648761,1.0554241310427903
ZENSARTECH,2023-05-22,354.6499938964844,2023-06-08,395.5,Win,11.52,0.5191513489863113,0.33051964036082987,1.0813156294950936
ASHOKLEY,2023-05-23,76.0999984741211,2023-06-09,76.17500305175781,Win,0.1,0.5434412921157007,0.11706419778526377,1.0144207325767816
ROUTE,2023-05-23,1468.3499755859375,2023-06-09,1491.0,Win,1.54,0.6958364530145326,0.17760040647680453,1.0897136439422055
ZENSARTECH,2023-05-23,355.45001220703125,2023-06-09,398.5499877929688,Win,12.13,0.5137067170661231,0.3201486061542479,1.0704071544552645
ROUTE,2023-05-24,1452.25,2023-06-12,1498.050048828125,Win,3.15,0.6057456624367357,0.15804787963374137,1.0679359257048842
EIHOTEL,2023-05-25,204.0,2023-06-13,213.8500061035156,Win,4.83,0.5055514443784849,0.20105971545076987,1.0397347099300434
ROUTE,2023-05-25,1459.300048828125,2023-06-13,1503.949951171875,Win,3.06,0.6259798646483488,0.1659476488443942,1.0635900059435242
ZENSARTECH,2023-05-25,359.8500061035156,2023-06-13,395.75,Win,9.98,0.5215662407081185,0.34297439712552785,1.0612970798624144
ROUTE,2023-05-26,1440.75,2023-06-14,1529.8499755859375,Win,6.18,0.5621834027486412,0.15574364528830226,1.042774289635817
ZENSARTECH,2023-05-26,376.3999938964844,2023-06-14,387.1499938964844,Win,2.86,0.5491976734185573,0.37522826857519154,1.0943368220110479
EIHOTEL,2023-05-29,205.3000030517578,2023-06-15,212.6499938964844,Win,3.58,0.5136778341054327,0.19708456589946247,1.0343922986017235
ROUTE,2023-05-29,1462.050048828125,2023-06-15,1561.4000244140625,Win,6.8,0.5683084905870807,0.15760098877919637,1.050062059290884
RAMRAT,2023-05-31,111.1999969482422,2023-06-19,142.4499969482422,Win,28.1,0.5040785551883148,0.16135767047772534,1.093891575622636
ROUTE,2023-06-01,1456.75,2023-06-20,1642.1500244140625,Win,12.73,0.5588611057887517,0.15660976578007146,1.0300217775878795
ROUTE,2023-06-02,1498.0999755859375,2023-06-21,1616.0999755859375,Win,7.88,0.59953708718453,0.18426875540390317,1.0511471816133342
HINDWAREAP,2023-06-05,508.5,2023-06-22,532.9000244140625,Win,4.8,0.509224594090618,0.33762990441732216,1.0872369175598118
ROUTE,2023-06-05,1494.050048828125,2023-06-22,1575.300048828125,Win,5.44,0.5617980463514739,0.1635450270740259,1.041337238573914
HINDWAREAP,2023-06-06,522.2999877929688,2023-06-23,524.8499755859375,Win,0.49,0.5286723493300785,0.3617520647006093,1.0989384411564578
ROUTE,2023-06-06,1519.8499755859375,2023-06-23,1554.050048828125,Win,2.25,0.5829941799033879,0.1774024900887907,1.0512789921874948
PFC,2023-06-07,157.16000366210938,2023-06-26,159.8800048828125,Win,1.73,0.6143593868781405,0.1798799344055344,1.0925266329314962
ROUTE,2023-06-07,1531.050048828125,2023-06-26,1602.8499755859375,Win,4.69,0.597916674236451,0.18686050296753876,1.0510289589019635
PFC,2023-06-08,157.47999572753906,2023-06-27,166.27999877929688,Win,5.59,0.6579770561186336,0.19086501199275693,1.0824945561456178
WONDERLA,2023-06-08,553.6500244140625,2023-06-27,581.9000244140625,Win,5.1,0.5323413754405011,0.21601150726543575,1.085093214058642
PFC,2023-06-09,158.9600067138672,2023-06-28,174.24000549316406,Win,9.61,0.6945016670855584,0.20716901241978358,1.0803844636330995
PFC,2023-06-12,161.72000122070312,2023-06-30,172.72000122070312,Win,6.8,0.714286233292522,0.22775584362266724,1.0859547183174976
PFC,2023-06-13,162.44000244140625,2023-07-03,175.8000030517578,Win,8.22,0.6801711653420277,0.18638624462273112,1.0783175842575492
PFC,2023-06-14,160.83999633789062,2023-07-04,177.0,Win,10.05,0.7491680483133185,0.20173341855028276,1.0574025798152205
PFC,2023-06-15,160.72000122070312,2023-07-05,178.63999938964844,Win,11.15,0.8650896228863965,0.2223912872172357,1.0473956152981512
FIVESTAR,2023-06-16,599.7000122070312,2023-07-06,676.5,Win,12.81,0.5024221865444781,0.1377348510410947,1.033813137236741
PFC,2023-06-16,157.67999267578125,2023-07-06,178.9199981689453,Win,13.47,0.7080133828560422,0.1956322932797463,1.0213557313916046
PFC,2023-06-19,157.8000030517578,2023-07-07,177.0399932861328,Win,12.19,0.7037864923969394,0.19076364295401949,1.016634630730533
SARDAEN,2023-06-19,141.13499450683594,2023-07-07,153.43499755859375,Win,8.72,0.5087714974525501,0.2409653595445145,1.0867432567272968
FIVESTAR,2023-06-20,641.25,2023-07-10,667.9500122070312,Win,4.16,0.5558867226585004,0.21139138485876072,1.0793712068845938
PFC,2023-06-20,163.16000366210938,2023-07-10,179.60000610351562,Win,10.08,0.7389601186262446,0.22639816518328154,1.0430169741596298
RSYSTEMS,2023-06-20,393.5,2023-07-10,404.2999877929688,Win,2.74,0.6666665306703624,0.6133661740352834,1.067354221734026
SARDAEN,2023-06-20,139.22000122070312,2023-07-10,156.16000366210938,Win,12.17,0.5038859216677146,0.2431467441410045,1.0610580329210646
PFC,2023-06-21,167.0399932861328,2023-07-11,181.67999267578125,Win,8.76,0.7791852841742526,0.25972839817014215,1.05811270913383
RSYSTEMS,2023-06-21,404.3500061035156,2023-07-11,423.7000122070313,Win,4.79,0.6701211523972745,0.6020206651405458,1.0798049026353829
PFC,2023-06-22,162.60000610351562,2023-07-12,181.8000030517578,Win,11.81,0.611990284431618,0.2207207945109598,1.0242623387040837
RSYSTEMS,2023-06-22,411.0,2023-07-12,470.0,Win,14.36,0.6662947557566431,0.5708007245840121,1.0809823048988572
WONDERLA,2023-06-22,563.2999877929688,2023-07-12,569.7000122070312,Win,1.14,0.5404512470303303,0.2111373476688304,1.0240520274894989
PFC,2023-06-23,160.1199951171875,2023-07-13,179.72000122070312,Win,12.24,0.5004232989149271,0.17321219321285733,1.0052857231895738
RSYSTEMS,2023-06-23,404.8500061035156,2023-07-13,455.1499938964844,Win,12.42,0.5940339464062804,0.45944489910331787,1.0522470605512917
ASHOKLEY,2023-06-26,82.125,2023-07-14,85.875,Win,4.57,0.5289142365221134,0.12886597938144329,1.031956816227668
RSYSTEMS,2023-06-26,403.8500061035156,2023-07-14,464.2000122070313,Win,14.94,0.5664232438472934,0.4049399511336571,1.0391265372555178
SARDAEN,2023-06-26,141.09500122070312,2023-07-14,158.69500732421875,Win,12.47,0.5041488262546309,0.24367567224416092,1.044519129537399
PFC,2023-06-27,166.27999877929688,2023-07-17,178.72000122070312,Win,7.48,0.5295974786262512,0.19248419297159003,1.0355661100402587
RSYSTEMS,2023-06-27,406.3999938964844,2023-07-17,458.8500061035156,Win,12.91,0.5920156266645192,0.42696633186624644,1.0360281820908979
SARDAEN,2023-06-27,147.14999389648438,2023-07-17,159.6999969482422,Win,8.53,0.5372308107830861,0.2730890259292485,1.0769527163869856
ASHOKLEY,2023-06-28,82.9749984741211,2023-07-18,86.7249984741211,Win,4.52,0.5345747886391703,0.13781275285282327,1.0319981675281278
PFC,2023-06-28,174.24000549316406,2023-07-18,177.36000061035156,Win,1.79,0.5515426129497626,0.20231857365908862,1.0751430183865498
RSYSTEMS,2023-06-28,409.7000122070313,2023-07-18,453.6000061035156,Win,10.72,0.5906205041736179,0.41862891109514805,1.0354732586445448
ASHOKLEY,2023-06-30,83.69999694824219,2023-07-19,86.5999984741211,Win,3.46,0.546632448994678,0.14422413126855396,1.0350024306961625
RSYSTEMS,2023-06-30,418.0,2023-07-19,451.0,Win,7.89,0.6152938510647156,0.45315490655085583,1.046850680447581
ASHOKLEY,2023-07-03,83.57499694824219,2023-07-20,87.8499984741211,Win,5.12,0.5263162121551611,0.13591573788354624,1.0282428129572816
PFC,2023-07-03,175.8000030517578,2023-07-20,180.9600067138672,Win,2.94,0.5210263736102392,0.1995087744285346,1.0675125614344776
RSYSTEMS,2023-07-03,425.5499877929688,2023-07-20,450.2000122070313,Win,5.79,0.5670650730411688,0.3348494482042589,1.0558418877677518
MRPL,2023-07-04,79.25,2023-07-21,86.6500015258789,Win,9.34,0.5104894843729451,0.2258313709130668,1.0565477555021192
RSYSTEMS,2023-07-04,424.4500122070313,2023-07-21,450.6499938964844,Win,6.17,0.5218510619788542,0.2742419826769002,1.044847347443168
RSYSTEMS,2023-07-05,431.1000061035156,2023-07-24,450.3999938964844,Win,4.48,0.507502352341208,0.25010873850502363,1.0524157233787133
JYOTHYLAB,2023-07-06,237.75,2023-07-25,290.8999938964844,Win,22.36,0.5035237403793171,0.15637156100227695,1.0841035096764329
RSYSTEMS,2023-07-06,436.7999877929688,2023-07-25,460.2000122070313,Win,5.36,0.61059297432353,0.30251969537205753,1.0571888239897294
JYOTHYLAB,2023-07-07,238.1499938964844,2023-07-26,313.95001220703125,Win,31.83,0.5352895564519637,0.16511742176025812,1.075406778898729
JYOTHYLAB,2023-07-10,238.0,2023-07-27,305.54998779296875,Win,28.38,0.5868854427363763,0.17705244110820467,1.0651781832810143
JYOTHYLAB,2023-07-11,236.1499938964844,2023-07-28,306.8999938964844,Win,29.96,0.5383386881290749,0.16646084196710492,1.0490922993974747
JYOTHYLAB,2023-07-20,248.3999938964844,2023-08-08,319.8999938964844,Win,28.78,0.5259844086339309,0.1553488088208577,1.0623235729749194
SARDAEN,2023-07-21,176.3699951171875,2023-08-09,190.8999938964844,Win,8.24,0.5052072422348531,0.2686663048256385,1.0919557283955943
PFC,2023-07-24,191.8000030517578,2023-08-10,213.63999938964844,Win,11.39,0.5766192199878086,0.17958177030849967,1.0648855975849862
SARDAEN,2023-07-24,177.02499389648438,2023-08-10,192.8999938964844,Win,8.97,0.5476285859187968,0.29041073766739234,1.0824814979657336
ASHOKLEY,2023-07-25,91.4000015258789,2023-08-11,93.5500030517578,Win,2.35,0.5988703316805842,0.1311880949723614,1.0568814730116276
PFC,2023-07-25,190.6000061035156,2023-08-11,211.2400054931641,Win,10.83,0.6175044576945611,0.19035730649392413,1.0509504239112504
SARDAEN,2023-07-25,179.44000244140625,2023-08-11,189.6000061035156,Win,5.66,0.6144641405024635,0.3316512240549629,1.083561155800484
BHEL,2023-07-26,101.1999969482422,2023-08-14,101.8000030517578,Win,0.59,0.5420557815588312,0.20763715110770992,1.0694224015242573
OIL,2023-07-26,180.03334045410156,2023-08-14,186.2333374023437,Win,3.44,0.7932965715655718,0.1175253484374186,1.0512501531896619
PFC,2023-07-26,194.16000366210932,2023-08-14,211.2400054931641,Win,8.8,0.6507214036697556,0.21441079392274903,1.0621575120254934
ASHOKLEY,2023-07-27,90.9499969482422,2023-08-16,94.3000030517578,Win,3.68,0.5289017544973764,0.11185811192078877,1.03949282574561
OIL,2023-07-27,182.26666259765625,2023-08-16,190.5666656494141,Win,4.55,0.7958624434503421,0.11797171112352571,1.056879140179296
PFC,2023-07-27,202.67999267578125,2023-08-16,211.3600006103516,Win,4.28,0.6642336132263652,0.21890783115050427,1.0963854197577079
ZENSARTECH,2023-07-27,485.2999877929688,2023-08-16,513.2999877929688,Win,5.77,0.6309595953010885,0.2657798526830358,1.0885011470890773
OIL,2023-07-28,181.0333404541016,2023-08-17,192.36666870117188,Win,6.26,0.7909231667226038,0.1184102441022866,1.0436420298933642
PFC,2023-07-28,204.67999267578125,2023-08-17,216.67999267578125,Win,5.86,0.6232596022778212,0.17470148199582922,1.09483536458678
SARDAEN,2023-07-28,187.7899932861328,2023-08-17,191.5500030517578,Win,2.0,0.6060803748761987,0.3174547644966264,1.083199423124797
ZENSARTECH,2023-07-28,491.7000122070313,2023-08-17,512.9500122070312,Win,4.32,0.6613532140826145,0.2880157490688443,1.0879871479074184
OIL,2023-07-31,183.8000030517578,2023-08-18,192.2333374023437,Win,4.59,0.8018267609013024,0.1255358212914579,1.0524674618236685
POONAWALLA,2023-07-31,391.7999877929688,2023-08-18,420.7000122070313,Win,7.38,0.5252837678282988,0.1493106330531071,1.047831873859472
ZENSARTECH,2023-07-31,497.3999938964844,2023-08-18,505.1499938964844,Win,1.56,0.6623685845611288,0.2854373386874546,1.0858583829236164
OIL,2023-08-01,182.933334350586,2023-08-21,194.0,Win,6.05,0.7471566231452926,0.12068611266389133,1.0415013961308257
PFC,2023-08-01,207.0800018310547,2023-08-21,216.0399932861328,Win,4.33,0.6167195750641392,0.1779294552690516,1.0823290487602222
POONAWALLA,2023-08-01,395.6000061035156,2023-08-21,420.3999938964844,Win,6.27,0.5348836922260405,0.1543623927988848,1.0512888783127594
SARDAEN,2023-08-01,196.69500732421875,2023-08-21,202.3500061035156,Win,2.88,0.5529448748438748,0.3313591445163432,1.097142698705398
ZENSARTECH,2023-08-01,491.0,2023-08-21,512.9000244140625,Win,4.46,0.6120964962379712,0.2728451069345431,1.060140628216879
PFC,2023-08-02,205.0399932861328,2023-08-22,218.47999572753903,Win,6.55,0.5438324847182695,0.15841804116459215,1.0622480564033039
ZENSARTECH,2023-08-02,481.4500122070313,2023-08-22,520.3499755859375,Win,8.08,0.5473068470613622,0.25573818432824447,1.0311682750370572
JYOTHYLAB,2023-08-03,303.45001220703125,2023-08-23,330.04998779296875,Win,8.77,0.5352894831385562,0.28607762717452295,1.0868587195649102
PFC,2023-08-03,208.1199951171875,2023-08-23,218.67999267578125,Win,5.07,0.556226494620411,0.16502460718910708,1.0679411243912036
ZENSARTECH,2023-08-03,479.7999877929688,2023-08-23,514.2999877929688,Win,7.19,0.5412841577065322,0.2545430055660166,1.0206888699333054
PFC,2023-08-04,206.8800048828125,2023-08-24,216.5599975585937,Win,4.68,0.5181619541891129,0.1562709982115355,1.0528546097585139
POONAWALLA,2023-08-04,419.6000061035156,2023-08-24,441.7000122070313,Win,5.27,0.571428528178044,0.1591160389599879,1.0868692884900382
ZENSARTECH,2023-08-04,488.0,2023-08-24,516.4500122070312,Win,5.83,0.5429361044975635,0.2512820512820513,1.0304581546219587
ASHOKLEY,2023-08-07,91.5250015258789,2023-08-25,92.9749984741211,Win,1.58,0.5249665686067353,0.11888750747316887,1.0158450590018386
PFC,2023-08-07,213.47999572753903,2023-08-25,216.0399932861328,Win,1.2,0.6209956704328259,0.20582921273902066,1.074989128432387
ZENSARTECH,2023-08-07,488.1000061035156,2023-08-25,513.7000122070312,Win,5.24,0.5591607165234671,0.25750357794334244,1.0239967225946118
ASHOKLEY,2023-08-08,91.8499984741211,2023-08-28,93.75,Win,2.07,0.5495984847555089,0.12561274744693435,1.0161079266564255
JYOTHYLAB,2023-08-08,319.8999938964844,2023-08-28,336.20001220703125,Win,5.1,0.5485599503869576,0.34411762141379987,1.0886634911619304
PFC,2023-08-08,215.1999969482422,2023-08-28,217.63999938964844,Win,1.13,0.6154913774841384,0.1982182050940905,1.0723521375850629
WONDERLA,2023-08-08,636.5499877929688,2023-08-28,639.4000244140625,Win,0.45,0.5885317271697516,0.13547987070040185,1.0489958714449965
ZENSARTECH,2023-08-08,481.2999877929688,2023-08-28,511.3999938964844,Win,6.25,0.5389283432148905,0.25436531790693795,1.0054381736859035
ASHOKLEY,2023-08-09,93.7750015258789,2023-08-29,94.0500030517578,Win,0.29,0.5573129871910469,0.12710342506641334,1.0325243497006855
JYOTHYLAB,2023-08-09,319.79998779296875,2023-08-29,340.1000061035156,Win,6.35,0.5669264711418056,0.3542239934723524,1.0736003807413563
WONDERLA,2023-08-09,628.4000244140625,2023-08-29,631.6500244140625,Win,0.52,0.5413533834586466,0.12940330129536254,1.0299315504353665
ZENSARTECH,2023-08-09,487.25,2023-08-29,504.75,Win,3.59,0.5433411892884638,0.25612273180398226,1.0133093106674524
JYOTHYLAB,2023-08-10,319.79998779296875,2023-08-30,340.1499938964844,Win,6.36,0.5760053612749811,0.35911595259360823,1.0605426945606986
PFC,2023-08-10,213.63999938964844,2023-08-30,218.27999877929688,Win,2.17,0.540761323079251,0.1751374906678406,1.0454995410228456
JYOTHYLAB,2023-08-11,317.8999938964844,2023-08-31,348.3500061035156,Win,9.58,0.5928349391067588,0.3711450745209361,1.0434146884864712
JYOTHYLAB,2023-08-14,321.70001220703125,2023-09-01,365.5499877929688,Win,13.63,0.5985054266137306,0.3771404272330187,1.0452452442153581
JYOTHYLAB,2023-08-16,325.3500061035156,2023-09-04,362.3500061035156,Win,11.37,0.6022879967962704,0.3794784722656233,1.0467235787449303
JYOTHYLAB,2023-08-17,322.54998779296875,2023-09-05,349.8999938964844,Win,8.48,0.5722312087924503,0.3667372364108845,1.029729987488916
JYOTHYLAB,2023-08-18,336.04998779296875,2023-09-06,355.75,Win,5.86,0.6031890254282214,0.41375680314435054,1.0617678753354687
JYOTHYLAB,2023-08-21,334.04998779296875,2023-09-07,361.2000122070313,Win,8.13,0.5549075061559088,0.34480674718606164,1.0466673226452436
PFC,2023-08-21,216.0399932861328,2023-09-07,217.47999572753903,Win,0.67,0.5705925917836724,0.19385491418407094,1.0228260728110667
JYOTHYLAB,2023-08-22,328.79998779296875,2023-09-08,370.0499877929688,Win,12.55,0.5574300680258634,0.3536434584394924,1.0244164751504325
PFC,2023-08-22,218.47999572753903,2023-09-08,244.0800018310547,Win,11.72,0.5828071238955871,0.20308363647852035,1.0291764738613645
JYOTHYLAB,2023-08-23,330.04998779296875,2023-09-11,365.6000061035156,Win,10.77,0.5655259419541627,0.36131157742776654,1.0233716844687204
PFC,2023-08-23,218.67999267578125,2023-09-11,244.9600067138672,Win,12.02,0.5045050437416392,0.14014592907368092,1.0256443965995037
SHK,2023-08-25,155.6999969482422,2023-09-13,157.8000030517578,Win,1.35,0.5255994117998992,0.3521493259663574,1.0714004697065094
SHK,2023-08-28,160.9499969482422,2023-09-14,161.1999969482422,Win,0.16,0.5634145969297828,0.402614352490128,1.0914907542354222
WONDERLA,2023-10-23,807.75,2023-11-10,900.6500244140625,Win,11.5,0.5031294415209296,0.31373510949599265,1.0258064906253999
WONDERLA,2023-10-25,861.2000122070312,2023-11-13,897.4500122070312,Win,4.21,0.5423418651975426,0.35526004510713594,1.0813038655269624
PFC,2023-11-22,319.95001220703125,2023-12-12,389.7000122070313,Win,21.8,0.5702476738317876,0.2927273220486111,1.0988535963589876
BHEL,2023-11-23,142.75,2023-12-13,179.64999389648438,Win,25.85,0.5910167190203197,0.21231422505307856,1.060841491516976
PFC,2023-11-23,320.75,2023-12-13,421.7999877929688,Win,31.5,0.6152607915741127,0.31374158516666906,1.0857991423278959
PFC,2023-11-24,314.95001220703125,2023-12-14,423.1000061035156,Win,34.34,0.6303200855926785,0.32778253060329665,1.0541091351369303
CONCOR,2023-11-28,766.8499755859375,2023-12-15,859.9000244140625,Win,12.13,0.5342754458370141,0.10936705328887884,1.0310822062951734
MRPL,2023-11-28,121.25,2023-12-15,129.60000610351562,Win,6.89,0.5256410444511721,0.25452662271851306,1.0545085914109644
PFC,2023-11-28,320.54998779296875,2023-12-15,412.2999877929688,Win,28.62,0.7387383672075853,0.3915779435617585,1.0602505126639912
CONCOR,2023-11-29,768.1500244140625,2023-12-18,869.3499755859375,Win,13.17,0.5609234669341371,0.11455312073226599,1.0281056534912205
PFC,2023-11-29,328.1000061035156,2023-12-18,411.7999877929688,Win,25.51,0.739485179043643,0.3811829168111129,1.071587806853874
CONCOR,2023-11-30,776.0,2023-12-19,860.4000244140625,Win,10.88,0.5883940959816878,0.1265970002212613,1.0333708582406838
PFC,2023-11-30,334.8999938964844,2023-12-19,408.75,Win,22.05,0.7504885257175241,0.40154843345331975,1.0794369784940818
CONCOR,2023-12-01,785.1500244140625,2023-12-20,830.5999755859375,Win,5.79,0.6185006344928127,0.14087476095229387,1.039679858282793
CONCOR,2023-12-04,800.9000244140625,2023-12-21,839.75,Win,4.85,0.784730826640348,0.18564030261149148,1.0532054100952584
ACI,2023-12-05,608.4500122070312,2023-12-22,648.7000122070312,Win,6.62,0.5355047525890229,0.15619954813687648,1.090550106609081
CONCOR,2023-12-05,798.0999755859375,2023-12-22,832.4000244140625,Win,4.3,0.7429299680860078,0.16937725360576922,1.0434055174410386
MRPL,2023-12-05,124.9000015258789,2023-12-22,129.9499969482422,Win,4.04,0.5208072806577172,0.19808154940891037,1.0493011852925531
CONCOR,2023-12-06,798.9000244140625,2023-12-26,841.75,Win,5.36,0.6803829384625889,0.11929950881129597,1.038976152831371
JYOTHYLAB,2023-12-06,476.7000122070313,2023-12-26,478.0499877929688,Win,0.28,0.523787944909748,0.31612367791570506,1.076238947956536
MRPL,2023-12-07,129.89999389648438,2023-12-27,131.10000610351562,Win,0.92,0.5445028677155955,0.19065073981002037,1.0741954707165362
ACI,2023-12-08,622.25,2023-12-28,650.5499877929688,Win,4.55,0.5197036478383777,0.1875,1.0837698879248552
BHEL,2023-12-08,176.6999969482422,2023-12-28,192.6000061035156,Win,9.0,0.656357388316151,0.3702985740989652,1.0871543519844966
CONCOR,2023-12-08,843.2000122070312,2023-12-28,856.9000244140625,Win,1.62,0.7146926978601582,0.13485869745226278,1.0758310007649665
BHEL,2023-12-11,179.64999389648438,2023-12-29,193.5500030517578,Win,7.74,0.7543371067685275,0.43375889482042684,1.0887707080412155
CONCOR,2023-12-11,844.5999755859375,2023-12-29,859.6500244140625,Win,1.78,0.7328101462233463,0.13865854477376138,1.068189640972907
BHEL,2023-12-12,177.89999389648438,2024-01-01,198.1499938964844,Win,11.38,0.7107774716999435,0.41414936073802094,1.0647822670119451
CONCOR,2023-12-12,855.6500244140625,2024-01-01,861.2000122070312,Win,0.65,0.8296548107027792,0.16359563856960516,1.0720279613717851
DCBBANK,2023-12-12,127.9000015258789,2024-01-01,145.3000030517578,Win,13.6,0.647311959215389,0.13336289991363268,1.088201933685151
PFC,2023-12-12,389.7000122070313,2024-01-01,395.0499877929688,Win,1.37,0.8228403680874689,0.405337285834935,1.0914087380738344
BHEL,2023-12-13,179.64999389648438,2024-01-02,202.0,Win,12.44,0.7047352185800189,0.39209600657221627,1.0624910944151027
CONCOR,2023-12-13,862.75,2024-01-02,879.6500244140625,Win,1.96,0.8359889958466941,0.17086249383932972,1.0707262991392157
DCBBANK,2023-12-13,129.89999389648438,2024-01-02,146.3000030517578,Win,12.63,0.7407405663146774,0.16085783847324295,1.0930618745119638
BHEL,2023-12-14,181.3999938964844,2024-01-03,194.3999938964844,Win,7.17,0.6792736724739321,0.328937684223329,1.0606253674825952
CONCOR,2023-12-14,875.75,2024-01-03,882.1500244140625,Win,0.73,0.8483728650351917,0.1873771466264659,1.0758605214861396
DCBBANK,2023-12-14,129.39999389648438,2024-01-03,148.35000610351562,Win,14.64,0.691982953934546,0.14513268934941925,1.0781154849827375
WIPRO,2023-12-14,217.1999969482422,2024-01-03,227.9499969482422,Win,4.95,0.5413031646207835,0.13821564481488627,1.049036214037759
BHEL,2023-12-15,181.5500030517578,2024-01-04,195.0500030517578,Win,7.44,0.6755928802303365,0.3213246806148737,1.050649763395799
CONCOR,2023-12-15,859.9000244140625,2024-01-04,913.2999877929688,Win,6.21,0.6491446158659452,0.13811136034282767,1.0484047908020369
DCBBANK,2023-12-15,129.85000610351562,2024-01-04,154.5500030517578,Win,19.02,0.6970953857686812,0.14860683412866663,1.0715648836223657
WIPRO,2023-12-15,223.2749938964844,2024-01-04,226.1999969482422,Win,1.31,0.5512047242188529,0.140176164310103,1.0694139251991601
BHEL,2023-12-18,187.3999938964844,2024-01-05,195.8000030517578,Win,4.48,0.696926254361679,0.35160477566552667,1.071437566814372
CONCOR,2023-12-18,869.3499755859375,2024-01-05,895.9000244140625,Win,3.05,0.7072433873091666,0.15651185508628596,1.0514573871570136
DCBBANK,2023-12-18,134.75,2024-01-05,157.85000610351562,Win,17.14,0.7392856052943633,0.1814993107790466,1.0981682634925143
WIPRO,2023-12-18,222.625,2024-01-05,228.3000030517578,Win,2.55,0.5044526258071008,0.12125407493429421,1.0584052209166563
BHEL,2023-12-19,184.75,2024-01-08,195.1499938964844,Win,5.63,0.6181555860145046,0.30243209059277676,1.0463829186082234
CONCOR,2023-12-19,860.4000244140625,2024-01-08,870.7999877929688,Win,1.21,0.6293747555354479,0.14613029229148022,1.034025154510366
DCBBANK,2023-12-19,134.5,2024-01-08,160.14999389648438,Win,19.07,0.7581228272060367,0.18502202643171806,1.0836427299418558
POONAWALLA,2023-12-20,439.8500061035156,2024-01-09,474.7999877929688,Win,7.95,0.5249145247601665,0.21187488995762752,1.04176372232944
POONAWALLA,2023-12-21,440.3500061035156,2024-01-10,481.3500061035156,Win,9.31,0.553478750091374,0.22183688557440662,1.035617125234167
POONAWALLA,2023-12-22,442.3500061035156,2024-01-11,491.3999938964844,Win,11.09,0.5550190095336115,0.22229901509764233,1.0334559242427679
POONAWALLA,2023-12-26,440.25,2024-01-12,496.25,Win,12.72,0.5225851247297112,0.20599921852258615,1.023087375433204
POONAWALLA,2023-12-27,434.1000061035156,2024-01-15,496.25,Win,14.32,0.53270354065711,0.21273918508051542,1.005522623320994
WIPRO,2023-12-27,235.4750061035156,2024-01-15,247.3000030517578,Win,5.02,0.5693128223007166,0.1892677075935131,1.0734734786717255
DCBBANK,2023-12-28,132.89999389648438,2024-01-16,151.89999389648438,Win,14.3,0.5067483164781442,0.18396431088182072,1.044098825714837
OIL,2023-12-28,255.13333129882807,2024-01-16,259.5666809082031,Win,1.74,0.5645433802529621,0.28014715199261914,1.0990905528498245
WIPRO,2023-12-28,234.7250061035156,2024-01-16,242.5,Win,3.31,0.5487530578138738,0.1829406702455193,1.0609854541102153
DCBBANK,2023-12-29,132.85000610351562,2024-01-17,149.85000610351562,Win,12.8,0.5000002832696953,0.17931650514000397,1.0372767562901577
WIPRO,2023-12-29,235.6499938964844,2024-01-17,241.1999969482422,Win,2.36,0.5214430430406916,0.16012304687500015,1.0565608016354313
WIPRO,2024-01-01,238.5749969482422,2024-01-18,241.3249969482422,Win,1.15,0.5177708257275586,0.15518704272579262,1.060512363451174
HEMIPROP,2024-01-11,176.89999389648438,2024-02-01,231.8500061035156,Win,31.06,0.5141155064815812,0.24314820873293827,1.090968042160227
HEMIPROP,2024-01-15,175.9499969482422,2024-02-05,251.6499938964844,Win,43.02,0.5105738523931741,0.23777702780888932,1.062884818785618
HEMIPROP,2024-01-16,176.0500030517578,2024-02-06,240.6000061035156,Win,36.67,0.5309393019988651,0.24593063870827497,1.0540195120553122
EIHOTEL,2024-01-19,288.45001220703125,2024-02-09,407.5,Win,41.27,0.6650027284704723,0.26236329193449126,1.0425822379710432
HEMIPROP,2024-01-19,177.5500030517578,2024-02-09,230.1000061035156,Win,29.6,0.5682239840008169,0.20659198380027752,1.043311888308194
EIHOTEL,2024-01-23,295.45001220703125,2024-02-12,391.1000061035156,Win,32.37,0.6679493888181547,0.2588411420907948,1.0580322447306039
MRPL,2024-01-23,170.89999389648438,2024-02-12,184.9499969482422,Win,8.22,0.6070263066560454,0.37545266717492454,1.096235270132111
EIHOTEL,2024-01-24,308.70001220703125,2024-02-13,388.2999877929688,Win,25.79,0.7020226359985396,0.29951592608387023,1.0917295756779886
MRPL,2024-01-24,171.75,2024-02-13,182.6999969482422,Win,6.38,0.5805552288340068,0.32166220879871465,1.0858828457819518
EIHOTEL,2024-01-25,310.45001220703125,2024-02-14,391.8999938964844,Win,26.24,0.6958710308331975,0.2863062123722445,1.0849927398223116
MRPL,2024-01-25,174.39999389648438,2024-02-14,203.9499969482422,Win,16.94,0.6008060902224645,0.34464146491907843,1.0866365667243774
HEMIPROP,2024-01-29,180.0500030517578,2024-02-15,223.0500030517578,Win,23.88,0.5176467737114637,0.17181913572388036,1.0365947659328139
EIHOTEL,2024-01-30,319.3500061035156,2024-02-16,394.7000122070313,Win,23.59,0.665356148412226,0.3131168178899265,1.0865804767666163
MRPL,2024-01-30,179.3000030517578,2024-02-16,241.0500030517578,Win,34.44,0.6034027874032796,0.34609614984772713,1.0835509231142826
MRPL,2024-01-31,177.0500030517578,2024-02-19,286.1000061035156,Win,61.59,0.558523920853917,0.3297034259678817,1.057385232712852
EIHOTEL,2024-02-01,327.29998779296875,2024-02-20,398.2999877929688,Win,21.69,0.659904856812374,0.30476372266024726,1.0857427870266523
MRPL,2024-02-01,178.64999389648438,2024-02-20,273.20001220703125,Win,52.92,0.575187541493173,0.3457626658868879,1.0548308814250555
MRPL,2024-02-06,194.1000061035156,2024-02-23,245.8500061035156,Win,26.66,0.6425117639215273,0.4458101013297251,1.0906391164460045
MRPL,2024-02-08,200.8500061035156,2024-02-27,235.6000061035156,Win,17.3,0.6496844297346789,0.5000001139566074,1.0933368572510458
EIHOTEL,2024-02-13,388.2999877929688,2024-03-01,406.1000061035156,Win,4.58,0.5382733246380511,0.39550759314633893,1.0901317833745792
EIHOTEL,2024-02-14,391.8999938964844,2024-03-04,413.6499938964844,Win,5.55,0.5430783077191009,0.401143999973814,1.083939568182672
EIHOTEL,2024-02-19,404.7999877929688,2024-03-07,424.8500061035156,Win,4.95,0.5195721820129963,0.42862177191937,1.0717678491247074
BHEL,2024-04-23,260.1499938964844,2024-05-13,283.29998779296875,Win,8.9,0.604974073461391,0.18898533029245476,1.0185697634194748
JSFB,2024-04-23,486.3500061035156,2024-05-13,623.5999755859375,Win,28.22,0.5671278266833377,0.2738345250216171,1.0778976940115976
BHEL,2024-04-24,264.04998779296875,2024-05-14,288.25,Win,9.16,0.592759833170619,0.17486090230464404,1.0291142016744506
JSFB,2024-04-24,478.6499938964844,2024-05-14,638.5499877929688,Win,33.41,0.5035201449437744,0.2526825078532246,1.0519574919021963
BHEL,2024-04-25,271.6000061035156,2024-05-15,291.3500061035156,Win,7.27,0.5602603734225864,0.14502533557274722,1.051617435898484
JSFB,2024-04-25,488.2999877929688,2024-05-15,628.2999877929688,Win,28.67,0.5151514680532181,0.26126823063706356,1.063198159308717
BHEL,2024-04-26,278.8500061035156,2024-05-16,294.79998779296875,Win,5.72,0.5955053457171401,0.16624842737473927,1.0705731321529623
JSFB,2024-04-26,507.8500061035156,2024-05-16,624.5499877929688,Win,22.98,0.5521053681212157,0.3005121795224472,1.0924327761748338
BHEL,2024-04-29,276.8999938964844,2024-05-17,299.8999938964844,Win,8.31,0.5455877333779727,0.1547122200691507,1.0555900053904708
RAMRAT,2024-04-29,172.75,2024-05-17,189.9250030517578,Win,9.94,0.504672973242087,0.36184471484438413,1.0770204382768882
BHEL,2024-04-30,281.70001220703125,2024-05-21,319.20001220703125,Win,13.31,0.5553952835234205,0.15878241519697534,1.0652567933698516
VSTIND,2024-04-30,366.3136291503906,2024-05-21,370.64544677734375,Win,1.18,0.5290031697129485,0.1255918015372774,1.0358599503886867
BHEL,2024-05-02,292.70001220703125,2024-05-22,301.95001220703125,Win,3.16,0.5950192794537879,0.183582727840774,1.0946077584096447
ASHOKLEY,2024-05-21,105.6750030517578,2024-06-07,115.7249984741211,Win,9.51,0.5748791354830428,0.2454331756292046,1.060147311030339
ASHOKLEY,2024-05-22,104.0999984741211,2024-06-10,115.70999908447266,Win,11.15,0.5162786340380907,0.22940649214372869,1.037226001418004
ASHOKLEY,2024-05-23,106.1750030517578,2024-06-11,118.9800033569336,Win,12.06,0.5213672023991902,0.22958893952474377,1.0496506387571338
ASHOKLEY,2024-05-27,113.3499984741211,2024-06-13,118.3949966430664,Win,4.45,0.5529274257805661,0.27646390291286493,1.0998659822557815
ASHOKLEY,2024-05-28,113.4250030517578,2024-06-14,119.91999816894533,Win,5.73,0.5531791060745049,0.2765898142901437,1.088157598185633
WIPRO,2024-07-01,263.67498779296875,2024-07-19,278.6000061035156,Win,5.66,0.6230184602985372,0.20688857043920603,1.0683798517891885
ZENSARTECH,2024-07-03,745.0499877929688,2024-07-23,758.9500122070312,Win,1.87,0.5265471724130841,0.2391683788656445,1.0172545243374986
FEDERALBNK,2024-07-04,180.97000122070312,2024-07-24,201.22999572753903,Win,11.2,0.5623930988566999,0.17019080739075979,1.02595813800395
OIL,2024-07-04,492.3500061035156,2024-07-24,543.5,Win,10.39,0.5619942090700749,0.2422623888979877,1.0481353491230827
ZENSARTECH,2024-07-04,752.2999877929688,2024-07-24,767.0499877929688,Win,1.96,0.688454032872038,0.3051699443588969,1.0217299536296938
OIL,2024-07-05,489.5,2024-07-25,566.9000244140625,Win,15.81,0.6236060991124333,0.2648578811369509,1.0351057245732735
ZENSARTECH,2024-07-05,737.2000122070312,2024-07-25,773.5999755859375,Win,4.94,0.5443040090948608,0.21640133166517667,0.9988433498118214
FEDERALBNK,2024-07-08,188.0599975585937,2024-07-26,198.0,Win,5.29,0.5735543146183939,0.14287447019639987,1.052339006605632
OIL,2024-07-08,500.0499877929688,2024-07-26,560.6500244140625,Win,12.12,0.6008176444538346,0.228825373427253,1.049260964480922
FEDERALBNK,2024-07-09,187.75,2024-07-29,201.009994506836,Win,7.06,0.5563724326060866,0.13753405954875217,1.0443560952049706
OIL,2024-07-09,509.1499938964844,2024-07-29,580.4000244140625,Win,13.99,0.6155363049729234,0.24152642360109353,1.0592447754985566
FEDERALBNK,2024-07-10,188.66000366210932,2024-07-30,201.83999633789065,Win,6.99,0.5735965299220712,0.14443431408575433,1.0433033455794827
OIL,2024-07-10,512.8499755859375,2024-07-30,583.0499877929688,Win,13.69,0.6778582409107435,0.2668175282812759,1.0581221717105296
FEDERALBNK,2024-07-11,192.66000366210932,2024-07-31,201.38999938964844,Win,4.53,0.5861584259016142,0.14959131136725604,1.057736409305606
FEDERALBNK,2024-07-12,195.47999572753903,2024-08-01,200.75,Win,2.7,0.5498471792977245,0.1243528991216409,1.0646727146787593
FEDERALBNK,2024-07-15,194.75,2024-08-02,197.7100067138672,Win,1.52,0.5849156639319925,0.13055849419681465,1.0532276455047123
ITC,2024-07-19,456.951416015625,2024-08-07,474.3801879882813,Win,3.81,0.7292262706111796,0.12014627883902468,1.0549015770161596
ITC,2024-07-22,449.24810791015625,2024-08-08,476.4023132324219,Win,6.04,0.5584252646430943,0.10217340831516027,1.031668069391683
ITC,2024-07-23,473.9468688964844,2024-08-09,477.5096740722656,Win,0.75,0.7303825118840483,0.17302186372082798,1.0776140552360598
FEDERALBNK,2024-07-24,201.22999572753903,2024-08-12,201.2400054931641,Win,0.0,0.5712036250354033,0.14439262919944273,1.0507217243394964
ITC,2024-07-24,475.728271484375,2024-08-12,476.25787353515625,Win,0.11,0.7252693735329234,0.16713914022465648,1.0714022110872916
ITC,2024-07-25,471.78033447265625,2024-08-13,471.8284606933594,Win,0.01,0.6556817625565851,0.15745337613260196,1.0540626877945083
ITC,2024-07-29,477.6541137695313,2024-08-16,484.0093383789063,Win,1.33,0.5983017440391079,0.16553099198555365,1.0488097453036145
JYOTHYLAB,2024-07-29,537.4500122070312,2024-08-16,555.9500122070312,Win,3.44,0.5770294997130537,0.303383058692403,1.05955798838523
ITC,2024-07-30,471.732177734375,2024-08-19,482.8538513183594,Win,2.36,0.5275975328916905,0.1529771336728827,1.0297992005209895
JYOTHYLAB,2024-07-30,535.4000244140625,2024-08-19,555.8499755859375,Win,3.82,0.5200401559943576,0.24050050241577456,1.0477646407351775
ITC,2024-07-31,476.9800720214844,2024-08-20,480.3021240234375,Win,0.7,0.5325302934611029,0.154527434876093,1.0347882607160785
ITC,2024-08-01,475.3912658691406,2024-08-21,486.6573791503906,Win,2.37,0.5562810401895164,0.16028206757492838,1.0259061370849054
VSTIND,2024-08-23,420.8181762695313,2024-09-11,423.8999938964844,Win,0.73,0.551895786996777,0.1925341357952838,1.0827877550787288
SARDAEN,2024-08-30,351.6499938964844,2024-09-18,423.2999877929688,Win,20.38,0.5089398677520233,0.30400109907184336,1.0608937370554226
SARDAEN,2024-09-03,345.54998779296875,2024-09-20,418.2000122070313,Win,21.02,0.5517135101614924,0.33211255174841375,1.0250857951015409
SARDAEN,2024-09-04,355.25,2024-09-23,432.7000122070313,Win,21.8,0.6851259818737654,0.42756677229987516,1.0439304949163903
SHK,2024-09-04,250.5200042724609,2024-09-23,256.989990234375,Win,2.58,0.5886488270939324,0.37128469497289335,1.0676673256622649
PANACEABIO,2024-09-05,238.75,2024-09-24,302.7699890136719,Win,26.81,0.5927847850809351,0.8005278205916313,1.0949721418655163
SARDAEN,2024-09-05,358.20001220703125,2024-09-24,442.4500122070313,Win,23.52,0.7066332374403441,0.4478578053518753,1.0433575698215762
SHK,2024-09-05,244.69000244140625,2024-09-24,300.4200134277344,Win,22.78,0.5078333536783859,0.331646271789966,1.0337752886829281
SARDAEN,2024-09-06,355.8500061035156,2024-09-25,453.5,Win,27.44,0.6072816756080178,0.2825734022241918,1.0295521826252352
RAMRAT,2024-09-09,304.3999938964844,2024-09-26,319.5,Win,4.96,0.5107738628011186,0.38206580656746597,1.0690452558427075
SARDAEN,2024-09-09,354.04998779296875,2024-09-26,439.2000122070313,Win,24.05,0.5633296013594137,0.24665488659496038,1.018984710111571
RAMRAT,2024-09-10,308.3999938964844,2024-09-27,324.92498779296875,Win,5.36,0.5154793919673182,0.3851336283434497,1.0684155310440515
SARDAEN,2024-09-10,368.3500061035156,2024-09-27,439.2000122070313,Win,19.23,0.6893942581612595,0.3281052749140232,1.0516221465428548
SHK,2024-09-10,257.4599914550781,2024-09-27,300.1400146484375,Win,16.58,0.5109438840739767,0.3484523193392232,1.061608438109289
RAMRAT,2024-09-11,306.54998779296875,2024-09-30,326.6000061035156,Win,6.54,0.5046253569263053,0.3808558008692286,1.0497423533629193
SARDAEN,2024-09-11,367.9500122070313,2024-09-30,443.0,Win,20.4,0.6835734735833411,0.3252296787163384,1.043377496124093
SHK,2024-09-11,262.6000061035156,2024-09-30,298.70001220703125,Win,13.75,0.5595900796045641,0.3944349824254927,1.071086552549905
RAMRAT,2024-09-12,307.70001220703125,2024-10-01,325.45001220703125,Win,5.77,0.5982407846240917,0.4481703888368076,1.0425743117953035
SARDAEN,2024-09-12,376.8500061035156,2024-10-01,451.25,Win,19.74,0.6484444881347133,0.2572143656497602,1.0601892430201922
SHK,2024-09-12,267.54998779296875,2024-10-01,294.54998779296875,Win,10.09,0.6281617493538524,0.45518322041115716,1.0790357153255419
WONDERLA,2024-09-12,864.6500244140625,2024-10-01,907.0999755859376,Win,4.91,0.588476366449501,0.10006364429270038,1.0205195884020182
RAMRAT,2024-09-13,315.7749938964844,2024-10-03,325.1000061035156,Win,2.95,0.597798550626445,0.43062627778744855,1.0576333979076515
SARDAEN,2024-09-13,382.6000061035156,2024-10-03,491.9500122070313,Win,28.58,0.573252061067609,0.1720018128254032,1.0673824452322365
SHK,2024-09-13,271.1400146484375,2024-10-03,286.8999938964844,Win,5.81,0.5306489819910182,0.2603542439193234,1.0815396105919166
RAMRAT,2024-09-16,316.8500061035156,2024-10-04,340.29998779296875,Win,7.4,0.5867526732946815,0.4016810520943354,1.0502625574755715
SARDAEN,2024-09-16,391.4500122070313,2024-10-04,480.2000122070313,Win,22.67,0.5650369339120994,0.16105596705785125,1.0813536134368433
SHK,2024-09-16,270.2099914550781,2024-10-04,301.95001220703125,Win,11.75,0.5530133863090729,0.2705002856897693,1.0675321384074667
RAMRAT,2024-09-17,325.20001220703125,2024-10-07,330.5,Win,1.63,0.557439337627334,0.3292459444925592,1.0656305930782546
RAMRAT,2024-09-19,324.32501220703125,2024-10-09,352.20001220703125,Win,8.59,0.5143406939355726,0.32634708231228443,1.0449704417697712
SARDAEN,2024-09-19,413.7999877929688,2024-10-09,497.2000122070313,Win,20.15,0.5936016753144191,0.19889901524110584,1.0968060288393207
RAMRAT,2024-09-20,325.125,2024-10-10,365.625,Win,12.46,0.5397880904551314,0.3423823455682321,1.039310474024941
SARDAEN,2024-09-20,418.2000122070313,2024-10-10,498.25,Win,19.14,0.6005103816864392,0.20328018096823502,1.0946949542612028
RAMRAT,2024-09-23,326.1499938964844,2024-10-11,365.7749938964844,Win,12.15,0.5025501620624612,0.2804003771971369,1.0353253063006518
RAMRAT,2024-09-24,325.45001220703125,2024-10-14,371.25,Win,14.07,0.5153449156070515,0.2872540932875269,1.0271646678346473
SARDAEN,2024-09-26,439.2000122070313,2024-10-16,507.25,Win,15.49,0.5553518976057612,0.26062003415971696,1.0816090770502376
SARDAEN,2024-09-27,439.2000122070313,2024-10-17,498.4500122070313,Win,13.49,0.5644417526309337,0.26406676291992753,1.069146935501433
SARDAEN,2024-09-30,443.0,2024-10-18,506.6000061035156,Win,14.36,0.5633673113909154,0.25977536666872925,1.0662464068107864
SARDAEN,2024-10-01,451.25,2024-10-21,490.3999938964844,Win,8.68,0.6528925002237217,0.3094892397199999,1.0730962860700024
MONQ50,2024-11-11,71.30999755859375,2024-12-02,78.0199966430664,Win,9.41,0.5488304831547282,0.12600656082131942,1.0699223132088787
MONQ50,2024-11-12,72.25,2024-12-03,83.80999755859375,Win,16.0,0.5689879751859288,0.13618493201182477,1.0744047772361782
AGIIL,2024-11-26,160.80499267578125,2024-12-13,186.96499633789065,Win,16.27,0.9005488025787338,0.6883299704829069,1.093018935156056
AGIIL,2024-11-27,160.89500427246094,2024-12-16,183.7350006103516,Win,14.2,0.8924852227341714,0.5962598064913925,1.077226106401622
AGIIL,2024-11-28,160.6649932861328,2024-12-17,180.7400054931641,Win,12.49,0.8846691321285458,0.5813483828649503,1.0617577170833528
AGIIL,2024-11-29,160.8350067138672,2024-12-18,179.96499633789062,Win,11.89,0.879498218078873,0.5371052079156705,1.0509417230908404
AGIIL,2024-12-02,164.73500061035156,2024-12-19,184.4900054931641,Win,11.99,0.8845567498220192,0.5579987672901554,1.0637033465514396
AGIIL,2024-12-03,164.0050048828125,2024-12-20,183.3249969482422,Win,11.78,0.8460236266015106,0.4427534680437946,1.0487735407809817
AGIIL,2024-12-04,168.5449981689453,2024-12-23,182.59500122070312,Win,8.34,0.8311977426071651,0.36540015258788777,1.0661915928181604
AGIIL,2024-12-05,173.6999969482422,2024-12-24,178.2100067138672,Win,2.6,0.844771142327683,0.4025030204948887,1.0852304980896186
EIHOTEL,2024-12-06,411.4500122070313,2024-12-26,413.25,Win,0.44,0.5192936149710136,0.1570585071566553,1.0873054004930174
AGIIL,2024-12-09,179.17999267578125,2024-12-27,181.75,Win,1.43,0.8084740921176127,0.28095500729995804,1.0899894559807028
KNRCON,2024-12-11,345.0,2024-12-31,346.1499938964844,Win,0.33,0.5011055702871945,0.1964626068922205,1.0507475691304102
EIHOTEL,2024-12-16,424.0499877929688,2025-01-03,428.3500061035156,Win,1.01,0.6119401705394159,0.19669812470411488,1.0558478764503902
PARKHOTELS,2024-12-16,194.13999938964844,2025-01-03,203.2700042724609,Win,4.7,0.5460801205871874,0.32518770914435796,1.0562873979521263
TAJGVK,2024-12-17,388.5,2025-01-06,422.0499877929688,Win,8.64,0.5403899916799221,0.24959796599208978,1.0606192215570365
PARKHOTELS,2024-12-19,186.3099975585937,2025-01-08,204.6199951171875,Win,9.83,0.5041821730555531,0.3204109815694163,0.9963039259244654
UPL,2025-02-06,644.75,2025-02-25,647.5,Win,0.43,0.5198957224540247,0.1820514906419663,1.0966557026454045
ACI,2025-03-20,563.5499877929688,2025-04-09,577.9000244140625,Win,2.55,0.5322262853347597,0.31378942010840466,1.0480565419218493
ACI,2025-03-21,562.5999755859375,2025-04-11,601.0999755859375,Win,6.84,0.5040231336797577,0.27732991257471057,1.0381914184202252
ACI,2025-03-24,543.5999755859375,2025-04-15,613.25,Win,12.81,0.5308694193250039,0.3029720989465875,0.9995545935393393
PANACEABIO,2025-03-26,440.4500122070313,2025-04-17,522.9500122070312,Win,18.73,0.5318567626243423,0.35941361792293613,1.0890226190826944
PANACEABIO,2025-03-27,439.0,2025-04-21,504.7999877929688,Win,14.99,0.5297605932200438,0.35976457085536845,1.0706893141985705
PANACEABIO,2025-03-28,441.25,2025-04-22,524.2999877929688,Win,18.82,0.5478142129660252,0.3748246867657644,1.0625131929731293
PANACEABIO,2025-04-01,452.1499938964844,2025-04-23,512.9500122070312,Win,13.45,0.7174741002637464,0.501910022356243,1.0739093217379547
POONAWALLA,2025-04-01,349.3999938964844,2025-04-23,402.7000122070313,Win,15.25,0.5093905022358896,0.23484707129410703,1.0855908334900142
KOTAKBANK,2025-04-02,430.9200134277344,2025-04-24,444.6000061035156,Win,3.17,0.545937908200321,0.13224209142155272,1.034878308146398
PANACEABIO,2025-04-02,444.3500061035156,2025-04-24,538.3499755859375,Win,21.15,0.6854615272928324,0.4948696588848297,1.0445181550943963
POONAWALLA,2025-04-02,348.25,2025-04-24,396.3500061035156,Win,13.81,0.5151984406556761,0.2380021866773245,1.0697245976651562
MRPL,2025-04-03,136.72999572753906,2025-04-25,137.11000061035156,Win,0.28,0.5020601085721617,0.34842202830384944,1.0503037460154367
PANACEABIO,2025-04-03,465.1000061035156,2025-04-25,520.7999877929688,Win,11.98,0.7112919106082798,0.55655965563751,1.0790164662697563
POONAWALLA,2025-04-03,362.5,2025-04-25,380.3999938964844,Win,4.94,0.6488664512799082,0.3239591532564308,1.097635309159794
PANACEABIO,2025-04-04,465.0,2025-04-28,537.3499755859375,Win,15.56,0.689378452218661,0.47736298649722003,1.0666583226019553
POONAWALLA,2025-04-04,353.04998779296875,2025-04-28,385.6499938964844,Win,9.23,0.5344468607446546,0.27800900558540725,1.0579333448123127
DCBBANK,2025-05-05,137.5500030517578,2025-05-22,138.61000061035156,Win,0.77,0.5159598530285084,0.22801535959676786,1.0633348405162297
JAMNAAUTO,2025-05-12,84.16000366210938,2025-05-29,92.4499969482422,Win,9.85,0.5092325965664295,0.17296172351371952,1.0326786556607919
OIL,2025-05-12,416.4500122070313,2025-05-29,444.25,Win,6.68,0.5296671906032373,0.21325568013701765,1.036749135829282
JAMNAAUTO,2025-05-13,86.54000091552734,2025-05-30,92.29000091552734,Win,6.64,0.5438595470259484,0.19728835607444634,1.0541026165991074
JAMNAAUTO,2025-05-14,86.80000305175781,2025-06-02,89.94999694824219,Win,3.63,0.579961309138805,0.20975614009418553,1.0500638051060238
JAMNAAUTO,2025-05-15,86.58000183105469,2025-06-03,88.6500015258789,Win,2.39,0.5597823254006615,0.19983366736602778,1.0413776221285855
JAMNAAUTO,2025-05-16,87.66999816894531,2025-06-04,87.95999908447266,Win,0.33,0.5155913657848056,0.15965608384179986,1.047997685870842
RSYSTEMS,2025-05-27,376.25,2025-06-13,449.2999877929688,Win,19.42,0.5003962696527997,0.20188472982413178,1.045613537942864
RAMRAT,2025-05-29,339.79998779296875,2025-06-17,348.82501220703125,Win,2.66,0.61446258828451,0.2988054956252986,1.0974646267145198
RAMRAT,2025-05-30,333.67498779296875,2025-06-18,349.79998779296875,Win,4.83,0.5848765591989322,0.29394081548412504,1.0652542738731523
RAMRAT,2025-06-02,328.95001220703125,2025-06-19,330.8999938964844,Win,0.59,0.5234510066493743,0.26775220915034526,1.0406855874921648
RSYSTEMS,2025-06-04,373.0,2025-06-23,446.3500061035156,Win,19.66,0.5380578002457421,0.19743178170144463,1.0111425937639595
HINDWAREAP,2025-06-06,274.0,2025-06-25,290.3500061035156,Win,5.97,0.7931154657396144,0.47692967706918765,1.0818091054375123
POONAWALLA,2025-06-06,421.1000061035156,2025-06-25,438.7000122070313,Win,4.18,0.6422127060572016,0.13442885844694782,1.0481343711314692
RAMRAT,2025-06-06,344.75,2025-06-25,349.25,Win,1.31,0.5653882130797117,0.298371181337459,1.051870888058292
SHK,2025-06-06,242.67999267578125,2025-06-25,250.58999633789065,Win,3.26,0.5431285565177336,0.26858331837099947,1.0238901022380513
POONAWALLA,2025-06-09,431.25,2025-06-26,449.6499938964844,Win,4.27,0.680642449424322,0.1592741935483871,1.0651301845081471
RAMRAT,2025-06-09,345.625,2025-06-26,349.7250061035156,Win,1.19,0.6320355447909599,0.3293269230769231,1.0456280625573642
HINDWAREAP,2025-06-10,287.8999938964844,2025-06-27,291.6000061035156,Win,1.29,0.8090685050726308,0.4782296262920628,1.099541686333793
POONAWALLA,2025-06-10,426.75,2025-06-27,455.75,Win,6.8,0.5282044580634362,0.10686036444424588,1.0476683170702206
POONAWALLA,2025-06-11,426.3999938964844,2025-06-30,466.0499877929688,Win,9.3,0.5663591788579713,0.11244457990120027,1.0410766801956806
HINDWAREAP,2025-06-12,282.70001220703125,2025-07-01,287.6499938964844,Win,1.75,0.6563468242786543,0.39853573296047157,1.050753053674288
HINDWAREAP,2025-06-13,286.1000061035156,2025-07-02,289.5,Win,1.19,0.6608507330402548,0.40306998658878895,1.052051245483281
RSYSTEMS,2025-06-17,444.3500061035156,2025-07-04,447.25,Win,0.65,0.51270286205791,0.23225179862020942,1.0932440927009472
AGIIL,2025-08-20,232.47999572753903,2025-09-09,235.16000366210932,Win,1.15,0.5537295917261136,0.12016962151011419,1.0485341643836927
AGIIL,2025-08-21,232.0800018310547,2025-09-10,234.7400054931641,Win,1.15,0.5182108181176434,0.10725188488991193,1.0407181046075138
SARDAEN,2025-08-26,592.9000244140625,2025-09-15,626.1500244140625,Win,5.61,0.509336029886712,0.3597065497352202,1.04425550752003
MONQ50,2025-09-09,90.08000183105467,2025-09-26,92.33999633789062,Win,2.51,0.7388162892340856,0.12825658771109344,1.070627495532556
MONQ50,2025-09-10,89.08000183105469,2025-09-29,98.68000030517578,Win,10.78,0.6189827415515523,0.11419643816525794,1.0512595416849524
MONQ50,2025-09-11,89.33000183105469,2025-09-30,97.5500030517578,Win,9.2,0.6439643996295903,0.119704226596655,1.047017612690307
HEMIPROP,2025-09-12,173.13999938964844,2025-10-01,182.8600006103516,Win,5.61,0.5769525764923832,0.2816641060274082,1.0876219569185546
MONQ50,2025-09-12,89.98999786376953,2025-10-01,99.5,Win,10.57,0.6549012841807844,0.1252969424798804,1.0473785929164245
HEMIPROP,2025-09-15,172.11000061035156,2025-10-03,184.0,Win,6.91,0.5404911600781194,0.2574706418524507,1.0681968280445673
MONQ50,2025-09-15,89.8499984741211,2025-10-03,102.51000213623048,Win,14.09,0.6420232038398291,0.12382741593208493,1.039162040021985
MONQ50,2025-09-16,90.06999969482422,2025-10-06,101.93000030517578,Win,13.17,0.646380265430583,0.12615648805190888,1.0354578965971826
MONQ50,2025-09-17,89.55000305175781,2025-10-07,103.79000091552734,Win,15.9,0.5900001525878896,0.11783800236529324,1.0244062578590887
MONQ50,2025-09-18,89.1500015258789,2025-10-08,102.0199966430664,Win,14.44,0.5490195620110364,0.11173461543438169,1.015721925327433
MONQ50,2025-09-19,89.4800033569336,2025-10-09,102.06999969482422,Win,14.07,0.5914116396509564,0.12074157641798382,1.0154923991555724
MONQ50,2025-09-22,90.11000061035156,2025-10-10,103.1999969482422,Win,14.53,0.5975834854603446,0.12328595411559322,1.0184770566034402
MONQ50,2025-09-23,90.5999984741211,2025-10-13,100.87000274658205,Win,11.34,0.6379935127291145,0.1336336405138424,1.0198416856046433
MONQ50,2025-09-24,90.2699966430664,2025-10-14,100.18000030517578,Win,10.98,0.5932207303629452,0.12178445723500203,1.0128679957892697
MONQ50,2025-09-25,89.97000122070312,2025-10-15,100.25,Win,11.43,0.5685348404212986,0.11861246897090254,1.0070595324607763
MONQ50,2025-09-26,92.33999633789062,2025-10-16,100.86000061035156,Win,9.23,0.6092829262669007,0.13929664233230346,1.029091691926297
AGIIL,2025-09-29,252.72000122070312,2025-10-17,267.8999938964844,Win,6.01,0.5007907037383993,0.11134568163508718,1.050793415341992
MONQ50,2025-09-29,98.68000030517578,2025-10-17,100.20999908447266,Win,1.55,0.688066247274156,0.19308428723826707,1.0886136577436574
MONQ50,2025-09-30,97.5500030517578,2025-10-20,100.5199966430664,Win,3.04,0.5779661723540338,0.1538916725258862,1.0673645372731038
MONQ50,2025-10-01,99.5,2025-10-21,100.86000061035156,Win,1.37,0.6155743643284094,0.17779351380475128,1.0784713467909794
KOTAKBANK,2025-10-06,429.2000122070313,2025-10-24,437.3999938964844,Win,1.91,0.5063191899346355,0.10068218064271142,1.0545863021667257
FEDERALBNK,2025-10-14,215.44000244140625,2025-11-03,237.88999938964844,Win,10.42,0.5031025590695255,0.10845853964219396,1.0739319565409762
FEDERALBNK,2025-10-20,227.0800018310547,2025-11-10,238.4600067138672,Win,5.01,0.5089716214681338,0.14438346123453857,1.0963685706798505
FEDERALBNK,2025-10-21,227.44000244140625,2025-11-11,235.88999938964844,Win,3.72,0.5258283682472576,0.14915119515746228,1.0860646950025337
FEDERALBNK,2025-10-23,227.8600006103516,2025-11-12,238.94000244140625,Win,4.86,0.6126025537705897,0.16851282364282869,1.0767234849401572
FEDERALBNK,2025-10-24,227.3999938964844,2025-11-13,235.7899932861328,Win,3.69,0.5979245559344718,0.16537686776081414,1.0643758948043367
FEDERALBNK,2025-10-27,234.0399932861328,2025-11-14,236.259994506836,Win,0.95,0.6850659181781622,0.209009149046239,1.0828513636724009
FEDERALBNK,2025-10-28,235.77999877929688,2025-11-17,239.0599975585937,Win,1.39,0.7010734072458441,0.21957273338950242,1.078576932486505
DCBBANK,2025-10-29,159.08999633789062,2025-11-18,187.25,Win,17.7,0.6817481531308273,0.28474516664339805,1.0987988699490319
FEDERALBNK,2025-10-29,234.91000366210932,2025-11-18,244.509994506836,Win,4.09,0.7192454298770659,0.22463765349074785,1.0638568628011769
UPL,2025-10-29,720.0499877929688,2025-11-18,759.6500244140625,Win,5.5,0.5215346137686336,0.11118825276692708,1.0547968476582934
DCBBANK,2025-10-30,154.8699951171875,2025-11-19,184.82000732421875,Win,19.34,0.5740139320050227,0.2575720113543231,1.058784708584709
FEDERALBNK,2025-10-30,234.8099975585937,2025-11-19,246.0200042724609,Win,4.77,0.7676333009757265,0.23532194495292327,1.053805121732485
M&MFIN,2025-10-30,315.70001220703125,2025-11-19,329.8500061035156,Win,4.48,0.56361212076345,0.15662208495368865,1.0609981819499459
UPL,2025-10-30,721.3499755859375,2025-11-19,752.6500244140625,Win,4.34,0.503939918476232,0.10264439334442516,1.0505543859066273
DCBBANK,2025-10-31,157.9499969482422,2025-11-20,181.07000732421875,Win,14.64,0.5700458836856165,0.24625216672340267,1.0679494406960484
FEDERALBNK,2025-10-31,236.6100006103516,2025-11-20,244.92999267578125,Win,3.52,0.7633693700564589,0.22640340845279858,1.0525244423553803
M&MFIN,2025-10-31,315.54998779296875,2025-11-20,346.6000061035156,Win,9.84,0.5465030998199195,0.14620414741997312,1.0526793792885873
DCBBANK,2025-11-03,159.35000610351562,2025-11-21,186.07000732421875,Win,16.77,0.5664828117992337,0.23920997466084526,1.0657351272890143
FEDERALBNK,2025-11-03,237.88999938964844,2025-11-21,245.0599975585937,Win,3.01,0.7652157899722203,0.2277560184450537,1.0493096913934332
M&MFIN,2025-11-03,318.6000061035156,2025-11-21,342.54998779296875,Win,7.52,0.6042773505232452,0.16532557869823886,1.054719706847285
UPL,2025-11-03,730.5999755859375,2025-11-21,750.8499755859375,Win,2.77,0.5019963268118366,0.10454299206704465,1.051989982655575
DCBBANK,2025-11-04,162.5500030517578,2025-11-24,184.94000244140625,Win,13.77,0.5664028816610024,0.23330803708649753,1.0743562297792293
FEDERALBNK,2025-11-04,237.8500061035156,2025-11-24,248.1699981689453,Win,4.34,0.8075284991444,0.23641946322565893,1.0412615230018514
M&MFIN,2025-11-04,318.6000061035156,2025-11-24,357.54998779296875,Win,12.23,0.5914416112584218,0.1553944011006913,1.0473820040908908
DCBBANK,2025-11-06,162.25999450683594,2025-11-25,181.47000122070312,Win,11.84,0.5560463633631694,0.22877690842034387,1.0610836715458498
FEDERALBNK,2025-11-06,235.8300018310547,2025-11-25,255.9900054931641,Win,8.55,0.7391760896259217,0.21775274900088298,1.026426806426107
FEDERALBNK,2025-11-07,237.259994506836,2025-11-26,256.3699951171875,Win,8.05,0.7190861895431339,0.19124364456528722,1.026925954434561
UPL,2025-11-07,747.9500122070312,2025-11-26,760.5999755859375,Win,1.69,0.5093495168545122,0.10016921242425707,1.0570729231467757
DCBBANK,2025-11-10,168.19000244140625,2025-11-27,183.2700042724609,Win,8.97,0.5670466282440533,0.3000696358460425,1.069288762834366
FEDERALBNK,2025-11-10,238.4600067138672,2025-11-27,254.8699951171875,Win,6.88,0.706682403699404,0.1769409505726243,1.0266762605988629
M&MFIN,2025-11-10,313.5,2025-11-27,363.6499938964844,Win,16.0,0.5562346565996994,0.13115643840530758,1.0177026539046676
UPL,2025-11-10,750.6500244140625,2025-11-27,758.6500244140625,Win,1.07,0.5774649065374745,0.11240373146593007,1.0534133373040224
DCBBANK,2025-11-11,168.3699951171875,2025-11-28,183.57000732421875,Win,9.03,0.5676780661749994,0.3006566171222595,1.0590152759383482
FEDERALBNK,2025-11-11,235.88999938964844,2025-11-28,257.9200134277344,Win,9.34,0.5878111957424935,0.1376965542394985,1.011967979651901
M&MFIN,2025-11-11,317.75,2025-11-28,371.8500061035156,Win,17.03,0.5565738433088462,0.12937619728748795,1.0266903566838916
UPL,2025-11-11,752.3499755859375,2025-11-28,758.6500244140625,Win,0.84,0.5820782748374732,0.11451002028115866,1.0486653642100723
DCBBANK,2025-11-12,172.3300018310547,2025-12-01,183.8999938964844,Win,6.71,0.5873017626644033,0.32408766740410644,1.0712065301078293
FEDERALBNK,2025-11-12,238.94000244140625,2025-12-01,256.6000061035156,Win,7.39,0.6048161852740378,0.1470955302004249,1.0207179684798693
BHEL,2025-11-13,281.5,2025-12-02,285.5,Win,1.42,0.5043254426378706,0.1985863887781695,1.0739515719414738
DCBBANK,2025-11-13,169.3800048828125,2025-12-02,182.0599975585937,Win,7.49,0.5442971044884036,0.3109907808331181,1.04355058284127
DCBBANK,2025-11-14,175.5,2025-12-03,178.86000061035156,Win,1.91,0.5815585415104291,0.35962192059542847,1.0692726649344138
FEDERALBNK,2025-11-18,244.509994506836,2025-12-05,259.20001220703125,Win,6.01,0.5697736503134749,0.1399067342976037,1.0319840689186983
FEDERALBNK,2025-11-19,246.0200042724609,2025-12-08,257.45001220703125,Win,4.65,0.6461769379100267,0.1583953226115159,1.0336288776802867
JAMNAAUTO,2025-11-19,110.02999877929688,2025-12-08,116.83999633789062,Win,6.19,0.5257798095856002,0.1766655573272168,1.0880697955722334
M&MFIN,2025-11-20,346.6000061035156,2025-12-09,353.3999938964844,Win,1.96,0.5506358187821895,0.16759305702237884,1.0907315057081706
BHEL,2025-11-25,282.8999938964844,2025-12-12,285.1499938964844,Win,0.8,0.5137433222043024,0.22499346542728704,1.013441318069648
FEDERALBNK,2025-11-25,255.9900054931641,2025-12-12,261.3500061035156,Win,2.09,0.592292788801511,0.12572564803891004,1.0568846834073267
UPL,2025-11-26,760.5999755859375,2025-12-15,765.6500244140625,Win,0.66,0.5353004866632896,0.11877620489785937,1.011998322688492
JAMNAAUTO,2025-12-01,116.73999786376952,2025-12-18,125.5999984741211,Win,7.59,0.5012759905651031,0.22716284278642854,1.0822772354030923
JAMNAAUTO,2025-12-03,121.69000244140624,2025-12-22,127.20999908447266,Win,4.54,0.5728478729503292,0.2944367586021803,1.096241344823486
JAMNAAUTO,2025-12-04,122.77999877929688,2025-12-23,128.86000061035156,Win,4.95,0.6066586170721328,0.3165343766553293,1.0917176255084713
JAMNAAUTO,2025-12-05,122.0999984741211,2025-12-24,126.05999755859376,Win,3.24,0.6532039277283528,0.33866900229919056,1.0735597968290238
WIPRO,2025-12-08,261.3800048828125,2025-12-26,266.29998779296875,Win,1.88,0.5913516876201558,0.10524757415326742,1.0408340122137625
FEDERALBNK,2025-12-10,259.6000061035156,2025-12-30,267.6000061035156,Win,3.08,0.5360605906930201,0.10051297967364213,1.0164336031152832
FEDERALBNK,2025-12-12,261.3500061035156,2026-01-01,266.25,Win,1.87,0.6425330462630431,0.10840160119248808,1.0164045835733504
FEDERALBNK,2025-12-15,265.25,2026-01-02,266.95001220703125,Win,0.64,0.670908586895684,0.122703827000746,1.0272518719013704
ASHOKLEY,2025-12-18,171.57000732421875,2026-01-07,186.1199951171875,Win,8.48,0.5463480002515989,0.1794995146790572,1.058380626551735
ASHOKLEY,2025-12-19,173.55999755859375,2026-01-08,184.5200042724609,Win,6.31,0.5575503376081777,0.18681613128568128,1.0616080131374572
ASHOKLEY,2025-12-22,177.0500030517578,2026-01-09,187.759994506836,Win,6.05,0.6352565759657226,0.22365056371780828,1.0725848438896421
ASHOKLEY,2025-12-23,177.9600067138672,2026-01-12,187.009994506836,Win,5.09,0.6448305479802247,0.2307905887070817,1.0682394867254208
ASHOKLEY,2025-12-24,175.30999755859375,2026-01-13,185.6999969482422,Win,5.93,0.554551698859065,0.20215316023716362,1.0451927313831944
ASHOKLEY,2025-12-26,174.67999267578125,2026-01-14,186.88999938964844,Win,6.99,0.5077948621275009,0.1727425059060581,1.0355524557512399
ASHOKLEY,2026-01-05,187.759994506836,2026-01-22,190.27999877929688,Win,1.34,0.6032397916226776,0.1719617167370369,1.0628023149083958
ASHOKLEY,2026-01-06,186.1499938964844,2026-01-23,192.97999572753903,Win,3.67,0.5423539740708864,0.15721741383920768,1.0459429243788254
ASHOKLEY,2026-01-07,186.1199951171875,2026-01-27,193.0,Win,3.7,0.5953852704776592,0.16850826559259915,1.0387927129624175
ASHOKLEY,2026-01-08,184.5200042724609,2026-01-28,195.3300018310547,Win,5.86,0.5377314231458339,0.15628526228374082,1.024519043830318
ASHOKLEY,2026-01-09,187.759994506836,2026-01-29,194.0599975585937,Win,3.36,0.6191464862245417,0.18827922937946176,1.0360595013491212
ASHOKLEY,2026-01-12,187.009994506836,2026-01-30,196.69000244140625,Win,5.18,0.5740100337676133,0.16640673842126533,1.0266856755683036
DCBBANK,2026-01-16,187.9199981689453,2026-02-05,190.9199981689453,Win,1.6,0.5085242602125379,0.12500003425554435,1.0417693791939362
DCBBANK,2026-01-19,191.2899932861328,2026-02-06,192.25,Win,0.5,0.5355580856164167,0.13849534830351096,1.0530005460988752
MRPL,2026-02-18,190.0500030517578,2026-03-10,193.6000061035156,Win,1.87,0.5860258023812199,0.32670159198434773,1.0291328263921022
MRPL,2026-02-20,191.25,2026-03-12,191.44000244140625,Win,0.1,0.5626891150557545,0.2569006006643831,1.0210589570110287
MRPL,2026-02-24,196.8600006103516,2026-03-16,206.7700042724609,Win,5.03,0.57711605837168,0.26679542047784577,1.038409451378042
MRPL,2026-02-25,200.1000061035156,2026-03-17,200.3600006103516,Win,0.13,0.5901796186310017,0.27982090369113344,1.0478836474280335
AGIIL,2026-03-19,306.29998779296875,2026-04-10,362.0499877929688,Win,18.2,0.5453404074255779,0.27069066133635594,1.0070523626881274
MONQ50,2026-04-08,111.5199966430664,2026-04-28,126.5,Win,13.43,0.5119011907052406,0.17973128195459714,1.0905456094774815
MONQ50,2026-04-09,111.4499969482422,2026-04-29,125.12999725341795,Win,12.27,0.5003058757542501,0.17204754695981186,1.078376235517842
MONQ50,2026-04-10,115.02999877929688,2026-04-30,123.08000183105467,Win,7.0,0.5809896799366485,0.21892545757569248,1.0987305275315022
MONQ50,2026-04-13,116.12000274658205,2026-05-01,123.08000183105467,Win,5.99,0.5794523677706792,0.21477149487611805,1.0949869723414398
MONQ50,2026-04-15,116.81999969482422,2026-05-04,123.8499984741211,Win,6.02,0.5846109605462373,0.21877935894140776,1.0879620882931254
MONQ50,2026-04-20,123.23999786376952,2026-05-07,130.64999389648438,Win,6.01,0.7669590624877598,0.30537012057368246,1.0975432688283133
MONQ50,2026-04-21,124.80999755859376,2026-05-08,133.9199981689453,Win,7.3,0.7741101516769824,0.31670003537418373,1.0957428621108332
MONQ50,2026-04-22,126.02999877929688,2026-05-11,130.4600067138672,Win,3.52,0.7742847566447586,0.3130860009518063,1.0911430586312252
MONQ50,2026-04-23,125.66000366210938,2026-05-12,131.0500030517578,Win,4.29,0.8092486870063758,0.3246890454731536,1.0745932471826274
MONQ50,2026-04-24,126.68000030517578,2026-05-13,134.66000366210938,Win,6.3,0.8086453479287933,0.31958333651224774,1.0705544036411587
CONCOR,2026-04-27,514.2000122070312,2026-05-14,522.9500122070312,Win,1.7,0.5170045314949195,0.2134513562407817,1.0472316022641095
MONQ50,2026-04-27,126.08000183105467,2026-05-14,132.9600067138672,Win,5.46,0.9411601948809015,0.35847435780241826,1.0547292136089967
MONQ50,2026-04-28,126.5,2026-05-15,134.8300018310547,Win,6.58,0.9341150586729003,0.3039892507409382,1.0485870617744473
BHEL,2026-04-29,344.5,2026-05-18,395.25,Win,14.73,0.5541369802662222,0.31463467295472825,1.0833306754942722
MONQ50,2026-04-29,125.12999725341795,2026-05-18,135.00999450683594,Win,7.9,0.8396008644450258,0.25255250592767275,1.029986248020915
BHEL,2026-04-30,352.4100036621094,2026-05-19,401.1000061035156,Win,13.82,0.6525753677164784,0.3828134009106777,1.091086711167038
MONQ50,2026-04-30,123.08000183105467,2026-05-19,132.5399932861328,Win,7.69,0.7123512839457142,0.2187345720819152,1.0085218098478823
BHEL,2026-05-01,352.4100036621094,2026-05-20,408.3999938964844,Win,15.89,0.7628257695156857,0.43547862998822556,1.0758747765779055
GNFC,2026-05-01,469.2999877929688,2026-05-20,520.4500122070312,Win,10.9,0.5988353745906118,0.280665772028494,1.005412931382337
MONQ50,2026-05-01,123.08000183105467,2026-05-20,131.1999969482422,Win,6.6,0.712165604483988,0.21849321085112694,1.0047567204962675
GNFC,2026-05-04,476.2000122070313,2026-05-21,522.2000122070312,Win,9.66,0.552161143882264,0.21712463183905764,1.0154043240130384
MONQ50,2026-05-04,123.8499984741211,2026-05-21,131.0800018310547,Win,5.84,0.6841363879387404,0.18482732153873058,1.00749137067447
GNFC,2026-05-05,483.2000122070313,2026-05-22,506.6000061035156,Win,4.84,0.5508473699581352,0.21193879461463883,1.0249301911754312
MONQ50,2026-05-05,126.1500015258789,2026-05-22,135.63999938964844,Win,7.52,0.6535926914208808,0.15395171860626622,1.0215706553639492
GNFC,2026-05-06,498.3500061035156,2026-05-25,515.0499877929688,Win,3.35,0.5752157443568369,0.23034198524216423,1.0493142607078036
MONQ50,2026-05-06,128.8000030517578,2026-05-25,137.07000732421875,Win,6.42,0.6704843724150014,0.1640307390473372,1.0369401944106702
RAMRAT,2026-05-06,448.2999877929688,2026-05-25,470.4500122070313,Win,4.94,0.6413643086722585,0.48173857504742323,1.0834104268855873
VSTIND,2026-05-06,256.70001220703125,2026-05-25,257.29998779296875,Win,0.23,0.5348153082315389,0.2030181194719249,1.0028005709248584
GNFC,2026-05-07,501.1499938964844,2026-05-26,517.25,Win,3.21,0.5792365705442344,0.23344821302787394,1.0478558589255302
MONQ50,2026-05-07,130.64999389648438,2026-05-26,138.6300048828125,Win,6.11,0.6834638020406067,0.172905957557854,1.0449784699214495
PACEDIGITK,2026-05-07,185.17999267578125,2026-05-26,201.17999267578125,Win,8.64,0.5082942652183541,0.2986885295723451,1.0545178182438437
RAMRAT,2026-05-07,454.0,2026-05-26,470.6000061035156,Win,3.66,0.6371328633226582,0.4602766449431371,1.0816497426968106
MONQ50,2026-05-08,133.9199981689453,2026-05-27,137.9600067138672,Win,3.02,0.7151983607024593,0.2008608518665302,1.0623910149025644
PACEDIGITK,2026-05-08,189.1499938964844,2026-05-27,203.5800018310547,Win,7.63,0.5028354966358688,0.28254678177458253,1.067276762848867
RAMRAT,2026-05-08,444.75,2026-05-27,464.8500061035156,Win,4.52,0.5423342476039152,0.3632183908045977,1.04841417995047
BHEL,2026-05-11,401.3500061035156,2026-05-28,422.3500061035156,Win,5.23,0.7789074207780401,0.44787153113024025,1.0996744745849925
MONQ50,2026-05-11,130.4600067138672,2026-05-28,137.9600067138672,Win,5.75,0.5476814405783826,0.17056985451918233,1.0298995480821662
BHEL,2026-05-12,391.75,2026-05-29,416.75,Win,6.38,0.6628687250478368,0.37596154598533216,1.0612131284683481
MONQ50,2026-05-12,131.0500030517578,2026-05-29,141.50999450683594,Win,7.98,0.5050447373484693,0.13926805565909667,1.0297721098509012
BHEL,2026-05-13,403.8500061035156,2026-06-01,404.7999877929688,Win,0.24,0.6807415279338273,0.4033777722538288,1.079896712177976
MONQ50,2026-05-13,134.66000366210938,2026-06-01,141.1999969482422,Win,4.86,0.5414725057437754,0.15966242229591274,1.0511393237140816
BHEL,2026-05-15,398.2999877929688,2026-06-03,406.2999877929688,Win,2.01,0.5141472062254617,0.28791300270223563,1.0415236916378152
FEDERALBNK,2026-06-11,309.75,2026-06-30,330.04998779296875,Win,6.55,0.5059626240328737,0.10605253883812857,1.0370304558548074
FEDERALBNK,2026-06-12,315.70001220703125,2026-07-01,331.3999938964844,Win,4.97,0.5500388749835456,0.1264942451633586,1.0498987513549547
FEDERALBNK,2026-06-15,317.1000061035156,2026-07-02,331.0,Win,4.38,0.5524692622613048,0.1272663343906541,1.0476557672496187
FEDERALBNK,2026-06-16,320.6000061035156,2026-07-03,327.3999938964844,Win,2.12,0.5582634775910774,0.12907199267793107,1.0517715517365014
FEDERALBNK,2026-06-17,322.70001220703125,2026-07-06,330.29998779296875,Win,2.36,0.5545315317807029,0.12595954408485546,1.0511586188594346
FEDERALBNK,2026-06-19,323.95001220703125,2026-07-08,326.54998779296875,Win,0.8,0.6547230655143552,0.14167405183094714,1.0422767973320488
FEDERALBNK,2026-06-22,323.3999938964844,2026-07-09,327.75,Win,1.35,0.618802782993006,0.1260444991323955,1.034593324148457
FEDERALBNK,2026-06-23,319.8999938964844,2026-07-10,329.8500061035156,Win,3.11,0.511258916649656,0.10596367812094858,1.0191522845097152
FEDERALBNK,2026-06-24,325.20001220703125,2026-07-13,332.5,Win,2.24,0.5443230703223185,0.12060647321761893,1.0306168950163015
FEDERALBNK,2026-06-25,324.04998779296875,2026-07-14,327.5,Win,1.06,0.5479339641086948,0.12166837881304682,1.0224526308974493
FEDERALBNK,2026-06-26,324.04998779296875,2026-07-15,327.54998779296875,Win,1.08,0.5479339641086948,0.12166837881304682,1.0184594405132386
FEDERALBNK,2026-06-29,324.04998779296875,2026-07-16,326.6000061035156,Win,0.79,0.5475812095618516,0.12147421388855503,1.0149808346752893
FEDERALBNK,2026-06-30,330.04998779296875,2026-07-17,349.0,Win,5.74,0.603460035855385,0.14521156770761748,1.0289910361527983
FEDERALBNK,2026-07-01,331.3999938964844,2026-07-20,350.75,Win,5.84,0.5823837054373139,0.13086506637430328,1.0286283085985155
GANDHAR,2026-07-07,192.6499938964844,2026-07-24,282.4599914550781,Win,46.62,0.5006422632061481,0.22255357061760347,1.0714943350114667
GANDHAR,2026-07-09,193.3500061035156,2026-07-28,237.92999267578125,Win,23.06,0.5216233722273896,0.23878782569981638,1.0569284588377692
M&MFIN,2026-07-09,336.75,2026-07-28,373.5,Win,10.91,0.5458715596330275,0.2146077547339946,1.0525188961675223
POONAWALLA,2026-07-09,463.8500061035156,2026-07-28,465.8500061035156,Win,0.43,0.5068162105423143,0.22001575805035525,1.0401981105084428
