rule_id,parent_rule_id,generation,depth,condition_count,rule_text,matched_count,win_count,loss_count,win_rate_pct,baseline_win_rate_pct,win_rate_lift_pct,match_rate_pct,base_score,broadness_penalty,loss_penalty,average_return_pct,total_return_pct,max_loss_pct,max_gain_pct,strategy_trade_count,strategy_accuracy_pct,strategy_avg_return_per_annum_pct,strategy_avg_return_per_month_pct,strategy_max_loss_pct,dominant_exit_reason,dominant_exit_count,entry_occurrence_count,exit_occurrence_count,base_occurrence_score
JYOTISTRUC_MINED_BASE_G0_C1,,0,1,1,close_ema_3_daily_range_5_pct >= 5.443470843473113,619,169,450,27.30210016155089,20.6143896523848,6.687710509166088,50.04042037186742,350.1037511734509,0,22.5,0.38839954254016557,240.41931683236248,-10.445343498034054,15.64246482726509,427,44.26229508196721,53.01440523320702,4.417867102767252,-11.702620639139457,max_holding_days,214,619,214,833
JYOTISTRUC_MINED_BASE_G0_C2,,0,1,1,close_ema_3_daily_volatility_5_daily >= 1.6353580277228665,619,166,453,26.81744749596123,20.6143896523848,6.203057843576428,50.04042037186742,341.0512645011353,0,22.650000000000002,0.22865842775104733,141.5395667778983,-9.598066541883696,15.64246482726509,418,43.54066985645933,32.28349968220895,2.690291640184079,-11.702620639139457,previous_low_before_entry_stop,213,619,213,832
JYOTISTRUC_MINED_BASE_G0_C3,,0,1,1,close_ema_3_daily_slope_pct >= 1.9352918519347406,248,111,137,44.75806451612903,20.6143896523848,24.14367486374423,20.048504446240905,340.732669228401,0,6.8500000000000005,1.621431636559961,402.11504586687033,-6.408488993877579,13.166307479846493,157,56.68789808917197,67.15748954787637,5.5964574623230305,-11.203320633211575,max_holding_days,138,248,138,386
JYOTISTRUC_MINED_BASE_G0_C4,,0,2,2,close_ema_3_daily_slope_pct >= 1.9352918519347406 AND close_to_close_ema_3_daily_difference_pct >= 1.8888435519628795,248,111,137,44.75806451612903,20.6143896523848,24.14367486374423,20.048504446240905,340.732669228401,0,6.8500000000000005,1.621431636559961,402.11504586687033,-6.408488993877579,13.166307479846493,157,56.68789808917197,67.15748954787637,5.5964574623230305,-11.203320633211575,max_holding_days,138,248,138,386
JYOTISTRUC_MINED_BASE_G0_C5,,0,2,2,close_ema_3_daily_slope_pct >= 1.9352918519347406 AND close_to_close_ema_3_daily_difference_pct >= -0.28338672864249204,248,111,137,44.75806451612903,20.6143896523848,24.14367486374423,20.048504446240905,340.732669228401,0,6.8500000000000005,1.621431636559961,402.11504586687033,-6.408488993877579,13.166307479846493,157,56.68789808917197,67.15748954787637,5.5964574623230305,-11.203320633211575,max_holding_days,138,248,138,386
JYOTISTRUC_MINED_BASE_G0_C6,,0,2,2,close_ema_3_daily_slope_pct >= 1.9352918519347406 AND close_to_close_ema_3_daily_difference_pct >= 1.003098168620758,248,111,137,44.75806451612903,20.6143896523848,24.14367486374423,20.048504446240905,340.732669228401,0,6.8500000000000005,1.621431636559961,402.11504586687033,-6.408488993877579,13.166307479846493,157,56.68789808917197,67.15748954787637,5.5964574623230305,-11.203320633211575,max_holding_days,138,248,138,386
JYOTISTRUC_MINED_BASE_G0_C7,,0,2,2,close_ema_3_daily_slope_pct >= 1.9352918519347406 AND close_to_close_ema_3_daily_difference_pct >= 0.2529055823789776,248,111,137,44.75806451612903,20.6143896523848,24.14367486374423,20.048504446240905,340.732669228401,0,6.8500000000000005,1.621431636559961,402.11504586687033,-6.408488993877579,13.166307479846493,157,56.68789808917197,67.15748954787637,5.5964574623230305,-11.203320633211575,max_holding_days,138,248,138,386
JYOTISTRUC_MINED_BASE_G0_C8,,0,1,1,close_to_close_ema_3_daily_difference_pct >= 1.8888435519628795,249,111,138,44.57831325301205,20.6143896523848,23.963923600627247,20.129345189975748,339.7247670699284,0,6.9,1.6017163555973837,398.82737254374854,-6.408488993877579,13.166307479846493,157,56.68789808917197,67.15748954787637,5.5964574623230305,-11.203320633211575,max_holding_days,138,249,138,387
JYOTISTRUC_MINED_BASE_G0_C9,,0,2,2,close_to_close_ema_3_daily_difference_pct >= 1.8888435519628795 AND close_ema_3_daily_slope_pct >= -0.28800660038466785,249,111,138,44.57831325301205,20.6143896523848,23.963923600627247,20.129345189975748,339.7247670699284,0,6.9,1.6017163555973837,398.82737254374854,-6.408488993877579,13.166307479846493,157,56.68789808917197,67.15748954787637,5.5964574623230305,-11.203320633211575,max_holding_days,138,249,138,387
JYOTISTRUC_MINED_BASE_G0_C10,,0,2,2,close_to_close_ema_3_daily_difference_pct >= 1.8888435519628795 AND close_ema_3_daily_slope_pct >= 1.0132621830219937,249,111,138,44.57831325301205,20.6143896523848,23.963923600627247,20.129345189975748,339.7247670699284,0,6.9,1.6017163555973837,398.82737254374854,-6.408488993877579,13.166307479846493,157,56.68789808917197,67.15748954787637,5.5964574623230305,-11.203320633211575,max_holding_days,138,249,138,387
JYOTISTRUC_MINED_BASE_G0_C11,,0,2,2,close_to_close_ema_3_daily_difference_pct >= 1.8888435519628795 AND close_ema_3_daily_slope_pct >= 0.2627015027787666,249,111,138,44.57831325301205,20.6143896523848,23.963923600627247,20.129345189975748,339.7247670699284,0,6.9,1.6017163555973837,398.82737254374854,-6.408488993877579,13.166307479846493,157,56.68789808917197,67.15748954787637,5.5964574623230305,-11.203320633211575,max_holding_days,138,249,138,387
JYOTISTRUC_MINED_BASE_G0_C12,,0,1,1,close_ema_3_daily_slope_pct >= -0.28800660038466785,619,164,455,26.494345718901453,20.6143896523848,5.879956066516652,50.04042037186742,336.708717313667,0,22.75,0.6863123270279164,424.8273304302803,-10.073380096813704,13.960394001558718,371,47.16981132075472,71.29555962515354,5.941296635429461,-11.203320633211575,max_holding_days,281,619,281,900
JYOTISTRUC_MINED_BASE_G0_C13,,0,1,1,close_to_close_ema_3_daily_difference_pct >= -0.28338672864249204,619,164,455,26.494345718901453,20.6143896523848,5.879956066516652,50.04042037186742,336.7078757857142,0,22.75,0.6860318177103181,424.65369516268686,-10.073380096813704,13.960394001558718,371,47.16981132075472,71.58792520822705,5.965660434018921,-11.203320633211575,max_holding_days,282,619,282,901
JYOTISTRUC_MINED_BASE_G0_C14,,0,2,2,close_ema_3_daily_range_5_pct >= 5.443470843473113 AND close_ema_3_daily_slope_pct >= 1.9352918519347406,189,94,95,49.735449735449734,20.6143896523848,29.121060083064933,15.278900565885206,334.74333298205386,0,4.75,1.9626775222430557,370.94605170393754,-6.408488993877579,13.166307479846493,112,62.5,72.33298489538674,6.027748741282228,-11.203320633211575,max_holding_days,104,189,104,293
JYOTISTRUC_MINED_BASE_G0_C15,,0,2,2,close_ema_3_daily_range_5_pct >= 5.443470843473113 AND close_to_close_ema_3_daily_difference_pct >= 1.8888435519628795,189,94,95,49.735449735449734,20.6143896523848,29.121060083064933,15.278900565885206,334.74333298205386,0,4.75,1.9626775222430557,370.94605170393754,-6.408488993877579,13.166307479846493,112,62.5,72.33298489538674,6.027748741282228,-11.203320633211575,max_holding_days,104,189,104,293
JYOTISTRUC_MINED_BASE_G0_C16,,0,3,3,close_ema_3_daily_range_5_pct >= 5.443470843473113 AND close_ema_3_daily_slope_pct >= 1.9352918519347406 AND close_to_close_ema_3_daily_difference_pct >= 1.8888435519628795,189,94,95,49.735449735449734,20.6143896523848,29.121060083064933,15.278900565885206,334.74333298205386,0,4.75,1.9626775222430557,370.94605170393754,-6.408488993877579,13.166307479846493,112,62.5,72.33298489538674,6.027748741282228,-11.203320633211575,max_holding_days,104,189,104,293
JYOTISTRUC_MINED_BASE_G0_C17,,0,3,3,close_ema_3_daily_range_5_pct >= 5.443470843473113 AND close_ema_3_daily_slope_pct >= 1.9352918519347406 AND close_to_close_ema_3_daily_difference_pct >= -0.28338672864249204,189,94,95,49.735449735449734,20.6143896523848,29.121060083064933,15.278900565885206,334.74333298205386,0,4.75,1.9626775222430557,370.94605170393754,-6.408488993877579,13.166307479846493,112,62.5,72.33298489538674,6.027748741282228,-11.203320633211575,max_holding_days,104,189,104,293
JYOTISTRUC_MINED_BASE_G0_C18,,0,3,3,close_ema_3_daily_range_5_pct >= 5.443470843473113 AND close_ema_3_daily_slope_pct >= 1.9352918519347406 AND close_to_close_ema_3_daily_difference_pct >= 1.003098168620758,189,94,95,49.735449735449734,20.6143896523848,29.121060083064933,15.278900565885206,334.74333298205386,0,4.75,1.9626775222430557,370.94605170393754,-6.408488993877579,13.166307479846493,112,62.5,72.33298489538674,6.027748741282228,-11.203320633211575,max_holding_days,104,189,104,293
JYOTISTRUC_MINED_BASE_G0_C19,,0,3,3,close_ema_3_daily_range_5_pct >= 5.443470843473113 AND close_ema_3_daily_slope_pct >= 1.9352918519347406 AND close_to_close_ema_3_daily_difference_pct >= 0.2529055823789776,189,94,95,49.735449735449734,20.6143896523848,29.121060083064933,15.278900565885206,334.74333298205386,0,4.75,1.9626775222430557,370.94605170393754,-6.408488993877579,13.166307479846493,112,62.5,72.33298489538674,6.027748741282228,-11.203320633211575,max_holding_days,104,189,104,293
JYOTISTRUC_MINED_BASE_G0_C20,,0,3,3,close_ema_3_daily_range_5_pct >= 5.443470843473113 AND close_to_close_ema_3_daily_difference_pct >= 1.8888435519628795 AND close_ema_3_daily_slope_pct >= -0.28800660038466785,189,94,95,49.735449735449734,20.6143896523848,29.121060083064933,15.278900565885206,334.74333298205386,0,4.75,1.9626775222430557,370.94605170393754,-6.408488993877579,13.166307479846493,112,62.5,72.33298489538674,6.027748741282228,-11.203320633211575,max_holding_days,104,189,104,293
JYOTISTRUC_MINED_BASE_G0_C21,,0,3,3,close_ema_3_daily_range_5_pct >= 5.443470843473113 AND close_to_close_ema_3_daily_difference_pct >= 1.8888435519628795 AND close_ema_3_daily_slope_pct >= 1.0132621830219937,189,94,95,49.735449735449734,20.6143896523848,29.121060083064933,15.278900565885206,334.74333298205386,0,4.75,1.9626775222430557,370.94605170393754,-6.408488993877579,13.166307479846493,112,62.5,72.33298489538674,6.027748741282228,-11.203320633211575,max_holding_days,104,189,104,293
JYOTISTRUC_MINED_BASE_G0_C22,,0,3,3,close_ema_3_daily_range_5_pct >= 5.443470843473113 AND close_to_close_ema_3_daily_difference_pct >= 1.8888435519628795 AND close_ema_3_daily_slope_pct >= 0.2627015027787666,189,94,95,49.735449735449734,20.6143896523848,29.121060083064933,15.278900565885206,334.74333298205386,0,4.75,1.9626775222430557,370.94605170393754,-6.408488993877579,13.166307479846493,112,62.5,72.33298489538674,6.027748741282228,-11.203320633211575,max_holding_days,104,189,104,293
JYOTISTRUC_MINED_BASE_G0_C23,,0,2,2,close_ema_3_daily_slope_pct >= -0.28800660038466785 AND close_to_close_ema_3_daily_difference_pct >= -0.28338672864249204,618,163,455,26.375404530744333,20.6143896523848,5.761014878359532,49.95957962813258,334.09443474488324,0,22.75,0.6797867843618547,420.1082327356262,-10.073380096813704,13.960394001558718,371,46.900269541778975,70.15376715523465,5.846147262936221,-11.203320633211575,max_holding_days,281,618,281,899
JYOTISTRUC_MINED_BASE_G0_C24,,0,2,2,close_ema_3_daily_range_5_pct >= 5.443470843473113 AND close_to_close_ema_3_daily_difference_pct >= 3.454021016255545,121,70,51,57.85123966942148,20.6143896523848,37.23685001703668,9.781729991915926,331.27729542649513,0,2.5500000000000003,2.5476817804372502,308.26949543290726,-6.408488993877579,9.979423397254806,76,71.05263157894737,57.246853874090114,4.770571156174176,-9.636306184674364,max_holding_days,73,121,73,194
JYOTISTRUC_MINED_BASE_G0_C25,,0,2,2,close_ema_3_daily_range_5_pct >= 5.443470843473113 AND close_ema_3_daily_slope_pct >= 3.5775917885063673,121,70,51,57.85123966942148,20.6143896523848,37.23685001703668,9.781729991915926,331.27729542649513,0,2.5500000000000003,2.5476817804372502,308.26949543290726,-6.408488993877579,9.979423397254806,76,71.05263157894737,57.246853874090114,4.770571156174176,-9.636306184674364,max_holding_days,73,121,73,194
JYOTISTRUC_MINED_BASE_G0_C26,,0,3,3,close_ema_3_daily_range_5_pct >= 5.443470843473113 AND close_ema_3_daily_slope_pct >= 1.9352918519347406 AND close_to_close_ema_3_daily_difference_pct >= 3.454021016255545,121,70,51,57.85123966942148,20.6143896523848,37.23685001703668,9.781729991915926,331.27729542649513,0,2.5500000000000003,2.5476817804372502,308.26949543290726,-6.408488993877579,9.979423397254806,76,71.05263157894737,57.246853874090114,4.770571156174176,-9.636306184674364,max_holding_days,73,121,73,194
JYOTISTRUC_MINED_BASE_G0_C27,,0,3,3,close_ema_3_daily_range_5_pct >= 5.443470843473113 AND close_to_close_ema_3_daily_difference_pct >= 1.8888435519628795 AND close_ema_3_daily_slope_pct >= 3.5775917885063673,121,70,51,57.85123966942148,20.6143896523848,37.23685001703668,9.781729991915926,331.27729542649513,0,2.5500000000000003,2.5476817804372502,308.26949543290726,-6.408488993877579,9.979423397254806,76,71.05263157894737,57.246853874090114,4.770571156174176,-9.636306184674364,max_holding_days,73,121,73,194
JYOTISTRUC_MINED_BASE_G0_C28,,0,3,3,close_ema_3_daily_range_5_pct >= 5.443470843473113 AND close_ema_3_daily_slope_pct >= -0.28800660038466785 AND close_to_close_ema_3_daily_difference_pct >= 3.454021016255545,121,70,51,57.85123966942148,20.6143896523848,37.23685001703668,9.781729991915926,331.27729542649513,0,2.5500000000000003,2.5476817804372502,308.26949543290726,-6.408488993877579,9.979423397254806,76,71.05263157894737,57.246853874090114,4.770571156174176,-9.636306184674364,max_holding_days,73,121,73,194
JYOTISTRUC_MINED_BASE_G0_C29,,0,3,3,close_ema_3_daily_range_5_pct >= 5.443470843473113 AND close_to_close_ema_3_daily_difference_pct >= -0.28338672864249204 AND close_ema_3_daily_slope_pct >= 3.5775917885063673,121,70,51,57.85123966942148,20.6143896523848,37.23685001703668,9.781729991915926,331.27729542649513,0,2.5500000000000003,2.5476817804372502,308.26949543290726,-6.408488993877579,9.979423397254806,76,71.05263157894737,57.246853874090114,4.770571156174176,-9.636306184674364,max_holding_days,73,121,73,194
JYOTISTRUC_MINED_BASE_G0_C30,,0,3,3,close_ema_3_daily_range_5_pct >= 5.443470843473113 AND close_to_close_ema_3_daily_difference_pct >= 3.454021016255545 AND close_ema_3_daily_slope_pct >= 3.5775917885063673,121,70,51,57.85123966942148,20.6143896523848,37.23685001703668,9.781729991915926,331.27729542649513,0,2.5500000000000003,2.5476817804372502,308.26949543290726,-6.408488993877579,9.979423397254806,76,71.05263157894737,57.246853874090114,4.770571156174176,-9.636306184674364,max_holding_days,73,121,73,194
JYOTISTRUC_MINED_BASE_G0_C31,,0,3,3,close_ema_3_daily_range_5_pct >= 5.443470843473113 AND close_to_close_ema_3_daily_difference_pct >= 3.454021016255545 AND close_ema_3_daily_slope_pct >= 1.0132621830219937,121,70,51,57.85123966942148,20.6143896523848,37.23685001703668,9.781729991915926,331.27729542649513,0,2.5500000000000003,2.5476817804372502,308.26949543290726,-6.408488993877579,9.979423397254806,,,,,,,,,,
JYOTISTRUC_MINED_BASE_G0_C32,,0,3,3,close_ema_3_daily_range_5_pct >= 5.443470843473113 AND close_to_close_ema_3_daily_difference_pct >= 3.454021016255545 AND close_ema_3_daily_slope_pct >= 0.2627015027787666,121,70,51,57.85123966942148,20.6143896523848,37.23685001703668,9.781729991915926,331.27729542649513,0,2.5500000000000003,2.5476817804372502,308.26949543290726,-6.408488993877579,9.979423397254806,,,,,,,,,,
JYOTISTRUC_MINED_BASE_G0_C33,,0,3,3,close_ema_3_daily_range_5_pct >= 5.443470843473113 AND close_to_close_ema_3_daily_difference_pct >= 3.454021016255545 AND close_to_close_ema_8_daily_difference_pct >= 0.5493544276590487,121,70,51,57.85123966942148,20.6143896523848,37.23685001703668,9.781729991915926,331.27729542649513,0,2.5500000000000003,2.5476817804372502,308.26949543290726,-6.408488993877579,9.979423397254806,,,,,,,,,,
JYOTISTRUC_MINED_BASE_G0_C34,,0,3,3,close_ema_3_daily_range_5_pct >= 5.443470843473113 AND close_to_close_ema_3_daily_difference_pct >= 3.454021016255545 AND close_ema_8_daily_slope_pct >= 0.15733448182659485,121,70,51,57.85123966942148,20.6143896523848,37.23685001703668,9.781729991915926,331.27729542649513,0,2.5500000000000003,2.5476817804372502,308.26949543290726,-6.408488993877579,9.979423397254806,,,,,,,,,,
JYOTISTRUC_MINED_BASE_G0_C35,,0,3,3,close_ema_3_daily_range_5_pct >= 5.443470843473113 AND close_to_close_ema_3_daily_difference_pct >= 3.454021016255545 AND close_to_close_ema_8_daily_difference_pct >= 2.199870988161985,121,70,51,57.85123966942148,20.6143896523848,37.23685001703668,9.781729991915926,331.27729542649513,0,2.5500000000000003,2.5476817804372502,308.26949543290726,-6.408488993877579,9.979423397254806,,,,,,,,,,
JYOTISTRUC_MINED_BASE_G0_C36,,0,3,3,close_ema_3_daily_range_5_pct >= 5.443470843473113 AND close_to_close_ema_3_daily_difference_pct >= 3.454021016255545 AND close_ema_8_daily_slope_pct >= 0.6325101127513095,121,70,51,57.85123966942148,20.6143896523848,37.23685001703668,9.781729991915926,331.27729542649513,0,2.5500000000000003,2.5476817804372502,308.26949543290726,-6.408488993877579,9.979423397254806,,,,,,,,,,
JYOTISTRUC_MINED_BASE_G0_C37,,0,3,3,close_ema_3_daily_range_5_pct >= 5.443470843473113 AND close_ema_3_daily_slope_pct >= 3.5775917885063673 AND close_to_close_ema_3_daily_difference_pct >= 1.003098168620758,121,70,51,57.85123966942148,20.6143896523848,37.23685001703668,9.781729991915926,331.27729542649513,0,2.5500000000000003,2.5476817804372502,308.26949543290726,-6.408488993877579,9.979423397254806,,,,,,,,,,
JYOTISTRUC_MINED_BASE_G0_C38,,0,3,3,close_ema_3_daily_range_5_pct >= 5.443470843473113 AND close_ema_3_daily_slope_pct >= 3.5775917885063673 AND close_to_close_ema_3_daily_difference_pct >= 0.2529055823789776,121,70,51,57.85123966942148,20.6143896523848,37.23685001703668,9.781729991915926,331.27729542649513,0,2.5500000000000003,2.5476817804372502,308.26949543290726,-6.408488993877579,9.979423397254806,,,,,,,,,,
JYOTISTRUC_MINED_BASE_G0_C39,,0,3,3,close_ema_3_daily_range_5_pct >= 5.443470843473113 AND close_ema_3_daily_slope_pct >= 3.5775917885063673 AND close_to_close_ema_8_daily_difference_pct >= 0.5493544276590487,121,70,51,57.85123966942148,20.6143896523848,37.23685001703668,9.781729991915926,331.27729542649513,0,2.5500000000000003,2.5476817804372502,308.26949543290726,-6.408488993877579,9.979423397254806,,,,,,,,,,
JYOTISTRUC_MINED_BASE_G0_C40,,0,3,3,close_ema_3_daily_range_5_pct >= 5.443470843473113 AND close_ema_3_daily_slope_pct >= 3.5775917885063673 AND close_ema_8_daily_slope_pct >= 0.15733448182659485,121,70,51,57.85123966942148,20.6143896523848,37.23685001703668,9.781729991915926,331.27729542649513,0,2.5500000000000003,2.5476817804372502,308.26949543290726,-6.408488993877579,9.979423397254806,,,,,,,,,,
JYOTISTRUC_MINED_BASE_G0_C41,,0,3,3,close_ema_3_daily_range_5_pct >= 5.443470843473113 AND close_ema_3_daily_slope_pct >= 3.5775917885063673 AND close_to_close_ema_8_daily_difference_pct >= 2.199870988161985,121,70,51,57.85123966942148,20.6143896523848,37.23685001703668,9.781729991915926,331.27729542649513,0,2.5500000000000003,2.5476817804372502,308.26949543290726,-6.408488993877579,9.979423397254806,,,,,,,,,,
JYOTISTRUC_MINED_BASE_G0_C42,,0,3,3,close_ema_3_daily_range_5_pct >= 5.443470843473113 AND close_ema_3_daily_slope_pct >= 3.5775917885063673 AND close_ema_8_daily_slope_pct >= 0.6325101127513095,121,70,51,57.85123966942148,20.6143896523848,37.23685001703668,9.781729991915926,331.27729542649513,0,2.5500000000000003,2.5476817804372502,308.26949543290726,-6.408488993877579,9.979423397254806,,,,,,,,,,
JYOTISTRUC_MINED_BASE_G0_C43,,0,3,3,close_ema_3_daily_range_5_pct >= 5.443470843473113 AND close_to_close_ema_3_daily_difference_pct >= 3.454021016255545 AND close_ema_13_daily_slope_pct >= 0.145719601926301,115,67,48,58.26086956521739,20.6143896523848,37.64647991283259,9.296685529506872,327.46985375801364,0,2.4000000000000004,2.545818064616886,292.76907743094193,-6.408488993877579,9.979423397254806,,,,,,,,,,
JYOTISTRUC_MINED_BASE_G0_C44,,0,3,3,close_ema_3_daily_range_5_pct >= 5.443470843473113 AND close_to_close_ema_3_daily_difference_pct >= 3.454021016255545 AND close_to_close_ema_13_daily_difference_pct >= 0.8582022248527891,115,67,48,58.26086956521739,20.6143896523848,37.64647991283259,9.296685529506872,327.46985375801364,0,2.4000000000000004,2.545818064616886,292.76907743094193,-6.408488993877579,9.979423397254806,,,,,,,,,,
JYOTISTRUC_MINED_BASE_G0_C45,,0,3,3,close_ema_3_daily_range_5_pct >= 5.443470843473113 AND close_ema_3_daily_slope_pct >= 3.5775917885063673 AND close_ema_13_daily_slope_pct >= 0.145719601926301,115,67,48,58.26086956521739,20.6143896523848,37.64647991283259,9.296685529506872,327.46985375801364,0,2.4000000000000004,2.545818064616886,292.76907743094193,-6.408488993877579,9.979423397254806,,,,,,,,,,
JYOTISTRUC_MINED_BASE_G0_C46,,0,3,3,close_ema_3_daily_range_5_pct >= 5.443470843473113 AND close_ema_3_daily_slope_pct >= 3.5775917885063673 AND close_to_close_ema_13_daily_difference_pct >= 0.8582022248527891,115,67,48,58.26086956521739,20.6143896523848,37.64647991283259,9.296685529506872,327.46985375801364,0,2.4000000000000004,2.545818064616886,292.76907743094193,-6.408488993877579,9.979423397254806,,,,,,,,,,
JYOTISTRUC_MINED_BASE_G0_C47,,0,2,2,close_ema_3_daily_range_5_pct >= 5.443470843473113 AND close_ema_3_daily_volatility_5_daily >= 1.6353580277228665,519,150,369,28.901734104046245,20.6143896523848,8.287344451661443,41.956345998383185,323.9014231090858,0,18.45,0.30490028359285887,158.24324718469376,-9.598066541883696,15.64246482726509,,,,,,,,,,
JYOTISTRUC_MINED_BASE_G0_C48,,0,3,3,close_ema_3_daily_range_5_pct >= 5.443470843473113 AND close_ema_3_daily_volatility_5_daily >= 1.6353580277228665 AND close_to_close_ema_3_daily_difference_pct >= 3.454021016255545,119,68,51,57.14285714285714,20.6143896523848,36.52846749047234,9.62004850444624,323.6289586069266,0,2.5500000000000003,2.5122070515216315,298.95263913107414,-6.408488993877579,9.979423397254806,,,,,,,,,,
JYOTISTRUC_MINED_BASE_G0_C49,,0,3,3,close_ema_3_daily_range_5_pct >= 5.443470843473113 AND close_ema_3_daily_volatility_5_daily >= 1.6353580277228665 AND close_ema_3_daily_slope_pct >= 3.5775917885063673,119,68,51,57.14285714285714,20.6143896523848,36.52846749047234,9.62004850444624,323.6289586069266,0,2.5500000000000003,2.5122070515216315,298.95263913107414,-6.408488993877579,9.979423397254806,,,,,,,,,,
JYOTISTRUC_MINED_BASE_G0_C50,,0,1,1,close_ema_3_daily_volatility_5_daily >= 1.836598276929643,495,147,348,29.6969696969697,20.6143896523848,9.082580044584898,40.016168148746964,322.99746860334085,0,17.400000000000002,0.3281894601387902,162.45378276870113,-9.598066541883696,15.64246482726509,,,,,,,,,,
JYOTISTRUC_MINED_BASE_G0_C51,,0,3,3,close_ema_3_daily_range_5_pct >= 5.443470843473113 AND close_ema_3_daily_volatility_5_daily >= 1.6353580277228665 AND close_ema_3_daily_slope_pct >= 1.9352918519347406,181,89,92,49.171270718232044,20.6143896523848,28.556881065847243,14.632174616006468,321.8762102200209,0,4.6000000000000005,1.8972682969282257,343.4055617440089,-6.408488993877579,13.166307479846493,,,,,,,,,,
JYOTISTRUC_MINED_BASE_G0_C52,,0,3,3,close_ema_3_daily_range_5_pct >= 5.443470843473113 AND close_ema_3_daily_volatility_5_daily >= 1.6353580277228665 AND close_to_close_ema_3_daily_difference_pct >= 1.8888435519628795,181,89,92,49.171270718232044,20.6143896523848,28.556881065847243,14.632174616006468,321.8762102200209,0,4.6000000000000005,1.8972682969282257,343.4055617440089,-6.408488993877579,13.166307479846493,,,,,,,,,,
JYOTISTRUC_MINED_BASE_G0_C53,,0,1,1,close_to_close_ema_3_daily_difference_pct >= 3.454021016255545,125,70,55,56.00000000000001,20.6143896523848,35.385610347615206,10.105092966855295,321.4074349787012,0,2.75,2.4097944135417184,301.2243016927148,-6.408488993877579,9.979423397254806,,,,,,,,,,
JYOTISTRUC_MINED_BASE_G0_C54,,0,1,1,close_ema_3_daily_slope_pct >= 3.5775917885063673,125,70,55,56.00000000000001,20.6143896523848,35.385610347615206,10.105092966855295,321.4074349787012,0,2.75,2.4097944135417184,301.2243016927148,-6.408488993877579,9.979423397254806,,,,,,,,,,
JYOTISTRUC_MINED_BASE_G0_C55,,0,2,2,close_ema_3_daily_slope_pct >= 1.9352918519347406 AND close_to_close_ema_3_daily_difference_pct >= 3.454021016255545,125,70,55,56.00000000000001,20.6143896523848,35.385610347615206,10.105092966855295,321.4074349787012,0,2.75,2.4097944135417184,301.2243016927148,-6.408488993877579,9.979423397254806,,,,,,,,,,
JYOTISTRUC_MINED_BASE_G0_C56,,0,2,2,close_to_close_ema_3_daily_difference_pct >= 1.8888435519628795 AND close_ema_3_daily_slope_pct >= 3.5775917885063673,125,70,55,56.00000000000001,20.6143896523848,35.385610347615206,10.105092966855295,321.4074349787012,0,2.75,2.4097944135417184,301.2243016927148,-6.408488993877579,9.979423397254806,,,,,,,,,,
JYOTISTRUC_MINED_BASE_G0_C57,,0,2,2,close_ema_3_daily_slope_pct >= -0.28800660038466785 AND close_to_close_ema_3_daily_difference_pct >= 3.454021016255545,125,70,55,56.00000000000001,20.6143896523848,35.385610347615206,10.105092966855295,321.4074349787012,0,2.75,2.4097944135417184,301.2243016927148,-6.408488993877579,9.979423397254806,,,,,,,,,,
JYOTISTRUC_MINED_BASE_G0_C58,,0,2,2,close_to_close_ema_3_daily_difference_pct >= -0.28338672864249204 AND close_ema_3_daily_slope_pct >= 3.5775917885063673,125,70,55,56.00000000000001,20.6143896523848,35.385610347615206,10.105092966855295,321.4074349787012,0,2.75,2.4097944135417184,301.2243016927148,-6.408488993877579,9.979423397254806,,,,,,,,,,
JYOTISTRUC_MINED_BASE_G0_C59,,0,2,2,close_to_close_ema_3_daily_difference_pct >= 3.454021016255545 AND close_ema_3_daily_slope_pct >= 3.5775917885063673,125,70,55,56.00000000000001,20.6143896523848,35.385610347615206,10.105092966855295,321.4074349787012,0,2.75,2.4097944135417184,301.2243016927148,-6.408488993877579,9.979423397254806,,,,,,,,,,
JYOTISTRUC_MINED_BASE_G0_C60,,0,2,2,close_to_close_ema_3_daily_difference_pct >= 3.454021016255545 AND close_ema_3_daily_slope_pct >= 1.0132621830219937,125,70,55,56.00000000000001,20.6143896523848,35.385610347615206,10.105092966855295,321.4074349787012,0,2.75,2.4097944135417184,301.2243016927148,-6.408488993877579,9.979423397254806,,,,,,,,,,
JYOTISTRUC_MINED_BASE_G0_C61,,0,2,2,close_to_close_ema_3_daily_difference_pct >= 3.454021016255545 AND close_ema_3_daily_slope_pct >= 0.2627015027787666,125,70,55,56.00000000000001,20.6143896523848,35.385610347615206,10.105092966855295,321.4074349787012,0,2.75,2.4097944135417184,301.2243016927148,-6.408488993877579,9.979423397254806,,,,,,,,,,
JYOTISTRUC_MINED_BASE_G0_C62,,0,2,2,close_to_close_ema_3_daily_difference_pct >= 3.454021016255545 AND close_to_close_ema_8_daily_difference_pct >= 0.5493544276590487,125,70,55,56.00000000000001,20.6143896523848,35.385610347615206,10.105092966855295,321.4074349787012,0,2.75,2.4097944135417184,301.2243016927148,-6.408488993877579,9.979423397254806,,,,,,,,,,
JYOTISTRUC_MINED_BASE_G0_C63,,0,2,2,close_to_close_ema_3_daily_difference_pct >= 3.454021016255545 AND close_ema_8_daily_slope_pct >= 0.15733448182659485,125,70,55,56.00000000000001,20.6143896523848,35.385610347615206,10.105092966855295,321.4074349787012,0,2.75,2.4097944135417184,301.2243016927148,-6.408488993877579,9.979423397254806,,,,,,,,,,
JYOTISTRUC_MINED_BASE_G0_C64,,0,2,2,close_to_close_ema_3_daily_difference_pct >= 3.454021016255545 AND close_to_close_ema_8_daily_difference_pct >= 2.199870988161985,125,70,55,56.00000000000001,20.6143896523848,35.385610347615206,10.105092966855295,321.4074349787012,0,2.75,2.4097944135417184,301.2243016927148,-6.408488993877579,9.979423397254806,,,,,,,,,,
JYOTISTRUC_MINED_BASE_G0_C65,,0,2,2,close_to_close_ema_3_daily_difference_pct >= 3.454021016255545 AND close_ema_8_daily_slope_pct >= 0.6325101127513095,125,70,55,56.00000000000001,20.6143896523848,35.385610347615206,10.105092966855295,321.4074349787012,0,2.75,2.4097944135417184,301.2243016927148,-6.408488993877579,9.979423397254806,,,,,,,,,,
JYOTISTRUC_MINED_BASE_G0_C66,,0,2,2,close_ema_3_daily_slope_pct >= 3.5775917885063673 AND close_to_close_ema_3_daily_difference_pct >= 1.003098168620758,125,70,55,56.00000000000001,20.6143896523848,35.385610347615206,10.105092966855295,321.4074349787012,0,2.75,2.4097944135417184,301.2243016927148,-6.408488993877579,9.979423397254806,,,,,,,,,,
JYOTISTRUC_MINED_BASE_G0_C67,,0,2,2,close_ema_3_daily_slope_pct >= 3.5775917885063673 AND close_to_close_ema_3_daily_difference_pct >= 0.2529055823789776,125,70,55,56.00000000000001,20.6143896523848,35.385610347615206,10.105092966855295,321.4074349787012,0,2.75,2.4097944135417184,301.2243016927148,-6.408488993877579,9.979423397254806,,,,,,,,,,
JYOTISTRUC_MINED_BASE_G0_C68,,0,2,2,close_ema_3_daily_slope_pct >= 3.5775917885063673 AND close_to_close_ema_8_daily_difference_pct >= 0.5493544276590487,125,70,55,56.00000000000001,20.6143896523848,35.385610347615206,10.105092966855295,321.4074349787012,0,2.75,2.4097944135417184,301.2243016927148,-6.408488993877579,9.979423397254806,,,,,,,,,,
JYOTISTRUC_MINED_BASE_G0_C69,,0,2,2,close_ema_3_daily_slope_pct >= 3.5775917885063673 AND close_ema_8_daily_slope_pct >= 0.15733448182659485,125,70,55,56.00000000000001,20.6143896523848,35.385610347615206,10.105092966855295,321.4074349787012,0,2.75,2.4097944135417184,301.2243016927148,-6.408488993877579,9.979423397254806,,,,,,,,,,
JYOTISTRUC_MINED_BASE_G0_C70,,0,2,2,close_ema_3_daily_slope_pct >= 3.5775917885063673 AND close_to_close_ema_8_daily_difference_pct >= 2.199870988161985,125,70,55,56.00000000000001,20.6143896523848,35.385610347615206,10.105092966855295,321.4074349787012,0,2.75,2.4097944135417184,301.2243016927148,-6.408488993877579,9.979423397254806,,,,,,,,,,
JYOTISTRUC_MINED_BASE_G0_C71,,0,2,2,close_ema_3_daily_slope_pct >= 3.5775917885063673 AND close_ema_8_daily_slope_pct >= 0.6325101127513095,125,70,55,56.00000000000001,20.6143896523848,35.385610347615206,10.105092966855295,321.4074349787012,0,2.75,2.4097944135417184,301.2243016927148,-6.408488993877579,9.979423397254806,,,,,,,,,,
JYOTISTRUC_MINED_BASE_G0_C72,,0,3,3,close_ema_3_daily_slope_pct >= 1.9352918519347406 AND close_to_close_ema_3_daily_difference_pct >= 3.454021016255545 AND close_to_close_ema_8_daily_difference_pct >= 0.5493544276590487,125,70,55,56.00000000000001,20.6143896523848,35.385610347615206,10.105092966855295,321.4074349787012,0,2.75,2.4097944135417184,301.2243016927148,-6.408488993877579,9.979423397254806,,,,,,,,,,
JYOTISTRUC_MINED_BASE_G0_C73,,0,3,3,close_ema_3_daily_slope_pct >= 1.9352918519347406 AND close_to_close_ema_3_daily_difference_pct >= 3.454021016255545 AND close_ema_8_daily_slope_pct >= 0.15733448182659485,125,70,55,56.00000000000001,20.6143896523848,35.385610347615206,10.105092966855295,321.4074349787012,0,2.75,2.4097944135417184,301.2243016927148,-6.408488993877579,9.979423397254806,,,,,,,,,,
JYOTISTRUC_MINED_BASE_G0_C74,,0,3,3,close_ema_3_daily_slope_pct >= 1.9352918519347406 AND close_to_close_ema_3_daily_difference_pct >= 3.454021016255545 AND close_to_close_ema_8_daily_difference_pct >= 2.199870988161985,125,70,55,56.00000000000001,20.6143896523848,35.385610347615206,10.105092966855295,321.4074349787012,0,2.75,2.4097944135417184,301.2243016927148,-6.408488993877579,9.979423397254806,,,,,,,,,,
JYOTISTRUC_MINED_BASE_G0_C75,,0,3,3,close_ema_3_daily_slope_pct >= 1.9352918519347406 AND close_to_close_ema_3_daily_difference_pct >= 3.454021016255545 AND close_ema_8_daily_slope_pct >= 0.6325101127513095,125,70,55,56.00000000000001,20.6143896523848,35.385610347615206,10.105092966855295,321.4074349787012,0,2.75,2.4097944135417184,301.2243016927148,-6.408488993877579,9.979423397254806,,,,,,,,,,
JYOTISTRUC_MINED_BASE_G0_C76,,0,3,3,close_to_close_ema_3_daily_difference_pct >= 1.8888435519628795 AND close_ema_3_daily_slope_pct >= 3.5775917885063673 AND close_to_close_ema_8_daily_difference_pct >= 0.5493544276590487,125,70,55,56.00000000000001,20.6143896523848,35.385610347615206,10.105092966855295,321.4074349787012,0,2.75,2.4097944135417184,301.2243016927148,-6.408488993877579,9.979423397254806,,,,,,,,,,
JYOTISTRUC_MINED_BASE_G0_C77,,0,3,3,close_to_close_ema_3_daily_difference_pct >= 1.8888435519628795 AND close_ema_3_daily_slope_pct >= 3.5775917885063673 AND close_ema_8_daily_slope_pct >= 0.15733448182659485,125,70,55,56.00000000000001,20.6143896523848,35.385610347615206,10.105092966855295,321.4074349787012,0,2.75,2.4097944135417184,301.2243016927148,-6.408488993877579,9.979423397254806,,,,,,,,,,
JYOTISTRUC_MINED_BASE_G0_C78,,0,3,3,close_to_close_ema_3_daily_difference_pct >= 1.8888435519628795 AND close_ema_3_daily_slope_pct >= 3.5775917885063673 AND close_to_close_ema_8_daily_difference_pct >= 2.199870988161985,125,70,55,56.00000000000001,20.6143896523848,35.385610347615206,10.105092966855295,321.4074349787012,0,2.75,2.4097944135417184,301.2243016927148,-6.408488993877579,9.979423397254806,,,,,,,,,,
JYOTISTRUC_MINED_BASE_G0_C79,,0,3,3,close_to_close_ema_3_daily_difference_pct >= 1.8888435519628795 AND close_ema_3_daily_slope_pct >= 3.5775917885063673 AND close_ema_8_daily_slope_pct >= 0.6325101127513095,125,70,55,56.00000000000001,20.6143896523848,35.385610347615206,10.105092966855295,321.4074349787012,0,2.75,2.4097944135417184,301.2243016927148,-6.408488993877579,9.979423397254806,,,,,,,,,,
JYOTISTRUC_MINED_BASE_G0_C80,,0,3,3,close_ema_3_daily_slope_pct >= -0.28800660038466785 AND close_to_close_ema_3_daily_difference_pct >= 3.454021016255545 AND close_to_close_ema_8_daily_difference_pct >= 0.5493544276590487,125,70,55,56.00000000000001,20.6143896523848,35.385610347615206,10.105092966855295,321.4074349787012,0,2.75,2.4097944135417184,301.2243016927148,-6.408488993877579,9.979423397254806,,,,,,,,,,
JYOTISTRUC_MINED_BASE_G0_C81,,0,3,3,close_ema_3_daily_slope_pct >= -0.28800660038466785 AND close_to_close_ema_3_daily_difference_pct >= 3.454021016255545 AND close_ema_8_daily_slope_pct >= 0.15733448182659485,125,70,55,56.00000000000001,20.6143896523848,35.385610347615206,10.105092966855295,321.4074349787012,0,2.75,2.4097944135417184,301.2243016927148,-6.408488993877579,9.979423397254806,,,,,,,,,,
JYOTISTRUC_MINED_BASE_G0_C82,,0,3,3,close_ema_3_daily_slope_pct >= -0.28800660038466785 AND close_to_close_ema_3_daily_difference_pct >= 3.454021016255545 AND close_to_close_ema_8_daily_difference_pct >= 2.199870988161985,125,70,55,56.00000000000001,20.6143896523848,35.385610347615206,10.105092966855295,321.4074349787012,0,2.75,2.4097944135417184,301.2243016927148,-6.408488993877579,9.979423397254806,,,,,,,,,,
JYOTISTRUC_MINED_BASE_G0_C83,,0,3,3,close_ema_3_daily_slope_pct >= -0.28800660038466785 AND close_to_close_ema_3_daily_difference_pct >= 3.454021016255545 AND close_ema_8_daily_slope_pct >= 0.6325101127513095,125,70,55,56.00000000000001,20.6143896523848,35.385610347615206,10.105092966855295,321.4074349787012,0,2.75,2.4097944135417184,301.2243016927148,-6.408488993877579,9.979423397254806,,,,,,,,,,
JYOTISTRUC_MINED_BASE_G0_C84,,0,3,3,close_to_close_ema_3_daily_difference_pct >= -0.28338672864249204 AND close_ema_3_daily_slope_pct >= 3.5775917885063673 AND close_to_close_ema_8_daily_difference_pct >= 0.5493544276590487,125,70,55,56.00000000000001,20.6143896523848,35.385610347615206,10.105092966855295,321.4074349787012,0,2.75,2.4097944135417184,301.2243016927148,-6.408488993877579,9.979423397254806,,,,,,,,,,
JYOTISTRUC_MINED_BASE_G0_C85,,0,3,3,close_to_close_ema_3_daily_difference_pct >= -0.28338672864249204 AND close_ema_3_daily_slope_pct >= 3.5775917885063673 AND close_ema_8_daily_slope_pct >= 0.15733448182659485,125,70,55,56.00000000000001,20.6143896523848,35.385610347615206,10.105092966855295,321.4074349787012,0,2.75,2.4097944135417184,301.2243016927148,-6.408488993877579,9.979423397254806,,,,,,,,,,
JYOTISTRUC_MINED_BASE_G0_C86,,0,3,3,close_to_close_ema_3_daily_difference_pct >= -0.28338672864249204 AND close_ema_3_daily_slope_pct >= 3.5775917885063673 AND close_to_close_ema_8_daily_difference_pct >= 2.199870988161985,125,70,55,56.00000000000001,20.6143896523848,35.385610347615206,10.105092966855295,321.4074349787012,0,2.75,2.4097944135417184,301.2243016927148,-6.408488993877579,9.979423397254806,,,,,,,,,,
JYOTISTRUC_MINED_BASE_G0_C87,,0,3,3,close_to_close_ema_3_daily_difference_pct >= -0.28338672864249204 AND close_ema_3_daily_slope_pct >= 3.5775917885063673 AND close_ema_8_daily_slope_pct >= 0.6325101127513095,125,70,55,56.00000000000001,20.6143896523848,35.385610347615206,10.105092966855295,321.4074349787012,0,2.75,2.4097944135417184,301.2243016927148,-6.408488993877579,9.979423397254806,,,,,,,,,,
JYOTISTRUC_MINED_BASE_G0_C88,,0,3,3,close_to_close_ema_3_daily_difference_pct >= 3.454021016255545 AND close_ema_3_daily_slope_pct >= 3.5775917885063673 AND close_to_close_ema_8_daily_difference_pct >= 0.5493544276590487,125,70,55,56.00000000000001,20.6143896523848,35.385610347615206,10.105092966855295,321.4074349787012,0,2.75,2.4097944135417184,301.2243016927148,-6.408488993877579,9.979423397254806,,,,,,,,,,
JYOTISTRUC_MINED_BASE_G0_C89,,0,3,3,close_to_close_ema_3_daily_difference_pct >= 3.454021016255545 AND close_ema_3_daily_slope_pct >= 3.5775917885063673 AND close_ema_8_daily_slope_pct >= 0.15733448182659485,125,70,55,56.00000000000001,20.6143896523848,35.385610347615206,10.105092966855295,321.4074349787012,0,2.75,2.4097944135417184,301.2243016927148,-6.408488993877579,9.979423397254806,,,,,,,,,,
JYOTISTRUC_MINED_BASE_G0_C90,,0,3,3,close_to_close_ema_3_daily_difference_pct >= 3.454021016255545 AND close_ema_3_daily_slope_pct >= 3.5775917885063673 AND close_to_close_ema_8_daily_difference_pct >= 2.199870988161985,125,70,55,56.00000000000001,20.6143896523848,35.385610347615206,10.105092966855295,321.4074349787012,0,2.75,2.4097944135417184,301.2243016927148,-6.408488993877579,9.979423397254806,,,,,,,,,,
JYOTISTRUC_MINED_BASE_G0_C91,,0,3,3,close_to_close_ema_3_daily_difference_pct >= 3.454021016255545 AND close_ema_3_daily_slope_pct >= 3.5775917885063673 AND close_ema_8_daily_slope_pct >= 0.6325101127513095,125,70,55,56.00000000000001,20.6143896523848,35.385610347615206,10.105092966855295,321.4074349787012,0,2.75,2.4097944135417184,301.2243016927148,-6.408488993877579,9.979423397254806,,,,,,,,,,
JYOTISTRUC_MINED_BASE_G0_C92,,0,3,3,close_to_close_ema_3_daily_difference_pct >= 3.454021016255545 AND close_ema_3_daily_slope_pct >= 1.0132621830219937 AND close_to_close_ema_8_daily_difference_pct >= 0.5493544276590487,125,70,55,56.00000000000001,20.6143896523848,35.385610347615206,10.105092966855295,321.4074349787012,0,2.75,2.4097944135417184,301.2243016927148,-6.408488993877579,9.979423397254806,,,,,,,,,,
JYOTISTRUC_MINED_BASE_G0_C93,,0,3,3,close_to_close_ema_3_daily_difference_pct >= 3.454021016255545 AND close_ema_3_daily_slope_pct >= 1.0132621830219937 AND close_ema_8_daily_slope_pct >= 0.15733448182659485,125,70,55,56.00000000000001,20.6143896523848,35.385610347615206,10.105092966855295,321.4074349787012,0,2.75,2.4097944135417184,301.2243016927148,-6.408488993877579,9.979423397254806,,,,,,,,,,
JYOTISTRUC_MINED_BASE_G0_C94,,0,3,3,close_to_close_ema_3_daily_difference_pct >= 3.454021016255545 AND close_ema_3_daily_slope_pct >= 1.0132621830219937 AND close_to_close_ema_8_daily_difference_pct >= 2.199870988161985,125,70,55,56.00000000000001,20.6143896523848,35.385610347615206,10.105092966855295,321.4074349787012,0,2.75,2.4097944135417184,301.2243016927148,-6.408488993877579,9.979423397254806,,,,,,,,,,
JYOTISTRUC_MINED_BASE_G0_C95,,0,3,3,close_to_close_ema_3_daily_difference_pct >= 3.454021016255545 AND close_ema_3_daily_slope_pct >= 1.0132621830219937 AND close_ema_8_daily_slope_pct >= 0.6325101127513095,125,70,55,56.00000000000001,20.6143896523848,35.385610347615206,10.105092966855295,321.4074349787012,0,2.75,2.4097944135417184,301.2243016927148,-6.408488993877579,9.979423397254806,,,,,,,,,,
JYOTISTRUC_MINED_BASE_G0_C96,,0,3,3,close_to_close_ema_3_daily_difference_pct >= 3.454021016255545 AND close_ema_3_daily_slope_pct >= 0.2627015027787666 AND close_to_close_ema_8_daily_difference_pct >= 0.5493544276590487,125,70,55,56.00000000000001,20.6143896523848,35.385610347615206,10.105092966855295,321.4074349787012,0,2.75,2.4097944135417184,301.2243016927148,-6.408488993877579,9.979423397254806,,,,,,,,,,
JYOTISTRUC_MINED_BASE_G0_C97,,0,3,3,close_to_close_ema_3_daily_difference_pct >= 3.454021016255545 AND close_ema_3_daily_slope_pct >= 0.2627015027787666 AND close_ema_8_daily_slope_pct >= 0.15733448182659485,125,70,55,56.00000000000001,20.6143896523848,35.385610347615206,10.105092966855295,321.4074349787012,0,2.75,2.4097944135417184,301.2243016927148,-6.408488993877579,9.979423397254806,,,,,,,,,,
JYOTISTRUC_MINED_BASE_G0_C98,,0,3,3,close_to_close_ema_3_daily_difference_pct >= 3.454021016255545 AND close_ema_3_daily_slope_pct >= 0.2627015027787666 AND close_to_close_ema_8_daily_difference_pct >= 2.199870988161985,125,70,55,56.00000000000001,20.6143896523848,35.385610347615206,10.105092966855295,321.4074349787012,0,2.75,2.4097944135417184,301.2243016927148,-6.408488993877579,9.979423397254806,,,,,,,,,,
JYOTISTRUC_MINED_BASE_G0_C99,,0,3,3,close_to_close_ema_3_daily_difference_pct >= 3.454021016255545 AND close_ema_3_daily_slope_pct >= 0.2627015027787666 AND close_ema_8_daily_slope_pct >= 0.6325101127513095,125,70,55,56.00000000000001,20.6143896523848,35.385610347615206,10.105092966855295,321.4074349787012,0,2.75,2.4097944135417184,301.2243016927148,-6.408488993877579,9.979423397254806,,,,,,,,,,
JYOTISTRUC_MINED_BASE_G0_C100,,0,3,3,close_to_close_ema_3_daily_difference_pct >= 3.454021016255545 AND close_to_close_ema_8_daily_difference_pct >= 0.5493544276590487 AND close_ema_8_daily_slope_pct >= 0.15733448182659485,125,70,55,56.00000000000001,20.6143896523848,35.385610347615206,10.105092966855295,321.4074349787012,0,2.75,2.4097944135417184,301.2243016927148,-6.408488993877579,9.979423397254806,,,,,,,,,,
JYOTISTRUC_MINED_BASE_G0_C101,,0,3,3,close_to_close_ema_3_daily_difference_pct >= 3.454021016255545 AND close_to_close_ema_8_daily_difference_pct >= 0.5493544276590487 AND close_ema_8_daily_slope_pct >= 0.6325101127513095,125,70,55,56.00000000000001,20.6143896523848,35.385610347615206,10.105092966855295,321.4074349787012,0,2.75,2.4097944135417184,301.2243016927148,-6.408488993877579,9.979423397254806,,,,,,,,,,
JYOTISTRUC_MINED_BASE_G0_C102,,0,3,3,close_to_close_ema_3_daily_difference_pct >= 3.454021016255545 AND close_ema_8_daily_slope_pct >= 0.15733448182659485 AND close_to_close_ema_8_daily_difference_pct >= 2.199870988161985,125,70,55,56.00000000000001,20.6143896523848,35.385610347615206,10.105092966855295,321.4074349787012,0,2.75,2.4097944135417184,301.2243016927148,-6.408488993877579,9.979423397254806,,,,,,,,,,
JYOTISTRUC_MINED_BASE_G0_C103,,0,3,3,close_to_close_ema_3_daily_difference_pct >= 3.454021016255545 AND close_to_close_ema_8_daily_difference_pct >= 2.199870988161985 AND close_ema_8_daily_slope_pct >= 0.6325101127513095,125,70,55,56.00000000000001,20.6143896523848,35.385610347615206,10.105092966855295,321.4074349787012,0,2.75,2.4097944135417184,301.2243016927148,-6.408488993877579,9.979423397254806,,,,,,,,,,
JYOTISTRUC_MINED_BASE_G0_C104,,0,3,3,close_ema_3_daily_slope_pct >= 3.5775917885063673 AND close_to_close_ema_3_daily_difference_pct >= 1.003098168620758 AND close_to_close_ema_8_daily_difference_pct >= 0.5493544276590487,125,70,55,56.00000000000001,20.6143896523848,35.385610347615206,10.105092966855295,321.4074349787012,0,2.75,2.4097944135417184,301.2243016927148,-6.408488993877579,9.979423397254806,,,,,,,,,,
JYOTISTRUC_MINED_BASE_G0_C105,,0,3,3,close_ema_3_daily_slope_pct >= 3.5775917885063673 AND close_to_close_ema_3_daily_difference_pct >= 1.003098168620758 AND close_ema_8_daily_slope_pct >= 0.15733448182659485,125,70,55,56.00000000000001,20.6143896523848,35.385610347615206,10.105092966855295,321.4074349787012,0,2.75,2.4097944135417184,301.2243016927148,-6.408488993877579,9.979423397254806,,,,,,,,,,
JYOTISTRUC_MINED_BASE_G0_C106,,0,3,3,close_ema_3_daily_slope_pct >= 3.5775917885063673 AND close_to_close_ema_3_daily_difference_pct >= 1.003098168620758 AND close_to_close_ema_8_daily_difference_pct >= 2.199870988161985,125,70,55,56.00000000000001,20.6143896523848,35.385610347615206,10.105092966855295,321.4074349787012,0,2.75,2.4097944135417184,301.2243016927148,-6.408488993877579,9.979423397254806,,,,,,,,,,
JYOTISTRUC_MINED_BASE_G0_C107,,0,3,3,close_ema_3_daily_slope_pct >= 3.5775917885063673 AND close_to_close_ema_3_daily_difference_pct >= 1.003098168620758 AND close_ema_8_daily_slope_pct >= 0.6325101127513095,125,70,55,56.00000000000001,20.6143896523848,35.385610347615206,10.105092966855295,321.4074349787012,0,2.75,2.4097944135417184,301.2243016927148,-6.408488993877579,9.979423397254806,,,,,,,,,,
JYOTISTRUC_MINED_BASE_G0_C108,,0,3,3,close_ema_3_daily_slope_pct >= 3.5775917885063673 AND close_to_close_ema_3_daily_difference_pct >= 0.2529055823789776 AND close_to_close_ema_8_daily_difference_pct >= 0.5493544276590487,125,70,55,56.00000000000001,20.6143896523848,35.385610347615206,10.105092966855295,321.4074349787012,0,2.75,2.4097944135417184,301.2243016927148,-6.408488993877579,9.979423397254806,,,,,,,,,,
JYOTISTRUC_MINED_BASE_G0_C109,,0,3,3,close_ema_3_daily_slope_pct >= 3.5775917885063673 AND close_to_close_ema_3_daily_difference_pct >= 0.2529055823789776 AND close_ema_8_daily_slope_pct >= 0.15733448182659485,125,70,55,56.00000000000001,20.6143896523848,35.385610347615206,10.105092966855295,321.4074349787012,0,2.75,2.4097944135417184,301.2243016927148,-6.408488993877579,9.979423397254806,,,,,,,,,,
JYOTISTRUC_MINED_BASE_G0_C110,,0,3,3,close_ema_3_daily_slope_pct >= 3.5775917885063673 AND close_to_close_ema_3_daily_difference_pct >= 0.2529055823789776 AND close_to_close_ema_8_daily_difference_pct >= 2.199870988161985,125,70,55,56.00000000000001,20.6143896523848,35.385610347615206,10.105092966855295,321.4074349787012,0,2.75,2.4097944135417184,301.2243016927148,-6.408488993877579,9.979423397254806,,,,,,,,,,
JYOTISTRUC_MINED_BASE_G0_C111,,0,3,3,close_ema_3_daily_slope_pct >= 3.5775917885063673 AND close_to_close_ema_3_daily_difference_pct >= 0.2529055823789776 AND close_ema_8_daily_slope_pct >= 0.6325101127513095,125,70,55,56.00000000000001,20.6143896523848,35.385610347615206,10.105092966855295,321.4074349787012,0,2.75,2.4097944135417184,301.2243016927148,-6.408488993877579,9.979423397254806,,,,,,,,,,
JYOTISTRUC_MINED_BASE_G0_C112,,0,3,3,close_ema_3_daily_slope_pct >= 3.5775917885063673 AND close_to_close_ema_8_daily_difference_pct >= 0.5493544276590487 AND close_ema_8_daily_slope_pct >= 0.15733448182659485,125,70,55,56.00000000000001,20.6143896523848,35.385610347615206,10.105092966855295,321.4074349787012,0,2.75,2.4097944135417184,301.2243016927148,-6.408488993877579,9.979423397254806,,,,,,,,,,
JYOTISTRUC_MINED_BASE_G0_C113,,0,3,3,close_ema_3_daily_slope_pct >= 3.5775917885063673 AND close_to_close_ema_8_daily_difference_pct >= 0.5493544276590487 AND close_ema_8_daily_slope_pct >= 0.6325101127513095,125,70,55,56.00000000000001,20.6143896523848,35.385610347615206,10.105092966855295,321.4074349787012,0,2.75,2.4097944135417184,301.2243016927148,-6.408488993877579,9.979423397254806,,,,,,,,,,
JYOTISTRUC_MINED_BASE_G0_C114,,0,3,3,close_ema_3_daily_slope_pct >= 3.5775917885063673 AND close_ema_8_daily_slope_pct >= 0.15733448182659485 AND close_to_close_ema_8_daily_difference_pct >= 2.199870988161985,125,70,55,56.00000000000001,20.6143896523848,35.385610347615206,10.105092966855295,321.4074349787012,0,2.75,2.4097944135417184,301.2243016927148,-6.408488993877579,9.979423397254806,,,,,,,,,,
JYOTISTRUC_MINED_BASE_G0_C115,,0,3,3,close_ema_3_daily_slope_pct >= 3.5775917885063673 AND close_to_close_ema_8_daily_difference_pct >= 2.199870988161985 AND close_ema_8_daily_slope_pct >= 0.6325101127513095,125,70,55,56.00000000000001,20.6143896523848,35.385610347615206,10.105092966855295,321.4074349787012,0,2.75,2.4097944135417184,301.2243016927148,-6.408488993877579,9.979423397254806,,,,,,,,,,
JYOTISTRUC_MINED_BASE_G0_C116,,0,3,3,close_to_close_ema_3_daily_difference_pct >= 3.454021016255545 AND close_ema_3_daily_range_5_pct >= 6.513413502927244 AND close_ema_13_daily_slope_pct >= 0.145719601926301,109,63,46,57.798165137614674,20.6143896523848,37.18377548522987,8.811641067097817,317.1613430276889,0,2.3000000000000003,2.5141552005131667,274.0429168559352,-6.408488993877579,9.979423397254806,,,,,,,,,,
JYOTISTRUC_MINED_BASE_G0_C117,,0,3,3,close_to_close_ema_3_daily_difference_pct >= 3.454021016255545 AND close_ema_3_daily_range_5_pct >= 6.513413502927244 AND close_to_close_ema_13_daily_difference_pct >= 0.8582022248527891,109,63,46,57.798165137614674,20.6143896523848,37.18377548522987,8.811641067097817,317.1613430276889,0,2.3000000000000003,2.5141552005131667,274.0429168559352,-6.408488993877579,9.979423397254806,,,,,,,,,,
JYOTISTRUC_MINED_BASE_G0_C118,,0,3,3,close_ema_3_daily_slope_pct >= 3.5775917885063673 AND close_ema_3_daily_range_5_pct >= 6.513413502927244 AND close_ema_13_daily_slope_pct >= 0.145719601926301,109,63,46,57.798165137614674,20.6143896523848,37.18377548522987,8.811641067097817,317.1613430276889,0,2.3000000000000003,2.5141552005131667,274.0429168559352,-6.408488993877579,9.979423397254806,,,,,,,,,,
JYOTISTRUC_MINED_BASE_G0_C119,,0,3,3,close_ema_3_daily_slope_pct >= 3.5775917885063673 AND close_ema_3_daily_range_5_pct >= 6.513413502927244 AND close_to_close_ema_13_daily_difference_pct >= 0.8582022248527891,109,63,46,57.798165137614674,20.6143896523848,37.18377548522987,8.811641067097817,317.1613430276889,0,2.3000000000000003,2.5141552005131667,274.0429168559352,-6.408488993877579,9.979423397254806,,,,,,,,,,
JYOTISTRUC_MINED_BASE_G0_C120,,0,2,2,close_to_close_ema_3_daily_difference_pct >= 3.454021016255545 AND close_ema_13_daily_slope_pct >= 0.145719601926301,119,67,52,56.30252100840336,20.6143896523848,35.68813135601856,9.62004850444624,317.043779898347,0,2.6,2.401041039418063,285.72388369074946,-6.408488993877579,9.979423397254806,,,,,,,,,,
JYOTISTRUC_MINED_BASE_G0_C121,,0,2,2,close_to_close_ema_3_daily_difference_pct >= 3.454021016255545 AND close_to_close_ema_13_daily_difference_pct >= 0.8582022248527891,119,67,52,56.30252100840336,20.6143896523848,35.68813135601856,9.62004850444624,317.043779898347,0,2.6,2.401041039418063,285.72388369074946,-6.408488993877579,9.979423397254806,,,,,,,,,,
JYOTISTRUC_MINED_BASE_G0_C122,,0,2,2,close_ema_3_daily_slope_pct >= 3.5775917885063673 AND close_ema_13_daily_slope_pct >= 0.145719601926301,119,67,52,56.30252100840336,20.6143896523848,35.68813135601856,9.62004850444624,317.043779898347,0,2.6,2.401041039418063,285.72388369074946,-6.408488993877579,9.979423397254806,,,,,,,,,,
JYOTISTRUC_MINED_BASE_G0_C123,,0,2,2,close_ema_3_daily_slope_pct >= 3.5775917885063673 AND close_to_close_ema_13_daily_difference_pct >= 0.8582022248527891,119,67,52,56.30252100840336,20.6143896523848,35.68813135601856,9.62004850444624,317.043779898347,0,2.6,2.401041039418063,285.72388369074946,-6.408488993877579,9.979423397254806,,,,,,,,,,
JYOTISTRUC_MINED_BASE_G0_C124,,0,3,3,close_ema_3_daily_slope_pct >= 1.9352918519347406 AND close_to_close_ema_3_daily_difference_pct >= 3.454021016255545 AND close_ema_13_daily_slope_pct >= 0.145719601926301,119,67,52,56.30252100840336,20.6143896523848,35.68813135601856,9.62004850444624,317.043779898347,0,2.6,2.401041039418063,285.72388369074946,-6.408488993877579,9.979423397254806,,,,,,,,,,
JYOTISTRUC_MINED_BASE_G0_C125,,0,3,3,close_ema_3_daily_slope_pct >= 1.9352918519347406 AND close_to_close_ema_3_daily_difference_pct >= 3.454021016255545 AND close_to_close_ema_13_daily_difference_pct >= 0.8582022248527891,119,67,52,56.30252100840336,20.6143896523848,35.68813135601856,9.62004850444624,317.043779898347,0,2.6,2.401041039418063,285.72388369074946,-6.408488993877579,9.979423397254806,,,,,,,,,,
JYOTISTRUC_MINED_BASE_G0_C126,,0,3,3,close_to_close_ema_3_daily_difference_pct >= 1.8888435519628795 AND close_ema_3_daily_slope_pct >= 3.5775917885063673 AND close_ema_13_daily_slope_pct >= 0.145719601926301,119,67,52,56.30252100840336,20.6143896523848,35.68813135601856,9.62004850444624,317.043779898347,0,2.6,2.401041039418063,285.72388369074946,-6.408488993877579,9.979423397254806,,,,,,,,,,
JYOTISTRUC_MINED_BASE_G0_C127,,0,3,3,close_to_close_ema_3_daily_difference_pct >= 1.8888435519628795 AND close_ema_3_daily_slope_pct >= 3.5775917885063673 AND close_to_close_ema_13_daily_difference_pct >= 0.8582022248527891,119,67,52,56.30252100840336,20.6143896523848,35.68813135601856,9.62004850444624,317.043779898347,0,2.6,2.401041039418063,285.72388369074946,-6.408488993877579,9.979423397254806,,,,,,,,,,
JYOTISTRUC_MINED_BASE_G0_C128,,0,3,3,close_ema_3_daily_slope_pct >= -0.28800660038466785 AND close_to_close_ema_3_daily_difference_pct >= 3.454021016255545 AND close_ema_13_daily_slope_pct >= 0.145719601926301,119,67,52,56.30252100840336,20.6143896523848,35.68813135601856,9.62004850444624,317.043779898347,0,2.6,2.401041039418063,285.72388369074946,-6.408488993877579,9.979423397254806,,,,,,,,,,
JYOTISTRUC_MINED_BASE_G0_C129,,0,3,3,close_ema_3_daily_slope_pct >= -0.28800660038466785 AND close_to_close_ema_3_daily_difference_pct >= 3.454021016255545 AND close_to_close_ema_13_daily_difference_pct >= 0.8582022248527891,119,67,52,56.30252100840336,20.6143896523848,35.68813135601856,9.62004850444624,317.043779898347,0,2.6,2.401041039418063,285.72388369074946,-6.408488993877579,9.979423397254806,,,,,,,,,,
JYOTISTRUC_MINED_BASE_G0_C130,,0,3,3,close_to_close_ema_3_daily_difference_pct >= -0.28338672864249204 AND close_ema_3_daily_slope_pct >= 3.5775917885063673 AND close_ema_13_daily_slope_pct >= 0.145719601926301,119,67,52,56.30252100840336,20.6143896523848,35.68813135601856,9.62004850444624,317.043779898347,0,2.6,2.401041039418063,285.72388369074946,-6.408488993877579,9.979423397254806,,,,,,,,,,
JYOTISTRUC_MINED_BASE_G0_C131,,0,3,3,close_to_close_ema_3_daily_difference_pct >= -0.28338672864249204 AND close_ema_3_daily_slope_pct >= 3.5775917885063673 AND close_to_close_ema_13_daily_difference_pct >= 0.8582022248527891,119,67,52,56.30252100840336,20.6143896523848,35.68813135601856,9.62004850444624,317.043779898347,0,2.6,2.401041039418063,285.72388369074946,-6.408488993877579,9.979423397254806,,,,,,,,,,
JYOTISTRUC_MINED_BASE_G0_C132,,0,3,3,close_to_close_ema_3_daily_difference_pct >= 3.454021016255545 AND close_ema_3_daily_slope_pct >= 3.5775917885063673 AND close_ema_13_daily_slope_pct >= 0.145719601926301,119,67,52,56.30252100840336,20.6143896523848,35.68813135601856,9.62004850444624,317.043779898347,0,2.6,2.401041039418063,285.72388369074946,-6.408488993877579,9.979423397254806,,,,,,,,,,
JYOTISTRUC_MINED_BASE_G0_C133,,0,3,3,close_to_close_ema_3_daily_difference_pct >= 3.454021016255545 AND close_ema_3_daily_slope_pct >= 3.5775917885063673 AND close_to_close_ema_13_daily_difference_pct >= 0.8582022248527891,119,67,52,56.30252100840336,20.6143896523848,35.68813135601856,9.62004850444624,317.043779898347,0,2.6,2.401041039418063,285.72388369074946,-6.408488993877579,9.979423397254806,,,,,,,,,,
JYOTISTRUC_MINED_BASE_G0_C134,,0,3,3,close_to_close_ema_3_daily_difference_pct >= 3.454021016255545 AND close_ema_3_daily_slope_pct >= 1.0132621830219937 AND close_ema_13_daily_slope_pct >= 0.145719601926301,119,67,52,56.30252100840336,20.6143896523848,35.68813135601856,9.62004850444624,317.043779898347,0,2.6,2.401041039418063,285.72388369074946,-6.408488993877579,9.979423397254806,,,,,,,,,,
JYOTISTRUC_MINED_BASE_G0_C135,,0,3,3,close_to_close_ema_3_daily_difference_pct >= 3.454021016255545 AND close_ema_3_daily_slope_pct >= 1.0132621830219937 AND close_to_close_ema_13_daily_difference_pct >= 0.8582022248527891,119,67,52,56.30252100840336,20.6143896523848,35.68813135601856,9.62004850444624,317.043779898347,0,2.6,2.401041039418063,285.72388369074946,-6.408488993877579,9.979423397254806,,,,,,,,,,
JYOTISTRUC_MINED_BASE_G0_C136,,0,3,3,close_to_close_ema_3_daily_difference_pct >= 3.454021016255545 AND close_ema_3_daily_slope_pct >= 0.2627015027787666 AND close_ema_13_daily_slope_pct >= 0.145719601926301,119,67,52,56.30252100840336,20.6143896523848,35.68813135601856,9.62004850444624,317.043779898347,0,2.6,2.401041039418063,285.72388369074946,-6.408488993877579,9.979423397254806,,,,,,,,,,
JYOTISTRUC_MINED_BASE_G0_C137,,0,3,3,close_to_close_ema_3_daily_difference_pct >= 3.454021016255545 AND close_ema_3_daily_slope_pct >= 0.2627015027787666 AND close_to_close_ema_13_daily_difference_pct >= 0.8582022248527891,119,67,52,56.30252100840336,20.6143896523848,35.68813135601856,9.62004850444624,317.043779898347,0,2.6,2.401041039418063,285.72388369074946,-6.408488993877579,9.979423397254806,,,,,,,,,,
JYOTISTRUC_MINED_BASE_G0_C138,,0,3,3,close_to_close_ema_3_daily_difference_pct >= 3.454021016255545 AND close_to_close_ema_8_daily_difference_pct >= 0.5493544276590487 AND close_ema_13_daily_slope_pct >= 0.145719601926301,119,67,52,56.30252100840336,20.6143896523848,35.68813135601856,9.62004850444624,317.043779898347,0,2.6,2.401041039418063,285.72388369074946,-6.408488993877579,9.979423397254806,,,,,,,,,,
JYOTISTRUC_MINED_BASE_G0_C139,,0,3,3,close_to_close_ema_3_daily_difference_pct >= 3.454021016255545 AND close_to_close_ema_8_daily_difference_pct >= 0.5493544276590487 AND close_to_close_ema_13_daily_difference_pct >= 0.8582022248527891,119,67,52,56.30252100840336,20.6143896523848,35.68813135601856,9.62004850444624,317.043779898347,0,2.6,2.401041039418063,285.72388369074946,-6.408488993877579,9.979423397254806,,,,,,,,,,
JYOTISTRUC_MINED_BASE_G0_C140,,0,3,3,close_to_close_ema_3_daily_difference_pct >= 3.454021016255545 AND close_ema_8_daily_slope_pct >= 0.15733448182659485 AND close_ema_13_daily_slope_pct >= 0.145719601926301,119,67,52,56.30252100840336,20.6143896523848,35.68813135601856,9.62004850444624,317.043779898347,0,2.6,2.401041039418063,285.72388369074946,-6.408488993877579,9.979423397254806,,,,,,,,,,
JYOTISTRUC_MINED_BASE_G0_C141,,0,3,3,close_to_close_ema_3_daily_difference_pct >= 3.454021016255545 AND close_ema_8_daily_slope_pct >= 0.15733448182659485 AND close_to_close_ema_13_daily_difference_pct >= 0.8582022248527891,119,67,52,56.30252100840336,20.6143896523848,35.68813135601856,9.62004850444624,317.043779898347,0,2.6,2.401041039418063,285.72388369074946,-6.408488993877579,9.979423397254806,,,,,,,,,,
JYOTISTRUC_MINED_BASE_G0_C142,,0,3,3,close_to_close_ema_3_daily_difference_pct >= 3.454021016255545 AND close_ema_13_daily_slope_pct >= 0.145719601926301 AND close_to_close_ema_13_daily_difference_pct >= 0.8582022248527891,119,67,52,56.30252100840336,20.6143896523848,35.68813135601856,9.62004850444624,317.043779898347,0,2.6,2.401041039418063,285.72388369074946,-6.408488993877579,9.979423397254806,,,,,,,,,,
JYOTISTRUC_MINED_BASE_G0_C143,,0,3,3,close_to_close_ema_3_daily_difference_pct >= 3.454021016255545 AND close_ema_13_daily_slope_pct >= 0.145719601926301 AND close_to_close_ema_8_daily_difference_pct >= 2.199870988161985,119,67,52,56.30252100840336,20.6143896523848,35.68813135601856,9.62004850444624,317.043779898347,0,2.6,2.401041039418063,285.72388369074946,-6.408488993877579,9.979423397254806,,,,,,,,,,
JYOTISTRUC_MINED_BASE_G0_C144,,0,3,3,close_to_close_ema_3_daily_difference_pct >= 3.454021016255545 AND close_ema_13_daily_slope_pct >= 0.145719601926301 AND close_ema_8_daily_slope_pct >= 0.6325101127513095,119,67,52,56.30252100840336,20.6143896523848,35.68813135601856,9.62004850444624,317.043779898347,0,2.6,2.401041039418063,285.72388369074946,-6.408488993877579,9.979423397254806,,,,,,,,,,
JYOTISTRUC_MINED_BASE_G0_C145,,0,3,3,close_to_close_ema_3_daily_difference_pct >= 3.454021016255545 AND close_to_close_ema_13_daily_difference_pct >= 0.8582022248527891 AND close_to_close_ema_8_daily_difference_pct >= 2.199870988161985,119,67,52,56.30252100840336,20.6143896523848,35.68813135601856,9.62004850444624,317.043779898347,0,2.6,2.401041039418063,285.72388369074946,-6.408488993877579,9.979423397254806,,,,,,,,,,
JYOTISTRUC_MINED_BASE_G0_C146,,0,3,3,close_to_close_ema_3_daily_difference_pct >= 3.454021016255545 AND close_to_close_ema_13_daily_difference_pct >= 0.8582022248527891 AND close_ema_8_daily_slope_pct >= 0.6325101127513095,119,67,52,56.30252100840336,20.6143896523848,35.68813135601856,9.62004850444624,317.043779898347,0,2.6,2.401041039418063,285.72388369074946,-6.408488993877579,9.979423397254806,,,,,,,,,,
JYOTISTRUC_MINED_BASE_G0_C147,,0,3,3,close_ema_3_daily_slope_pct >= 3.5775917885063673 AND close_to_close_ema_3_daily_difference_pct >= 1.003098168620758 AND close_ema_13_daily_slope_pct >= 0.145719601926301,119,67,52,56.30252100840336,20.6143896523848,35.68813135601856,9.62004850444624,317.043779898347,0,2.6,2.401041039418063,285.72388369074946,-6.408488993877579,9.979423397254806,,,,,,,,,,
JYOTISTRUC_MINED_BASE_G0_C148,,0,3,3,close_ema_3_daily_slope_pct >= 3.5775917885063673 AND close_to_close_ema_3_daily_difference_pct >= 1.003098168620758 AND close_to_close_ema_13_daily_difference_pct >= 0.8582022248527891,119,67,52,56.30252100840336,20.6143896523848,35.68813135601856,9.62004850444624,317.043779898347,0,2.6,2.401041039418063,285.72388369074946,-6.408488993877579,9.979423397254806,,,,,,,,,,
JYOTISTRUC_MINED_BASE_G0_C149,,0,3,3,close_ema_3_daily_slope_pct >= 3.5775917885063673 AND close_to_close_ema_3_daily_difference_pct >= 0.2529055823789776 AND close_ema_13_daily_slope_pct >= 0.145719601926301,119,67,52,56.30252100840336,20.6143896523848,35.68813135601856,9.62004850444624,317.043779898347,0,2.6,2.401041039418063,285.72388369074946,-6.408488993877579,9.979423397254806,,,,,,,,,,
JYOTISTRUC_MINED_BASE_G0_C150,,0,3,3,close_ema_3_daily_slope_pct >= 3.5775917885063673 AND close_to_close_ema_3_daily_difference_pct >= 0.2529055823789776 AND close_to_close_ema_13_daily_difference_pct >= 0.8582022248527891,119,67,52,56.30252100840336,20.6143896523848,35.68813135601856,9.62004850444624,317.043779898347,0,2.6,2.401041039418063,285.72388369074946,-6.408488993877579,9.979423397254806,,,,,,,,,,
JYOTISTRUC_MINED_BASE_G0_C151,,0,3,3,close_ema_3_daily_slope_pct >= 3.5775917885063673 AND close_to_close_ema_8_daily_difference_pct >= 0.5493544276590487 AND close_ema_13_daily_slope_pct >= 0.145719601926301,119,67,52,56.30252100840336,20.6143896523848,35.68813135601856,9.62004850444624,317.043779898347,0,2.6,2.401041039418063,285.72388369074946,-6.408488993877579,9.979423397254806,,,,,,,,,,
JYOTISTRUC_MINED_BASE_G0_C152,,0,3,3,close_ema_3_daily_slope_pct >= 3.5775917885063673 AND close_to_close_ema_8_daily_difference_pct >= 0.5493544276590487 AND close_to_close_ema_13_daily_difference_pct >= 0.8582022248527891,119,67,52,56.30252100840336,20.6143896523848,35.68813135601856,9.62004850444624,317.043779898347,0,2.6,2.401041039418063,285.72388369074946,-6.408488993877579,9.979423397254806,,,,,,,,,,
JYOTISTRUC_MINED_BASE_G0_C153,,0,3,3,close_ema_3_daily_slope_pct >= 3.5775917885063673 AND close_ema_8_daily_slope_pct >= 0.15733448182659485 AND close_ema_13_daily_slope_pct >= 0.145719601926301,119,67,52,56.30252100840336,20.6143896523848,35.68813135601856,9.62004850444624,317.043779898347,0,2.6,2.401041039418063,285.72388369074946,-6.408488993877579,9.979423397254806,,,,,,,,,,
JYOTISTRUC_MINED_BASE_G0_C154,,0,3,3,close_ema_3_daily_slope_pct >= 3.5775917885063673 AND close_ema_8_daily_slope_pct >= 0.15733448182659485 AND close_to_close_ema_13_daily_difference_pct >= 0.8582022248527891,119,67,52,56.30252100840336,20.6143896523848,35.68813135601856,9.62004850444624,317.043779898347,0,2.6,2.401041039418063,285.72388369074946,-6.408488993877579,9.979423397254806,,,,,,,,,,
JYOTISTRUC_MINED_BASE_G0_C155,,0,3,3,close_ema_3_daily_slope_pct >= 3.5775917885063673 AND close_ema_13_daily_slope_pct >= 0.145719601926301 AND close_to_close_ema_13_daily_difference_pct >= 0.8582022248527891,119,67,52,56.30252100840336,20.6143896523848,35.68813135601856,9.62004850444624,317.043779898347,0,2.6,2.401041039418063,285.72388369074946,-6.408488993877579,9.979423397254806,,,,,,,,,,
JYOTISTRUC_MINED_BASE_G0_C156,,0,3,3,close_ema_3_daily_slope_pct >= 3.5775917885063673 AND close_ema_13_daily_slope_pct >= 0.145719601926301 AND close_to_close_ema_8_daily_difference_pct >= 2.199870988161985,119,67,52,56.30252100840336,20.6143896523848,35.68813135601856,9.62004850444624,317.043779898347,0,2.6,2.401041039418063,285.72388369074946,-6.408488993877579,9.979423397254806,,,,,,,,,,
JYOTISTRUC_MINED_BASE_G0_C157,,0,3,3,close_ema_3_daily_slope_pct >= 3.5775917885063673 AND close_ema_13_daily_slope_pct >= 0.145719601926301 AND close_ema_8_daily_slope_pct >= 0.6325101127513095,119,67,52,56.30252100840336,20.6143896523848,35.68813135601856,9.62004850444624,317.043779898347,0,2.6,2.401041039418063,285.72388369074946,-6.408488993877579,9.979423397254806,,,,,,,,,,
JYOTISTRUC_MINED_BASE_G0_C158,,0,3,3,close_ema_3_daily_slope_pct >= 3.5775917885063673 AND close_to_close_ema_13_daily_difference_pct >= 0.8582022248527891 AND close_to_close_ema_8_daily_difference_pct >= 2.199870988161985,119,67,52,56.30252100840336,20.6143896523848,35.68813135601856,9.62004850444624,317.043779898347,0,2.6,2.401041039418063,285.72388369074946,-6.408488993877579,9.979423397254806,,,,,,,,,,
JYOTISTRUC_MINED_BASE_G0_C159,,0,3,3,close_ema_3_daily_slope_pct >= 3.5775917885063673 AND close_to_close_ema_13_daily_difference_pct >= 0.8582022248527891 AND close_ema_8_daily_slope_pct >= 0.6325101127513095,119,67,52,56.30252100840336,20.6143896523848,35.68813135601856,9.62004850444624,317.043779898347,0,2.6,2.401041039418063,285.72388369074946,-6.408488993877579,9.979423397254806,,,,,,,,,,
JYOTISTRUC_MINED_BASE_G0_C160,,0,2,2,close_ema_3_daily_slope_pct >= 1.9352918519347406 AND close_to_close_ema_8_daily_difference_pct >= 2.199870988161985,222,99,123,44.5945945945946,20.6143896523848,23.980204942209795,17.946645109135005,316.54231867127027,0,6.15,1.5970979867404118,354.55575305637143,-6.408488993877579,13.166307479846493,,,,,,,,,,
JYOTISTRUC_MINED_BASE_G0_C161,,0,2,2,close_ema_3_daily_slope_pct >= 1.9352918519347406 AND close_ema_8_daily_slope_pct >= 0.6325101127513095,222,99,123,44.5945945945946,20.6143896523848,23.980204942209795,17.946645109135005,316.54231867127027,0,6.15,1.5970979867404118,354.55575305637143,-6.408488993877579,13.166307479846493,,,,,,,,,,
JYOTISTRUC_MINED_BASE_G0_C162,,0,3,3,close_ema_3_daily_slope_pct >= 1.9352918519347406 AND close_to_close_ema_3_daily_difference_pct >= 1.8888435519628795 AND close_to_close_ema_8_daily_difference_pct >= 2.199870988161985,222,99,123,44.5945945945946,20.6143896523848,23.980204942209795,17.946645109135005,316.54231867127027,0,6.15,1.5970979867404118,354.55575305637143,-6.408488993877579,13.166307479846493,,,,,,,,,,
JYOTISTRUC_MINED_BASE_G0_C163,,0,3,3,close_ema_3_daily_slope_pct >= 1.9352918519347406 AND close_to_close_ema_3_daily_difference_pct >= 1.8888435519628795 AND close_ema_8_daily_slope_pct >= 0.6325101127513095,222,99,123,44.5945945945946,20.6143896523848,23.980204942209795,17.946645109135005,316.54231867127027,0,6.15,1.5970979867404118,354.55575305637143,-6.408488993877579,13.166307479846493,,,,,,,,,,
JYOTISTRUC_MINED_BASE_G0_C164,,0,3,3,close_ema_3_daily_slope_pct >= 1.9352918519347406 AND close_to_close_ema_3_daily_difference_pct >= -0.28338672864249204 AND close_to_close_ema_8_daily_difference_pct >= 2.199870988161985,222,99,123,44.5945945945946,20.6143896523848,23.980204942209795,17.946645109135005,316.54231867127027,0,6.15,1.5970979867404118,354.55575305637143,-6.408488993877579,13.166307479846493,,,,,,,,,,
JYOTISTRUC_MINED_BASE_G0_C165,,0,3,3,close_ema_3_daily_slope_pct >= 1.9352918519347406 AND close_to_close_ema_3_daily_difference_pct >= -0.28338672864249204 AND close_ema_8_daily_slope_pct >= 0.6325101127513095,222,99,123,44.5945945945946,20.6143896523848,23.980204942209795,17.946645109135005,316.54231867127027,0,6.15,1.5970979867404118,354.55575305637143,-6.408488993877579,13.166307479846493,,,,,,,,,,
JYOTISTRUC_MINED_BASE_G0_C166,,0,3,3,close_ema_3_daily_slope_pct >= 1.9352918519347406 AND close_to_close_ema_3_daily_difference_pct >= 1.003098168620758 AND close_to_close_ema_8_daily_difference_pct >= 2.199870988161985,222,99,123,44.5945945945946,20.6143896523848,23.980204942209795,17.946645109135005,316.54231867127027,0,6.15,1.5970979867404118,354.55575305637143,-6.408488993877579,13.166307479846493,,,,,,,,,,
JYOTISTRUC_MINED_BASE_G0_C167,,0,3,3,close_ema_3_daily_slope_pct >= 1.9352918519347406 AND close_to_close_ema_3_daily_difference_pct >= 1.003098168620758 AND close_ema_8_daily_slope_pct >= 0.6325101127513095,222,99,123,44.5945945945946,20.6143896523848,23.980204942209795,17.946645109135005,316.54231867127027,0,6.15,1.5970979867404118,354.55575305637143,-6.408488993877579,13.166307479846493,,,,,,,,,,
JYOTISTRUC_MINED_BASE_G0_C168,,0,3,3,close_ema_3_daily_slope_pct >= 1.9352918519347406 AND close_to_close_ema_3_daily_difference_pct >= 0.2529055823789776 AND close_to_close_ema_8_daily_difference_pct >= 2.199870988161985,222,99,123,44.5945945945946,20.6143896523848,23.980204942209795,17.946645109135005,316.54231867127027,0,6.15,1.5970979867404118,354.55575305637143,-6.408488993877579,13.166307479846493,,,,,,,,,,
JYOTISTRUC_MINED_BASE_G0_C169,,0,3,3,close_ema_3_daily_slope_pct >= 1.9352918519347406 AND close_to_close_ema_3_daily_difference_pct >= 0.2529055823789776 AND close_ema_8_daily_slope_pct >= 0.6325101127513095,222,99,123,44.5945945945946,20.6143896523848,23.980204942209795,17.946645109135005,316.54231867127027,0,6.15,1.5970979867404118,354.55575305637143,-6.408488993877579,13.166307479846493,,,,,,,,,,
JYOTISTRUC_MINED_BASE_G0_C170,,0,3,3,close_ema_3_daily_slope_pct >= 1.9352918519347406 AND close_to_close_ema_8_daily_difference_pct >= 0.5493544276590487 AND close_ema_8_daily_slope_pct >= 0.6325101127513095,222,99,123,44.5945945945946,20.6143896523848,23.980204942209795,17.946645109135005,316.54231867127027,0,6.15,1.5970979867404118,354.55575305637143,-6.408488993877579,13.166307479846493,,,,,,,,,,
JYOTISTRUC_MINED_BASE_G0_C171,,0,3,3,close_ema_3_daily_slope_pct >= 1.9352918519347406 AND close_ema_8_daily_slope_pct >= 0.15733448182659485 AND close_to_close_ema_8_daily_difference_pct >= 2.199870988161985,222,99,123,44.5945945945946,20.6143896523848,23.980204942209795,17.946645109135005,316.54231867127027,0,6.15,1.5970979867404118,354.55575305637143,-6.408488993877579,13.166307479846493,,,,,,,,,,
JYOTISTRUC_MINED_BASE_G0_C172,,0,3,3,close_ema_3_daily_slope_pct >= 1.9352918519347406 AND close_to_close_ema_8_daily_difference_pct >= 2.199870988161985 AND close_ema_8_daily_slope_pct >= 0.6325101127513095,222,99,123,44.5945945945946,20.6143896523848,23.980204942209795,17.946645109135005,316.54231867127027,0,6.15,1.5970979867404118,354.55575305637143,-6.408488993877579,13.166307479846493,,,,,,,,,,
JYOTISTRUC_MINED_BASE_G0_C173,,0,2,2,close_to_close_ema_3_daily_difference_pct >= 1.8888435519628795 AND close_to_close_ema_8_daily_difference_pct >= 2.199870988161985,223,99,124,44.39461883408072,20.6143896523848,23.780229181695915,18.027485852869845,315.42672545646053,0,6.2,1.5751931826603118,351.2680797332495,-6.408488993877579,13.166307479846493,,,,,,,,,,
JYOTISTRUC_MINED_BASE_G0_C174,,0,2,2,close_to_close_ema_3_daily_difference_pct >= 1.8888435519628795 AND close_ema_8_daily_slope_pct >= 0.6325101127513095,223,99,124,44.39461883408072,20.6143896523848,23.780229181695915,18.027485852869845,315.42672545646053,0,6.2,1.5751931826603118,351.2680797332495,-6.408488993877579,13.166307479846493,,,,,,,,,,
JYOTISTRUC_MINED_BASE_G0_C175,,0,3,3,close_to_close_ema_3_daily_difference_pct >= 1.8888435519628795 AND close_ema_3_daily_slope_pct >= -0.28800660038466785 AND close_to_close_ema_8_daily_difference_pct >= 2.199870988161985,223,99,124,44.39461883408072,20.6143896523848,23.780229181695915,18.027485852869845,315.42672545646053,0,6.2,1.5751931826603118,351.2680797332495,-6.408488993877579,13.166307479846493,,,,,,,,,,
JYOTISTRUC_MINED_BASE_G0_C176,,0,3,3,close_to_close_ema_3_daily_difference_pct >= 1.8888435519628795 AND close_ema_3_daily_slope_pct >= -0.28800660038466785 AND close_ema_8_daily_slope_pct >= 0.6325101127513095,223,99,124,44.39461883408072,20.6143896523848,23.780229181695915,18.027485852869845,315.42672545646053,0,6.2,1.5751931826603118,351.2680797332495,-6.408488993877579,13.166307479846493,,,,,,,,,,
JYOTISTRUC_MINED_BASE_G0_C177,,0,3,3,close_to_close_ema_3_daily_difference_pct >= 1.8888435519628795 AND close_ema_3_daily_slope_pct >= 1.0132621830219937 AND close_to_close_ema_8_daily_difference_pct >= 2.199870988161985,223,99,124,44.39461883408072,20.6143896523848,23.780229181695915,18.027485852869845,315.42672545646053,0,6.2,1.5751931826603118,351.2680797332495,-6.408488993877579,13.166307479846493,,,,,,,,,,
JYOTISTRUC_MINED_BASE_G0_C178,,0,3,3,close_to_close_ema_3_daily_difference_pct >= 1.8888435519628795 AND close_ema_3_daily_slope_pct >= 1.0132621830219937 AND close_ema_8_daily_slope_pct >= 0.6325101127513095,223,99,124,44.39461883408072,20.6143896523848,23.780229181695915,18.027485852869845,315.42672545646053,0,6.2,1.5751931826603118,351.2680797332495,-6.408488993877579,13.166307479846493,,,,,,,,,,
JYOTISTRUC_MINED_BASE_G0_C179,,0,3,3,close_to_close_ema_3_daily_difference_pct >= 1.8888435519628795 AND close_ema_3_daily_slope_pct >= 0.2627015027787666 AND close_to_close_ema_8_daily_difference_pct >= 2.199870988161985,223,99,124,44.39461883408072,20.6143896523848,23.780229181695915,18.027485852869845,315.42672545646053,0,6.2,1.5751931826603118,351.2680797332495,-6.408488993877579,13.166307479846493,,,,,,,,,,
JYOTISTRUC_MINED_BASE_G0_C180,,0,3,3,close_to_close_ema_3_daily_difference_pct >= 1.8888435519628795 AND close_ema_3_daily_slope_pct >= 0.2627015027787666 AND close_ema_8_daily_slope_pct >= 0.6325101127513095,223,99,124,44.39461883408072,20.6143896523848,23.780229181695915,18.027485852869845,315.42672545646053,0,6.2,1.5751931826603118,351.2680797332495,-6.408488993877579,13.166307479846493,,,,,,,,,,
JYOTISTRUC_MINED_BASE_G0_C181,,0,3,3,close_to_close_ema_3_daily_difference_pct >= 1.8888435519628795 AND close_to_close_ema_8_daily_difference_pct >= 0.5493544276590487 AND close_ema_8_daily_slope_pct >= 0.6325101127513095,223,99,124,44.39461883408072,20.6143896523848,23.780229181695915,18.027485852869845,315.42672545646053,0,6.2,1.5751931826603118,351.2680797332495,-6.408488993877579,13.166307479846493,,,,,,,,,,
JYOTISTRUC_MINED_BASE_G0_C182,,0,3,3,close_to_close_ema_3_daily_difference_pct >= 1.8888435519628795 AND close_ema_8_daily_slope_pct >= 0.15733448182659485 AND close_to_close_ema_8_daily_difference_pct >= 2.199870988161985,223,99,124,44.39461883408072,20.6143896523848,23.780229181695915,18.027485852869845,315.42672545646053,0,6.2,1.5751931826603118,351.2680797332495,-6.408488993877579,13.166307479846493,,,,,,,,,,
JYOTISTRUC_MINED_BASE_G0_C183,,0,3,3,close_to_close_ema_3_daily_difference_pct >= 1.8888435519628795 AND close_to_close_ema_8_daily_difference_pct >= 2.199870988161985 AND close_ema_8_daily_slope_pct >= 0.6325101127513095,223,99,124,44.39461883408072,20.6143896523848,23.780229181695915,18.027485852869845,315.42672545646053,0,6.2,1.5751931826603118,351.2680797332495,-6.408488993877579,13.166307479846493,,,,,,,,,,
JYOTISTRUC_MINED_BASE_G0_C184,,0,2,2,close_ema_3_daily_slope_pct >= 1.9352918519347406 AND close_to_close_ema_8_daily_difference_pct >= 0.5493544276590487,236,102,134,43.22033898305085,20.6143896523848,22.60594933066605,19.078415521422798,314.8945146548377,0,6.7,1.5215893338358202,359.09508278525357,-6.408488993877579,13.166307479846493,,,,,,,,,,
JYOTISTRUC_MINED_BASE_G0_C185,,0,2,2,close_ema_3_daily_slope_pct >= 1.9352918519347406 AND close_ema_8_daily_slope_pct >= 0.15733448182659485,236,102,134,43.22033898305085,20.6143896523848,22.60594933066605,19.078415521422798,314.8945146548377,0,6.7,1.5215893338358202,359.09508278525357,-6.408488993877579,13.166307479846493,,,,,,,,,,
JYOTISTRUC_MINED_BASE_G0_C186,,0,3,3,close_ema_3_daily_slope_pct >= 1.9352918519347406 AND close_to_close_ema_3_daily_difference_pct >= 1.8888435519628795 AND close_to_close_ema_8_daily_difference_pct >= 0.5493544276590487,236,102,134,43.22033898305085,20.6143896523848,22.60594933066605,19.078415521422798,314.8945146548377,0,6.7,1.5215893338358202,359.09508278525357,-6.408488993877579,13.166307479846493,,,,,,,,,,
JYOTISTRUC_MINED_BASE_G0_C187,,0,3,3,close_ema_3_daily_slope_pct >= 1.9352918519347406 AND close_to_close_ema_3_daily_difference_pct >= 1.8888435519628795 AND close_ema_8_daily_slope_pct >= 0.15733448182659485,236,102,134,43.22033898305085,20.6143896523848,22.60594933066605,19.078415521422798,314.8945146548377,0,6.7,1.5215893338358202,359.09508278525357,-6.408488993877579,13.166307479846493,,,,,,,,,,
JYOTISTRUC_MINED_BASE_G0_C188,,0,3,3,close_ema_3_daily_slope_pct >= 1.9352918519347406 AND close_to_close_ema_3_daily_difference_pct >= -0.28338672864249204 AND close_to_close_ema_8_daily_difference_pct >= 0.5493544276590487,236,102,134,43.22033898305085,20.6143896523848,22.60594933066605,19.078415521422798,314.8945146548377,0,6.7,1.5215893338358202,359.09508278525357,-6.408488993877579,13.166307479846493,,,,,,,,,,
JYOTISTRUC_MINED_BASE_G0_C189,,0,3,3,close_ema_3_daily_slope_pct >= 1.9352918519347406 AND close_to_close_ema_3_daily_difference_pct >= -0.28338672864249204 AND close_ema_8_daily_slope_pct >= 0.15733448182659485,236,102,134,43.22033898305085,20.6143896523848,22.60594933066605,19.078415521422798,314.8945146548377,0,6.7,1.5215893338358202,359.09508278525357,-6.408488993877579,13.166307479846493,,,,,,,,,,
JYOTISTRUC_MINED_BASE_G0_C190,,0,3,3,close_ema_3_daily_slope_pct >= 1.9352918519347406 AND close_to_close_ema_3_daily_difference_pct >= 1.003098168620758 AND close_to_close_ema_8_daily_difference_pct >= 0.5493544276590487,236,102,134,43.22033898305085,20.6143896523848,22.60594933066605,19.078415521422798,314.8945146548377,0,6.7,1.5215893338358202,359.09508278525357,-6.408488993877579,13.166307479846493,,,,,,,,,,
JYOTISTRUC_MINED_BASE_G0_C191,,0,3,3,close_ema_3_daily_slope_pct >= 1.9352918519347406 AND close_to_close_ema_3_daily_difference_pct >= 1.003098168620758 AND close_ema_8_daily_slope_pct >= 0.15733448182659485,236,102,134,43.22033898305085,20.6143896523848,22.60594933066605,19.078415521422798,314.8945146548377,0,6.7,1.5215893338358202,359.09508278525357,-6.408488993877579,13.166307479846493,,,,,,,,,,
JYOTISTRUC_MINED_BASE_G0_C192,,0,3,3,close_ema_3_daily_slope_pct >= 1.9352918519347406 AND close_to_close_ema_3_daily_difference_pct >= 0.2529055823789776 AND close_to_close_ema_8_daily_difference_pct >= 0.5493544276590487,236,102,134,43.22033898305085,20.6143896523848,22.60594933066605,19.078415521422798,314.8945146548377,0,6.7,1.5215893338358202,359.09508278525357,-6.408488993877579,13.166307479846493,,,,,,,,,,
JYOTISTRUC_MINED_BASE_G0_C193,,0,3,3,close_ema_3_daily_slope_pct >= 1.9352918519347406 AND close_to_close_ema_3_daily_difference_pct >= 0.2529055823789776 AND close_ema_8_daily_slope_pct >= 0.15733448182659485,236,102,134,43.22033898305085,20.6143896523848,22.60594933066605,19.078415521422798,314.8945146548377,0,6.7,1.5215893338358202,359.09508278525357,-6.408488993877579,13.166307479846493,,,,,,,,,,
JYOTISTRUC_MINED_BASE_G0_C194,,0,3,3,close_ema_3_daily_slope_pct >= 1.9352918519347406 AND close_to_close_ema_8_daily_difference_pct >= 0.5493544276590487 AND close_ema_8_daily_slope_pct >= 0.15733448182659485,236,102,134,43.22033898305085,20.6143896523848,22.60594933066605,19.078415521422798,314.8945146548377,0,6.7,1.5215893338358202,359.09508278525357,-6.408488993877579,13.166307479846493,,,,,,,,,,
JYOTISTRUC_MINED_BASE_G0_C195,,0,2,2,close_to_close_ema_3_daily_difference_pct >= 1.8888435519628795 AND close_to_close_ema_8_daily_difference_pct >= 0.5493544276590487,237,102,135,43.037974683544306,20.6143896523848,22.423585031159504,19.15925626515764,313.87181641481186,0,6.75,1.5012970863381083,355.80740946213166,-6.408488993877579,13.166307479846493,,,,,,,,,,
JYOTISTRUC_MINED_BASE_G0_C196,,0,2,2,close_to_close_ema_3_daily_difference_pct >= 1.8888435519628795 AND close_ema_8_daily_slope_pct >= 0.15733448182659485,237,102,135,43.037974683544306,20.6143896523848,22.423585031159504,19.15925626515764,313.87181641481186,0,6.75,1.5012970863381083,355.80740946213166,-6.408488993877579,13.166307479846493,,,,,,,,,,
JYOTISTRUC_MINED_BASE_G0_C197,,0,3,3,close_to_close_ema_3_daily_difference_pct >= 1.8888435519628795 AND close_ema_3_daily_slope_pct >= -0.28800660038466785 AND close_to_close_ema_8_daily_difference_pct >= 0.5493544276590487,237,102,135,43.037974683544306,20.6143896523848,22.423585031159504,19.15925626515764,313.87181641481186,0,6.75,1.5012970863381083,355.80740946213166,-6.408488993877579,13.166307479846493,,,,,,,,,,
JYOTISTRUC_MINED_BASE_G0_C198,,0,3,3,close_to_close_ema_3_daily_difference_pct >= 1.8888435519628795 AND close_ema_3_daily_slope_pct >= -0.28800660038466785 AND close_ema_8_daily_slope_pct >= 0.15733448182659485,237,102,135,43.037974683544306,20.6143896523848,22.423585031159504,19.15925626515764,313.87181641481186,0,6.75,1.5012970863381083,355.80740946213166,-6.408488993877579,13.166307479846493,,,,,,,,,,
JYOTISTRUC_MINED_BASE_G0_C199,,0,3,3,close_to_close_ema_3_daily_difference_pct >= 1.8888435519628795 AND close_ema_3_daily_slope_pct >= 1.0132621830219937 AND close_to_close_ema_8_daily_difference_pct >= 0.5493544276590487,237,102,135,43.037974683544306,20.6143896523848,22.423585031159504,19.15925626515764,313.87181641481186,0,6.75,1.5012970863381083,355.80740946213166,-6.408488993877579,13.166307479846493,,,,,,,,,,
JYOTISTRUC_MINED_BASE_G0_C200,,0,3,3,close_to_close_ema_3_daily_difference_pct >= 1.8888435519628795 AND close_ema_3_daily_slope_pct >= 1.0132621830219937 AND close_ema_8_daily_slope_pct >= 0.15733448182659485,237,102,135,43.037974683544306,20.6143896523848,22.423585031159504,19.15925626515764,313.87181641481186,0,6.75,1.5012970863381083,355.80740946213166,-6.408488993877579,13.166307479846493,,,,,,,,,,
JYOTISTRUC_MINED_BASE_G0_C201,,0,3,3,close_to_close_ema_3_daily_difference_pct >= 1.8888435519628795 AND close_ema_3_daily_slope_pct >= 0.2627015027787666 AND close_to_close_ema_8_daily_difference_pct >= 0.5493544276590487,237,102,135,43.037974683544306,20.6143896523848,22.423585031159504,19.15925626515764,313.87181641481186,0,6.75,1.5012970863381083,355.80740946213166,-6.408488993877579,13.166307479846493,,,,,,,,,,
JYOTISTRUC_MINED_BASE_G0_C202,,0,3,3,close_to_close_ema_3_daily_difference_pct >= 1.8888435519628795 AND close_ema_3_daily_slope_pct >= 0.2627015027787666 AND close_ema_8_daily_slope_pct >= 0.15733448182659485,237,102,135,43.037974683544306,20.6143896523848,22.423585031159504,19.15925626515764,313.87181641481186,0,6.75,1.5012970863381083,355.80740946213166,-6.408488993877579,13.166307479846493,,,,,,,,,,
JYOTISTRUC_MINED_BASE_G0_C203,,0,3,3,close_to_close_ema_3_daily_difference_pct >= 1.8888435519628795 AND close_to_close_ema_8_daily_difference_pct >= 0.5493544276590487 AND close_ema_8_daily_slope_pct >= 0.15733448182659485,237,102,135,43.037974683544306,20.6143896523848,22.423585031159504,19.15925626515764,313.87181641481186,0,6.75,1.5012970863381083,355.80740946213166,-6.408488993877579,13.166307479846493,,,,,,,,,,
JYOTISTRUC_MINED_BASE_G0_C204,,0,2,2,close_ema_3_daily_volatility_5_daily >= 1.6353580277228665 AND close_to_close_ema_3_daily_difference_pct >= 3.454021016255545,123,68,55,55.28455284552846,20.6143896523848,34.67016319314366,9.943411479385611,313.72050975573984,0,2.75,2.3732312633405015,291.90744539088166,-6.408488993877579,9.979423397254806,,,,,,,,,,
JYOTISTRUC_MINED_BASE_G0_C205,,0,2,2,close_ema_3_daily_volatility_5_daily >= 1.6353580277228665 AND close_ema_3_daily_slope_pct >= 3.5775917885063673,123,68,55,55.28455284552846,20.6143896523848,34.67016319314366,9.943411479385611,313.72050975573984,0,2.75,2.3732312633405015,291.90744539088166,-6.408488993877579,9.979423397254806,,,,,,,,,,
JYOTISTRUC_MINED_BASE_G0_C206,,0,3,3,close_ema_3_daily_volatility_5_daily >= 1.6353580277228665 AND close_ema_3_daily_slope_pct >= 1.9352918519347406 AND close_to_close_ema_3_daily_difference_pct >= 3.454021016255545,123,68,55,55.28455284552846,20.6143896523848,34.67016319314366,9.943411479385611,313.72050975573984,0,2.75,2.3732312633405015,291.90744539088166,-6.408488993877579,9.979423397254806,,,,,,,,,,
JYOTISTRUC_MINED_BASE_G0_C207,,0,3,3,close_ema_3_daily_volatility_5_daily >= 1.6353580277228665 AND close_to_close_ema_3_daily_difference_pct >= 1.8888435519628795 AND close_ema_3_daily_slope_pct >= 3.5775917885063673,123,68,55,55.28455284552846,20.6143896523848,34.67016319314366,9.943411479385611,313.72050975573984,0,2.75,2.3732312633405015,291.90744539088166,-6.408488993877579,9.979423397254806,,,,,,,,,,
JYOTISTRUC_MINED_BASE_G0_C208,,0,3,3,close_ema_3_daily_volatility_5_daily >= 1.6353580277228665 AND close_ema_3_daily_slope_pct >= -0.28800660038466785 AND close_to_close_ema_3_daily_difference_pct >= 3.454021016255545,123,68,55,55.28455284552846,20.6143896523848,34.67016319314366,9.943411479385611,313.72050975573984,0,2.75,2.3732312633405015,291.90744539088166,-6.408488993877579,9.979423397254806,,,,,,,,,,
JYOTISTRUC_MINED_BASE_G0_C209,,0,3,3,close_ema_3_daily_volatility_5_daily >= 1.6353580277228665 AND close_to_close_ema_3_daily_difference_pct >= -0.28338672864249204 AND close_ema_3_daily_slope_pct >= 3.5775917885063673,123,68,55,55.28455284552846,20.6143896523848,34.67016319314366,9.943411479385611,313.72050975573984,0,2.75,2.3732312633405015,291.90744539088166,-6.408488993877579,9.979423397254806,,,,,,,,,,
JYOTISTRUC_MINED_BASE_G0_C210,,0,3,3,close_ema_3_daily_volatility_5_daily >= 1.6353580277228665 AND close_to_close_ema_3_daily_difference_pct >= 3.454021016255545 AND close_ema_3_daily_slope_pct >= 3.5775917885063673,123,68,55,55.28455284552846,20.6143896523848,34.67016319314366,9.943411479385611,313.72050975573984,0,2.75,2.3732312633405015,291.90744539088166,-6.408488993877579,9.979423397254806,,,,,,,,,,
JYOTISTRUC_MINED_BASE_G0_C211,,0,3,3,close_ema_3_daily_volatility_5_daily >= 1.6353580277228665 AND close_to_close_ema_3_daily_difference_pct >= 3.454021016255545 AND close_ema_3_daily_slope_pct >= 1.0132621830219937,123,68,55,55.28455284552846,20.6143896523848,34.67016319314366,9.943411479385611,313.72050975573984,0,2.75,2.3732312633405015,291.90744539088166,-6.408488993877579,9.979423397254806,,,,,,,,,,
JYOTISTRUC_MINED_BASE_G0_C212,,0,3,3,close_ema_3_daily_volatility_5_daily >= 1.6353580277228665 AND close_to_close_ema_3_daily_difference_pct >= 3.454021016255545 AND close_ema_3_daily_slope_pct >= 0.2627015027787666,123,68,55,55.28455284552846,20.6143896523848,34.67016319314366,9.943411479385611,313.72050975573984,0,2.75,2.3732312633405015,291.90744539088166,-6.408488993877579,9.979423397254806,,,,,,,,,,
JYOTISTRUC_MINED_BASE_G0_C213,,0,3,3,close_ema_3_daily_volatility_5_daily >= 1.6353580277228665 AND close_to_close_ema_3_daily_difference_pct >= 3.454021016255545 AND close_to_close_ema_8_daily_difference_pct >= 0.5493544276590487,123,68,55,55.28455284552846,20.6143896523848,34.67016319314366,9.943411479385611,313.72050975573984,0,2.75,2.3732312633405015,291.90744539088166,-6.408488993877579,9.979423397254806,,,,,,,,,,
JYOTISTRUC_MINED_BASE_G0_C214,,0,3,3,close_ema_3_daily_volatility_5_daily >= 1.6353580277228665 AND close_to_close_ema_3_daily_difference_pct >= 3.454021016255545 AND close_ema_8_daily_slope_pct >= 0.15733448182659485,123,68,55,55.28455284552846,20.6143896523848,34.67016319314366,9.943411479385611,313.72050975573984,0,2.75,2.3732312633405015,291.90744539088166,-6.408488993877579,9.979423397254806,,,,,,,,,,
JYOTISTRUC_MINED_BASE_G0_C215,,0,3,3,close_ema_3_daily_volatility_5_daily >= 1.6353580277228665 AND close_to_close_ema_3_daily_difference_pct >= 3.454021016255545 AND close_to_close_ema_8_daily_difference_pct >= 2.199870988161985,123,68,55,55.28455284552846,20.6143896523848,34.67016319314366,9.943411479385611,313.72050975573984,0,2.75,2.3732312633405015,291.90744539088166,-6.408488993877579,9.979423397254806,,,,,,,,,,
JYOTISTRUC_MINED_BASE_G0_C216,,0,3,3,close_ema_3_daily_volatility_5_daily >= 1.6353580277228665 AND close_to_close_ema_3_daily_difference_pct >= 3.454021016255545 AND close_ema_8_daily_slope_pct >= 0.6325101127513095,123,68,55,55.28455284552846,20.6143896523848,34.67016319314366,9.943411479385611,313.72050975573984,0,2.75,2.3732312633405015,291.90744539088166,-6.408488993877579,9.979423397254806,,,,,,,,,,
JYOTISTRUC_MINED_BASE_G0_C217,,0,3,3,close_ema_3_daily_volatility_5_daily >= 1.6353580277228665 AND close_ema_3_daily_slope_pct >= 3.5775917885063673 AND close_to_close_ema_3_daily_difference_pct >= 1.003098168620758,123,68,55,55.28455284552846,20.6143896523848,34.67016319314366,9.943411479385611,313.72050975573984,0,2.75,2.3732312633405015,291.90744539088166,-6.408488993877579,9.979423397254806,,,,,,,,,,
JYOTISTRUC_MINED_BASE_G0_C218,,0,3,3,close_ema_3_daily_volatility_5_daily >= 1.6353580277228665 AND close_ema_3_daily_slope_pct >= 3.5775917885063673 AND close_to_close_ema_3_daily_difference_pct >= 0.2529055823789776,123,68,55,55.28455284552846,20.6143896523848,34.67016319314366,9.943411479385611,313.72050975573984,0,2.75,2.3732312633405015,291.90744539088166,-6.408488993877579,9.979423397254806,,,,,,,,,,
JYOTISTRUC_MINED_BASE_G0_C219,,0,3,3,close_ema_3_daily_volatility_5_daily >= 1.6353580277228665 AND close_ema_3_daily_slope_pct >= 3.5775917885063673 AND close_to_close_ema_8_daily_difference_pct >= 0.5493544276590487,123,68,55,55.28455284552846,20.6143896523848,34.67016319314366,9.943411479385611,313.72050975573984,0,2.75,2.3732312633405015,291.90744539088166,-6.408488993877579,9.979423397254806,,,,,,,,,,
JYOTISTRUC_MINED_BASE_G0_C220,,0,3,3,close_ema_3_daily_volatility_5_daily >= 1.6353580277228665 AND close_ema_3_daily_slope_pct >= 3.5775917885063673 AND close_ema_8_daily_slope_pct >= 0.15733448182659485,123,68,55,55.28455284552846,20.6143896523848,34.67016319314366,9.943411479385611,313.72050975573984,0,2.75,2.3732312633405015,291.90744539088166,-6.408488993877579,9.979423397254806,,,,,,,,,,
JYOTISTRUC_MINED_BASE_G0_C221,,0,3,3,close_ema_3_daily_volatility_5_daily >= 1.6353580277228665 AND close_ema_3_daily_slope_pct >= 3.5775917885063673 AND close_to_close_ema_8_daily_difference_pct >= 2.199870988161985,123,68,55,55.28455284552846,20.6143896523848,34.67016319314366,9.943411479385611,313.72050975573984,0,2.75,2.3732312633405015,291.90744539088166,-6.408488993877579,9.979423397254806,,,,,,,,,,
JYOTISTRUC_MINED_BASE_G0_C222,,0,3,3,close_ema_3_daily_volatility_5_daily >= 1.6353580277228665 AND close_ema_3_daily_slope_pct >= 3.5775917885063673 AND close_ema_8_daily_slope_pct >= 0.6325101127513095,123,68,55,55.28455284552846,20.6143896523848,34.67016319314366,9.943411479385611,313.72050975573984,0,2.75,2.3732312633405015,291.90744539088166,-6.408488993877579,9.979423397254806,,,,,,,,,,
JYOTISTRUC_MINED_BASE_G0_C223,,0,3,3,close_ema_3_daily_range_5_pct >= 5.443470843473113 AND close_ema_3_daily_slope_pct >= 1.9352918519347406 AND close_to_close_ema_8_daily_difference_pct >= 0.5493544276590487,180,87,93,48.333333333333336,20.6143896523848,27.718943680948534,14.551333872271623,313.5714435556133,0,4.65,1.8755750502901922,337.6035090522346,-6.408488993877579,13.166307479846493,,,,,,,,,,
JYOTISTRUC_MINED_BASE_G0_C224,,0,3,3,close_ema_3_daily_range_5_pct >= 5.443470843473113 AND close_ema_3_daily_slope_pct >= 1.9352918519347406 AND close_ema_8_daily_slope_pct >= 0.15733448182659485,180,87,93,48.333333333333336,20.6143896523848,27.718943680948534,14.551333872271623,313.5714435556133,0,4.65,1.8755750502901922,337.6035090522346,-6.408488993877579,13.166307479846493,,,,,,,,,,
JYOTISTRUC_MINED_BASE_G0_C225,,0,3,3,close_ema_3_daily_range_5_pct >= 5.443470843473113 AND close_to_close_ema_3_daily_difference_pct >= 1.8888435519628795 AND close_to_close_ema_8_daily_difference_pct >= 0.5493544276590487,180,87,93,48.333333333333336,20.6143896523848,27.718943680948534,14.551333872271623,313.5714435556133,0,4.65,1.8755750502901922,337.6035090522346,-6.408488993877579,13.166307479846493,,,,,,,,,,
JYOTISTRUC_MINED_BASE_G0_C226,,0,3,3,close_ema_3_daily_range_5_pct >= 5.443470843473113 AND close_to_close_ema_3_daily_difference_pct >= 1.8888435519628795 AND close_ema_8_daily_slope_pct >= 0.15733448182659485,180,87,93,48.333333333333336,20.6143896523848,27.718943680948534,14.551333872271623,313.5714435556133,0,4.65,1.8755750502901922,337.6035090522346,-6.408488993877579,13.166307479846493,,,,,,,,,,
JYOTISTRUC_MINED_BASE_G0_C227,,0,2,2,close_ema_3_daily_volatility_5_daily >= 1.6353580277228665 AND close_ema_3_daily_slope_pct >= 1.9352918519347406,205,94,111,45.85365853658537,20.6143896523848,25.23926888420057,16.572352465642684,313.4824388001424,0,5.550000000000001,1.6120314597131926,330.4664492412045,-6.408488993877579,13.166307479846493,,,,,,,,,,
JYOTISTRUC_MINED_BASE_G0_C228,,0,2,2,close_ema_3_daily_volatility_5_daily >= 1.6353580277228665 AND close_to_close_ema_3_daily_difference_pct >= 1.8888435519628795,205,94,111,45.85365853658537,20.6143896523848,25.23926888420057,16.572352465642684,313.4824388001424,0,5.550000000000001,1.6120314597131926,330.4664492412045,-6.408488993877579,13.166307479846493,,,,,,,,,,
JYOTISTRUC_MINED_BASE_G0_C229,,0,3,3,close_ema_3_daily_volatility_5_daily >= 1.6353580277228665 AND close_ema_3_daily_slope_pct >= 1.9352918519347406 AND close_to_close_ema_3_daily_difference_pct >= 1.8888435519628795,205,94,111,45.85365853658537,20.6143896523848,25.23926888420057,16.572352465642684,313.4824388001424,0,5.550000000000001,1.6120314597131926,330.4664492412045,-6.408488993877579,13.166307479846493,,,,,,,,,,
JYOTISTRUC_MINED_BASE_G0_C230,,0,3,3,close_ema_3_daily_volatility_5_daily >= 1.6353580277228665 AND close_ema_3_daily_slope_pct >= 1.9352918519347406 AND close_to_close_ema_3_daily_difference_pct >= -0.28338672864249204,205,94,111,45.85365853658537,20.6143896523848,25.23926888420057,16.572352465642684,313.4824388001424,0,5.550000000000001,1.6120314597131926,330.4664492412045,-6.408488993877579,13.166307479846493,,,,,,,,,,
JYOTISTRUC_MINED_BASE_G0_C231,,0,3,3,close_ema_3_daily_volatility_5_daily >= 1.6353580277228665 AND close_ema_3_daily_slope_pct >= 1.9352918519347406 AND close_to_close_ema_3_daily_difference_pct >= 1.003098168620758,205,94,111,45.85365853658537,20.6143896523848,25.23926888420057,16.572352465642684,313.4824388001424,0,5.550000000000001,1.6120314597131926,330.4664492412045,-6.408488993877579,13.166307479846493,,,,,,,,,,
JYOTISTRUC_MINED_BASE_G0_C232,,0,3,3,close_ema_3_daily_volatility_5_daily >= 1.6353580277228665 AND close_ema_3_daily_slope_pct >= 1.9352918519347406 AND close_to_close_ema_3_daily_difference_pct >= 0.2529055823789776,205,94,111,45.85365853658537,20.6143896523848,25.23926888420057,16.572352465642684,313.4824388001424,0,5.550000000000001,1.6120314597131926,330.4664492412045,-6.408488993877579,13.166307479846493,,,,,,,,,,
JYOTISTRUC_MINED_BASE_G0_C233,,0,3,3,close_ema_3_daily_volatility_5_daily >= 1.6353580277228665 AND close_to_close_ema_3_daily_difference_pct >= 1.8888435519628795 AND close_ema_3_daily_slope_pct >= -0.28800660038466785,205,94,111,45.85365853658537,20.6143896523848,25.23926888420057,16.572352465642684,313.4824388001424,0,5.550000000000001,1.6120314597131926,330.4664492412045,-6.408488993877579,13.166307479846493,,,,,,,,,,
JYOTISTRUC_MINED_BASE_G0_C234,,0,3,3,close_ema_3_daily_volatility_5_daily >= 1.6353580277228665 AND close_to_close_ema_3_daily_difference_pct >= 1.8888435519628795 AND close_ema_3_daily_slope_pct >= 1.0132621830219937,205,94,111,45.85365853658537,20.6143896523848,25.23926888420057,16.572352465642684,313.4824388001424,0,5.550000000000001,1.6120314597131926,330.4664492412045,-6.408488993877579,13.166307479846493,,,,,,,,,,
JYOTISTRUC_MINED_BASE_G0_C235,,0,3,3,close_ema_3_daily_volatility_5_daily >= 1.6353580277228665 AND close_to_close_ema_3_daily_difference_pct >= 1.8888435519628795 AND close_ema_3_daily_slope_pct >= 0.2627015027787666,205,94,111,45.85365853658537,20.6143896523848,25.23926888420057,16.572352465642684,313.4824388001424,0,5.550000000000001,1.6120314597131926,330.4664492412045,-6.408488993877579,13.166307479846493,,,,,,,,,,
JYOTISTRUC_MINED_BASE_G0_C236,,0,2,2,close_to_close_ema_3_daily_difference_pct >= 3.454021016255545 AND close_ema_3_daily_range_5_pct >= 6.513413502927244,113,64,49,56.63716814159292,20.6143896523848,36.02277848920812,9.135004042037187,313.10273290362744,0,2.45,2.4796134858622785,280.1963239024375,-6.408488993877579,9.979423397254806,,,,,,,,,,
JYOTISTRUC_MINED_BASE_G0_C237,,0,2,2,close_ema_3_daily_slope_pct >= 3.5775917885063673 AND close_ema_3_daily_range_5_pct >= 6.513413502927244,113,64,49,56.63716814159292,20.6143896523848,36.02277848920812,9.135004042037187,313.10273290362744,0,2.45,2.4796134858622785,280.1963239024375,-6.408488993877579,9.979423397254806,,,,,,,,,,
JYOTISTRUC_MINED_BASE_G0_C238,,0,3,3,close_ema_3_daily_slope_pct >= 1.9352918519347406 AND close_to_close_ema_3_daily_difference_pct >= 3.454021016255545 AND close_ema_3_daily_range_5_pct >= 6.513413502927244,113,64,49,56.63716814159292,20.6143896523848,36.02277848920812,9.135004042037187,313.10273290362744,0,2.45,2.4796134858622785,280.1963239024375,-6.408488993877579,9.979423397254806,,,,,,,,,,
JYOTISTRUC_MINED_BASE_G0_C239,,0,3,3,close_to_close_ema_3_daily_difference_pct >= 1.8888435519628795 AND close_ema_3_daily_slope_pct >= 3.5775917885063673 AND close_ema_3_daily_range_5_pct >= 6.513413502927244,113,64,49,56.63716814159292,20.6143896523848,36.02277848920812,9.135004042037187,313.10273290362744,0,2.45,2.4796134858622785,280.1963239024375,-6.408488993877579,9.979423397254806,,,,,,,,,,
JYOTISTRUC_MINED_BASE_G0_C240,,0,3,3,close_ema_3_daily_slope_pct >= -0.28800660038466785 AND close_to_close_ema_3_daily_difference_pct >= 3.454021016255545 AND close_ema_3_daily_range_5_pct >= 6.513413502927244,113,64,49,56.63716814159292,20.6143896523848,36.02277848920812,9.135004042037187,313.10273290362744,0,2.45,2.4796134858622785,280.1963239024375,-6.408488993877579,9.979423397254806,,,,,,,,,,
JYOTISTRUC_MINED_BASE_G0_C241,,0,3,3,close_to_close_ema_3_daily_difference_pct >= -0.28338672864249204 AND close_ema_3_daily_slope_pct >= 3.5775917885063673 AND close_ema_3_daily_range_5_pct >= 6.513413502927244,113,64,49,56.63716814159292,20.6143896523848,36.02277848920812,9.135004042037187,313.10273290362744,0,2.45,2.4796134858622785,280.1963239024375,-6.408488993877579,9.979423397254806,,,,,,,,,,
JYOTISTRUC_MINED_BASE_G0_C242,,0,3,3,close_to_close_ema_3_daily_difference_pct >= 3.454021016255545 AND close_ema_3_daily_slope_pct >= 3.5775917885063673 AND close_ema_3_daily_range_5_pct >= 6.513413502927244,113,64,49,56.63716814159292,20.6143896523848,36.02277848920812,9.135004042037187,313.10273290362744,0,2.45,2.4796134858622785,280.1963239024375,-6.408488993877579,9.979423397254806,,,,,,,,,,
JYOTISTRUC_MINED_BASE_G0_C243,,0,3,3,close_to_close_ema_3_daily_difference_pct >= 3.454021016255545 AND close_ema_3_daily_slope_pct >= 1.0132621830219937 AND close_ema_3_daily_range_5_pct >= 6.513413502927244,113,64,49,56.63716814159292,20.6143896523848,36.02277848920812,9.135004042037187,313.10273290362744,0,2.45,2.4796134858622785,280.1963239024375,-6.408488993877579,9.979423397254806,,,,,,,,,,
JYOTISTRUC_MINED_BASE_G0_C244,,0,3,3,close_to_close_ema_3_daily_difference_pct >= 3.454021016255545 AND close_ema_3_daily_slope_pct >= 0.2627015027787666 AND close_ema_3_daily_range_5_pct >= 6.513413502927244,113,64,49,56.63716814159292,20.6143896523848,36.02277848920812,9.135004042037187,313.10273290362744,0,2.45,2.4796134858622785,280.1963239024375,-6.408488993877579,9.979423397254806,,,,,,,,,,
JYOTISTRUC_MINED_BASE_G0_C245,,0,3,3,close_to_close_ema_3_daily_difference_pct >= 3.454021016255545 AND close_ema_3_daily_range_5_pct >= 6.513413502927244 AND close_to_close_ema_8_daily_difference_pct >= 0.5493544276590487,113,64,49,56.63716814159292,20.6143896523848,36.02277848920812,9.135004042037187,313.10273290362744,0,2.45,2.4796134858622785,280.1963239024375,-6.408488993877579,9.979423397254806,,,,,,,,,,
JYOTISTRUC_MINED_BASE_G0_C246,,0,3,3,close_to_close_ema_3_daily_difference_pct >= 3.454021016255545 AND close_ema_3_daily_range_5_pct >= 6.513413502927244 AND close_ema_8_daily_slope_pct >= 0.15733448182659485,113,64,49,56.63716814159292,20.6143896523848,36.02277848920812,9.135004042037187,313.10273290362744,0,2.45,2.4796134858622785,280.1963239024375,-6.408488993877579,9.979423397254806,,,,,,,,,,
JYOTISTRUC_MINED_BASE_G0_C247,,0,3,3,close_to_close_ema_3_daily_difference_pct >= 3.454021016255545 AND close_ema_3_daily_range_5_pct >= 6.513413502927244 AND close_to_close_ema_8_daily_difference_pct >= 2.199870988161985,113,64,49,56.63716814159292,20.6143896523848,36.02277848920812,9.135004042037187,313.10273290362744,0,2.45,2.4796134858622785,280.1963239024375,-6.408488993877579,9.979423397254806,,,,,,,,,,
JYOTISTRUC_MINED_BASE_G0_C248,,0,3,3,close_to_close_ema_3_daily_difference_pct >= 3.454021016255545 AND close_ema_3_daily_range_5_pct >= 6.513413502927244 AND close_ema_8_daily_slope_pct >= 0.6325101127513095,113,64,49,56.63716814159292,20.6143896523848,36.02277848920812,9.135004042037187,313.10273290362744,0,2.45,2.4796134858622785,280.1963239024375,-6.408488993877579,9.979423397254806,,,,,,,,,,
JYOTISTRUC_MINED_BASE_G0_C249,,0,3,3,close_ema_3_daily_slope_pct >= 3.5775917885063673 AND close_to_close_ema_3_daily_difference_pct >= 1.003098168620758 AND close_ema_3_daily_range_5_pct >= 6.513413502927244,113,64,49,56.63716814159292,20.6143896523848,36.02277848920812,9.135004042037187,313.10273290362744,0,2.45,2.4796134858622785,280.1963239024375,-6.408488993877579,9.979423397254806,,,,,,,,,,
JYOTISTRUC_MINED_BASE_G0_C250,,0,3,3,close_ema_3_daily_slope_pct >= 3.5775917885063673 AND close_to_close_ema_3_daily_difference_pct >= 0.2529055823789776 AND close_ema_3_daily_range_5_pct >= 6.513413502927244,113,64,49,56.63716814159292,20.6143896523848,36.02277848920812,9.135004042037187,313.10273290362744,0,2.45,2.4796134858622785,280.1963239024375,-6.408488993877579,9.979423397254806,,,,,,,,,,
JYOTISTRUC_MINED_BASE_G0_C251,,0,3,3,close_ema_3_daily_slope_pct >= 3.5775917885063673 AND close_ema_3_daily_range_5_pct >= 6.513413502927244 AND close_to_close_ema_8_daily_difference_pct >= 0.5493544276590487,113,64,49,56.63716814159292,20.6143896523848,36.02277848920812,9.135004042037187,313.10273290362744,0,2.45,2.4796134858622785,280.1963239024375,-6.408488993877579,9.979423397254806,,,,,,,,,,
JYOTISTRUC_MINED_BASE_G0_C252,,0,3,3,close_ema_3_daily_slope_pct >= 3.5775917885063673 AND close_ema_3_daily_range_5_pct >= 6.513413502927244 AND close_ema_8_daily_slope_pct >= 0.15733448182659485,113,64,49,56.63716814159292,20.6143896523848,36.02277848920812,9.135004042037187,313.10273290362744,0,2.45,2.4796134858622785,280.1963239024375,-6.408488993877579,9.979423397254806,,,,,,,,,,
JYOTISTRUC_MINED_BASE_G0_C253,,0,3,3,close_ema_3_daily_slope_pct >= 3.5775917885063673 AND close_ema_3_daily_range_5_pct >= 6.513413502927244 AND close_to_close_ema_8_daily_difference_pct >= 2.199870988161985,113,64,49,56.63716814159292,20.6143896523848,36.02277848920812,9.135004042037187,313.10273290362744,0,2.45,2.4796134858622785,280.1963239024375,-6.408488993877579,9.979423397254806,,,,,,,,,,
JYOTISTRUC_MINED_BASE_G0_C254,,0,3,3,close_ema_3_daily_slope_pct >= 3.5775917885063673 AND close_ema_3_daily_range_5_pct >= 6.513413502927244 AND close_ema_8_daily_slope_pct >= 0.6325101127513095,113,64,49,56.63716814159292,20.6143896523848,36.02277848920812,9.135004042037187,313.10273290362744,0,2.45,2.4796134858622785,280.1963239024375,-6.408488993877579,9.979423397254806,,,,,,,,,,
JYOTISTRUC_MINED_BASE_G0_C255,,0,3,3,close_ema_3_daily_range_5_pct >= 5.443470843473113 AND close_ema_3_daily_volatility_5_daily >= 1.836598276929643 AND close_to_close_ema_3_daily_difference_pct >= 3.454021016255545,116,65,51,56.03448275862068,20.6143896523848,35.42009310623588,9.377526273241713,311.9166724112151,0,2.5500000000000003,2.4554022933452275,284.8266660280464,-6.408488993877579,9.979423397254806,,,,,,,,,,
JYOTISTRUC_MINED_BASE_G0_C256,,0,3,3,close_ema_3_daily_range_5_pct >= 5.443470843473113 AND close_ema_3_daily_volatility_5_daily >= 1.836598276929643 AND close_ema_3_daily_slope_pct >= 3.5775917885063673,116,65,51,56.03448275862068,20.6143896523848,35.42009310623588,9.377526273241713,311.9166724112151,0,2.5500000000000003,2.4554022933452275,284.8266660280464,-6.408488993877579,9.979423397254806,,,,,,,,,,
JYOTISTRUC_MINED_BASE_G0_C257,,0,2,2,close_ema_3_daily_range_5_pct >= 5.443470843473113 AND close_ema_3_daily_volatility_5_daily >= 1.836598276929643,434,136,298,31.336405529953915,20.6143896523848,10.722015877569113,35.08488278092158,311.8802866254316,0,14.9,0.3900690791953311,169.28998037077372,-9.598066541883696,15.64246482726509,,,,,,,,,,
JYOTISTRUC_MINED_BASE_G0_C258,,0,3,3,close_to_close_ema_3_daily_difference_pct >= 3.454021016255545 AND close_ema_3_daily_range_5_pct >= 7.56636421937482 AND close_ema_13_daily_slope_pct >= 0.145719601926301,97,57,40,58.76288659793815,20.6143896523848,38.14849694555335,7.841552142279709,309.8054881223707,0,2,2.3543344648679962,228.37044309219561,-6.408488993877579,5.0000022439395675,,,,,,,,,,
JYOTISTRUC_MINED_BASE_G0_C259,,0,3,3,close_to_close_ema_3_daily_difference_pct >= 3.454021016255545 AND close_ema_3_daily_range_5_pct >= 7.56636421937482 AND close_to_close_ema_13_daily_difference_pct >= 0.8582022248527891,97,57,40,58.76288659793815,20.6143896523848,38.14849694555335,7.841552142279709,309.8054881223707,0,2,2.3543344648679962,228.37044309219561,-6.408488993877579,5.0000022439395675,,,,,,,,,,
JYOTISTRUC_MINED_BASE_G0_C260,,0,3,3,close_ema_3_daily_slope_pct >= 3.5775917885063673 AND close_ema_3_daily_range_5_pct >= 7.56636421937482 AND close_ema_13_daily_slope_pct >= 0.145719601926301,97,57,40,58.76288659793815,20.6143896523848,38.14849694555335,7.841552142279709,309.8054881223707,0,2,2.3543344648679962,228.37044309219561,-6.408488993877579,5.0000022439395675,,,,,,,,,,
JYOTISTRUC_MINED_BASE_G0_C261,,0,3,3,close_ema_3_daily_slope_pct >= 3.5775917885063673 AND close_ema_3_daily_range_5_pct >= 7.56636421937482 AND close_to_close_ema_13_daily_difference_pct >= 0.8582022248527891,97,57,40,58.76288659793815,20.6143896523848,38.14849694555335,7.841552142279709,309.8054881223707,0,2,2.3543344648679962,228.37044309219561,-6.408488993877579,5.0000022439395675,,,,,,,,,,
JYOTISTRUC_MINED_BASE_G0_C262,,0,3,3,close_ema_3_daily_range_5_pct >= 5.443470843473113 AND close_ema_3_daily_slope_pct >= 1.9352918519347406 AND close_to_close_ema_8_daily_difference_pct >= 2.199870988161985,176,85,91,48.29545454545455,20.6143896523848,27.681064893069745,14.227970897332257,309.47206825262896,0,4.55,1.8722479290934215,329.5156355204422,-6.408488993877579,13.166307479846493,,,,,,,,,,
JYOTISTRUC_MINED_BASE_G0_C263,,0,3,3,close_ema_3_daily_range_5_pct >= 5.443470843473113 AND close_ema_3_daily_slope_pct >= 1.9352918519347406 AND close_ema_8_daily_slope_pct >= 0.6325101127513095,176,85,91,48.29545454545455,20.6143896523848,27.681064893069745,14.227970897332257,309.47206825262896,0,4.55,1.8722479290934215,329.5156355204422,-6.408488993877579,13.166307479846493,,,,,,,,,,
JYOTISTRUC_MINED_BASE_G0_C264,,0,3,3,close_ema_3_daily_range_5_pct >= 5.443470843473113 AND close_to_close_ema_3_daily_difference_pct >= 1.8888435519628795 AND close_to_close_ema_8_daily_difference_pct >= 2.199870988161985,176,85,91,48.29545454545455,20.6143896523848,27.681064893069745,14.227970897332257,309.47206825262896,0,4.55,1.8722479290934215,329.5156355204422,-6.408488993877579,13.166307479846493,,,,,,,,,,
JYOTISTRUC_MINED_BASE_G0_C265,,0,3,3,close_ema_3_daily_range_5_pct >= 5.443470843473113 AND close_to_close_ema_3_daily_difference_pct >= 1.8888435519628795 AND close_ema_8_daily_slope_pct >= 0.6325101127513095,176,85,91,48.29545454545455,20.6143896523848,27.681064893069745,14.227970897332257,309.47206825262896,0,4.55,1.8722479290934215,329.5156355204422,-6.408488993877579,13.166307479846493,,,,,,,,,,
JYOTISTRUC_MINED_BASE_G0_C266,,0,1,1,close_to_close_ema_3_daily_difference_pct >= 1.003098168620758,372,126,246,33.87096774193548,20.6143896523848,13.256578089550679,30.072756669361354,309.4136445238427,0,12.3,1.14358469202978,425.4135054350782,-6.936684370911476,13.166307479846493,,,,,,,,,,
JYOTISTRUC_MINED_BASE_G0_C267,,0,1,1,close_ema_3_daily_slope_pct >= 1.0132621830219937,372,126,246,33.87096774193548,20.6143896523848,13.256578089550679,30.072756669361354,309.4136445238427,0,12.3,1.14358469202978,425.4135054350782,-6.936684370911476,13.166307479846493,,,,,,,,,,
JYOTISTRUC_MINED_BASE_G0_C268,,0,2,2,close_ema_3_daily_slope_pct >= -0.28800660038466785 AND close_to_close_ema_3_daily_difference_pct >= 1.003098168620758,372,126,246,33.87096774193548,20.6143896523848,13.256578089550679,30.072756669361354,309.4136445238427,0,12.3,1.14358469202978,425.4135054350782,-6.936684370911476,13.166307479846493,,,,,,,,,,
JYOTISTRUC_MINED_BASE_G0_C269,,0,2,2,close_to_close_ema_3_daily_difference_pct >= -0.28338672864249204 AND close_ema_3_daily_slope_pct >= 1.0132621830219937,372,126,246,33.87096774193548,20.6143896523848,13.256578089550679,30.072756669361354,309.4136445238427,0,12.3,1.14358469202978,425.4135054350782,-6.936684370911476,13.166307479846493,,,,,,,,,,
JYOTISTRUC_MINED_BASE_G0_C270,,0,2,2,close_to_close_ema_3_daily_difference_pct >= 1.003098168620758 AND close_ema_3_daily_slope_pct >= 1.0132621830219937,372,126,246,33.87096774193548,20.6143896523848,13.256578089550679,30.072756669361354,309.4136445238427,0,12.3,1.14358469202978,425.4135054350782,-6.936684370911476,13.166307479846493,,,,,,,,,,
JYOTISTRUC_MINED_BASE_G0_C271,,0,2,2,close_to_close_ema_3_daily_difference_pct >= 1.003098168620758 AND close_ema_3_daily_slope_pct >= 0.2627015027787666,372,126,246,33.87096774193548,20.6143896523848,13.256578089550679,30.072756669361354,309.4136445238427,0,12.3,1.14358469202978,425.4135054350782,-6.936684370911476,13.166307479846493,,,,,,,,,,
JYOTISTRUC_MINED_BASE_G0_C272,,0,2,2,close_ema_3_daily_slope_pct >= 1.0132621830219937 AND close_to_close_ema_3_daily_difference_pct >= 0.2529055823789776,372,126,246,33.87096774193548,20.6143896523848,13.256578089550679,30.072756669361354,309.4136445238427,0,12.3,1.14358469202978,425.4135054350782,-6.936684370911476,13.166307479846493,,,,,,,,,,
JYOTISTRUC_MINED_BASE_G0_C273,,0,1,1,close_ema_3_daily_slope_pct >= 0.2627015027787666,495,142,353,28.68686868686869,20.6143896523848,8.072479034483887,40.016168148746964,309.3129206216847,0,17.650000000000002,0.8668418164217618,429.0866991287721,-10.073380096813704,13.166307479846493,,,,,,,,,,
JYOTISTRUC_MINED_BASE_G0_C274,,0,2,2,close_to_close_ema_3_daily_difference_pct >= -0.28338672864249204 AND close_ema_3_daily_slope_pct >= 0.2627015027787666,495,142,353,28.68686868686869,20.6143896523848,8.072479034483887,40.016168148746964,309.3129206216847,0,17.650000000000002,0.8668418164217618,429.0866991287721,-10.073380096813704,13.166307479846493,,,,,,,,,,
JYOTISTRUC_MINED_BASE_G0_C275,,0,2,2,close_ema_3_daily_slope_pct >= 0.2627015027787666 AND close_to_close_ema_3_daily_difference_pct >= 0.2529055823789776,495,142,353,28.68686868686869,20.6143896523848,8.072479034483887,40.016168148746964,309.3129206216847,0,17.650000000000002,0.8668418164217618,429.0866991287721,-10.073380096813704,13.166307479846493,,,,,,,,,,
JYOTISTRUC_MINED_BASE_G0_C276,,0,3,3,close_ema_3_daily_volatility_5_daily >= 1.6353580277228665 AND close_to_close_ema_3_daily_difference_pct >= 3.454021016255545 AND close_ema_13_daily_slope_pct >= 0.145719601926301,117,65,52,55.55555555555556,20.6143896523848,34.941165903170756,9.458367016976556,309.19318919249264,0,2.6,2.3624532255462936,276.40702738891633,-6.408488993877579,9.979423397254806,,,,,,,,,,
JYOTISTRUC_MINED_BASE_G0_C277,,0,3,3,close_ema_3_daily_volatility_5_daily >= 1.6353580277228665 AND close_to_close_ema_3_daily_difference_pct >= 3.454021016255545 AND close_to_close_ema_13_daily_difference_pct >= 0.8582022248527891,117,65,52,55.55555555555556,20.6143896523848,34.941165903170756,9.458367016976556,309.19318919249264,0,2.6,2.3624532255462936,276.40702738891633,-6.408488993877579,9.979423397254806,,,,,,,,,,
JYOTISTRUC_MINED_BASE_G0_C278,,0,3,3,close_ema_3_daily_volatility_5_daily >= 1.6353580277228665 AND close_ema_3_daily_slope_pct >= 3.5775917885063673 AND close_ema_13_daily_slope_pct >= 0.145719601926301,117,65,52,55.55555555555556,20.6143896523848,34.941165903170756,9.458367016976556,309.19318919249264,0,2.6,2.3624532255462936,276.40702738891633,-6.408488993877579,9.979423397254806,,,,,,,,,,
JYOTISTRUC_MINED_BASE_G0_C279,,0,3,3,close_ema_3_daily_volatility_5_daily >= 1.6353580277228665 AND close_ema_3_daily_slope_pct >= 3.5775917885063673 AND close_to_close_ema_13_daily_difference_pct >= 0.8582022248527891,117,65,52,55.55555555555556,20.6143896523848,34.941165903170756,9.458367016976556,309.19318919249264,0,2.6,2.3624532255462936,276.40702738891633,-6.408488993877579,9.979423397254806,,,,,,,,,,
JYOTISTRUC_MINED_BASE_G0_C280,,0,3,3,close_ema_3_daily_volatility_5_daily >= 1.6353580277228665 AND close_to_close_ema_3_daily_difference_pct >= 3.454021016255545 AND close_ema_3_daily_range_5_pct >= 6.513413502927244,112,63,49,56.25,20.6143896523848,35.6356103476152,9.054163298302344,309.1154846860973,0,2.45,2.4624776493404488,275.79749672613025,-6.408488993877579,9.979423397254806,,,,,,,,,,
JYOTISTRUC_MINED_BASE_G0_C281,,0,3,3,close_ema_3_daily_volatility_5_daily >= 1.6353580277228665 AND close_ema_3_daily_slope_pct >= 3.5775917885063673 AND close_ema_3_daily_range_5_pct >= 6.513413502927244,112,63,49,56.25,20.6143896523848,35.6356103476152,9.054163298302344,309.1154846860973,0,2.45,2.4624776493404488,275.79749672613025,-6.408488993877579,9.979423397254806,,,,,,,,,,
JYOTISTRUC_MINED_BASE_G0_C282,,0,1,1,close_to_close_ema_3_daily_difference_pct >= 0.2529055823789776,496,142,354,28.62903225806452,20.6143896523848,8.014642605679718,40.09700889248181,308.9631071699257,0,17.7,0.863298047175704,428.1958313991492,-10.073380096813704,13.166307479846493,,,,,,,,,,
JYOTISTRUC_MINED_BASE_G0_C283,,0,2,2,close_ema_3_daily_slope_pct >= -0.28800660038466785 AND close_to_close_ema_3_daily_difference_pct >= 0.2529055823789776,496,142,354,28.62903225806452,20.6143896523848,8.014642605679718,40.09700889248181,308.9631071699257,0,17.7,0.863298047175704,428.1958313991492,-10.073380096813704,13.166307479846493,,,,,,,,,,
JYOTISTRUC_MINED_BASE_G0_C284,,0,2,2,close_to_close_ema_3_daily_difference_pct >= 3.454021016255545 AND close_ema_3_daily_volatility_5_daily >= 2.179806971968742,105,60,45,57.14285714285714,20.6143896523848,36.52846749047234,8.488278092158447,307.9685315647717,0,2.25,2.525398037469997,265.1667939343497,-6.408488993877579,9.979423397254806,,,,,,,,,,
JYOTISTRUC_MINED_BASE_G0_C285,,0,2,2,close_ema_3_daily_slope_pct >= 3.5775917885063673 AND close_ema_3_daily_volatility_5_daily >= 2.179806971968742,105,60,45,57.14285714285714,20.6143896523848,36.52846749047234,8.488278092158447,307.9685315647717,0,2.25,2.525398037469997,265.1667939343497,-6.408488993877579,9.979423397254806,,,,,,,,,,
JYOTISTRUC_MINED_BASE_G0_C286,,0,3,3,close_ema_3_daily_range_5_pct >= 5.443470843473113 AND close_to_close_ema_3_daily_difference_pct >= 3.454021016255545 AND close_ema_3_daily_volatility_5_daily >= 2.179806971968742,105,60,45,57.14285714285714,20.6143896523848,36.52846749047234,8.488278092158447,307.9685315647717,0,2.25,2.525398037469997,265.1667939343497,-6.408488993877579,9.979423397254806,,,,,,,,,,
JYOTISTRUC_MINED_BASE_G0_C287,,0,3,3,close_ema_3_daily_range_5_pct >= 5.443470843473113 AND close_ema_3_daily_slope_pct >= 3.5775917885063673 AND close_ema_3_daily_volatility_5_daily >= 2.179806971968742,105,60,45,57.14285714285714,20.6143896523848,36.52846749047234,8.488278092158447,307.9685315647717,0,2.25,2.525398037469997,265.1667939343497,-6.408488993877579,9.979423397254806,,,,,,,,,,
JYOTISTRUC_MINED_BASE_G0_C288,,0,3,3,close_ema_3_daily_slope_pct >= 1.9352918519347406 AND close_to_close_ema_3_daily_difference_pct >= 3.454021016255545 AND close_ema_3_daily_volatility_5_daily >= 2.179806971968742,105,60,45,57.14285714285714,20.6143896523848,36.52846749047234,8.488278092158447,307.9685315647717,0,2.25,2.525398037469997,265.1667939343497,-6.408488993877579,9.979423397254806,,,,,,,,,,
JYOTISTRUC_MINED_BASE_G0_C289,,0,3,3,close_to_close_ema_3_daily_difference_pct >= 1.8888435519628795 AND close_ema_3_daily_slope_pct >= 3.5775917885063673 AND close_ema_3_daily_volatility_5_daily >= 2.179806971968742,105,60,45,57.14285714285714,20.6143896523848,36.52846749047234,8.488278092158447,307.9685315647717,0,2.25,2.525398037469997,265.1667939343497,-6.408488993877579,9.979423397254806,,,,,,,,,,
JYOTISTRUC_MINED_BASE_G0_C290,,0,3,3,close_ema_3_daily_slope_pct >= -0.28800660038466785 AND close_to_close_ema_3_daily_difference_pct >= 3.454021016255545 AND close_ema_3_daily_volatility_5_daily >= 2.179806971968742,105,60,45,57.14285714285714,20.6143896523848,36.52846749047234,8.488278092158447,307.9685315647717,0,2.25,2.525398037469997,265.1667939343497,-6.408488993877579,9.979423397254806,,,,,,,,,,
JYOTISTRUC_MINED_BASE_G0_C291,,0,3,3,close_to_close_ema_3_daily_difference_pct >= -0.28338672864249204 AND close_ema_3_daily_slope_pct >= 3.5775917885063673 AND close_ema_3_daily_volatility_5_daily >= 2.179806971968742,105,60,45,57.14285714285714,20.6143896523848,36.52846749047234,8.488278092158447,307.9685315647717,0,2.25,2.525398037469997,265.1667939343497,-6.408488993877579,9.979423397254806,,,,,,,,,,
JYOTISTRUC_MINED_BASE_G0_C292,,0,3,3,close_to_close_ema_3_daily_difference_pct >= 3.454021016255545 AND close_ema_3_daily_slope_pct >= 3.5775917885063673 AND close_ema_3_daily_volatility_5_daily >= 2.179806971968742,105,60,45,57.14285714285714,20.6143896523848,36.52846749047234,8.488278092158447,307.9685315647717,0,2.25,2.525398037469997,265.1667939343497,-6.408488993877579,9.979423397254806,,,,,,,,,,
JYOTISTRUC_MINED_BASE_G0_C293,,0,3,3,close_to_close_ema_3_daily_difference_pct >= 3.454021016255545 AND close_ema_3_daily_slope_pct >= 1.0132621830219937 AND close_ema_3_daily_volatility_5_daily >= 2.179806971968742,105,60,45,57.14285714285714,20.6143896523848,36.52846749047234,8.488278092158447,307.9685315647717,0,2.25,2.525398037469997,265.1667939343497,-6.408488993877579,9.979423397254806,,,,,,,,,,
JYOTISTRUC_MINED_BASE_G0_C294,,0,3,3,close_to_close_ema_3_daily_difference_pct >= 3.454021016255545 AND close_ema_3_daily_slope_pct >= 0.2627015027787666 AND close_ema_3_daily_volatility_5_daily >= 2.179806971968742,105,60,45,57.14285714285714,20.6143896523848,36.52846749047234,8.488278092158447,307.9685315647717,0,2.25,2.525398037469997,265.1667939343497,-6.408488993877579,9.979423397254806,,,,,,,,,,
JYOTISTRUC_MINED_BASE_G0_C295,,0,3,3,close_to_close_ema_3_daily_difference_pct >= 3.454021016255545 AND close_ema_3_daily_volatility_5_daily >= 2.179806971968742 AND close_to_close_ema_8_daily_difference_pct >= 0.5493544276590487,105,60,45,57.14285714285714,20.6143896523848,36.52846749047234,8.488278092158447,307.9685315647717,0,2.25,2.525398037469997,265.1667939343497,-6.408488993877579,9.979423397254806,,,,,,,,,,
JYOTISTRUC_MINED_BASE_G0_C296,,0,3,3,close_to_close_ema_3_daily_difference_pct >= 3.454021016255545 AND close_ema_3_daily_volatility_5_daily >= 2.179806971968742 AND close_ema_8_daily_slope_pct >= 0.15733448182659485,105,60,45,57.14285714285714,20.6143896523848,36.52846749047234,8.488278092158447,307.9685315647717,0,2.25,2.525398037469997,265.1667939343497,-6.408488993877579,9.979423397254806,,,,,,,,,,
JYOTISTRUC_MINED_BASE_G0_C297,,0,3,3,close_to_close_ema_3_daily_difference_pct >= 3.454021016255545 AND close_ema_3_daily_volatility_5_daily >= 2.179806971968742 AND close_to_close_ema_8_daily_difference_pct >= 2.199870988161985,105,60,45,57.14285714285714,20.6143896523848,36.52846749047234,8.488278092158447,307.9685315647717,0,2.25,2.525398037469997,265.1667939343497,-6.408488993877579,9.979423397254806,,,,,,,,,,
JYOTISTRUC_MINED_BASE_G0_C298,,0,3,3,close_to_close_ema_3_daily_difference_pct >= 3.454021016255545 AND close_ema_3_daily_volatility_5_daily >= 2.179806971968742 AND close_ema_8_daily_slope_pct >= 0.6325101127513095,105,60,45,57.14285714285714,20.6143896523848,36.52846749047234,8.488278092158447,307.9685315647717,0,2.25,2.525398037469997,265.1667939343497,-6.408488993877579,9.979423397254806,,,,,,,,,,
JYOTISTRUC_MINED_BASE_G0_C299,,0,3,3,close_ema_3_daily_slope_pct >= 3.5775917885063673 AND close_to_close_ema_3_daily_difference_pct >= 1.003098168620758 AND close_ema_3_daily_volatility_5_daily >= 2.179806971968742,105,60,45,57.14285714285714,20.6143896523848,36.52846749047234,8.488278092158447,307.9685315647717,0,2.25,2.525398037469997,265.1667939343497,-6.408488993877579,9.979423397254806,,,,,,,,,,
JYOTISTRUC_MINED_BASE_G0_C300,,0,3,3,close_ema_3_daily_slope_pct >= 3.5775917885063673 AND close_to_close_ema_3_daily_difference_pct >= 0.2529055823789776 AND close_ema_3_daily_volatility_5_daily >= 2.179806971968742,105,60,45,57.14285714285714,20.6143896523848,36.52846749047234,8.488278092158447,307.9685315647717,0,2.25,2.525398037469997,265.1667939343497,-6.408488993877579,9.979423397254806,,,,,,,,,,
JYOTISTRUC_MINED_BASE_G0_C301,,0,3,3,close_ema_3_daily_slope_pct >= 3.5775917885063673 AND close_ema_3_daily_volatility_5_daily >= 2.179806971968742 AND close_to_close_ema_8_daily_difference_pct >= 0.5493544276590487,105,60,45,57.14285714285714,20.6143896523848,36.52846749047234,8.488278092158447,307.9685315647717,0,2.25,2.525398037469997,265.1667939343497,-6.408488993877579,9.979423397254806,,,,,,,,,,
JYOTISTRUC_MINED_BASE_G0_C302,,0,3,3,close_ema_3_daily_slope_pct >= 3.5775917885063673 AND close_ema_3_daily_volatility_5_daily >= 2.179806971968742 AND close_ema_8_daily_slope_pct >= 0.15733448182659485,105,60,45,57.14285714285714,20.6143896523848,36.52846749047234,8.488278092158447,307.9685315647717,0,2.25,2.525398037469997,265.1667939343497,-6.408488993877579,9.979423397254806,,,,,,,,,,
JYOTISTRUC_MINED_BASE_G0_C303,,0,3,3,close_ema_3_daily_slope_pct >= 3.5775917885063673 AND close_ema_3_daily_volatility_5_daily >= 2.179806971968742 AND close_to_close_ema_8_daily_difference_pct >= 2.199870988161985,105,60,45,57.14285714285714,20.6143896523848,36.52846749047234,8.488278092158447,307.9685315647717,0,2.25,2.525398037469997,265.1667939343497,-6.408488993877579,9.979423397254806,,,,,,,,,,
JYOTISTRUC_MINED_BASE_G0_C304,,0,3,3,close_ema_3_daily_slope_pct >= 3.5775917885063673 AND close_ema_3_daily_volatility_5_daily >= 2.179806971968742 AND close_ema_8_daily_slope_pct >= 0.6325101127513095,105,60,45,57.14285714285714,20.6143896523848,36.52846749047234,8.488278092158447,307.9685315647717,0,2.25,2.525398037469997,265.1667939343497,-6.408488993877579,9.979423397254806,,,,,,,,,,
JYOTISTRUC_MINED_BASE_G0_C305,,0,2,2,close_to_close_ema_3_daily_difference_pct >= 3.454021016255545 AND close_ema_3_daily_range_5_pct >= 7.56636421937482,100,58,42,57.99999999999999,20.6143896523848,37.38561034761519,8.084074373484237,307.7137671902183,0,2.1,2.2952384840474456,229.52384840474457,-6.408488993877579,5.0000022439395675,,,,,,,,,,
JYOTISTRUC_MINED_BASE_G0_C306,,0,2,2,close_ema_3_daily_slope_pct >= 3.5775917885063673 AND close_ema_3_daily_range_5_pct >= 7.56636421937482,100,58,42,57.99999999999999,20.6143896523848,37.38561034761519,8.084074373484237,307.7137671902183,0,2.1,2.2952384840474456,229.52384840474457,-6.408488993877579,5.0000022439395675,,,,,,,,,,
JYOTISTRUC_MINED_BASE_G0_C307,,0,3,3,close_ema_3_daily_volatility_5_daily >= 1.6353580277228665 AND close_to_close_ema_3_daily_difference_pct >= 3.454021016255545 AND close_ema_3_daily_range_5_pct >= 7.56636421937482,100,58,42,57.99999999999999,20.6143896523848,37.38561034761519,8.084074373484237,307.7137671902183,0,2.1,2.2952384840474456,229.52384840474457,-6.408488993877579,5.0000022439395675,,,,,,,,,,
JYOTISTRUC_MINED_BASE_G0_C308,,0,3,3,close_ema_3_daily_volatility_5_daily >= 1.6353580277228665 AND close_ema_3_daily_slope_pct >= 3.5775917885063673 AND close_ema_3_daily_range_5_pct >= 7.56636421937482,100,58,42,57.99999999999999,20.6143896523848,37.38561034761519,8.084074373484237,307.7137671902183,0,2.1,2.2952384840474456,229.52384840474457,-6.408488993877579,5.0000022439395675,,,,,,,,,,
JYOTISTRUC_MINED_BASE_G0_C309,,0,3,3,close_ema_3_daily_slope_pct >= 1.9352918519347406 AND close_to_close_ema_3_daily_difference_pct >= 3.454021016255545 AND close_ema_3_daily_range_5_pct >= 7.56636421937482,100,58,42,57.99999999999999,20.6143896523848,37.38561034761519,8.084074373484237,307.7137671902183,0,2.1,2.2952384840474456,229.52384840474457,-6.408488993877579,5.0000022439395675,,,,,,,,,,
JYOTISTRUC_MINED_BASE_G0_C310,,0,3,3,close_to_close_ema_3_daily_difference_pct >= 1.8888435519628795 AND close_ema_3_daily_slope_pct >= 3.5775917885063673 AND close_ema_3_daily_range_5_pct >= 7.56636421937482,100,58,42,57.99999999999999,20.6143896523848,37.38561034761519,8.084074373484237,307.7137671902183,0,2.1,2.2952384840474456,229.52384840474457,-6.408488993877579,5.0000022439395675,,,,,,,,,,
JYOTISTRUC_MINED_BASE_G0_C311,,0,3,3,close_ema_3_daily_slope_pct >= -0.28800660038466785 AND close_to_close_ema_3_daily_difference_pct >= 3.454021016255545 AND close_ema_3_daily_range_5_pct >= 7.56636421937482,100,58,42,57.99999999999999,20.6143896523848,37.38561034761519,8.084074373484237,307.7137671902183,0,2.1,2.2952384840474456,229.52384840474457,-6.408488993877579,5.0000022439395675,,,,,,,,,,
JYOTISTRUC_MINED_BASE_G0_C312,,0,3,3,close_to_close_ema_3_daily_difference_pct >= -0.28338672864249204 AND close_ema_3_daily_slope_pct >= 3.5775917885063673 AND close_ema_3_daily_range_5_pct >= 7.56636421937482,100,58,42,57.99999999999999,20.6143896523848,37.38561034761519,8.084074373484237,307.7137671902183,0,2.1,2.2952384840474456,229.52384840474457,-6.408488993877579,5.0000022439395675,,,,,,,,,,
JYOTISTRUC_MINED_BASE_G0_C313,,0,3,3,close_to_close_ema_3_daily_difference_pct >= 3.454021016255545 AND close_ema_3_daily_slope_pct >= 3.5775917885063673 AND close_ema_3_daily_range_5_pct >= 7.56636421937482,100,58,42,57.99999999999999,20.6143896523848,37.38561034761519,8.084074373484237,307.7137671902183,0,2.1,2.2952384840474456,229.52384840474457,-6.408488993877579,5.0000022439395675,,,,,,,,,,
JYOTISTRUC_MINED_BASE_G0_C314,,0,3,3,close_to_close_ema_3_daily_difference_pct >= 3.454021016255545 AND close_ema_3_daily_slope_pct >= 1.0132621830219937 AND close_ema_3_daily_range_5_pct >= 7.56636421937482,100,58,42,57.99999999999999,20.6143896523848,37.38561034761519,8.084074373484237,307.7137671902183,0,2.1,2.2952384840474456,229.52384840474457,-6.408488993877579,5.0000022439395675,,,,,,,,,,
JYOTISTRUC_MINED_BASE_G0_C315,,0,3,3,close_to_close_ema_3_daily_difference_pct >= 3.454021016255545 AND close_ema_3_daily_slope_pct >= 0.2627015027787666 AND close_ema_3_daily_range_5_pct >= 7.56636421937482,100,58,42,57.99999999999999,20.6143896523848,37.38561034761519,8.084074373484237,307.7137671902183,0,2.1,2.2952384840474456,229.52384840474457,-6.408488993877579,5.0000022439395675,,,,,,,,,,
JYOTISTRUC_MINED_BASE_G0_C316,,0,3,3,close_to_close_ema_3_daily_difference_pct >= 3.454021016255545 AND close_to_close_ema_8_daily_difference_pct >= 0.5493544276590487 AND close_ema_3_daily_range_5_pct >= 7.56636421937482,100,58,42,57.99999999999999,20.6143896523848,37.38561034761519,8.084074373484237,307.7137671902183,0,2.1,2.2952384840474456,229.52384840474457,-6.408488993877579,5.0000022439395675,,,,,,,,,,
JYOTISTRUC_MINED_BASE_G0_C317,,0,3,3,close_to_close_ema_3_daily_difference_pct >= 3.454021016255545 AND close_ema_8_daily_slope_pct >= 0.15733448182659485 AND close_ema_3_daily_range_5_pct >= 7.56636421937482,100,58,42,57.99999999999999,20.6143896523848,37.38561034761519,8.084074373484237,307.7137671902183,0,2.1,2.2952384840474456,229.52384840474457,-6.408488993877579,5.0000022439395675,,,,,,,,,,
JYOTISTRUC_MINED_BASE_G0_C318,,0,3,3,close_to_close_ema_3_daily_difference_pct >= 3.454021016255545 AND close_ema_3_daily_range_5_pct >= 7.56636421937482 AND close_to_close_ema_8_daily_difference_pct >= 2.199870988161985,100,58,42,57.99999999999999,20.6143896523848,37.38561034761519,8.084074373484237,307.7137671902183,0,2.1,2.2952384840474456,229.52384840474457,-6.408488993877579,5.0000022439395675,,,,,,,,,,
JYOTISTRUC_MINED_BASE_G0_C319,,0,3,3,close_to_close_ema_3_daily_difference_pct >= 3.454021016255545 AND close_ema_3_daily_range_5_pct >= 7.56636421937482 AND close_ema_8_daily_slope_pct >= 0.6325101127513095,100,58,42,57.99999999999999,20.6143896523848,37.38561034761519,8.084074373484237,307.7137671902183,0,2.1,2.2952384840474456,229.52384840474457,-6.408488993877579,5.0000022439395675,,,,,,,,,,
JYOTISTRUC_MINED_BASE_G0_C320,,0,3,3,close_ema_3_daily_slope_pct >= 3.5775917885063673 AND close_to_close_ema_3_daily_difference_pct >= 1.003098168620758 AND close_ema_3_daily_range_5_pct >= 7.56636421937482,100,58,42,57.99999999999999,20.6143896523848,37.38561034761519,8.084074373484237,307.7137671902183,0,2.1,2.2952384840474456,229.52384840474457,-6.408488993877579,5.0000022439395675,,,,,,,,,,
JYOTISTRUC_MINED_BASE_G0_C321,,0,3,3,close_ema_3_daily_slope_pct >= 3.5775917885063673 AND close_to_close_ema_3_daily_difference_pct >= 0.2529055823789776 AND close_ema_3_daily_range_5_pct >= 7.56636421937482,100,58,42,57.99999999999999,20.6143896523848,37.38561034761519,8.084074373484237,307.7137671902183,0,2.1,2.2952384840474456,229.52384840474457,-6.408488993877579,5.0000022439395675,,,,,,,,,,
JYOTISTRUC_MINED_BASE_G0_C322,,0,3,3,close_ema_3_daily_slope_pct >= 3.5775917885063673 AND close_to_close_ema_8_daily_difference_pct >= 0.5493544276590487 AND close_ema_3_daily_range_5_pct >= 7.56636421937482,100,58,42,57.99999999999999,20.6143896523848,37.38561034761519,8.084074373484237,307.7137671902183,0,2.1,2.2952384840474456,229.52384840474457,-6.408488993877579,5.0000022439395675,,,,,,,,,,
JYOTISTRUC_MINED_BASE_G0_C323,,0,3,3,close_ema_3_daily_slope_pct >= 3.5775917885063673 AND close_ema_8_daily_slope_pct >= 0.15733448182659485 AND close_ema_3_daily_range_5_pct >= 7.56636421937482,100,58,42,57.99999999999999,20.6143896523848,37.38561034761519,8.084074373484237,307.7137671902183,0,2.1,2.2952384840474456,229.52384840474457,-6.408488993877579,5.0000022439395675,,,,,,,,,,
JYOTISTRUC_MINED_BASE_G0_C324,,0,3,3,close_ema_3_daily_slope_pct >= 3.5775917885063673 AND close_ema_3_daily_range_5_pct >= 7.56636421937482 AND close_to_close_ema_8_daily_difference_pct >= 2.199870988161985,100,58,42,57.99999999999999,20.6143896523848,37.38561034761519,8.084074373484237,307.7137671902183,0,2.1,2.2952384840474456,229.52384840474457,-6.408488993877579,5.0000022439395675,,,,,,,,,,
JYOTISTRUC_MINED_BASE_G0_C325,,0,3,3,close_ema_3_daily_slope_pct >= 3.5775917885063673 AND close_ema_3_daily_range_5_pct >= 7.56636421937482 AND close_ema_8_daily_slope_pct >= 0.6325101127513095,100,58,42,57.99999999999999,20.6143896523848,37.38561034761519,8.084074373484237,307.7137671902183,0,2.1,2.2952384840474456,229.52384840474457,-6.408488993877579,5.0000022439395675,,,,,,,,,,
JYOTISTRUC_MINED_BASE_G0_C326,,0,2,2,close_ema_3_daily_volatility_5_daily >= 1.836598276929643 AND close_to_close_ema_3_daily_difference_pct >= 3.454021016255545,118,65,53,55.08474576271186,20.6143896523848,34.47035611032706,9.539207760711399,306.92155416430796,0,2.6500000000000004,2.406591204224196,283.9777620984551,-6.408488993877579,9.979423397254806,,,,,,,,,,
JYOTISTRUC_MINED_BASE_G0_C327,,0,2,2,close_ema_3_daily_volatility_5_daily >= 1.836598276929643 AND close_ema_3_daily_slope_pct >= 3.5775917885063673,118,65,53,55.08474576271186,20.6143896523848,34.47035611032706,9.539207760711399,306.92155416430796,0,2.6500000000000004,2.406591204224196,283.9777620984551,-6.408488993877579,9.979423397254806,,,,,,,,,,
JYOTISTRUC_MINED_BASE_G0_C328,,0,3,3,close_ema_3_daily_slope_pct >= 1.9352918519347406 AND close_ema_3_daily_volatility_5_daily >= 1.836598276929643 AND close_to_close_ema_3_daily_difference_pct >= 3.454021016255545,118,65,53,55.08474576271186,20.6143896523848,34.47035611032706,9.539207760711399,306.92155416430796,0,2.6500000000000004,2.406591204224196,283.9777620984551,-6.408488993877579,9.979423397254806,,,,,,,,,,
JYOTISTRUC_MINED_BASE_G0_C329,,0,3,3,close_to_close_ema_3_daily_difference_pct >= 1.8888435519628795 AND close_ema_3_daily_volatility_5_daily >= 1.836598276929643 AND close_ema_3_daily_slope_pct >= 3.5775917885063673,118,65,53,55.08474576271186,20.6143896523848,34.47035611032706,9.539207760711399,306.92155416430796,0,2.6500000000000004,2.406591204224196,283.9777620984551,-6.408488993877579,9.979423397254806,,,,,,,,,,
JYOTISTRUC_MINED_BASE_G0_C330,,0,3,3,close_ema_3_daily_slope_pct >= -0.28800660038466785 AND close_ema_3_daily_volatility_5_daily >= 1.836598276929643 AND close_to_close_ema_3_daily_difference_pct >= 3.454021016255545,118,65,53,55.08474576271186,20.6143896523848,34.47035611032706,9.539207760711399,306.92155416430796,0,2.6500000000000004,2.406591204224196,283.9777620984551,-6.408488993877579,9.979423397254806,,,,,,,,,,
JYOTISTRUC_MINED_BASE_G0_C331,,0,3,3,close_to_close_ema_3_daily_difference_pct >= -0.28338672864249204 AND close_ema_3_daily_volatility_5_daily >= 1.836598276929643 AND close_ema_3_daily_slope_pct >= 3.5775917885063673,118,65,53,55.08474576271186,20.6143896523848,34.47035611032706,9.539207760711399,306.92155416430796,0,2.6500000000000004,2.406591204224196,283.9777620984551,-6.408488993877579,9.979423397254806,,,,,,,,,,
JYOTISTRUC_MINED_BASE_G0_C332,,0,3,3,close_ema_3_daily_volatility_5_daily >= 1.836598276929643 AND close_to_close_ema_3_daily_difference_pct >= 3.454021016255545 AND close_ema_3_daily_slope_pct >= 3.5775917885063673,118,65,53,55.08474576271186,20.6143896523848,34.47035611032706,9.539207760711399,306.92155416430796,0,2.6500000000000004,2.406591204224196,283.9777620984551,-6.408488993877579,9.979423397254806,,,,,,,,,,
JYOTISTRUC_MINED_BASE_G0_C333,,0,3,3,close_ema_3_daily_volatility_5_daily >= 1.836598276929643 AND close_to_close_ema_3_daily_difference_pct >= 3.454021016255545 AND close_ema_3_daily_slope_pct >= 1.0132621830219937,118,65,53,55.08474576271186,20.6143896523848,34.47035611032706,9.539207760711399,306.92155416430796,0,2.6500000000000004,2.406591204224196,283.9777620984551,-6.408488993877579,9.979423397254806,,,,,,,,,,
JYOTISTRUC_MINED_BASE_G0_C334,,0,3,3,close_ema_3_daily_volatility_5_daily >= 1.836598276929643 AND close_to_close_ema_3_daily_difference_pct >= 3.454021016255545 AND close_ema_3_daily_slope_pct >= 0.2627015027787666,118,65,53,55.08474576271186,20.6143896523848,34.47035611032706,9.539207760711399,306.92155416430796,0,2.6500000000000004,2.406591204224196,283.9777620984551,-6.408488993877579,9.979423397254806,,,,,,,,,,
JYOTISTRUC_MINED_BASE_G0_C335,,0,3,3,close_ema_3_daily_volatility_5_daily >= 1.836598276929643 AND close_to_close_ema_3_daily_difference_pct >= 3.454021016255545 AND close_to_close_ema_8_daily_difference_pct >= 0.5493544276590487,118,65,53,55.08474576271186,20.6143896523848,34.47035611032706,9.539207760711399,306.92155416430796,0,2.6500000000000004,2.406591204224196,283.9777620984551,-6.408488993877579,9.979423397254806,,,,,,,,,,
JYOTISTRUC_MINED_BASE_G0_C336,,0,3,3,close_ema_3_daily_volatility_5_daily >= 1.836598276929643 AND close_to_close_ema_3_daily_difference_pct >= 3.454021016255545 AND close_ema_8_daily_slope_pct >= 0.15733448182659485,118,65,53,55.08474576271186,20.6143896523848,34.47035611032706,9.539207760711399,306.92155416430796,0,2.6500000000000004,2.406591204224196,283.9777620984551,-6.408488993877579,9.979423397254806,,,,,,,,,,
JYOTISTRUC_MINED_BASE_G0_C337,,0,3,3,close_ema_3_daily_volatility_5_daily >= 1.836598276929643 AND close_to_close_ema_3_daily_difference_pct >= 3.454021016255545 AND close_to_close_ema_8_daily_difference_pct >= 2.199870988161985,118,65,53,55.08474576271186,20.6143896523848,34.47035611032706,9.539207760711399,306.92155416430796,0,2.6500000000000004,2.406591204224196,283.9777620984551,-6.408488993877579,9.979423397254806,,,,,,,,,,
JYOTISTRUC_MINED_BASE_G0_C338,,0,3,3,close_ema_3_daily_volatility_5_daily >= 1.836598276929643 AND close_to_close_ema_3_daily_difference_pct >= 3.454021016255545 AND close_ema_8_daily_slope_pct >= 0.6325101127513095,118,65,53,55.08474576271186,20.6143896523848,34.47035611032706,9.539207760711399,306.92155416430796,0,2.6500000000000004,2.406591204224196,283.9777620984551,-6.408488993877579,9.979423397254806,,,,,,,,,,
JYOTISTRUC_MINED_BASE_G0_C339,,0,3,3,close_ema_3_daily_volatility_5_daily >= 1.836598276929643 AND close_ema_3_daily_slope_pct >= 3.5775917885063673 AND close_to_close_ema_3_daily_difference_pct >= 1.003098168620758,118,65,53,55.08474576271186,20.6143896523848,34.47035611032706,9.539207760711399,306.92155416430796,0,2.6500000000000004,2.406591204224196,283.9777620984551,-6.408488993877579,9.979423397254806,,,,,,,,,,
JYOTISTRUC_MINED_BASE_G0_C340,,0,3,3,close_ema_3_daily_volatility_5_daily >= 1.836598276929643 AND close_ema_3_daily_slope_pct >= 3.5775917885063673 AND close_to_close_ema_3_daily_difference_pct >= 0.2529055823789776,118,65,53,55.08474576271186,20.6143896523848,34.47035611032706,9.539207760711399,306.92155416430796,0,2.6500000000000004,2.406591204224196,283.9777620984551,-6.408488993877579,9.979423397254806,,,,,,,,,,
JYOTISTRUC_MINED_BASE_G0_C341,,0,3,3,close_ema_3_daily_volatility_5_daily >= 1.836598276929643 AND close_ema_3_daily_slope_pct >= 3.5775917885063673 AND close_to_close_ema_8_daily_difference_pct >= 0.5493544276590487,118,65,53,55.08474576271186,20.6143896523848,34.47035611032706,9.539207760711399,306.92155416430796,0,2.6500000000000004,2.406591204224196,283.9777620984551,-6.408488993877579,9.979423397254806,,,,,,,,,,
JYOTISTRUC_MINED_BASE_G0_C342,,0,3,3,close_ema_3_daily_volatility_5_daily >= 1.836598276929643 AND close_ema_3_daily_slope_pct >= 3.5775917885063673 AND close_ema_8_daily_slope_pct >= 0.15733448182659485,118,65,53,55.08474576271186,20.6143896523848,34.47035611032706,9.539207760711399,306.92155416430796,0,2.6500000000000004,2.406591204224196,283.9777620984551,-6.408488993877579,9.979423397254806,,,,,,,,,,
JYOTISTRUC_MINED_BASE_G0_C343,,0,3,3,close_ema_3_daily_volatility_5_daily >= 1.836598276929643 AND close_ema_3_daily_slope_pct >= 3.5775917885063673 AND close_to_close_ema_8_daily_difference_pct >= 2.199870988161985,118,65,53,55.08474576271186,20.6143896523848,34.47035611032706,9.539207760711399,306.92155416430796,0,2.6500000000000004,2.406591204224196,283.9777620984551,-6.408488993877579,9.979423397254806,,,,,,,,,,
JYOTISTRUC_MINED_BASE_G0_C344,,0,3,3,close_ema_3_daily_volatility_5_daily >= 1.836598276929643 AND close_ema_3_daily_slope_pct >= 3.5775917885063673 AND close_ema_8_daily_slope_pct >= 0.6325101127513095,118,65,53,55.08474576271186,20.6143896523848,34.47035611032706,9.539207760711399,306.92155416430796,0,2.6500000000000004,2.406591204224196,283.9777620984551,-6.408488993877579,9.979423397254806,,,,,,,,,,
JYOTISTRUC_MINED_BASE_G0_C345,,0,3,3,close_ema_3_daily_range_5_pct >= 5.443470843473113 AND close_ema_3_daily_slope_pct >= 1.9352918519347406 AND close_ema_3_daily_volatility_5_daily >= 1.836598276929643,168,82,86,48.80952380952381,20.6143896523848,28.19513415713901,13.581244947453516,306.51153157488216,0,4.3,1.9452869297290274,326.8082041944766,-6.408488993877579,13.166307479846493,,,,,,,,,,
JYOTISTRUC_MINED_BASE_G0_C346,,0,3,3,close_ema_3_daily_range_5_pct >= 5.443470843473113 AND close_to_close_ema_3_daily_difference_pct >= 1.8888435519628795 AND close_ema_3_daily_volatility_5_daily >= 1.836598276929643,168,82,86,48.80952380952381,20.6143896523848,28.19513415713901,13.581244947453516,306.51153157488216,0,4.3,1.9452869297290274,326.8082041944766,-6.408488993877579,13.166307479846493,,,,,,,,,,
JYOTISTRUC_MINED_BASE_G0_C347,,0,3,3,close_to_close_ema_3_daily_difference_pct >= 3.454021016255545 AND close_ema_3_daily_volatility_5_daily >= 2.179806971968742 AND close_ema_8_daily_volatility_5_daily >= 1.1949164066816405,96,56,40,58.333333333333336,20.6143896523848,37.718943680948534,7.760711398544867,305.88118068062136,0,2,2.4288207586262076,233.16679282811592,-6.408488993877579,5.0000022439395675,,,,,,,,,,
JYOTISTRUC_MINED_BASE_G0_C348,,0,3,3,close_ema_3_daily_slope_pct >= 3.5775917885063673 AND close_ema_3_daily_volatility_5_daily >= 2.179806971968742 AND close_ema_8_daily_volatility_5_daily >= 1.1949164066816405,96,56,40,58.333333333333336,20.6143896523848,37.718943680948534,7.760711398544867,305.88118068062136,0,2,2.4288207586262076,233.16679282811592,-6.408488993877579,5.0000022439395675,,,,,,,,,,
JYOTISTRUC_MINED_BASE_G0_C349,,0,3,3,close_to_close_ema_3_daily_difference_pct >= 3.454021016255545 AND close_ema_3_daily_volatility_5_daily >= 2.179806971968742 AND close_ema_3_daily_range_5_pct >= 7.56636421937482,94,55,39,58.51063829787234,20.6143896523848,37.89624864548754,7.599029911075182,304.58343008147096,0,1.9500000000000002,2.3507289513444216,220.96852142637562,-6.408488993877579,5.0000022439395675,,,,,,,,,,
JYOTISTRUC_MINED_BASE_G0_C350,,0,3,3,close_ema_3_daily_slope_pct >= 3.5775917885063673 AND close_ema_3_daily_volatility_5_daily >= 2.179806971968742 AND close_ema_3_daily_range_5_pct >= 7.56636421937482,94,55,39,58.51063829787234,20.6143896523848,37.89624864548754,7.599029911075182,304.58343008147096,0,1.9500000000000002,2.3507289513444216,220.96852142637562,-6.408488993877579,5.0000022439395675,,,,,,,,,,
JYOTISTRUC_MINED_BASE_G0_C351,,0,3,3,close_to_close_ema_3_daily_difference_pct >= 3.454021016255545 AND close_ema_3_daily_volatility_5_daily >= 2.179806971968742 AND close_ema_13_daily_slope_pct >= 0.145719601926301,99,57,42,57.57575757575758,20.6143896523848,36.96136792337278,8.003233629749394,304.2724873723907,0,2.1,2.5218825851756006,249.66637593238445,-6.408488993877579,9.979423397254806,,,,,,,,,,
JYOTISTRUC_MINED_BASE_G0_C352,,0,3,3,close_to_close_ema_3_daily_difference_pct >= 3.454021016255545 AND close_ema_3_daily_volatility_5_daily >= 2.179806971968742 AND close_to_close_ema_13_daily_difference_pct >= 0.8582022248527891,99,57,42,57.57575757575758,20.6143896523848,36.96136792337278,8.003233629749394,304.2724873723907,0,2.1,2.5218825851756006,249.66637593238445,-6.408488993877579,9.979423397254806,,,,,,,,,,
JYOTISTRUC_MINED_BASE_G0_C353,,0,3,3,close_ema_3_daily_slope_pct >= 3.5775917885063673 AND close_ema_3_daily_volatility_5_daily >= 2.179806971968742 AND close_ema_13_daily_slope_pct >= 0.145719601926301,99,57,42,57.57575757575758,20.6143896523848,36.96136792337278,8.003233629749394,304.2724873723907,0,2.1,2.5218825851756006,249.66637593238445,-6.408488993877579,9.979423397254806,,,,,,,,,,
JYOTISTRUC_MINED_BASE_G0_C354,,0,3,3,close_ema_3_daily_slope_pct >= 3.5775917885063673 AND close_ema_3_daily_volatility_5_daily >= 2.179806971968742 AND close_to_close_ema_13_daily_difference_pct >= 0.8582022248527891,99,57,42,57.57575757575758,20.6143896523848,36.96136792337278,8.003233629749394,304.2724873723907,0,2.1,2.5218825851756006,249.66637593238445,-6.408488993877579,9.979423397254806,,,,,,,,,,
JYOTISTRUC_MINED_BASE_G0_C355,,0,3,3,close_ema_3_daily_range_5_pct >= 5.443470843473113 AND close_to_close_ema_3_daily_difference_pct >= 3.454021016255545 AND close_ema_8_daily_volatility_5_daily >= 1.1949164066816405,99,57,42,57.57575757575758,20.6143896523848,36.96136792337278,8.003233629749394,304.12198224006954,0,2.1,2.4717142077352308,244.69970656578786,-6.408488993877579,8.400001525878906,,,,,,,,,,
JYOTISTRUC_MINED_BASE_G0_C356,,0,3,3,close_ema_3_daily_range_5_pct >= 5.443470843473113 AND close_ema_3_daily_slope_pct >= 3.5775917885063673 AND close_ema_8_daily_volatility_5_daily >= 1.1949164066816405,99,57,42,57.57575757575758,20.6143896523848,36.96136792337278,8.003233629749394,304.12198224006954,0,2.1,2.4717142077352308,244.69970656578786,-6.408488993877579,8.400001525878906,,,,,,,,,,
JYOTISTRUC_MINED_BASE_G0_C357,,0,3,3,close_ema_3_daily_volatility_5_daily >= 1.836598276929643 AND close_to_close_ema_3_daily_difference_pct >= 3.454021016255545 AND close_ema_3_daily_range_5_pct >= 7.56636421937482,99,57,42,57.57575757575758,20.6143896523848,36.96136792337278,8.003233629749394,303.51184493819983,0,2.1,2.2683351071119895,224.56517560408696,-6.408488993877579,5.0000022439395675,,,,,,,,,,
JYOTISTRUC_MINED_BASE_G0_C358,,0,3,3,close_ema_3_daily_volatility_5_daily >= 1.836598276929643 AND close_ema_3_daily_slope_pct >= 3.5775917885063673 AND close_ema_3_daily_range_5_pct >= 7.56636421937482,99,57,42,57.57575757575758,20.6143896523848,36.96136792337278,8.003233629749394,303.51184493819983,0,2.1,2.2683351071119895,224.56517560408696,-6.408488993877579,5.0000022439395675,,,,,,,,,,
JYOTISTRUC_MINED_BASE_G0_C359,,0,3,3,close_ema_3_daily_volatility_5_daily >= 1.836598276929643 AND close_to_close_ema_3_daily_difference_pct >= 3.454021016255545 AND close_ema_13_daily_slope_pct >= 0.145719601926301,112,62,50,55.35714285714286,20.6143896523848,34.74275320475806,9.054163298302344,302.40512345494625,0,2.5,2.3971191437186588,268.4773440964898,-6.408488993877579,9.979423397254806,,,,,,,,,,
JYOTISTRUC_MINED_BASE_G0_C360,,0,3,3,close_ema_3_daily_volatility_5_daily >= 1.836598276929643 AND close_to_close_ema_3_daily_difference_pct >= 3.454021016255545 AND close_to_close_ema_13_daily_difference_pct >= 0.8582022248527891,112,62,50,55.35714285714286,20.6143896523848,34.74275320475806,9.054163298302344,302.40512345494625,0,2.5,2.3971191437186588,268.4773440964898,-6.408488993877579,9.979423397254806,,,,,,,,,,
JYOTISTRUC_MINED_BASE_G0_C361,,0,3,3,close_ema_3_daily_volatility_5_daily >= 1.836598276929643 AND close_ema_3_daily_slope_pct >= 3.5775917885063673 AND close_ema_13_daily_slope_pct >= 0.145719601926301,112,62,50,55.35714285714286,20.6143896523848,34.74275320475806,9.054163298302344,302.40512345494625,0,2.5,2.3971191437186588,268.4773440964898,-6.408488993877579,9.979423397254806,,,,,,,,,,
JYOTISTRUC_MINED_BASE_G0_C362,,0,3,3,close_ema_3_daily_volatility_5_daily >= 1.836598276929643 AND close_ema_3_daily_slope_pct >= 3.5775917885063673 AND close_to_close_ema_13_daily_difference_pct >= 0.8582022248527891,112,62,50,55.35714285714286,20.6143896523848,34.74275320475806,9.054163298302344,302.40512345494625,0,2.5,2.3971191437186588,268.4773440964898,-6.408488993877579,9.979423397254806,,,,,,,,,,
JYOTISTRUC_MINED_BASE_G0_C363,,0,2,2,close_ema_3_daily_slope_pct >= 1.9352918519347406 AND close_ema_3_daily_volatility_5_daily >= 1.836598276929643,181,85,96,46.96132596685083,20.6143896523848,26.346936314466028,14.632174616006468,302.3905867409502,0,4.800000000000001,1.8186350562066884,329.1729451734106,-6.408488993877579,13.166307479846493,,,,,,,,,,
JYOTISTRUC_MINED_BASE_G0_C364,,0,2,2,close_to_close_ema_3_daily_difference_pct >= 1.8888435519628795 AND close_ema_3_daily_volatility_5_daily >= 1.836598276929643,181,85,96,46.96132596685083,20.6143896523848,26.346936314466028,14.632174616006468,302.3905867409502,0,4.800000000000001,1.8186350562066884,329.1729451734106,-6.408488993877579,13.166307479846493,,,,,,,,,,
JYOTISTRUC_MINED_BASE_G0_C365,,0,3,3,close_ema_3_daily_slope_pct >= 1.9352918519347406 AND close_to_close_ema_3_daily_difference_pct >= 1.8888435519628795 AND close_ema_3_daily_volatility_5_daily >= 1.836598276929643,181,85,96,46.96132596685083,20.6143896523848,26.346936314466028,14.632174616006468,302.3905867409502,0,4.800000000000001,1.8186350562066884,329.1729451734106,-6.408488993877579,13.166307479846493,,,,,,,,,,
JYOTISTRUC_MINED_BASE_G0_C366,,0,3,3,close_ema_3_daily_slope_pct >= 1.9352918519347406 AND close_to_close_ema_3_daily_difference_pct >= -0.28338672864249204 AND close_ema_3_daily_volatility_5_daily >= 1.836598276929643,181,85,96,46.96132596685083,20.6143896523848,26.346936314466028,14.632174616006468,302.3905867409502,0,4.800000000000001,1.8186350562066884,329.1729451734106,-6.408488993877579,13.166307479846493,,,,,,,,,,
JYOTISTRUC_MINED_BASE_G0_C367,,0,3,3,close_ema_3_daily_slope_pct >= 1.9352918519347406 AND close_ema_3_daily_volatility_5_daily >= 1.836598276929643 AND close_to_close_ema_3_daily_difference_pct >= 1.003098168620758,181,85,96,46.96132596685083,20.6143896523848,26.346936314466028,14.632174616006468,302.3905867409502,0,4.800000000000001,1.8186350562066884,329.1729451734106,-6.408488993877579,13.166307479846493,,,,,,,,,,
JYOTISTRUC_MINED_BASE_G0_C368,,0,3,3,close_ema_3_daily_slope_pct >= 1.9352918519347406 AND close_ema_3_daily_volatility_5_daily >= 1.836598276929643 AND close_to_close_ema_3_daily_difference_pct >= 0.2529055823789776,181,85,96,46.96132596685083,20.6143896523848,26.346936314466028,14.632174616006468,302.3905867409502,0,4.800000000000001,1.8186350562066884,329.1729451734106,-6.408488993877579,13.166307479846493,,,,,,,,,,
JYOTISTRUC_MINED_BASE_G0_C369,,0,3,3,close_to_close_ema_3_daily_difference_pct >= 1.8888435519628795 AND close_ema_3_daily_slope_pct >= -0.28800660038466785 AND close_ema_3_daily_volatility_5_daily >= 1.836598276929643,181,85,96,46.96132596685083,20.6143896523848,26.346936314466028,14.632174616006468,302.3905867409502,0,4.800000000000001,1.8186350562066884,329.1729451734106,-6.408488993877579,13.166307479846493,,,,,,,,,,
JYOTISTRUC_MINED_BASE_G0_C370,,0,3,3,close_to_close_ema_3_daily_difference_pct >= 1.8888435519628795 AND close_ema_3_daily_volatility_5_daily >= 1.836598276929643 AND close_ema_3_daily_slope_pct >= 1.0132621830219937,181,85,96,46.96132596685083,20.6143896523848,26.346936314466028,14.632174616006468,302.3905867409502,0,4.800000000000001,1.8186350562066884,329.1729451734106,-6.408488993877579,13.166307479846493,,,,,,,,,,
JYOTISTRUC_MINED_BASE_G0_C371,,0,3,3,close_to_close_ema_3_daily_difference_pct >= 1.8888435519628795 AND close_ema_3_daily_volatility_5_daily >= 1.836598276929643 AND close_ema_3_daily_slope_pct >= 0.2627015027787666,181,85,96,46.96132596685083,20.6143896523848,26.346936314466028,14.632174616006468,302.3905867409502,0,4.800000000000001,1.8186350562066884,329.1729451734106,-6.408488993877579,13.166307479846493,,,,,,,,,,
JYOTISTRUC_MINED_BASE_G0_C372,,0,2,2,close_ema_3_daily_slope_pct >= 1.9352918519347406 AND close_ema_13_daily_slope_pct >= 0.145719601926301,215,94,121,43.72093023255814,20.6143896523848,23.106540580173338,17.38075990299111,302.107737073899,0,6.050000000000001,1.5416780576774372,331.460782400649,-6.408488993877579,13.166307479846493,,,,,,,,,,
JYOTISTRUC_MINED_BASE_G0_C373,,0,3,3,close_ema_3_daily_slope_pct >= 1.9352918519347406 AND close_to_close_ema_3_daily_difference_pct >= 1.8888435519628795 AND close_ema_13_daily_slope_pct >= 0.145719601926301,215,94,121,43.72093023255814,20.6143896523848,23.106540580173338,17.38075990299111,302.107737073899,0,6.050000000000001,1.5416780576774372,331.460782400649,-6.408488993877579,13.166307479846493,,,,,,,,,,
JYOTISTRUC_MINED_BASE_G0_C374,,0,3,3,close_ema_3_daily_slope_pct >= 1.9352918519347406 AND close_to_close_ema_3_daily_difference_pct >= -0.28338672864249204 AND close_ema_13_daily_slope_pct >= 0.145719601926301,215,94,121,43.72093023255814,20.6143896523848,23.106540580173338,17.38075990299111,302.107737073899,0,6.050000000000001,1.5416780576774372,331.460782400649,-6.408488993877579,13.166307479846493,,,,,,,,,,
JYOTISTRUC_MINED_BASE_G0_C375,,0,3,3,close_ema_3_daily_slope_pct >= 1.9352918519347406 AND close_to_close_ema_3_daily_difference_pct >= 1.003098168620758 AND close_ema_13_daily_slope_pct >= 0.145719601926301,215,94,121,43.72093023255814,20.6143896523848,23.106540580173338,17.38075990299111,302.107737073899,0,6.050000000000001,1.5416780576774372,331.460782400649,-6.408488993877579,13.166307479846493,,,,,,,,,,
JYOTISTRUC_MINED_BASE_G0_C376,,0,3,3,close_ema_3_daily_slope_pct >= 1.9352918519347406 AND close_to_close_ema_3_daily_difference_pct >= 0.2529055823789776 AND close_ema_13_daily_slope_pct >= 0.145719601926301,215,94,121,43.72093023255814,20.6143896523848,23.106540580173338,17.38075990299111,302.107737073899,0,6.050000000000001,1.5416780576774372,331.460782400649,-6.408488993877579,13.166307479846493,,,,,,,,,,
JYOTISTRUC_MINED_BASE_G0_C377,,0,3,3,close_ema_3_daily_slope_pct >= 1.9352918519347406 AND close_to_close_ema_8_daily_difference_pct >= 0.5493544276590487 AND close_ema_13_daily_slope_pct >= 0.145719601926301,215,94,121,43.72093023255814,20.6143896523848,23.106540580173338,17.38075990299111,302.107737073899,0,6.050000000000001,1.5416780576774372,331.460782400649,-6.408488993877579,13.166307479846493,,,,,,,,,,
JYOTISTRUC_MINED_BASE_G0_C378,,0,3,3,close_ema_3_daily_slope_pct >= 1.9352918519347406 AND close_ema_8_daily_slope_pct >= 0.15733448182659485 AND close_ema_13_daily_slope_pct >= 0.145719601926301,215,94,121,43.72093023255814,20.6143896523848,23.106540580173338,17.38075990299111,302.107737073899,0,6.050000000000001,1.5416780576774372,331.460782400649,-6.408488993877579,13.166307479846493,,,,,,,,,,
JYOTISTRUC_MINED_BASE_G0_C379,,0,3,3,close_ema_3_daily_slope_pct >= 1.9352918519347406 AND close_ema_13_daily_slope_pct >= 0.145719601926301 AND close_to_close_ema_13_daily_difference_pct >= 0.8582022248527891,215,94,121,43.72093023255814,20.6143896523848,23.106540580173338,17.38075990299111,302.107737073899,0,6.050000000000001,1.5416780576774372,331.460782400649,-6.408488993877579,13.166307479846493,,,,,,,,,,
JYOTISTRUC_MINED_BASE_G0_C380,,0,2,2,close_ema_3_daily_slope_pct >= 1.9352918519347406 AND close_ema_3_daily_range_5_pct >= 6.513413502927244,168,81,87,48.214285714285715,20.6143896523848,27.599896061900914,13.581244947453516,301.3481628975762,0,4.3500000000000005,1.899560862690544,319.1262249320114,-6.408488993877579,13.166307479846493,,,,,,,,,,
JYOTISTRUC_MINED_BASE_G0_C381,,0,2,2,close_to_close_ema_3_daily_difference_pct >= 1.8888435519628795 AND close_ema_3_daily_range_5_pct >= 6.513413502927244,168,81,87,48.214285714285715,20.6143896523848,27.599896061900914,13.581244947453516,301.3481628975762,0,4.3500000000000005,1.899560862690544,319.1262249320114,-6.408488993877579,13.166307479846493,,,,,,,,,,
JYOTISTRUC_MINED_BASE_G0_C382,,0,3,3,close_ema_3_daily_slope_pct >= 1.9352918519347406 AND close_to_close_ema_3_daily_difference_pct >= 1.8888435519628795 AND close_ema_3_daily_range_5_pct >= 6.513413502927244,168,81,87,48.214285714285715,20.6143896523848,27.599896061900914,13.581244947453516,301.3481628975762,0,4.3500000000000005,1.899560862690544,319.1262249320114,-6.408488993877579,13.166307479846493,,,,,,,,,,
JYOTISTRUC_MINED_BASE_G0_C383,,0,3,3,close_ema_3_daily_slope_pct >= 1.9352918519347406 AND close_to_close_ema_3_daily_difference_pct >= -0.28338672864249204 AND close_ema_3_daily_range_5_pct >= 6.513413502927244,168,81,87,48.214285714285715,20.6143896523848,27.599896061900914,13.581244947453516,301.3481628975762,0,4.3500000000000005,1.899560862690544,319.1262249320114,-6.408488993877579,13.166307479846493,,,,,,,,,,
JYOTISTRUC_MINED_BASE_G0_C384,,0,3,3,close_ema_3_daily_slope_pct >= 1.9352918519347406 AND close_to_close_ema_3_daily_difference_pct >= 1.003098168620758 AND close_ema_3_daily_range_5_pct >= 6.513413502927244,168,81,87,48.214285714285715,20.6143896523848,27.599896061900914,13.581244947453516,301.3481628975762,0,4.3500000000000005,1.899560862690544,319.1262249320114,-6.408488993877579,13.166307479846493,,,,,,,,,,
JYOTISTRUC_MINED_BASE_G0_C385,,0,3,3,close_ema_3_daily_slope_pct >= 1.9352918519347406 AND close_to_close_ema_3_daily_difference_pct >= 0.2529055823789776 AND close_ema_3_daily_range_5_pct >= 6.513413502927244,168,81,87,48.214285714285715,20.6143896523848,27.599896061900914,13.581244947453516,301.3481628975762,0,4.3500000000000005,1.899560862690544,319.1262249320114,-6.408488993877579,13.166307479846493,,,,,,,,,,
JYOTISTRUC_MINED_BASE_G0_C386,,0,3,3,close_to_close_ema_3_daily_difference_pct >= 1.8888435519628795 AND close_ema_3_daily_slope_pct >= -0.28800660038466785 AND close_ema_3_daily_range_5_pct >= 6.513413502927244,168,81,87,48.214285714285715,20.6143896523848,27.599896061900914,13.581244947453516,301.3481628975762,0,4.3500000000000005,1.899560862690544,319.1262249320114,-6.408488993877579,13.166307479846493,,,,,,,,,,
JYOTISTRUC_MINED_BASE_G0_C387,,0,3,3,close_to_close_ema_3_daily_difference_pct >= 1.8888435519628795 AND close_ema_3_daily_slope_pct >= 1.0132621830219937 AND close_ema_3_daily_range_5_pct >= 6.513413502927244,168,81,87,48.214285714285715,20.6143896523848,27.599896061900914,13.581244947453516,301.3481628975762,0,4.3500000000000005,1.899560862690544,319.1262249320114,-6.408488993877579,13.166307479846493,,,,,,,,,,
JYOTISTRUC_MINED_BASE_G0_C388,,0,3,3,close_to_close_ema_3_daily_difference_pct >= 1.8888435519628795 AND close_ema_3_daily_slope_pct >= 0.2627015027787666 AND close_ema_3_daily_range_5_pct >= 6.513413502927244,168,81,87,48.214285714285715,20.6143896523848,27.599896061900914,13.581244947453516,301.3481628975762,0,4.3500000000000005,1.899560862690544,319.1262249320114,-6.408488993877579,13.166307479846493,,,,,,,,,,
JYOTISTRUC_MINED_BASE_G0_C389,,0,2,2,close_to_close_ema_3_daily_difference_pct >= 3.454021016255545 AND close_ema_8_daily_volatility_5_daily >= 1.1949164066816405,100,57,43,56.99999999999999,20.6143896523848,36.38561034761519,8.084074373484237,301.28220937212234,0,2.15,2.5013858780154434,250.13858780154436,-6.408488993877579,8.400001525878906,,,,,,,,,,
JYOTISTRUC_MINED_BASE_G0_C390,,0,2,2,close_ema_3_daily_slope_pct >= 3.5775917885063673 AND close_ema_8_daily_volatility_5_daily >= 1.1949164066816405,100,57,43,56.99999999999999,20.6143896523848,36.38561034761519,8.084074373484237,301.28220937212234,0,2.15,2.5013858780154434,250.13858780154436,-6.408488993877579,8.400001525878906,,,,,,,,,,
JYOTISTRUC_MINED_BASE_G0_C391,,0,3,3,close_ema_3_daily_volatility_5_daily >= 1.6353580277228665 AND close_to_close_ema_3_daily_difference_pct >= 3.454021016255545 AND close_ema_8_daily_volatility_5_daily >= 1.1949164066816405,100,57,43,56.99999999999999,20.6143896523848,36.38561034761519,8.084074373484237,301.28220937212234,0,2.15,2.5013858780154434,250.13858780154436,-6.408488993877579,8.400001525878906,,,,,,,,,,
JYOTISTRUC_MINED_BASE_G0_C392,,0,3,3,close_ema_3_daily_volatility_5_daily >= 1.6353580277228665 AND close_ema_3_daily_slope_pct >= 3.5775917885063673 AND close_ema_8_daily_volatility_5_daily >= 1.1949164066816405,100,57,43,56.99999999999999,20.6143896523848,36.38561034761519,8.084074373484237,301.28220937212234,0,2.15,2.5013858780154434,250.13858780154436,-6.408488993877579,8.400001525878906,,,,,,,,,,
JYOTISTRUC_MINED_BASE_G0_C393,,0,3,3,close_ema_3_daily_slope_pct >= 1.9352918519347406 AND close_to_close_ema_3_daily_difference_pct >= 3.454021016255545 AND close_ema_8_daily_volatility_5_daily >= 1.1949164066816405,100,57,43,56.99999999999999,20.6143896523848,36.38561034761519,8.084074373484237,301.28220937212234,0,2.15,2.5013858780154434,250.13858780154436,-6.408488993877579,8.400001525878906,,,,,,,,,,
JYOTISTRUC_MINED_BASE_G0_C394,,0,3,3,close_to_close_ema_3_daily_difference_pct >= 1.8888435519628795 AND close_ema_3_daily_slope_pct >= 3.5775917885063673 AND close_ema_8_daily_volatility_5_daily >= 1.1949164066816405,100,57,43,56.99999999999999,20.6143896523848,36.38561034761519,8.084074373484237,301.28220937212234,0,2.15,2.5013858780154434,250.13858780154436,-6.408488993877579,8.400001525878906,,,,,,,,,,
JYOTISTRUC_MINED_BASE_G0_C395,,0,3,3,close_ema_3_daily_slope_pct >= -0.28800660038466785 AND close_to_close_ema_3_daily_difference_pct >= 3.454021016255545 AND close_ema_8_daily_volatility_5_daily >= 1.1949164066816405,100,57,43,56.99999999999999,20.6143896523848,36.38561034761519,8.084074373484237,301.28220937212234,0,2.15,2.5013858780154434,250.13858780154436,-6.408488993877579,8.400001525878906,,,,,,,,,,
JYOTISTRUC_MINED_BASE_G0_C396,,0,3,3,close_to_close_ema_3_daily_difference_pct >= -0.28338672864249204 AND close_ema_3_daily_slope_pct >= 3.5775917885063673 AND close_ema_8_daily_volatility_5_daily >= 1.1949164066816405,100,57,43,56.99999999999999,20.6143896523848,36.38561034761519,8.084074373484237,301.28220937212234,0,2.15,2.5013858780154434,250.13858780154436,-6.408488993877579,8.400001525878906,,,,,,,,,,
JYOTISTRUC_MINED_BASE_G0_C397,,0,3,3,close_ema_3_daily_volatility_5_daily >= 1.836598276929643 AND close_to_close_ema_3_daily_difference_pct >= 3.454021016255545 AND close_ema_8_daily_volatility_5_daily >= 1.1949164066816405,100,57,43,56.99999999999999,20.6143896523848,36.38561034761519,8.084074373484237,301.28220937212234,0,2.15,2.5013858780154434,250.13858780154436,-6.408488993877579,8.400001525878906,,,,,,,,,,
JYOTISTRUC_MINED_BASE_G0_C398,,0,3,3,close_ema_3_daily_volatility_5_daily >= 1.836598276929643 AND close_ema_3_daily_slope_pct >= 3.5775917885063673 AND close_ema_8_daily_volatility_5_daily >= 1.1949164066816405,100,57,43,56.99999999999999,20.6143896523848,36.38561034761519,8.084074373484237,301.28220937212234,0,2.15,2.5013858780154434,250.13858780154436,-6.408488993877579,8.400001525878906,,,,,,,,,,
JYOTISTRUC_MINED_BASE_G0_C399,,0,3,3,close_to_close_ema_3_daily_difference_pct >= 3.454021016255545 AND close_ema_3_daily_slope_pct >= 3.5775917885063673 AND close_ema_8_daily_volatility_5_daily >= 1.1949164066816405,100,57,43,56.99999999999999,20.6143896523848,36.38561034761519,8.084074373484237,301.28220937212234,0,2.15,2.5013858780154434,250.13858780154436,-6.408488993877579,8.400001525878906,,,,,,,,,,
JYOTISTRUC_MINED_BASE_G0_C400,,0,3,3,close_to_close_ema_3_daily_difference_pct >= 3.454021016255545 AND close_ema_3_daily_slope_pct >= 1.0132621830219937 AND close_ema_8_daily_volatility_5_daily >= 1.1949164066816405,100,57,43,56.99999999999999,20.6143896523848,36.38561034761519,8.084074373484237,301.28220937212234,0,2.15,2.5013858780154434,250.13858780154436,-6.408488993877579,8.400001525878906,,,,,,,,,,
JYOTISTRUC_MINED_BASE_G0_C401,,0,3,3,close_to_close_ema_3_daily_difference_pct >= 3.454021016255545 AND close_ema_3_daily_slope_pct >= 0.2627015027787666 AND close_ema_8_daily_volatility_5_daily >= 1.1949164066816405,100,57,43,56.99999999999999,20.6143896523848,36.38561034761519,8.084074373484237,301.28220937212234,0,2.15,2.5013858780154434,250.13858780154436,-6.408488993877579,8.400001525878906,,,,,,,,,,
JYOTISTRUC_MINED_BASE_G0_C402,,0,3,3,close_to_close_ema_3_daily_difference_pct >= 3.454021016255545 AND close_to_close_ema_8_daily_difference_pct >= 0.5493544276590487 AND close_ema_8_daily_volatility_5_daily >= 1.1949164066816405,100,57,43,56.99999999999999,20.6143896523848,36.38561034761519,8.084074373484237,301.28220937212234,0,2.15,2.5013858780154434,250.13858780154436,-6.408488993877579,8.400001525878906,,,,,,,,,,
JYOTISTRUC_MINED_BASE_G0_C403,,0,3,3,close_to_close_ema_3_daily_difference_pct >= 3.454021016255545 AND close_ema_8_daily_slope_pct >= 0.15733448182659485 AND close_ema_8_daily_volatility_5_daily >= 1.1949164066816405,100,57,43,56.99999999999999,20.6143896523848,36.38561034761519,8.084074373484237,301.28220937212234,0,2.15,2.5013858780154434,250.13858780154436,-6.408488993877579,8.400001525878906,,,,,,,,,,
JYOTISTRUC_MINED_BASE_G0_C404,,0,3,3,close_to_close_ema_3_daily_difference_pct >= 3.454021016255545 AND close_ema_8_daily_volatility_5_daily >= 1.1949164066816405 AND close_to_close_ema_8_daily_difference_pct >= 2.199870988161985,100,57,43,56.99999999999999,20.6143896523848,36.38561034761519,8.084074373484237,301.28220937212234,0,2.15,2.5013858780154434,250.13858780154436,-6.408488993877579,8.400001525878906,,,,,,,,,,
JYOTISTRUC_MINED_BASE_G0_C405,,0,3,3,close_to_close_ema_3_daily_difference_pct >= 3.454021016255545 AND close_ema_8_daily_volatility_5_daily >= 1.1949164066816405 AND close_ema_8_daily_slope_pct >= 0.6325101127513095,100,57,43,56.99999999999999,20.6143896523848,36.38561034761519,8.084074373484237,301.28220937212234,0,2.15,2.5013858780154434,250.13858780154436,-6.408488993877579,8.400001525878906,,,,,,,,,,
JYOTISTRUC_MINED_BASE_G0_C406,,0,3,3,close_ema_3_daily_slope_pct >= 3.5775917885063673 AND close_to_close_ema_3_daily_difference_pct >= 1.003098168620758 AND close_ema_8_daily_volatility_5_daily >= 1.1949164066816405,100,57,43,56.99999999999999,20.6143896523848,36.38561034761519,8.084074373484237,301.28220937212234,0,2.15,2.5013858780154434,250.13858780154436,-6.408488993877579,8.400001525878906,,,,,,,,,,
JYOTISTRUC_MINED_BASE_G0_C407,,0,3,3,close_ema_3_daily_slope_pct >= 3.5775917885063673 AND close_to_close_ema_3_daily_difference_pct >= 0.2529055823789776 AND close_ema_8_daily_volatility_5_daily >= 1.1949164066816405,100,57,43,56.99999999999999,20.6143896523848,36.38561034761519,8.084074373484237,301.28220937212234,0,2.15,2.5013858780154434,250.13858780154436,-6.408488993877579,8.400001525878906,,,,,,,,,,
JYOTISTRUC_MINED_BASE_G0_C408,,0,3,3,close_ema_3_daily_slope_pct >= 3.5775917885063673 AND close_to_close_ema_8_daily_difference_pct >= 0.5493544276590487 AND close_ema_8_daily_volatility_5_daily >= 1.1949164066816405,100,57,43,56.99999999999999,20.6143896523848,36.38561034761519,8.084074373484237,301.28220937212234,0,2.15,2.5013858780154434,250.13858780154436,-6.408488993877579,8.400001525878906,,,,,,,,,,
JYOTISTRUC_MINED_BASE_G0_C409,,0,3,3,close_ema_3_daily_slope_pct >= 3.5775917885063673 AND close_ema_8_daily_slope_pct >= 0.15733448182659485 AND close_ema_8_daily_volatility_5_daily >= 1.1949164066816405,100,57,43,56.99999999999999,20.6143896523848,36.38561034761519,8.084074373484237,301.28220937212234,0,2.15,2.5013858780154434,250.13858780154436,-6.408488993877579,8.400001525878906,,,,,,,,,,
JYOTISTRUC_MINED_BASE_G0_C410,,0,3,3,close_ema_3_daily_slope_pct >= 3.5775917885063673 AND close_ema_8_daily_volatility_5_daily >= 1.1949164066816405 AND close_to_close_ema_8_daily_difference_pct >= 2.199870988161985,100,57,43,56.99999999999999,20.6143896523848,36.38561034761519,8.084074373484237,301.28220937212234,0,2.15,2.5013858780154434,250.13858780154436,-6.408488993877579,8.400001525878906,,,,,,,,,,
JYOTISTRUC_MINED_BASE_G0_C411,,0,3,3,close_ema_3_daily_slope_pct >= 3.5775917885063673 AND close_ema_8_daily_volatility_5_daily >= 1.1949164066816405 AND close_ema_8_daily_slope_pct >= 0.6325101127513095,100,57,43,56.99999999999999,20.6143896523848,36.38561034761519,8.084074373484237,301.28220937212234,0,2.15,2.5013858780154434,250.13858780154436,-6.408488993877579,8.400001525878906,,,,,,,,,,
JYOTISTRUC_MINED_BASE_G0_C412,,0,3,3,close_ema_3_daily_volatility_5_daily >= 1.836598276929643 AND close_to_close_ema_3_daily_difference_pct >= 3.454021016255545 AND close_ema_3_daily_range_5_pct >= 6.513413502927244,110,61,49,55.45454545454545,20.6143896523848,34.84015580216065,8.89248181083266,301.0195683098951,0,2.45,2.4229297663639384,266.52227430003325,-6.408488993877579,9.979423397254806,,,,,,,,,,
JYOTISTRUC_MINED_BASE_G0_C413,,0,3,3,close_ema_3_daily_volatility_5_daily >= 1.836598276929643 AND close_ema_3_daily_slope_pct >= 3.5775917885063673 AND close_ema_3_daily_range_5_pct >= 6.513413502927244,110,61,49,55.45454545454545,20.6143896523848,34.84015580216065,8.89248181083266,301.0195683098951,0,2.45,2.4229297663639384,266.52227430003325,-6.408488993877579,9.979423397254806,,,,,,,,,,
JYOTISTRUC_MINED_BASE_G0_C414,,0,2,2,close_ema_3_daily_slope_pct >= 1.9352918519347406 AND close_to_close_ema_13_daily_difference_pct >= 0.8582022248527891,216,94,122,43.51851851851852,20.6143896523848,22.904128866133718,17.461600646725948,300.98374760168645,0,6.1000000000000005,1.521034423672641,328.54343551329043,-6.408488993877579,13.166307479846493,,,,,,,,,,
JYOTISTRUC_MINED_BASE_G0_C415,,0,3,3,close_ema_3_daily_slope_pct >= 1.9352918519347406 AND close_to_close_ema_3_daily_difference_pct >= 1.8888435519628795 AND close_to_close_ema_13_daily_difference_pct >= 0.8582022248527891,216,94,122,43.51851851851852,20.6143896523848,22.904128866133718,17.461600646725948,300.98374760168645,0,6.1000000000000005,1.521034423672641,328.54343551329043,-6.408488993877579,13.166307479846493,,,,,,,,,,
JYOTISTRUC_MINED_BASE_G0_C416,,0,3,3,close_ema_3_daily_slope_pct >= 1.9352918519347406 AND close_to_close_ema_3_daily_difference_pct >= -0.28338672864249204 AND close_to_close_ema_13_daily_difference_pct >= 0.8582022248527891,216,94,122,43.51851851851852,20.6143896523848,22.904128866133718,17.461600646725948,300.98374760168645,0,6.1000000000000005,1.521034423672641,328.54343551329043,-6.408488993877579,13.166307479846493,,,,,,,,,,
JYOTISTRUC_MINED_BASE_G0_C417,,0,3,3,close_ema_3_daily_slope_pct >= 1.9352918519347406 AND close_to_close_ema_3_daily_difference_pct >= 1.003098168620758 AND close_to_close_ema_13_daily_difference_pct >= 0.8582022248527891,216,94,122,43.51851851851852,20.6143896523848,22.904128866133718,17.461600646725948,300.98374760168645,0,6.1000000000000005,1.521034423672641,328.54343551329043,-6.408488993877579,13.166307479846493,,,,,,,,,,
JYOTISTRUC_MINED_BASE_G0_C418,,0,3,3,close_ema_3_daily_slope_pct >= 1.9352918519347406 AND close_to_close_ema_3_daily_difference_pct >= 0.2529055823789776 AND close_to_close_ema_13_daily_difference_pct >= 0.8582022248527891,216,94,122,43.51851851851852,20.6143896523848,22.904128866133718,17.461600646725948,300.98374760168645,0,6.1000000000000005,1.521034423672641,328.54343551329043,-6.408488993877579,13.166307479846493,,,,,,,,,,
JYOTISTRUC_MINED_BASE_G0_C419,,0,3,3,close_ema_3_daily_slope_pct >= 1.9352918519347406 AND close_to_close_ema_8_daily_difference_pct >= 0.5493544276590487 AND close_to_close_ema_13_daily_difference_pct >= 0.8582022248527891,216,94,122,43.51851851851852,20.6143896523848,22.904128866133718,17.461600646725948,300.98374760168645,0,6.1000000000000005,1.521034423672641,328.54343551329043,-6.408488993877579,13.166307479846493,,,,,,,,,,
JYOTISTRUC_MINED_BASE_G0_C420,,0,3,3,close_ema_3_daily_slope_pct >= 1.9352918519347406 AND close_ema_8_daily_slope_pct >= 0.15733448182659485 AND close_to_close_ema_13_daily_difference_pct >= 0.8582022248527891,216,94,122,43.51851851851852,20.6143896523848,22.904128866133718,17.461600646725948,300.98374760168645,0,6.1000000000000005,1.521034423672641,328.54343551329043,-6.408488993877579,13.166307479846493,,,,,,,,,,
JYOTISTRUC_MINED_BASE_G0_C421,,0,3,3,close_ema_3_daily_slope_pct >= 1.9352918519347406 AND close_ema_13_daily_slope_pct >= 0.145719601926301 AND close_to_close_ema_8_daily_difference_pct >= 2.199870988161985,212,93,119,43.86792452830189,20.6143896523848,23.25353487591709,17.13823767178658,300.9826479359001,0,5.95,1.5549911854382192,329.65813131290247,-6.408488993877579,13.166307479846493,,,,,,,,,,
JYOTISTRUC_MINED_BASE_G0_C422,,0,3,3,close_ema_3_daily_slope_pct >= 1.9352918519347406 AND close_ema_13_daily_slope_pct >= 0.145719601926301 AND close_ema_8_daily_slope_pct >= 0.6325101127513095,212,93,119,43.86792452830189,20.6143896523848,23.25353487591709,17.13823767178658,300.9826479359001,0,5.95,1.5549911854382192,329.65813131290247,-6.408488993877579,13.166307479846493,,,,,,,,,,
JYOTISTRUC_MINED_BASE_G0_C423,,0,3,3,close_ema_3_daily_slope_pct >= 1.9352918519347406 AND close_to_close_ema_13_daily_difference_pct >= 0.8582022248527891 AND close_to_close_ema_8_daily_difference_pct >= 2.199870988161985,212,93,119,43.86792452830189,20.6143896523848,23.25353487591709,17.13823767178658,300.9826479359001,0,5.95,1.5549911854382192,329.65813131290247,-6.408488993877579,13.166307479846493,,,,,,,,,,
JYOTISTRUC_MINED_BASE_G0_C424,,0,3,3,close_ema_3_daily_slope_pct >= 1.9352918519347406 AND close_to_close_ema_13_daily_difference_pct >= 0.8582022248527891 AND close_ema_8_daily_slope_pct >= 0.6325101127513095,212,93,119,43.86792452830189,20.6143896523848,23.25353487591709,17.13823767178658,300.9826479359001,0,5.95,1.5549911854382192,329.65813131290247,-6.408488993877579,13.166307479846493,,,,,,,,,,
JYOTISTRUC_MINED_BASE_G0_C425,,0,2,2,close_to_close_ema_3_daily_difference_pct >= 1.8888435519628795 AND close_ema_13_daily_slope_pct >= 0.145719601926301,216,94,122,43.51851851851852,20.6143896523848,22.904128866133718,17.461600646725948,300.97860417896754,0,6.1000000000000005,1.5193199494329963,328.1731090775272,-6.408488993877579,13.166307479846493,,,,,,,,,,
JYOTISTRUC_MINED_BASE_G0_C426,,0,3,3,close_to_close_ema_3_daily_difference_pct >= 1.8888435519628795 AND close_ema_3_daily_slope_pct >= -0.28800660038466785 AND close_ema_13_daily_slope_pct >= 0.145719601926301,216,94,122,43.51851851851852,20.6143896523848,22.904128866133718,17.461600646725948,300.97860417896754,0,6.1000000000000005,1.5193199494329963,328.1731090775272,-6.408488993877579,13.166307479846493,,,,,,,,,,
JYOTISTRUC_MINED_BASE_G0_C427,,0,3,3,close_to_close_ema_3_daily_difference_pct >= 1.8888435519628795 AND close_ema_3_daily_slope_pct >= 1.0132621830219937 AND close_ema_13_daily_slope_pct >= 0.145719601926301,216,94,122,43.51851851851852,20.6143896523848,22.904128866133718,17.461600646725948,300.97860417896754,0,6.1000000000000005,1.5193199494329963,328.1731090775272,-6.408488993877579,13.166307479846493,,,,,,,,,,
JYOTISTRUC_MINED_BASE_G0_C428,,0,3,3,close_to_close_ema_3_daily_difference_pct >= 1.8888435519628795 AND close_ema_3_daily_slope_pct >= 0.2627015027787666 AND close_ema_13_daily_slope_pct >= 0.145719601926301,216,94,122,43.51851851851852,20.6143896523848,22.904128866133718,17.461600646725948,300.97860417896754,0,6.1000000000000005,1.5193199494329963,328.1731090775272,-6.408488993877579,13.166307479846493,,,,,,,,,,
JYOTISTRUC_MINED_BASE_G0_C429,,0,3,3,close_to_close_ema_3_daily_difference_pct >= 1.8888435519628795 AND close_to_close_ema_8_daily_difference_pct >= 0.5493544276590487 AND close_ema_13_daily_slope_pct >= 0.145719601926301,216,94,122,43.51851851851852,20.6143896523848,22.904128866133718,17.461600646725948,300.97860417896754,0,6.1000000000000005,1.5193199494329963,328.1731090775272,-6.408488993877579,13.166307479846493,,,,,,,,,,
JYOTISTRUC_MINED_BASE_G0_C430,,0,3,3,close_to_close_ema_3_daily_difference_pct >= 1.8888435519628795 AND close_ema_8_daily_slope_pct >= 0.15733448182659485 AND close_ema_13_daily_slope_pct >= 0.145719601926301,216,94,122,43.51851851851852,20.6143896523848,22.904128866133718,17.461600646725948,300.97860417896754,0,6.1000000000000005,1.5193199494329963,328.1731090775272,-6.408488993877579,13.166307479846493,,,,,,,,,,
JYOTISTRUC_MINED_BASE_G0_C431,,0,3,3,close_to_close_ema_3_daily_difference_pct >= 1.8888435519628795 AND close_ema_13_daily_slope_pct >= 0.145719601926301 AND close_to_close_ema_13_daily_difference_pct >= 0.8582022248527891,216,94,122,43.51851851851852,20.6143896523848,22.904128866133718,17.461600646725948,300.97860417896754,0,6.1000000000000005,1.5193199494329963,328.1731090775272,-6.408488993877579,13.166307479846493,,,,,,,,,,
JYOTISTRUC_MINED_BASE_G0_C432,,0,1,1,close_ema_3_daily_volatility_5_daily >= 2.179806971968742,372,124,248,33.33333333333333,20.6143896523848,12.718943680948527,30.072756669361354,300.8187842283469,0,12.4,0.5413552745347465,201.3841621269257,-9.598066541883696,15.64246482726509,,,,,,,,,,
JYOTISTRUC_MINED_BASE_G0_C433,,0,2,2,close_to_close_ema_3_daily_difference_pct >= 1.8888435519628795 AND close_to_close_ema_13_daily_difference_pct >= 0.8582022248527891,217,94,123,43.31797235023041,20.6143896523848,22.70358269784561,17.54244139046079,299.8645369296451,0,6.15,1.498874480139026,325.25576219016864,-6.408488993877579,13.166307479846493,,,,,,,,,,
JYOTISTRUC_MINED_BASE_G0_C434,,0,3,3,close_to_close_ema_3_daily_difference_pct >= 1.8888435519628795 AND close_ema_3_daily_slope_pct >= -0.28800660038466785 AND close_to_close_ema_13_daily_difference_pct >= 0.8582022248527891,217,94,123,43.31797235023041,20.6143896523848,22.70358269784561,17.54244139046079,299.8645369296451,0,6.15,1.498874480139026,325.25576219016864,-6.408488993877579,13.166307479846493,,,,,,,,,,
JYOTISTRUC_MINED_BASE_G0_C435,,0,3,3,close_to_close_ema_3_daily_difference_pct >= 1.8888435519628795 AND close_ema_3_daily_slope_pct >= 1.0132621830219937 AND close_to_close_ema_13_daily_difference_pct >= 0.8582022248527891,217,94,123,43.31797235023041,20.6143896523848,22.70358269784561,17.54244139046079,299.8645369296451,0,6.15,1.498874480139026,325.25576219016864,-6.408488993877579,13.166307479846493,,,,,,,,,,
JYOTISTRUC_MINED_BASE_G0_C436,,0,3,3,close_to_close_ema_3_daily_difference_pct >= 1.8888435519628795 AND close_ema_3_daily_slope_pct >= 0.2627015027787666 AND close_to_close_ema_13_daily_difference_pct >= 0.8582022248527891,217,94,123,43.31797235023041,20.6143896523848,22.70358269784561,17.54244139046079,299.8645369296451,0,6.15,1.498874480139026,325.25576219016864,-6.408488993877579,13.166307479846493,,,,,,,,,,
JYOTISTRUC_MINED_BASE_G0_C437,,0,3,3,close_to_close_ema_3_daily_difference_pct >= 1.8888435519628795 AND close_to_close_ema_8_daily_difference_pct >= 0.5493544276590487 AND close_to_close_ema_13_daily_difference_pct >= 0.8582022248527891,217,94,123,43.31797235023041,20.6143896523848,22.70358269784561,17.54244139046079,299.8645369296451,0,6.15,1.498874480139026,325.25576219016864,-6.408488993877579,13.166307479846493,,,,,,,,,,
JYOTISTRUC_MINED_BASE_G0_C438,,0,3,3,close_to_close_ema_3_daily_difference_pct >= 1.8888435519628795 AND close_ema_8_daily_slope_pct >= 0.15733448182659485 AND close_to_close_ema_13_daily_difference_pct >= 0.8582022248527891,217,94,123,43.31797235023041,20.6143896523848,22.70358269784561,17.54244139046079,299.8645369296451,0,6.15,1.498874480139026,325.25576219016864,-6.408488993877579,13.166307479846493,,,,,,,,,,
JYOTISTRUC_MINED_BASE_G0_C439,,0,3,3,close_to_close_ema_3_daily_difference_pct >= 1.8888435519628795 AND close_ema_13_daily_slope_pct >= 0.145719601926301 AND close_to_close_ema_8_daily_difference_pct >= 2.199870988161985,213,93,120,43.66197183098591,20.6143896523848,23.04758217860111,17.219078415521423,299.8346779069461,0,6,1.5322556713135242,326.3704579897807,-6.408488993877579,13.166307479846493,,,,,,,,,,
JYOTISTRUC_MINED_BASE_G0_C440,,0,3,3,close_to_close_ema_3_daily_difference_pct >= 1.8888435519628795 AND close_ema_13_daily_slope_pct >= 0.145719601926301 AND close_ema_8_daily_slope_pct >= 0.6325101127513095,213,93,120,43.66197183098591,20.6143896523848,23.04758217860111,17.219078415521423,299.8346779069461,0,6,1.5322556713135242,326.3704579897807,-6.408488993877579,13.166307479846493,,,,,,,,,,
JYOTISTRUC_MINED_BASE_G0_C441,,0,3,3,close_to_close_ema_3_daily_difference_pct >= 1.8888435519628795 AND close_to_close_ema_13_daily_difference_pct >= 0.8582022248527891 AND close_to_close_ema_8_daily_difference_pct >= 2.199870988161985,213,93,120,43.66197183098591,20.6143896523848,23.04758217860111,17.219078415521423,299.8346779069461,0,6,1.5322556713135242,326.3704579897807,-6.408488993877579,13.166307479846493,,,,,,,,,,
JYOTISTRUC_MINED_BASE_G0_C442,,0,3,3,close_to_close_ema_3_daily_difference_pct >= 1.8888435519628795 AND close_to_close_ema_13_daily_difference_pct >= 0.8582022248527891 AND close_ema_8_daily_slope_pct >= 0.6325101127513095,213,93,120,43.66197183098591,20.6143896523848,23.04758217860111,17.219078415521423,299.8346779069461,0,6,1.5322556713135242,326.3704579897807,-6.408488993877579,13.166307479846493,,,,,,,,,,
JYOTISTRUC_MINED_BASE_G0_C443,,0,3,3,close_ema_3_daily_range_5_pct >= 5.443470843473113 AND close_ema_3_daily_slope_pct >= 1.9352918519347406 AND close_ema_3_daily_volatility_5_daily >= 2.179806971968742,150,75,75,50,20.6143896523848,29.3856103476152,12.126111560226354,299.39315731187025,0,3.75,2.0717018579314357,310.75527868971534,-6.408488993877579,13.166307479846493,,,,,,,,,,
JYOTISTRUC_MINED_BASE_G0_C444,,0,3,3,close_ema_3_daily_range_5_pct >= 5.443470843473113 AND close_to_close_ema_3_daily_difference_pct >= 1.8888435519628795 AND close_ema_3_daily_volatility_5_daily >= 2.179806971968742,150,75,75,50,20.6143896523848,29.3856103476152,12.126111560226354,299.39315731187025,0,3.75,2.0717018579314357,310.75527868971534,-6.408488993877579,13.166307479846493,,,,,,,,,,
JYOTISTRUC_MINED_BASE_G0_C445,,0,3,3,close_to_close_ema_3_daily_difference_pct >= 3.454021016255545 AND close_ema_3_daily_range_5_pct >= 7.56636421937482 AND close_ema_8_daily_volatility_5_daily >= 1.1949164066816405,91,53,38,58.24175824175825,20.6143896523848,37.62736858937345,7.3565076798706555,299.16377988119154,0,1.9000000000000001,2.3089789781081134,210.1170870078383,-6.408488993877579,5.0000022439395675,,,,,,,,,,
JYOTISTRUC_MINED_BASE_G0_C446,,0,3,3,close_ema_3_daily_slope_pct >= 3.5775917885063673 AND close_ema_3_daily_range_5_pct >= 7.56636421937482 AND close_ema_8_daily_volatility_5_daily >= 1.1949164066816405,91,53,38,58.24175824175825,20.6143896523848,37.62736858937345,7.3565076798706555,299.16377988119154,0,1.9000000000000001,2.3089789781081134,210.1170870078383,-6.408488993877579,5.0000022439395675,,,,,,,,,,
JYOTISTRUC_MINED_BASE_G0_C447,,0,2,2,close_ema_3_daily_range_5_pct >= 5.443470843473113 AND close_to_close_ema_3_daily_difference_pct >= 1.003098168620758,240,99,141,41.25,20.6143896523848,20.6356103476152,19.401778496362166,299.0045872298481,0,7.050000000000001,1.625511830590709,390.12283934177015,-6.936684370911476,13.166307479846493,,,,,,,,,,
JYOTISTRUC_MINED_BASE_G0_C448,,0,2,2,close_ema_3_daily_range_5_pct >= 5.443470843473113 AND close_ema_3_daily_slope_pct >= 1.0132621830219937,240,99,141,41.25,20.6143896523848,20.6356103476152,19.401778496362166,299.0045872298481,0,7.050000000000001,1.625511830590709,390.12283934177015,-6.936684370911476,13.166307479846493,,,,,,,,,,
JYOTISTRUC_MINED_BASE_G0_C449,,0,3,3,close_ema_3_daily_range_5_pct >= 5.443470843473113 AND close_ema_3_daily_slope_pct >= -0.28800660038466785 AND close_to_close_ema_3_daily_difference_pct >= 1.003098168620758,240,99,141,41.25,20.6143896523848,20.6356103476152,19.401778496362166,299.0045872298481,0,7.050000000000001,1.625511830590709,390.12283934177015,-6.936684370911476,13.166307479846493,,,,,,,,,,
JYOTISTRUC_MINED_BASE_G0_C450,,0,3,3,close_ema_3_daily_range_5_pct >= 5.443470843473113 AND close_to_close_ema_3_daily_difference_pct >= -0.28338672864249204 AND close_ema_3_daily_slope_pct >= 1.0132621830219937,240,99,141,41.25,20.6143896523848,20.6356103476152,19.401778496362166,299.0045872298481,0,7.050000000000001,1.625511830590709,390.12283934177015,-6.936684370911476,13.166307479846493,,,,,,,,,,
JYOTISTRUC_MINED_BASE_G0_C451,,0,3,3,close_ema_3_daily_range_5_pct >= 5.443470843473113 AND close_to_close_ema_3_daily_difference_pct >= 1.003098168620758 AND close_ema_3_daily_slope_pct >= 1.0132621830219937,240,99,141,41.25,20.6143896523848,20.6356103476152,19.401778496362166,299.0045872298481,0,7.050000000000001,1.625511830590709,390.12283934177015,-6.936684370911476,13.166307479846493,,,,,,,,,,
JYOTISTRUC_MINED_BASE_G0_C452,,0,3,3,close_ema_3_daily_range_5_pct >= 5.443470843473113 AND close_to_close_ema_3_daily_difference_pct >= 1.003098168620758 AND close_ema_3_daily_slope_pct >= 0.2627015027787666,240,99,141,41.25,20.6143896523848,20.6356103476152,19.401778496362166,299.0045872298481,0,7.050000000000001,1.625511830590709,390.12283934177015,-6.936684370911476,13.166307479846493,,,,,,,,,,
JYOTISTRUC_MINED_BASE_G0_C453,,0,3,3,close_ema_3_daily_range_5_pct >= 5.443470843473113 AND close_ema_3_daily_slope_pct >= 1.0132621830219937 AND close_to_close_ema_3_daily_difference_pct >= 0.2529055823789776,240,99,141,41.25,20.6143896523848,20.6356103476152,19.401778496362166,299.0045872298481,0,7.050000000000001,1.625511830590709,390.12283934177015,-6.936684370911476,13.166307479846493,,,,,,,,,,
JYOTISTRUC_MINED_BASE_G0_C454,,0,3,3,close_to_close_ema_3_daily_difference_pct >= 3.454021016255545 AND close_ema_3_daily_volatility_5_daily >= 2.179806971968742 AND close_ema_3_daily_range_5_pct >= 6.513413502927244,101,57,44,56.43564356435643,20.6143896523848,35.82125391197163,8.164915117219078,298.30725514315293,0,2.2,2.466995194431578,249.1665146375894,-6.408488993877579,9.979423397254806,,,,,,,,,,
JYOTISTRUC_MINED_BASE_G0_C455,,0,3,3,close_ema_3_daily_slope_pct >= 3.5775917885063673 AND close_ema_3_daily_volatility_5_daily >= 2.179806971968742 AND close_ema_3_daily_range_5_pct >= 6.513413502927244,101,57,44,56.43564356435643,20.6143896523848,35.82125391197163,8.164915117219078,298.30725514315293,0,2.2,2.466995194431578,249.1665146375894,-6.408488993877579,9.979423397254806,,,,,,,,,,
JYOTISTRUC_MINED_BASE_G0_C456,,0,1,1,close_ema_3_daily_range_5_pct >= 6.513413502927244,496,139,357,28.024193548387093,20.6143896523848,7.409803896002291,40.09700889248181,298.28614237954866,0,17.85,0.36237429984573816,179.73765272348612,-9.598066541883696,15.64246482726509,,,,,,,,,,
JYOTISTRUC_MINED_BASE_G0_C457,,0,3,3,close_to_close_ema_3_daily_difference_pct >= 3.454021016255545 AND close_ema_13_daily_slope_pct >= 0.145719601926301 AND close_ema_8_daily_volatility_5_daily >= 1.1949164066816405,94,54,40,57.446808510638306,20.6143896523848,36.832418858253504,7.599029911075182,297.65054651891364,0,2,2.4961507425487137,234.6381697995791,-6.408488993877579,8.400001525878906,,,,,,,,,,
JYOTISTRUC_MINED_BASE_G0_C458,,0,3,3,close_to_close_ema_3_daily_difference_pct >= 3.454021016255545 AND close_to_close_ema_13_daily_difference_pct >= 0.8582022248527891 AND close_ema_8_daily_volatility_5_daily >= 1.1949164066816405,94,54,40,57.446808510638306,20.6143896523848,36.832418858253504,7.599029911075182,297.65054651891364,0,2,2.4961507425487137,234.6381697995791,-6.408488993877579,8.400001525878906,,,,,,,,,,
JYOTISTRUC_MINED_BASE_G0_C459,,0,3,3,close_ema_3_daily_slope_pct >= 3.5775917885063673 AND close_ema_13_daily_slope_pct >= 0.145719601926301 AND close_ema_8_daily_volatility_5_daily >= 1.1949164066816405,94,54,40,57.446808510638306,20.6143896523848,36.832418858253504,7.599029911075182,297.65054651891364,0,2,2.4961507425487137,234.6381697995791,-6.408488993877579,8.400001525878906,,,,,,,,,,
JYOTISTRUC_MINED_BASE_G0_C460,,0,3,3,close_ema_3_daily_slope_pct >= 3.5775917885063673 AND close_to_close_ema_13_daily_difference_pct >= 0.8582022248527891 AND close_ema_8_daily_volatility_5_daily >= 1.1949164066816405,94,54,40,57.446808510638306,20.6143896523848,36.832418858253504,7.599029911075182,297.65054651891364,0,2,2.4961507425487137,234.6381697995791,-6.408488993877579,8.400001525878906,,,,,,,,,,
JYOTISTRUC_MINED_BASE_G0_C461,,0,2,2,close_ema_3_daily_range_5_pct >= 5.443470843473113 AND close_ema_3_daily_slope_pct >= -0.28800660038466785,321,114,207,35.51401869158878,20.6143896523848,14.89962903920398,25.949878738884397,295.9209143879346,0,10.350000000000001,1.2575897306382426,403.6863035348759,-6.936684370911476,13.960394001558718,,,,,,,,,,
JYOTISTRUC_MINED_BASE_G0_C462,,0,2,2,close_ema_3_daily_range_5_pct >= 5.443470843473113 AND close_to_close_ema_3_daily_difference_pct >= -0.28338672864249204,321,114,207,35.51401869158878,20.6143896523848,14.89962903920398,25.949878738884397,295.9209143879346,0,10.350000000000001,1.2575897306382426,403.6863035348759,-6.936684370911476,13.960394001558718,,,,,,,,,,
JYOTISTRUC_MINED_BASE_G0_C463,,0,3,3,close_ema_3_daily_range_5_pct >= 5.443470843473113 AND close_ema_3_daily_slope_pct >= -0.28800660038466785 AND close_to_close_ema_3_daily_difference_pct >= -0.28338672864249204,321,114,207,35.51401869158878,20.6143896523848,14.89962903920398,25.949878738884397,295.9209143879346,0,10.350000000000001,1.2575897306382426,403.6863035348759,-6.936684370911476,13.960394001558718,,,,,,,,,,
JYOTISTRUC_MINED_BASE_G0_C464,,0,3,3,close_ema_3_daily_volatility_5_daily >= 1.6353580277228665 AND close_ema_3_daily_slope_pct >= 1.9352918519347406 AND close_ema_3_daily_range_5_pct >= 6.513413502927244,165,79,86,47.878787878787875,20.6143896523848,27.264398226403074,13.338722716248991,295.62681164715343,0,4.3,1.8682735050460342,308.2651283325956,-6.408488993877579,13.166307479846493,,,,,,,,,,
JYOTISTRUC_MINED_BASE_G0_C465,,0,3,3,close_ema_3_daily_volatility_5_daily >= 1.6353580277228665 AND close_to_close_ema_3_daily_difference_pct >= 1.8888435519628795 AND close_ema_3_daily_range_5_pct >= 6.513413502927244,165,79,86,47.878787878787875,20.6143896523848,27.264398226403074,13.338722716248991,295.62681164715343,0,4.3,1.8682735050460342,308.2651283325956,-6.408488993877579,13.166307479846493,,,,,,,,,,
JYOTISTRUC_MINED_BASE_G0_C466,,0,2,2,close_ema_3_daily_range_5_pct >= 5.443470843473113 AND close_ema_3_daily_volatility_5_daily >= 2.179806971968742,350,119,231,34,20.6143896523848,13.385610347615199,28.294260307194826,295.17955660465486,0,11.55,0.6005016221929694,210.1755677675393,-9.598066541883696,15.64246482726509,,,,,,,,,,
JYOTISTRUC_MINED_BASE_G0_C467,,0,3,3,close_ema_3_daily_range_5_pct >= 5.443470843473113 AND close_ema_3_daily_slope_pct >= 1.9352918519347406 AND close_ema_13_daily_slope_pct >= 0.145719601926301,169,80,89,47.337278106508876,20.6143896523848,26.722888454124075,13.662085691188357,294.6050427858688,0,4.45,1.8135335050828034,306.48716235899377,-6.408488993877579,13.166307479846493,,,,,,,,,,
JYOTISTRUC_MINED_BASE_G0_C468,,0,3,3,close_ema_3_daily_range_5_pct >= 5.443470843473113 AND close_ema_3_daily_slope_pct >= 1.9352918519347406 AND close_to_close_ema_13_daily_difference_pct >= 0.8582022248527891,169,80,89,47.337278106508876,20.6143896523848,26.722888454124075,13.662085691188357,294.6050427858688,0,4.45,1.8135335050828034,306.48716235899377,-6.408488993877579,13.166307479846493,,,,,,,,,,
JYOTISTRUC_MINED_BASE_G0_C469,,0,3,3,close_ema_3_daily_range_5_pct >= 5.443470843473113 AND close_to_close_ema_3_daily_difference_pct >= 1.8888435519628795 AND close_ema_13_daily_slope_pct >= 0.145719601926301,169,80,89,47.337278106508876,20.6143896523848,26.722888454124075,13.662085691188357,294.6050427858688,0,4.45,1.8135335050828034,306.48716235899377,-6.408488993877579,13.166307479846493,,,,,,,,,,
JYOTISTRUC_MINED_BASE_G0_C470,,0,3,3,close_ema_3_daily_range_5_pct >= 5.443470843473113 AND close_to_close_ema_3_daily_difference_pct >= 1.8888435519628795 AND close_to_close_ema_13_daily_difference_pct >= 0.8582022248527891,169,80,89,47.337278106508876,20.6143896523848,26.722888454124075,13.662085691188357,294.6050427858688,0,4.45,1.8135335050828034,306.48716235899377,-6.408488993877579,13.166307479846493,,,,,,,,,,
JYOTISTRUC_MINED_BASE_G0_C471,,0,2,2,close_ema_3_daily_slope_pct >= 1.9352918519347406 AND close_ema_3_daily_volatility_5_daily >= 2.179806971968742,156,76,80,48.717948717948715,20.6143896523848,28.103559065563914,12.61115602263541,294.3620397347719,0,4,1.9480814689841122,303.9007091615215,-6.408488993877579,13.166307479846493,,,,,,,,,,
JYOTISTRUC_MINED_BASE_G0_C472,,0,2,2,close_to_close_ema_3_daily_difference_pct >= 1.8888435519628795 AND close_ema_3_daily_volatility_5_daily >= 2.179806971968742,156,76,80,48.717948717948715,20.6143896523848,28.103559065563914,12.61115602263541,294.3620397347719,0,4,1.9480814689841122,303.9007091615215,-6.408488993877579,13.166307479846493,,,,,,,,,,
JYOTISTRUC_MINED_BASE_G0_C473,,0,3,3,close_ema_3_daily_slope_pct >= 1.9352918519347406 AND close_to_close_ema_3_daily_difference_pct >= 1.8888435519628795 AND close_ema_3_daily_volatility_5_daily >= 2.179806971968742,156,76,80,48.717948717948715,20.6143896523848,28.103559065563914,12.61115602263541,294.3620397347719,0,4,1.9480814689841122,303.9007091615215,-6.408488993877579,13.166307479846493,,,,,,,,,,
JYOTISTRUC_MINED_BASE_G0_C474,,0,3,3,close_ema_3_daily_slope_pct >= 1.9352918519347406 AND close_to_close_ema_3_daily_difference_pct >= -0.28338672864249204 AND close_ema_3_daily_volatility_5_daily >= 2.179806971968742,156,76,80,48.717948717948715,20.6143896523848,28.103559065563914,12.61115602263541,294.3620397347719,0,4,1.9480814689841122,303.9007091615215,-6.408488993877579,13.166307479846493,,,,,,,,,,
JYOTISTRUC_MINED_BASE_G0_C475,,0,3,3,close_ema_3_daily_slope_pct >= 1.9352918519347406 AND close_to_close_ema_3_daily_difference_pct >= 1.003098168620758 AND close_ema_3_daily_volatility_5_daily >= 2.179806971968742,156,76,80,48.717948717948715,20.6143896523848,28.103559065563914,12.61115602263541,294.3620397347719,0,4,1.9480814689841122,303.9007091615215,-6.408488993877579,13.166307479846493,,,,,,,,,,
JYOTISTRUC_MINED_BASE_G0_C476,,0,3,3,close_ema_3_daily_slope_pct >= 1.9352918519347406 AND close_to_close_ema_3_daily_difference_pct >= 0.2529055823789776 AND close_ema_3_daily_volatility_5_daily >= 2.179806971968742,156,76,80,48.717948717948715,20.6143896523848,28.103559065563914,12.61115602263541,294.3620397347719,0,4,1.9480814689841122,303.9007091615215,-6.408488993877579,13.166307479846493,,,,,,,,,,
JYOTISTRUC_MINED_BASE_G0_C477,,0,3,3,close_to_close_ema_3_daily_difference_pct >= 1.8888435519628795 AND close_ema_3_daily_slope_pct >= -0.28800660038466785 AND close_ema_3_daily_volatility_5_daily >= 2.179806971968742,156,76,80,48.717948717948715,20.6143896523848,28.103559065563914,12.61115602263541,294.3620397347719,0,4,1.9480814689841122,303.9007091615215,-6.408488993877579,13.166307479846493,,,,,,,,,,
JYOTISTRUC_MINED_BASE_G0_C478,,0,3,3,close_to_close_ema_3_daily_difference_pct >= 1.8888435519628795 AND close_ema_3_daily_slope_pct >= 1.0132621830219937 AND close_ema_3_daily_volatility_5_daily >= 2.179806971968742,156,76,80,48.717948717948715,20.6143896523848,28.103559065563914,12.61115602263541,294.3620397347719,0,4,1.9480814689841122,303.9007091615215,-6.408488993877579,13.166307479846493,,,,,,,,,,
JYOTISTRUC_MINED_BASE_G0_C479,,0,3,3,close_to_close_ema_3_daily_difference_pct >= 1.8888435519628795 AND close_ema_3_daily_slope_pct >= 0.2627015027787666 AND close_ema_3_daily_volatility_5_daily >= 2.179806971968742,156,76,80,48.717948717948715,20.6143896523848,28.103559065563914,12.61115602263541,294.3620397347719,0,4,1.9480814689841122,303.9007091615215,-6.408488993877579,13.166307479846493,,,,,,,,,,
JYOTISTRUC_MINED_BASE_G0_C480,,0,3,3,close_ema_3_daily_volatility_5_daily >= 1.6353580277228665 AND close_ema_3_daily_slope_pct >= 1.9352918519347406 AND close_ema_8_daily_volatility_5_daily >= 1.1949164066816405,153,75,78,49.01960784313725,20.6143896523848,28.40521819075245,12.36863379143088,293.8752779552042,0,3.9000000000000004,1.9163956671472961,293.2085370735363,-6.408488993877579,13.166307479846493,,,,,,,,,,
JYOTISTRUC_MINED_BASE_G0_C481,,0,3,3,close_ema_3_daily_volatility_5_daily >= 1.6353580277228665 AND close_to_close_ema_3_daily_difference_pct >= 1.8888435519628795 AND close_ema_8_daily_volatility_5_daily >= 1.1949164066816405,153,75,78,49.01960784313725,20.6143896523848,28.40521819075245,12.36863379143088,293.8752779552042,0,3.9000000000000004,1.9163956671472961,293.2085370735363,-6.408488993877579,13.166307479846493,,,,,,,,,,
JYOTISTRUC_MINED_BASE_G0_C482,,0,2,2,close_ema_3_daily_volatility_5_daily >= 1.836598276929643 AND close_ema_3_daily_range_5_pct >= 6.513413502927244,395,125,270,31.645569620253166,20.6143896523848,11.031179967868365,31.932093775262732,292.85454818722525,0,13.5,0.39954944929446873,157.82203247131514,-9.598066541883696,15.64246482726509,,,,,,,,,,
JYOTISTRUC_MINED_BASE_G0_C483,,0,2,2,close_ema_3_daily_volatility_5_daily >= 1.6353580277228665 AND close_ema_3_daily_range_5_pct >= 6.513413502927244,459,133,326,28.9760348583878,20.6143896523848,8.361645206002997,37.10590137429264,292.49985089082054,0,16.3,0.33054162026853334,151.7186037032568,-9.598066541883696,15.64246482726509,,,,,,,,,,
JYOTISTRUC_MINED_BASE_G0_C484,,0,3,3,close_ema_3_daily_slope_pct >= 1.9352918519347406 AND close_ema_3_daily_volatility_5_daily >= 1.836598276929643 AND close_ema_8_daily_volatility_5_daily >= 1.1949164066816405,151,74,77,49.00662251655629,20.6143896523848,28.39223286417149,12.206952303961197,291.93606326298175,0,3.85,1.9416329807081125,293.186580086925,-6.408488993877579,13.166307479846493,,,,,,,,,,
JYOTISTRUC_MINED_BASE_G0_C485,,0,3,3,close_to_close_ema_3_daily_difference_pct >= 1.8888435519628795 AND close_ema_3_daily_volatility_5_daily >= 1.836598276929643 AND close_ema_8_daily_volatility_5_daily >= 1.1949164066816405,151,74,77,49.00662251655629,20.6143896523848,28.39223286417149,12.206952303961197,291.93606326298175,0,3.85,1.9416329807081125,293.186580086925,-6.408488993877579,13.166307479846493,,,,,,,,,,
JYOTISTRUC_MINED_BASE_G0_C486,,0,3,3,close_to_close_ema_3_daily_difference_pct >= 3.454021016255545 AND close_ema_3_daily_range_5_pct >= 6.513413502927244 AND close_ema_8_daily_volatility_5_daily >= 1.1949164066816405,96,54,42,56.25,20.6143896523848,35.6356103476152,7.760711398544867,291.28709783447107,0,2.1,2.4030153654650386,230.6894750846437,-6.408488993877579,8.400001525878906,,,,,,,,,,
JYOTISTRUC_MINED_BASE_G0_C487,,0,3,3,close_ema_3_daily_slope_pct >= 3.5775917885063673 AND close_ema_3_daily_range_5_pct >= 6.513413502927244 AND close_ema_8_daily_volatility_5_daily >= 1.1949164066816405,96,54,42,56.25,20.6143896523848,35.6356103476152,7.760711398544867,291.28709783447107,0,2.1,2.4030153654650386,230.6894750846437,-6.408488993877579,8.400001525878906,,,,,,,,,,
JYOTISTRUC_MINED_BASE_G0_C488,,0,2,2,close_ema_3_daily_volatility_5_daily >= 1.6353580277228665 AND close_ema_3_daily_slope_pct >= -0.28800660038466785,347,117,230,33.71757925072046,20.6143896523848,13.10318959833566,28.0517380759903,291.1904917204316,0,11.5,1.0581812429177653,367.1888912924646,-6.936684370911476,13.166307479846493,,,,,,,,,,
JYOTISTRUC_MINED_BASE_G0_C489,,0,3,3,close_ema_3_daily_range_5_pct >= 5.443470843473113 AND close_ema_3_daily_volatility_5_daily >= 1.6353580277228665 AND close_ema_3_daily_slope_pct >= -0.28800660038466785,289,107,182,37.0242214532872,20.6143896523848,16.409831800902396,23.362974939369444,290.64003022627094,0,9.1,1.2302904072530005,355.55392769611717,-6.936684370911476,13.166307479846493,,,,,,,,,,
JYOTISTRUC_MINED_BASE_G0_C490,,0,3,3,close_ema_3_daily_range_5_pct >= 5.443470843473113 AND close_ema_3_daily_volatility_5_daily >= 1.6353580277228665 AND close_to_close_ema_3_daily_difference_pct >= -0.28338672864249204,289,107,182,37.0242214532872,20.6143896523848,16.409831800902396,23.362974939369444,290.64003022627094,0,9.1,1.2302904072530005,355.55392769611717,-6.936684370911476,13.166307479846493,,,,,,,,,,
JYOTISTRUC_MINED_BASE_G0_C491,,0,3,3,close_ema_3_daily_range_5_pct >= 5.443470843473113 AND close_ema_3_daily_slope_pct >= -0.28800660038466785 AND close_ema_3_daily_volatility_5_daily >= 1.836598276929643,249,99,150,39.75903614457831,20.6143896523848,19.14464649219351,20.129345189975748,290.2596727401347,0,7.5,1.345480093055715,335.024543170873,-6.936684370911476,13.166307479846493,,,,,,,,,,
JYOTISTRUC_MINED_BASE_G0_C492,,0,3,3,close_ema_3_daily_range_5_pct >= 5.443470843473113 AND close_to_close_ema_3_daily_difference_pct >= -0.28338672864249204 AND close_ema_3_daily_volatility_5_daily >= 1.836598276929643,249,99,150,39.75903614457831,20.6143896523848,19.14464649219351,20.129345189975748,290.2596727401347,0,7.5,1.345480093055715,335.024543170873,-6.936684370911476,13.166307479846493,,,,,,,,,,
JYOTISTRUC_MINED_BASE_G0_C493,,0,1,1,close_to_close_ema_8_daily_difference_pct >= 0.5493544276590487,496,136,360,27.419354838709676,20.6143896523848,6.804965186324875,40.09700889248181,290.1205467110463,0,18,0.6985735931406468,346.4925021977608,-6.936684370911476,13.960394001558718,,,,,,,,,,
JYOTISTRUC_MINED_BASE_G0_C494,,0,3,3,close_ema_3_daily_range_5_pct >= 5.443470843473113 AND close_ema_3_daily_slope_pct >= 1.9352918519347406 AND close_ema_8_daily_volatility_5_daily >= 1.1949164066816405,146,72,74,49.31506849315068,20.6143896523848,28.70067884076588,11.802748585286984,289.6316287600495,0,3.7,1.9427448520733621,283.64074840271087,-6.408488993877579,13.166307479846493,,,,,,,,,,
JYOTISTRUC_MINED_BASE_G0_C495,,0,3,3,close_ema_3_daily_range_5_pct >= 5.443470843473113 AND close_to_close_ema_3_daily_difference_pct >= 1.8888435519628795 AND close_ema_8_daily_volatility_5_daily >= 1.1949164066816405,146,72,74,49.31506849315068,20.6143896523848,28.70067884076588,11.802748585286984,289.6316287600495,0,3.7,1.9427448520733621,283.64074840271087,-6.408488993877579,13.166307479846493,,,,,,,,,,
JYOTISTRUC_MINED_BASE_G0_C496,,0,2,2,close_ema_3_daily_slope_pct >= 1.9352918519347406 AND close_ema_8_daily_volatility_5_daily >= 1.1949164066816405,159,76,83,47.79874213836478,20.6143896523848,27.18435248597998,12.853678253839934,289.45806468003735,0,4.15,1.8954340833791505,301.37401925728494,-6.408488993877579,13.166307479846493,,,,,,,,,,
JYOTISTRUC_MINED_BASE_G0_C497,,0,2,2,close_to_close_ema_3_daily_difference_pct >= 1.8888435519628795 AND close_ema_8_daily_volatility_5_daily >= 1.1949164066816405,159,76,83,47.79874213836478,20.6143896523848,27.18435248597998,12.853678253839934,289.45806468003735,0,4.15,1.8954340833791505,301.37401925728494,-6.408488993877579,13.166307479846493,,,,,,,,,,
JYOTISTRUC_MINED_BASE_G0_C498,,0,3,3,close_ema_3_daily_slope_pct >= 1.9352918519347406 AND close_to_close_ema_3_daily_difference_pct >= 1.8888435519628795 AND close_ema_8_daily_volatility_5_daily >= 1.1949164066816405,159,76,83,47.79874213836478,20.6143896523848,27.18435248597998,12.853678253839934,289.45806468003735,0,4.15,1.8954340833791505,301.37401925728494,-6.408488993877579,13.166307479846493,,,,,,,,,,
JYOTISTRUC_MINED_BASE_G0_C499,,0,3,3,close_ema_3_daily_slope_pct >= 1.9352918519347406 AND close_to_close_ema_3_daily_difference_pct >= -0.28338672864249204 AND close_ema_8_daily_volatility_5_daily >= 1.1949164066816405,159,76,83,47.79874213836478,20.6143896523848,27.18435248597998,12.853678253839934,289.45806468003735,0,4.15,1.8954340833791505,301.37401925728494,-6.408488993877579,13.166307479846493,,,,,,,,,,
JYOTISTRUC_MINED_BASE_G0_C500,,0,3,3,close_ema_3_daily_slope_pct >= 1.9352918519347406 AND close_to_close_ema_3_daily_difference_pct >= 1.003098168620758 AND close_ema_8_daily_volatility_5_daily >= 1.1949164066816405,159,76,83,47.79874213836478,20.6143896523848,27.18435248597998,12.853678253839934,289.45806468003735,0,4.15,1.8954340833791505,301.37401925728494,-6.408488993877579,13.166307479846493,,,,,,,,,,
JYOTISTRUC_MINED_BASE_G0_C501,,0,3,3,close_ema_3_daily_slope_pct >= 1.9352918519347406 AND close_to_close_ema_3_daily_difference_pct >= 0.2529055823789776 AND close_ema_8_daily_volatility_5_daily >= 1.1949164066816405,159,76,83,47.79874213836478,20.6143896523848,27.18435248597998,12.853678253839934,289.45806468003735,0,4.15,1.8954340833791505,301.37401925728494,-6.408488993877579,13.166307479846493,,,,,,,,,,
JYOTISTRUC_MINED_BASE_G0_C502,,0,3,3,close_to_close_ema_3_daily_difference_pct >= 1.8888435519628795 AND close_ema_3_daily_slope_pct >= -0.28800660038466785 AND close_ema_8_daily_volatility_5_daily >= 1.1949164066816405,159,76,83,47.79874213836478,20.6143896523848,27.18435248597998,12.853678253839934,289.45806468003735,0,4.15,1.8954340833791505,301.37401925728494,-6.408488993877579,13.166307479846493,,,,,,,,,,
JYOTISTRUC_MINED_BASE_G0_C503,,0,3,3,close_to_close_ema_3_daily_difference_pct >= 1.8888435519628795 AND close_ema_3_daily_slope_pct >= 1.0132621830219937 AND close_ema_8_daily_volatility_5_daily >= 1.1949164066816405,159,76,83,47.79874213836478,20.6143896523848,27.18435248597998,12.853678253839934,289.45806468003735,0,4.15,1.8954340833791505,301.37401925728494,-6.408488993877579,13.166307479846493,,,,,,,,,,
JYOTISTRUC_MINED_BASE_G0_C504,,0,3,3,close_to_close_ema_3_daily_difference_pct >= 1.8888435519628795 AND close_ema_3_daily_slope_pct >= 0.2627015027787666 AND close_ema_8_daily_volatility_5_daily >= 1.1949164066816405,159,76,83,47.79874213836478,20.6143896523848,27.18435248597998,12.853678253839934,289.45806468003735,0,4.15,1.8954340833791505,301.37401925728494,-6.408488993877579,13.166307479846493,,,,,,,,,,
JYOTISTRUC_MINED_BASE_G0_C505,,0,2,2,close_ema_3_daily_volatility_5_daily >= 1.6353580277228665 AND close_to_close_ema_3_daily_difference_pct >= -0.28338672864249204,346,116,230,33.52601156069364,20.6143896523848,12.911621908308838,27.970897332255458,288.2009112201379,0,11.5,1.047600559531244,362.46979359781045,-6.936684370911476,13.166307479846493,,,,,,,,,,
JYOTISTRUC_MINED_BASE_G0_C506,,0,3,3,close_ema_3_daily_volatility_5_daily >= 1.6353580277228665 AND close_ema_3_daily_slope_pct >= -0.28800660038466785 AND close_to_close_ema_3_daily_difference_pct >= -0.28338672864249204,346,116,230,33.52601156069364,20.6143896523848,12.911621908308838,27.970897332255458,288.2009112201379,0,11.5,1.047600559531244,362.46979359781045,-6.936684370911476,13.166307479846493,,,,,,,,,,
JYOTISTRUC_MINED_BASE_G0_C507,,0,1,1,close_ema_8_daily_slope_pct >= 0.15733448182659485,495,135,360,27.27272727272727,20.6143896523848,6.6583376203424685,40.016168148746964,287.364043601424,0,18,0.690785166570542,341.9386574524183,-6.936684370911476,13.960394001558718,,,,,,,,,,
JYOTISTRUC_MINED_BASE_G0_C508,,0,2,2,close_to_close_ema_8_daily_difference_pct >= 0.5493544276590487 AND close_ema_8_daily_slope_pct >= 0.15733448182659485,495,135,360,27.27272727272727,20.6143896523848,6.6583376203424685,40.016168148746964,287.364043601424,0,18,0.690785166570542,341.9386574524183,-6.936684370911476,13.960394001558718,,,,,,,,,,
JYOTISTRUC_MINED_BASE_G0_C509,,0,3,3,close_ema_3_daily_slope_pct >= 1.9352918519347406 AND close_ema_3_daily_volatility_5_daily >= 2.179806971968742 AND close_ema_8_daily_volatility_5_daily >= 1.1949164066816405,141,70,71,49.645390070921984,20.6143896523848,29.031000418537182,11.398544866612772,287.33940236307285,0,3.5500000000000003,1.9114667567956491,269.51681270818654,-6.408488993877579,13.166307479846493,,,,,,,,,,
JYOTISTRUC_MINED_BASE_G0_C510,,0,3,3,close_to_close_ema_3_daily_difference_pct >= 1.8888435519628795 AND close_ema_3_daily_volatility_5_daily >= 2.179806971968742 AND close_ema_8_daily_volatility_5_daily >= 1.1949164066816405,141,70,71,49.645390070921984,20.6143896523848,29.031000418537182,11.398544866612772,287.33940236307285,0,3.5500000000000003,1.9114667567956491,269.51681270818654,-6.408488993877579,13.166307479846493,,,,,,,,,,
JYOTISTRUC_MINED_BASE_G0_C511,,0,2,2,close_ema_3_daily_slope_pct >= -0.28800660038466785 AND close_ema_3_daily_volatility_5_daily >= 1.836598276929643,284,105,179,36.971830985915496,20.6143896523848,16.357441333530694,22.958771220695233,286.4371838581239,0,8.950000000000001,1.1999923968234754,340.797840697867,-6.936684370911476,13.166307479846493,,,,,,,,,,
JYOTISTRUC_MINED_BASE_G0_C512,,0,2,2,close_to_close_ema_3_daily_difference_pct >= -0.28338672864249204 AND close_ema_3_daily_volatility_5_daily >= 1.836598276929643,284,105,179,36.971830985915496,20.6143896523848,16.357441333530694,22.958771220695233,286.4371838581239,0,8.950000000000001,1.1999923968234754,340.797840697867,-6.936684370911476,13.166307479846493,,,,,,,,,,
JYOTISTRUC_MINED_BASE_G0_C513,,0,3,3,close_ema_3_daily_slope_pct >= -0.28800660038466785 AND close_to_close_ema_3_daily_difference_pct >= -0.28338672864249204 AND close_ema_3_daily_volatility_5_daily >= 1.836598276929643,284,105,179,36.971830985915496,20.6143896523848,16.357441333530694,22.958771220695233,286.4371838581239,0,8.950000000000001,1.1999923968234754,340.797840697867,-6.936684370911476,13.166307479846493,,,,,,,,,,
JYOTISTRUC_MINED_BASE_G0_C514,,0,2,2,close_ema_3_daily_volatility_5_daily >= 1.6353580277228665 AND close_ema_3_daily_range_5_pct >= 7.56636421937482,366,119,247,32.51366120218579,20.6143896523848,11.899271549800986,29.587712206952304,286.29277033580286,0,12.350000000000001,0.3821375289326517,139.86233558935052,-9.598066541883696,15.64246482726509,,,,,,,,,,
JYOTISTRUC_MINED_BASE_G0_C515,,0,3,3,close_ema_3_daily_slope_pct >= 1.9352918519347406 AND close_ema_3_daily_volatility_5_daily >= 1.836598276929643 AND close_ema_3_daily_range_5_pct >= 6.513413502927244,158,75,83,47.46835443037975,20.6143896523848,26.853964777994946,12.772837510105091,285.79735091505455,0,4.15,1.8925090083599168,299.01642332086686,-6.408488993877579,13.166307479846493,,,,,,,,,,
JYOTISTRUC_MINED_BASE_G0_C516,,0,3,3,close_to_close_ema_3_daily_difference_pct >= 1.8888435519628795 AND close_ema_3_daily_volatility_5_daily >= 1.836598276929643 AND close_ema_3_daily_range_5_pct >= 6.513413502927244,158,75,83,47.46835443037975,20.6143896523848,26.853964777994946,12.772837510105091,285.79735091505455,0,4.15,1.8925090083599168,299.01642332086686,-6.408488993877579,13.166307479846493,,,,,,,,,,
JYOTISTRUC_MINED_BASE_G0_C517,,0,3,3,close_ema_3_daily_volatility_5_daily >= 1.6353580277228665 AND close_ema_3_daily_slope_pct >= 1.9352918519347406 AND close_to_close_ema_8_daily_difference_pct >= 2.199870988161985,186,83,103,44.623655913978496,20.6143896523848,24.009266261593694,15.036378334680677,285.4860155338543,0,5.15,1.5298947419619418,284.5604220049212,-6.408488993877579,13.166307479846493,,,,,,,,,,
JYOTISTRUC_MINED_BASE_G0_C518,,0,3,3,close_ema_3_daily_volatility_5_daily >= 1.6353580277228665 AND close_ema_3_daily_slope_pct >= 1.9352918519347406 AND close_ema_8_daily_slope_pct >= 0.6325101127513095,186,83,103,44.623655913978496,20.6143896523848,24.009266261593694,15.036378334680677,285.4860155338543,0,5.15,1.5298947419619418,284.5604220049212,-6.408488993877579,13.166307479846493,,,,,,,,,,
JYOTISTRUC_MINED_BASE_G0_C519,,0,3,3,close_ema_3_daily_volatility_5_daily >= 1.6353580277228665 AND close_to_close_ema_3_daily_difference_pct >= 1.8888435519628795 AND close_to_close_ema_8_daily_difference_pct >= 2.199870988161985,186,83,103,44.623655913978496,20.6143896523848,24.009266261593694,15.036378334680677,285.4860155338543,0,5.15,1.5298947419619418,284.5604220049212,-6.408488993877579,13.166307479846493,,,,,,,,,,
JYOTISTRUC_MINED_BASE_G0_C520,,0,3,3,close_ema_3_daily_volatility_5_daily >= 1.6353580277228665 AND close_to_close_ema_3_daily_difference_pct >= 1.8888435519628795 AND close_ema_8_daily_slope_pct >= 0.6325101127513095,186,83,103,44.623655913978496,20.6143896523848,24.009266261593694,15.036378334680677,285.4860155338543,0,5.15,1.5298947419619418,284.5604220049212,-6.408488993877579,13.166307479846493,,,,,,,,,,
JYOTISTRUC_MINED_BASE_G0_C521,,0,3,3,close_ema_3_daily_volatility_5_daily >= 1.6353580277228665 AND close_ema_3_daily_slope_pct >= 1.9352918519347406 AND close_to_close_ema_8_daily_difference_pct >= 0.5493544276590487,194,85,109,43.81443298969072,20.6143896523848,23.20004333730592,15.683104284559418,284.99526544157476,0,5.45,1.4816829183483904,287.4464861595877,-6.408488993877579,13.166307479846493,,,,,,,,,,
JYOTISTRUC_MINED_BASE_G0_C522,,0,3,3,close_ema_3_daily_volatility_5_daily >= 1.6353580277228665 AND close_ema_3_daily_slope_pct >= 1.9352918519347406 AND close_ema_8_daily_slope_pct >= 0.15733448182659485,194,85,109,43.81443298969072,20.6143896523848,23.20004333730592,15.683104284559418,284.99526544157476,0,5.45,1.4816829183483904,287.4464861595877,-6.408488993877579,13.166307479846493,,,,,,,,,,
JYOTISTRUC_MINED_BASE_G0_C523,,0,3,3,close_ema_3_daily_volatility_5_daily >= 1.6353580277228665 AND close_to_close_ema_3_daily_difference_pct >= 1.8888435519628795 AND close_to_close_ema_8_daily_difference_pct >= 0.5493544276590487,194,85,109,43.81443298969072,20.6143896523848,23.20004333730592,15.683104284559418,284.99526544157476,0,5.45,1.4816829183483904,287.4464861595877,-6.408488993877579,13.166307479846493,,,,,,,,,,
JYOTISTRUC_MINED_BASE_G0_C524,,0,3,3,close_ema_3_daily_volatility_5_daily >= 1.6353580277228665 AND close_to_close_ema_3_daily_difference_pct >= 1.8888435519628795 AND close_ema_8_daily_slope_pct >= 0.15733448182659485,194,85,109,43.81443298969072,20.6143896523848,23.20004333730592,15.683104284559418,284.99526544157476,0,5.45,1.4816829183483904,287.4464861595877,-6.408488993877579,13.166307479846493,,,,,,,,,,
JYOTISTRUC_MINED_BASE_G0_C525,,0,3,3,close_ema_3_daily_range_5_pct >= 5.443470843473113 AND close_ema_3_daily_slope_pct >= -0.28800660038466785 AND close_ema_3_daily_volatility_5_daily >= 2.179806971968742,207,88,119,42.51207729468599,20.6143896523848,21.897687642301186,16.734033953112366,284.3709399988313,0,5.95,1.6108339291084568,333.44262332545054,-6.408488993877579,13.166307479846493,,,,,,,,,,
JYOTISTRUC_MINED_BASE_G0_C526,,0,3,3,close_ema_3_daily_range_5_pct >= 5.443470843473113 AND close_to_close_ema_3_daily_difference_pct >= -0.28338672864249204 AND close_ema_3_daily_volatility_5_daily >= 2.179806971968742,207,88,119,42.51207729468599,20.6143896523848,21.897687642301186,16.734033953112366,284.3709399988313,0,5.95,1.6108339291084568,333.44262332545054,-6.408488993877579,13.166307479846493,,,,,,,,,,
JYOTISTRUC_MINED_BASE_G0_C527,,0,3,3,close_ema_3_daily_range_5_pct >= 5.443470843473113 AND close_ema_3_daily_volatility_5_daily >= 1.6353580277228665 AND close_to_close_ema_3_daily_difference_pct >= 1.003098168620758,225,92,133,40.88888888888889,20.6143896523848,20.27449923650409,18.189167340339534,283.4174488275462,0,6.65,1.5649842150085786,352.1214483769302,-6.936684370911476,13.166307479846493,,,,,,,,,,
JYOTISTRUC_MINED_BASE_G0_C528,,0,3,3,close_ema_3_daily_range_5_pct >= 5.443470843473113 AND close_ema_3_daily_volatility_5_daily >= 1.6353580277228665 AND close_ema_3_daily_slope_pct >= 1.0132621830219937,225,92,133,40.88888888888889,20.6143896523848,20.27449923650409,18.189167340339534,283.4174488275462,0,6.65,1.5649842150085786,352.1214483769302,-6.936684370911476,13.166307479846493,,,,,,,,,,
JYOTISTRUC_MINED_BASE_G0_C529,,0,1,1,close_ema_3_daily_range_5_pct >= 7.56636421937482,372,119,253,31.989247311827956,20.6143896523848,11.374857659443155,30.072756669361354,283.3878405472799,0,12.65,0.3878507500213653,144.2804790079479,-9.598066541883696,15.64246482726509,,,,,,,,,,
JYOTISTRUC_MINED_BASE_G0_C530,,0,2,2,close_ema_3_daily_range_5_pct >= 5.443470843473113 AND close_ema_3_daily_slope_pct >= 0.2627015027787666,279,103,176,36.91756272401434,20.6143896523848,16.303173071629537,22.55456750202102,282.75835200289134,0,8.8,1.3474955482478825,375.95125796115923,-6.936684370911476,13.166307479846493,,,,,,,,,,
JYOTISTRUC_MINED_BASE_G0_C531,,0,2,2,close_ema_3_daily_range_5_pct >= 5.443470843473113 AND close_to_close_ema_3_daily_difference_pct >= 0.2529055823789776,279,103,176,36.91756272401434,20.6143896523848,16.303173071629537,22.55456750202102,282.75835200289134,0,8.8,1.3474955482478825,375.95125796115923,-6.936684370911476,13.166307479846493,,,,,,,,,,
JYOTISTRUC_MINED_BASE_G0_C532,,0,3,3,close_ema_3_daily_range_5_pct >= 5.443470843473113 AND close_ema_3_daily_slope_pct >= -0.28800660038466785 AND close_to_close_ema_3_daily_difference_pct >= 0.2529055823789776,279,103,176,36.91756272401434,20.6143896523848,16.303173071629537,22.55456750202102,282.75835200289134,0,8.8,1.3474955482478825,375.95125796115923,-6.936684370911476,13.166307479846493,,,,,,,,,,
JYOTISTRUC_MINED_BASE_G0_C533,,0,3,3,close_ema_3_daily_range_5_pct >= 5.443470843473113 AND close_to_close_ema_3_daily_difference_pct >= -0.28338672864249204 AND close_ema_3_daily_slope_pct >= 0.2627015027787666,279,103,176,36.91756272401434,20.6143896523848,16.303173071629537,22.55456750202102,282.75835200289134,0,8.8,1.3474955482478825,375.95125796115923,-6.936684370911476,13.166307479846493,,,,,,,,,,
JYOTISTRUC_MINED_BASE_G0_C534,,0,3,3,close_ema_3_daily_range_5_pct >= 5.443470843473113 AND close_ema_3_daily_slope_pct >= 0.2627015027787666 AND close_to_close_ema_3_daily_difference_pct >= 0.2529055823789776,279,103,176,36.91756272401434,20.6143896523848,16.303173071629537,22.55456750202102,282.75835200289134,0,8.8,1.3474955482478825,375.95125796115923,-6.936684370911476,13.166307479846493,,,,,,,,,,
JYOTISTRUC_MINED_BASE_G0_C535,,0,2,2,close_ema_3_daily_volatility_5_daily >= 2.179806971968742 AND close_ema_3_daily_range_5_pct >= 6.513413502927244,334,113,221,33.83233532934132,20.6143896523848,13.217945676956518,27.000808407437347,282.75503316513704,0,11.05,0.571768260118155,190.97059887946375,-9.598066541883696,15.64246482726509,,,,,,,,,,
JYOTISTRUC_MINED_BASE_G0_C536,,0,2,2,close_to_close_ema_3_daily_difference_pct >= 1.003098168620758 AND close_to_close_ema_8_daily_difference_pct >= 0.5493544276590487,344,114,230,33.13953488372093,20.6143896523848,12.525145231336126,27.809215844785772,282.38734200904344,0,11.5,1.0872052841209336,373.9986177376012,-6.936684370911476,13.166307479846493,,,,,,,,,,
JYOTISTRUC_MINED_BASE_G0_C537,,0,2,2,close_to_close_ema_3_daily_difference_pct >= 1.003098168620758 AND close_ema_8_daily_slope_pct >= 0.15733448182659485,344,114,230,33.13953488372093,20.6143896523848,12.525145231336126,27.809215844785772,282.38734200904344,0,11.5,1.0872052841209336,373.9986177376012,-6.936684370911476,13.166307479846493,,,,,,,,,,
JYOTISTRUC_MINED_BASE_G0_C538,,0,2,2,close_ema_3_daily_slope_pct >= 1.0132621830219937 AND close_to_close_ema_8_daily_difference_pct >= 0.5493544276590487,344,114,230,33.13953488372093,20.6143896523848,12.525145231336126,27.809215844785772,282.38734200904344,0,11.5,1.0872052841209336,373.9986177376012,-6.936684370911476,13.166307479846493,,,,,,,,,,
JYOTISTRUC_MINED_BASE_G0_C539,,0,2,2,close_ema_3_daily_slope_pct >= 1.0132621830219937 AND close_ema_8_daily_slope_pct >= 0.15733448182659485,344,114,230,33.13953488372093,20.6143896523848,12.525145231336126,27.809215844785772,282.38734200904344,0,11.5,1.0872052841209336,373.9986177376012,-6.936684370911476,13.166307479846493,,,,,,,,,,
JYOTISTRUC_MINED_BASE_G0_C540,,0,3,3,close_ema_3_daily_slope_pct >= -0.28800660038466785 AND close_to_close_ema_3_daily_difference_pct >= 1.003098168620758 AND close_to_close_ema_8_daily_difference_pct >= 0.5493544276590487,344,114,230,33.13953488372093,20.6143896523848,12.525145231336126,27.809215844785772,282.38734200904344,0,11.5,1.0872052841209336,373.9986177376012,-6.936684370911476,13.166307479846493,,,,,,,,,,
JYOTISTRUC_MINED_BASE_G0_C541,,0,3,3,close_ema_3_daily_slope_pct >= -0.28800660038466785 AND close_to_close_ema_3_daily_difference_pct >= 1.003098168620758 AND close_ema_8_daily_slope_pct >= 0.15733448182659485,344,114,230,33.13953488372093,20.6143896523848,12.525145231336126,27.809215844785772,282.38734200904344,0,11.5,1.0872052841209336,373.9986177376012,-6.936684370911476,13.166307479846493,,,,,,,,,,
JYOTISTRUC_MINED_BASE_G0_C542,,0,3,3,close_to_close_ema_3_daily_difference_pct >= -0.28338672864249204 AND close_ema_3_daily_slope_pct >= 1.0132621830219937 AND close_to_close_ema_8_daily_difference_pct >= 0.5493544276590487,344,114,230,33.13953488372093,20.6143896523848,12.525145231336126,27.809215844785772,282.38734200904344,0,11.5,1.0872052841209336,373.9986177376012,-6.936684370911476,13.166307479846493,,,,,,,,,,
JYOTISTRUC_MINED_BASE_G0_C543,,0,3,3,close_to_close_ema_3_daily_difference_pct >= -0.28338672864249204 AND close_ema_3_daily_slope_pct >= 1.0132621830219937 AND close_ema_8_daily_slope_pct >= 0.15733448182659485,344,114,230,33.13953488372093,20.6143896523848,12.525145231336126,27.809215844785772,282.38734200904344,0,11.5,1.0872052841209336,373.9986177376012,-6.936684370911476,13.166307479846493,,,,,,,,,,
JYOTISTRUC_MINED_BASE_G0_C544,,0,3,3,close_to_close_ema_3_daily_difference_pct >= 1.003098168620758 AND close_ema_3_daily_slope_pct >= 1.0132621830219937 AND close_to_close_ema_8_daily_difference_pct >= 0.5493544276590487,344,114,230,33.13953488372093,20.6143896523848,12.525145231336126,27.809215844785772,282.38734200904344,0,11.5,1.0872052841209336,373.9986177376012,-6.936684370911476,13.166307479846493,,,,,,,,,,
JYOTISTRUC_MINED_BASE_G0_C545,,0,3,3,close_to_close_ema_3_daily_difference_pct >= 1.003098168620758 AND close_ema_3_daily_slope_pct >= 1.0132621830219937 AND close_ema_8_daily_slope_pct >= 0.15733448182659485,344,114,230,33.13953488372093,20.6143896523848,12.525145231336126,27.809215844785772,282.38734200904344,0,11.5,1.0872052841209336,373.9986177376012,-6.936684370911476,13.166307479846493,,,,,,,,,,
JYOTISTRUC_MINED_BASE_G0_C546,,0,3,3,close_to_close_ema_3_daily_difference_pct >= 1.003098168620758 AND close_ema_3_daily_slope_pct >= 0.2627015027787666 AND close_to_close_ema_8_daily_difference_pct >= 0.5493544276590487,344,114,230,33.13953488372093,20.6143896523848,12.525145231336126,27.809215844785772,282.38734200904344,0,11.5,1.0872052841209336,373.9986177376012,-6.936684370911476,13.166307479846493,,,,,,,,,,
JYOTISTRUC_MINED_BASE_G0_C547,,0,3,3,close_to_close_ema_3_daily_difference_pct >= 1.003098168620758 AND close_ema_3_daily_slope_pct >= 0.2627015027787666 AND close_ema_8_daily_slope_pct >= 0.15733448182659485,344,114,230,33.13953488372093,20.6143896523848,12.525145231336126,27.809215844785772,282.38734200904344,0,11.5,1.0872052841209336,373.9986177376012,-6.936684370911476,13.166307479846493,,,,,,,,,,
JYOTISTRUC_MINED_BASE_G0_C548,,0,3,3,close_to_close_ema_3_daily_difference_pct >= 1.003098168620758 AND close_to_close_ema_8_daily_difference_pct >= 0.5493544276590487 AND close_ema_8_daily_slope_pct >= 0.15733448182659485,344,114,230,33.13953488372093,20.6143896523848,12.525145231336126,27.809215844785772,282.38734200904344,0,11.5,1.0872052841209336,373.9986177376012,-6.936684370911476,13.166307479846493,,,,,,,,,,
JYOTISTRUC_MINED_BASE_G0_C549,,0,3,3,close_ema_3_daily_slope_pct >= 1.0132621830219937 AND close_to_close_ema_3_daily_difference_pct >= 0.2529055823789776 AND close_to_close_ema_8_daily_difference_pct >= 0.5493544276590487,344,114,230,33.13953488372093,20.6143896523848,12.525145231336126,27.809215844785772,282.38734200904344,0,11.5,1.0872052841209336,373.9986177376012,-6.936684370911476,13.166307479846493,,,,,,,,,,
JYOTISTRUC_MINED_BASE_G0_C550,,0,3,3,close_ema_3_daily_slope_pct >= 1.0132621830219937 AND close_to_close_ema_3_daily_difference_pct >= 0.2529055823789776 AND close_ema_8_daily_slope_pct >= 0.15733448182659485,344,114,230,33.13953488372093,20.6143896523848,12.525145231336126,27.809215844785772,282.38734200904344,0,11.5,1.0872052841209336,373.9986177376012,-6.936684370911476,13.166307479846493,,,,,,,,,,
JYOTISTRUC_MINED_BASE_G0_C551,,0,3,3,close_ema_3_daily_slope_pct >= 1.0132621830219937 AND close_to_close_ema_8_daily_difference_pct >= 0.5493544276590487 AND close_ema_8_daily_slope_pct >= 0.15733448182659485,344,114,230,33.13953488372093,20.6143896523848,12.525145231336126,27.809215844785772,282.38734200904344,0,11.5,1.0872052841209336,373.9986177376012,-6.936684370911476,13.166307479846493,,,,,,,,,,
JYOTISTRUC_MINED_BASE_G0_C552,,0,3,3,close_ema_3_daily_slope_pct >= 1.9352918519347406 AND close_ema_3_daily_volatility_5_daily >= 2.179806971968742 AND close_ema_3_daily_range_5_pct >= 6.513413502927244,144,70,74,48.61111111111111,20.6143896523848,27.996721458726306,11.641067097817299,282.2525815321832,0,3.7,1.9896580795172376,286.5107634504822,-6.408488993877579,13.166307479846493,,,,,,,,,,
JYOTISTRUC_MINED_BASE_G0_C553,,0,3,3,close_to_close_ema_3_daily_difference_pct >= 1.8888435519628795 AND close_ema_3_daily_volatility_5_daily >= 2.179806971968742 AND close_ema_3_daily_range_5_pct >= 6.513413502927244,144,70,74,48.61111111111111,20.6143896523848,27.996721458726306,11.641067097817299,282.2525815321832,0,3.7,1.9896580795172376,286.5107634504822,-6.408488993877579,13.166307479846493,,,,,,,,,,
JYOTISTRUC_MINED_BASE_G0_C554,,0,2,2,close_ema_3_daily_slope_pct >= 1.9352918519347406 AND close_ema_3_daily_range_5_pct >= 7.56636421937482,141,69,72,48.93617021276596,20.6143896523848,28.321780560381157,11.398544866612772,281.2969292421218,0,3.6,1.7626754800720006,248.53724269015208,-6.408488993877579,13.166307479846493,,,,,,,,,,
JYOTISTRUC_MINED_BASE_G0_C555,,0,2,2,close_to_close_ema_3_daily_difference_pct >= 1.8888435519628795 AND close_ema_3_daily_range_5_pct >= 7.56636421937482,141,69,72,48.93617021276596,20.6143896523848,28.321780560381157,11.398544866612772,281.2969292421218,0,3.6,1.7626754800720006,248.53724269015208,-6.408488993877579,13.166307479846493,,,,,,,,,,
JYOTISTRUC_MINED_BASE_G0_C556,,0,3,3,close_ema_3_daily_volatility_5_daily >= 1.6353580277228665 AND close_ema_3_daily_slope_pct >= 1.9352918519347406 AND close_ema_3_daily_range_5_pct >= 7.56636421937482,141,69,72,48.93617021276596,20.6143896523848,28.321780560381157,11.398544866612772,281.2969292421218,0,3.6,1.7626754800720006,248.53724269015208,-6.408488993877579,13.166307479846493,,,,,,,,,,
JYOTISTRUC_MINED_BASE_G0_C557,,0,3,3,close_ema_3_daily_volatility_5_daily >= 1.6353580277228665 AND close_to_close_ema_3_daily_difference_pct >= 1.8888435519628795 AND close_ema_3_daily_range_5_pct >= 7.56636421937482,141,69,72,48.93617021276596,20.6143896523848,28.321780560381157,11.398544866612772,281.2969292421218,0,3.6,1.7626754800720006,248.53724269015208,-6.408488993877579,13.166307479846493,,,,,,,,,,
JYOTISTRUC_MINED_BASE_G0_C558,,0,3,3,close_ema_3_daily_slope_pct >= 1.9352918519347406 AND close_to_close_ema_3_daily_difference_pct >= 1.8888435519628795 AND close_ema_3_daily_range_5_pct >= 7.56636421937482,141,69,72,48.93617021276596,20.6143896523848,28.321780560381157,11.398544866612772,281.2969292421218,0,3.6,1.7626754800720006,248.53724269015208,-6.408488993877579,13.166307479846493,,,,,,,,,,
JYOTISTRUC_MINED_BASE_G0_C559,,0,3,3,close_ema_3_daily_slope_pct >= 1.9352918519347406 AND close_to_close_ema_3_daily_difference_pct >= -0.28338672864249204 AND close_ema_3_daily_range_5_pct >= 7.56636421937482,141,69,72,48.93617021276596,20.6143896523848,28.321780560381157,11.398544866612772,281.2969292421218,0,3.6,1.7626754800720006,248.53724269015208,-6.408488993877579,13.166307479846493,,,,,,,,,,
JYOTISTRUC_MINED_BASE_G0_C560,,0,3,3,close_ema_3_daily_slope_pct >= 1.9352918519347406 AND close_to_close_ema_3_daily_difference_pct >= 1.003098168620758 AND close_ema_3_daily_range_5_pct >= 7.56636421937482,141,69,72,48.93617021276596,20.6143896523848,28.321780560381157,11.398544866612772,281.2969292421218,0,3.6,1.7626754800720006,248.53724269015208,-6.408488993877579,13.166307479846493,,,,,,,,,,
JYOTISTRUC_MINED_BASE_G0_C561,,0,3,3,close_ema_3_daily_slope_pct >= 1.9352918519347406 AND close_to_close_ema_3_daily_difference_pct >= 0.2529055823789776 AND close_ema_3_daily_range_5_pct >= 7.56636421937482,141,69,72,48.93617021276596,20.6143896523848,28.321780560381157,11.398544866612772,281.2969292421218,0,3.6,1.7626754800720006,248.53724269015208,-6.408488993877579,13.166307479846493,,,,,,,,,,
JYOTISTRUC_MINED_BASE_G0_C562,,0,3,3,close_to_close_ema_3_daily_difference_pct >= 1.8888435519628795 AND close_ema_3_daily_slope_pct >= -0.28800660038466785 AND close_ema_3_daily_range_5_pct >= 7.56636421937482,141,69,72,48.93617021276596,20.6143896523848,28.321780560381157,11.398544866612772,281.2969292421218,0,3.6,1.7626754800720006,248.53724269015208,-6.408488993877579,13.166307479846493,,,,,,,,,,
JYOTISTRUC_MINED_BASE_G0_C563,,0,3,3,close_to_close_ema_3_daily_difference_pct >= 1.8888435519628795 AND close_ema_3_daily_slope_pct >= 1.0132621830219937 AND close_ema_3_daily_range_5_pct >= 7.56636421937482,141,69,72,48.93617021276596,20.6143896523848,28.321780560381157,11.398544866612772,281.2969292421218,0,3.6,1.7626754800720006,248.53724269015208,-6.408488993877579,13.166307479846493,,,,,,,,,,
JYOTISTRUC_MINED_BASE_G0_C564,,0,3,3,close_to_close_ema_3_daily_difference_pct >= 1.8888435519628795 AND close_ema_3_daily_slope_pct >= 0.2627015027787666 AND close_ema_3_daily_range_5_pct >= 7.56636421937482,141,69,72,48.93617021276596,20.6143896523848,28.321780560381157,11.398544866612772,281.2969292421218,0,3.6,1.7626754800720006,248.53724269015208,-6.408488993877579,13.166307479846493,,,,,,,,,,
JYOTISTRUC_MINED_BASE_G0_C565,,0,2,2,close_ema_3_daily_volatility_5_daily >= 1.836598276929643 AND close_ema_3_daily_range_5_pct >= 7.56636421937482,343,114,229,33.23615160349854,20.6143896523848,12.62176195111374,27.72837510105093,280.8721324877598,0,11.450000000000001,0.40444091073035915,138.7232323805132,-9.598066541883696,15.64246482726509,,,,,,,,,,
JYOTISTRUC_MINED_BASE_G0_C566,,0,2,2,close_ema_3_daily_slope_pct >= -0.28800660038466785 AND close_ema_3_daily_volatility_5_daily >= 2.179806971968742,223,91,132,40.80717488789238,20.6143896523848,20.19278523550758,18.027485852869845,280.7834873532075,0,6.6000000000000005,1.473187058556522,328.52071405810443,-6.408488993877579,13.166307479846493,,,,,,,,,,
JYOTISTRUC_MINED_BASE_G0_C567,,0,2,2,close_to_close_ema_3_daily_difference_pct >= -0.28338672864249204 AND close_ema_3_daily_volatility_5_daily >= 2.179806971968742,223,91,132,40.80717488789238,20.6143896523848,20.19278523550758,18.027485852869845,280.7834873532075,0,6.6000000000000005,1.473187058556522,328.52071405810443,-6.408488993877579,13.166307479846493,,,,,,,,,,
JYOTISTRUC_MINED_BASE_G0_C568,,0,3,3,close_ema_3_daily_slope_pct >= -0.28800660038466785 AND close_to_close_ema_3_daily_difference_pct >= -0.28338672864249204 AND close_ema_3_daily_volatility_5_daily >= 2.179806971968742,223,91,132,40.80717488789238,20.6143896523848,20.19278523550758,18.027485852869845,280.7834873532075,0,6.6000000000000005,1.473187058556522,328.52071405810443,-6.408488993877579,13.166307479846493,,,,,,,,,,
JYOTISTRUC_MINED_BASE_G0_C569,,0,3,3,close_ema_3_daily_slope_pct >= 1.9352918519347406 AND close_ema_3_daily_range_5_pct >= 6.513413502927244 AND close_to_close_ema_8_daily_difference_pct >= 0.5493544276590487,159,74,85,46.540880503144656,20.6143896523848,25.926490850759855,12.853678253839934,278.77459920248435,0,4.25,1.797381649561688,285.7836822803084,-6.408488993877579,13.166307479846493,,,,,,,,,,
JYOTISTRUC_MINED_BASE_G0_C570,,0,3,3,close_ema_3_daily_slope_pct >= 1.9352918519347406 AND close_ema_3_daily_range_5_pct >= 6.513413502927244 AND close_ema_8_daily_slope_pct >= 0.15733448182659485,159,74,85,46.540880503144656,20.6143896523848,25.926490850759855,12.853678253839934,278.77459920248435,0,4.25,1.797381649561688,285.7836822803084,-6.408488993877579,13.166307479846493,,,,,,,,,,
JYOTISTRUC_MINED_BASE_G0_C571,,0,3,3,close_to_close_ema_3_daily_difference_pct >= 1.8888435519628795 AND close_ema_3_daily_range_5_pct >= 6.513413502927244 AND close_to_close_ema_8_daily_difference_pct >= 0.5493544276590487,159,74,85,46.540880503144656,20.6143896523848,25.926490850759855,12.853678253839934,278.77459920248435,0,4.25,1.797381649561688,285.7836822803084,-6.408488993877579,13.166307479846493,,,,,,,,,,
JYOTISTRUC_MINED_BASE_G0_C572,,0,3,3,close_to_close_ema_3_daily_difference_pct >= 1.8888435519628795 AND close_ema_3_daily_range_5_pct >= 6.513413502927244 AND close_ema_8_daily_slope_pct >= 0.15733448182659485,159,74,85,46.540880503144656,20.6143896523848,25.926490850759855,12.853678253839934,278.77459920248435,0,4.25,1.797381649561688,285.7836822803084,-6.408488993877579,13.166307479846493,,,,,,,,,,
JYOTISTRUC_MINED_BASE_G0_C573,,0,3,3,close_ema_3_daily_range_5_pct >= 5.443470843473113 AND close_ema_3_daily_volatility_5_daily >= 1.836598276929643 AND close_to_close_ema_3_daily_difference_pct >= 1.003098168620758,196,84,112,42.857142857142854,20.6143896523848,22.242753204758053,15.844785772029102,278.570328716565,0,5.6000000000000005,1.6521875642582367,323.8287625946144,-6.936684370911476,13.166307479846493,,,,,,,,,,
JYOTISTRUC_MINED_BASE_G0_C574,,0,3,3,close_ema_3_daily_range_5_pct >= 5.443470843473113 AND close_ema_3_daily_volatility_5_daily >= 1.836598276929643 AND close_ema_3_daily_slope_pct >= 1.0132621830219937,196,84,112,42.857142857142854,20.6143896523848,22.242753204758053,15.844785772029102,278.570328716565,0,5.6000000000000005,1.6521875642582367,323.8287625946144,-6.936684370911476,13.166307479846493,,,,,,,,,,
JYOTISTRUC_MINED_BASE_G0_C575,,0,3,3,close_ema_3_daily_range_5_pct >= 5.443470843473113 AND close_to_close_ema_3_daily_difference_pct >= 1.003098168620758 AND close_ema_3_daily_volatility_5_daily >= 2.179806971968742,167,76,91,45.50898203592814,20.6143896523848,24.89459238354334,13.500404203718674,277.4189761441597,0,4.55,1.8320047421476786,305.9447919386623,-6.408488993877579,13.166307479846493,,,,,,,,,,
JYOTISTRUC_MINED_BASE_G0_C576,,0,3,3,close_ema_3_daily_range_5_pct >= 5.443470843473113 AND close_ema_3_daily_slope_pct >= 1.0132621830219937 AND close_ema_3_daily_volatility_5_daily >= 2.179806971968742,167,76,91,45.50898203592814,20.6143896523848,24.89459238354334,13.500404203718674,277.4189761441597,0,4.55,1.8320047421476786,305.9447919386623,-6.408488993877579,13.166307479846493,,,,,,,,,,
JYOTISTRUC_MINED_BASE_G0_C577,,0,2,2,close_ema_3_daily_slope_pct >= -0.28800660038466785 AND close_to_close_ema_8_daily_difference_pct >= 0.5493544276590487,445,126,319,28.314606741573034,20.6143896523848,7.700217089188232,35.97413096200485,276.97112554496033,0,15.950000000000001,0.8066800330063869,358.97261468784217,-6.936684370911476,13.960394001558718,,,,,,,,,,
JYOTISTRUC_MINED_BASE_G0_C578,,0,2,2,close_ema_3_daily_slope_pct >= -0.28800660038466785 AND close_ema_8_daily_slope_pct >= 0.15733448182659485,445,126,319,28.314606741573034,20.6143896523848,7.700217089188232,35.97413096200485,276.97112554496033,0,15.950000000000001,0.8066800330063869,358.97261468784217,-6.936684370911476,13.960394001558718,,,,,,,,,,
JYOTISTRUC_MINED_BASE_G0_C579,,0,2,2,close_to_close_ema_3_daily_difference_pct >= -0.28338672864249204 AND close_to_close_ema_8_daily_difference_pct >= 0.5493544276590487,445,126,319,28.314606741573034,20.6143896523848,7.700217089188232,35.97413096200485,276.97112554496033,0,15.950000000000001,0.8066800330063869,358.97261468784217,-6.936684370911476,13.960394001558718,,,,,,,,,,
JYOTISTRUC_MINED_BASE_G0_C580,,0,2,2,close_to_close_ema_3_daily_difference_pct >= -0.28338672864249204 AND close_ema_8_daily_slope_pct >= 0.15733448182659485,445,126,319,28.314606741573034,20.6143896523848,7.700217089188232,35.97413096200485,276.97112554496033,0,15.950000000000001,0.8066800330063869,358.97261468784217,-6.936684370911476,13.960394001558718,,,,,,,,,,
JYOTISTRUC_MINED_BASE_G0_C581,,0,3,3,close_ema_3_daily_slope_pct >= -0.28800660038466785 AND close_to_close_ema_3_daily_difference_pct >= -0.28338672864249204 AND close_to_close_ema_8_daily_difference_pct >= 0.5493544276590487,445,126,319,28.314606741573034,20.6143896523848,7.700217089188232,35.97413096200485,276.97112554496033,0,15.950000000000001,0.8066800330063869,358.97261468784217,-6.936684370911476,13.960394001558718,,,,,,,,,,
JYOTISTRUC_MINED_BASE_G0_C582,,0,3,3,close_ema_3_daily_slope_pct >= -0.28800660038466785 AND close_to_close_ema_3_daily_difference_pct >= -0.28338672864249204 AND close_ema_8_daily_slope_pct >= 0.15733448182659485,445,126,319,28.314606741573034,20.6143896523848,7.700217089188232,35.97413096200485,276.97112554496033,0,15.950000000000001,0.8066800330063869,358.97261468784217,-6.936684370911476,13.960394001558718,,,,,,,,,,
JYOTISTRUC_MINED_BASE_G0_C583,,0,3,3,close_ema_3_daily_slope_pct >= -0.28800660038466785 AND close_to_close_ema_8_daily_difference_pct >= 0.5493544276590487 AND close_ema_8_daily_slope_pct >= 0.15733448182659485,445,126,319,28.314606741573034,20.6143896523848,7.700217089188232,35.97413096200485,276.97112554496033,0,15.950000000000001,0.8066800330063869,358.97261468784217,-6.936684370911476,13.960394001558718,,,,,,,,,,
JYOTISTRUC_MINED_BASE_G0_C584,,0,3,3,close_to_close_ema_3_daily_difference_pct >= -0.28338672864249204 AND close_to_close_ema_8_daily_difference_pct >= 0.5493544276590487 AND close_ema_8_daily_slope_pct >= 0.15733448182659485,445,126,319,28.314606741573034,20.6143896523848,7.700217089188232,35.97413096200485,276.97112554496033,0,15.950000000000001,0.8066800330063869,358.97261468784217,-6.936684370911476,13.960394001558718,,,,,,,,,,
JYOTISTRUC_MINED_BASE_G0_C585,,0,3,3,close_ema_3_daily_slope_pct >= 1.9352918519347406 AND close_ema_3_daily_range_5_pct >= 6.513413502927244 AND close_to_close_ema_8_daily_difference_pct >= 2.199870988161985,157,73,84,46.496815286624205,20.6143896523848,25.882425634239404,12.69199676637025,276.55650751307854,0,4.2,1.7814597806271772,279.6891855584668,-6.408488993877579,13.166307479846493,,,,,,,,,,
JYOTISTRUC_MINED_BASE_G0_C586,,0,3,3,close_ema_3_daily_slope_pct >= 1.9352918519347406 AND close_ema_3_daily_range_5_pct >= 6.513413502927244 AND close_ema_8_daily_slope_pct >= 0.6325101127513095,157,73,84,46.496815286624205,20.6143896523848,25.882425634239404,12.69199676637025,276.55650751307854,0,4.2,1.7814597806271772,279.6891855584668,-6.408488993877579,13.166307479846493,,,,,,,,,,
JYOTISTRUC_MINED_BASE_G0_C587,,0,3,3,close_to_close_ema_3_daily_difference_pct >= 1.8888435519628795 AND close_ema_3_daily_range_5_pct >= 6.513413502927244 AND close_to_close_ema_8_daily_difference_pct >= 2.199870988161985,157,73,84,46.496815286624205,20.6143896523848,25.882425634239404,12.69199676637025,276.55650751307854,0,4.2,1.7814597806271772,279.6891855584668,-6.408488993877579,13.166307479846493,,,,,,,,,,
JYOTISTRUC_MINED_BASE_G0_C588,,0,3,3,close_to_close_ema_3_daily_difference_pct >= 1.8888435519628795 AND close_ema_3_daily_range_5_pct >= 6.513413502927244 AND close_ema_8_daily_slope_pct >= 0.6325101127513095,157,73,84,46.496815286624205,20.6143896523848,25.882425634239404,12.69199676637025,276.55650751307854,0,4.2,1.7814597806271772,279.6891855584668,-6.408488993877579,13.166307479846493,,,,,,,,,,
JYOTISTRUC_MINED_BASE_G0_C589,,0,2,2,close_ema_3_daily_volatility_5_daily >= 1.6353580277228665 AND close_to_close_ema_3_daily_difference_pct >= 1.003098168620758,261,98,163,37.547892720306514,20.6143896523848,16.933503067921713,21.099434114793855,276.4627318305348,0,8.15,1.31507216364206,343.23383471057764,-6.936684370911476,13.166307479846493,,,,,,,,,,
JYOTISTRUC_MINED_BASE_G0_C590,,0,2,2,close_ema_3_daily_volatility_5_daily >= 1.6353580277228665 AND close_ema_3_daily_slope_pct >= 1.0132621830219937,261,98,163,37.547892720306514,20.6143896523848,16.933503067921713,21.099434114793855,276.4627318305348,0,8.15,1.31507216364206,343.23383471057764,-6.936684370911476,13.166307479846493,,,,,,,,,,
JYOTISTRUC_MINED_BASE_G0_C591,,0,3,3,close_ema_3_daily_volatility_5_daily >= 1.6353580277228665 AND close_ema_3_daily_slope_pct >= -0.28800660038466785 AND close_to_close_ema_3_daily_difference_pct >= 1.003098168620758,261,98,163,37.547892720306514,20.6143896523848,16.933503067921713,21.099434114793855,276.4627318305348,0,8.15,1.31507216364206,343.23383471057764,-6.936684370911476,13.166307479846493,,,,,,,,,,
JYOTISTRUC_MINED_BASE_G0_C592,,0,3,3,close_ema_3_daily_volatility_5_daily >= 1.6353580277228665 AND close_to_close_ema_3_daily_difference_pct >= -0.28338672864249204 AND close_ema_3_daily_slope_pct >= 1.0132621830219937,261,98,163,37.547892720306514,20.6143896523848,16.933503067921713,21.099434114793855,276.4627318305348,0,8.15,1.31507216364206,343.23383471057764,-6.936684370911476,13.166307479846493,,,,,,,,,,
JYOTISTRUC_MINED_BASE_G0_C593,,0,3,3,close_ema_3_daily_volatility_5_daily >= 1.6353580277228665 AND close_to_close_ema_3_daily_difference_pct >= 1.003098168620758 AND close_ema_3_daily_slope_pct >= 1.0132621830219937,261,98,163,37.547892720306514,20.6143896523848,16.933503067921713,21.099434114793855,276.4627318305348,0,8.15,1.31507216364206,343.23383471057764,-6.936684370911476,13.166307479846493,,,,,,,,,,
JYOTISTRUC_MINED_BASE_G0_C594,,0,3,3,close_ema_3_daily_volatility_5_daily >= 1.6353580277228665 AND close_to_close_ema_3_daily_difference_pct >= 1.003098168620758 AND close_ema_3_daily_slope_pct >= 0.2627015027787666,261,98,163,37.547892720306514,20.6143896523848,16.933503067921713,21.099434114793855,276.4627318305348,0,8.15,1.31507216364206,343.23383471057764,-6.936684370911476,13.166307479846493,,,,,,,,,,
JYOTISTRUC_MINED_BASE_G0_C595,,0,3,3,close_ema_3_daily_volatility_5_daily >= 1.6353580277228665 AND close_ema_3_daily_slope_pct >= 1.0132621830219937 AND close_to_close_ema_3_daily_difference_pct >= 0.2529055823789776,261,98,163,37.547892720306514,20.6143896523848,16.933503067921713,21.099434114793855,276.4627318305348,0,8.15,1.31507216364206,343.23383471057764,-6.936684370911476,13.166307479846493,,,,,,,,,,
JYOTISTRUC_MINED_BASE_G0_C596,,0,3,3,close_ema_3_daily_range_5_pct >= 5.443470843473113 AND close_to_close_ema_3_daily_difference_pct >= 1.003098168620758 AND close_to_close_ema_8_daily_difference_pct >= 0.5493544276590487,228,91,137,39.91228070175439,20.6143896523848,19.29789104936959,18.43168957154406,276.2622988513477,0,6.8500000000000005,1.5409478681665965,351.33611394198397,-6.936684370911476,13.166307479846493,,,,,,,,,,
JYOTISTRUC_MINED_BASE_G0_C597,,0,3,3,close_ema_3_daily_range_5_pct >= 5.443470843473113 AND close_to_close_ema_3_daily_difference_pct >= 1.003098168620758 AND close_ema_8_daily_slope_pct >= 0.15733448182659485,228,91,137,39.91228070175439,20.6143896523848,19.29789104936959,18.43168957154406,276.2622988513477,0,6.8500000000000005,1.5409478681665965,351.33611394198397,-6.936684370911476,13.166307479846493,,,,,,,,,,
JYOTISTRUC_MINED_BASE_G0_C598,,0,3,3,close_ema_3_daily_range_5_pct >= 5.443470843473113 AND close_ema_3_daily_slope_pct >= 1.0132621830219937 AND close_to_close_ema_8_daily_difference_pct >= 0.5493544276590487,228,91,137,39.91228070175439,20.6143896523848,19.29789104936959,18.43168957154406,276.2622988513477,0,6.8500000000000005,1.5409478681665965,351.33611394198397,-6.936684370911476,13.166307479846493,,,,,,,,,,
JYOTISTRUC_MINED_BASE_G0_C599,,0,3,3,close_ema_3_daily_range_5_pct >= 5.443470843473113 AND close_ema_3_daily_slope_pct >= 1.0132621830219937 AND close_ema_8_daily_slope_pct >= 0.15733448182659485,228,91,137,39.91228070175439,20.6143896523848,19.29789104936959,18.43168957154406,276.2622988513477,0,6.8500000000000005,1.5409478681665965,351.33611394198397,-6.936684370911476,13.166307479846493,,,,,,,,,,
JYOTISTRUC_MINED_BASE_G0_C600,,0,3,3,close_ema_3_daily_slope_pct >= 1.9352918519347406 AND close_ema_3_daily_range_5_pct >= 6.513413502927244 AND close_ema_13_daily_slope_pct >= 0.145719601926301,154,72,82,46.75324675324675,20.6143896523848,26.138857100861948,12.449474535165724,275.95171847654365,0,4.1000000000000005,1.785810990744653,275.0148925746766,-6.408488993877579,13.166307479846493,,,,,,,,,,
JYOTISTRUC_MINED_BASE_G0_C601,,0,3,3,close_ema_3_daily_slope_pct >= 1.9352918519347406 AND close_ema_3_daily_range_5_pct >= 6.513413502927244 AND close_to_close_ema_13_daily_difference_pct >= 0.8582022248527891,154,72,82,46.75324675324675,20.6143896523848,26.138857100861948,12.449474535165724,275.95171847654365,0,4.1000000000000005,1.785810990744653,275.0148925746766,-6.408488993877579,13.166307479846493,,,,,,,,,,
JYOTISTRUC_MINED_BASE_G0_C602,,0,3,3,close_to_close_ema_3_daily_difference_pct >= 1.8888435519628795 AND close_ema_3_daily_range_5_pct >= 6.513413502927244 AND close_ema_13_daily_slope_pct >= 0.145719601926301,154,72,82,46.75324675324675,20.6143896523848,26.138857100861948,12.449474535165724,275.95171847654365,0,4.1000000000000005,1.785810990744653,275.0148925746766,-6.408488993877579,13.166307479846493,,,,,,,,,,
JYOTISTRUC_MINED_BASE_G0_C603,,0,3,3,close_to_close_ema_3_daily_difference_pct >= 1.8888435519628795 AND close_ema_3_daily_range_5_pct >= 6.513413502927244 AND close_to_close_ema_13_daily_difference_pct >= 0.8582022248527891,154,72,82,46.75324675324675,20.6143896523848,26.138857100861948,12.449474535165724,275.95171847654365,0,4.1000000000000005,1.785810990744653,275.0148925746766,-6.408488993877579,13.166307479846493,,,,,,,,,,
JYOTISTRUC_MINED_BASE_G0_C604,,0,2,2,close_ema_3_daily_volatility_5_daily >= 2.179806971968742 AND close_ema_8_daily_volatility_5_daily >= 1.1949164066816405,334,111,223,33.23353293413174,20.6143896523848,12.619143281746936,27.000808407437347,275.49529119818277,0,11.15,0.516524929816019,172.51932655855035,-9.598066541883696,15.64246482726509,,,,,,,,,,
JYOTISTRUC_MINED_BASE_G0_C605,,0,2,2,close_ema_3_daily_slope_pct >= 0.2627015027787666 AND close_to_close_ema_8_daily_difference_pct >= 0.5493544276590487,402,120,282,29.850746268656714,20.6143896523848,9.236356616271912,32.497978981406625,274.8122422386226,0,14.100000000000001,0.9101530524210141,365.88152707324764,-6.936684370911476,13.166307479846493,,,,,,,,,,
JYOTISTRUC_MINED_BASE_G0_C606,,0,2,2,close_ema_3_daily_slope_pct >= 0.2627015027787666 AND close_ema_8_daily_slope_pct >= 0.15733448182659485,402,120,282,29.850746268656714,20.6143896523848,9.236356616271912,32.497978981406625,274.8122422386226,0,14.100000000000001,0.9101530524210141,365.88152707324764,-6.936684370911476,13.166307479846493,,,,,,,,,,
JYOTISTRUC_MINED_BASE_G0_C607,,0,2,2,close_to_close_ema_3_daily_difference_pct >= 0.2529055823789776 AND close_to_close_ema_8_daily_difference_pct >= 0.5493544276590487,402,120,282,29.850746268656714,20.6143896523848,9.236356616271912,32.497978981406625,274.8122422386226,0,14.100000000000001,0.9101530524210141,365.88152707324764,-6.936684370911476,13.166307479846493,,,,,,,,,,
JYOTISTRUC_MINED_BASE_G0_C608,,0,2,2,close_to_close_ema_3_daily_difference_pct >= 0.2529055823789776 AND close_ema_8_daily_slope_pct >= 0.15733448182659485,402,120,282,29.850746268656714,20.6143896523848,9.236356616271912,32.497978981406625,274.8122422386226,0,14.100000000000001,0.9101530524210141,365.88152707324764,-6.936684370911476,13.166307479846493,,,,,,,,,,
JYOTISTRUC_MINED_BASE_G0_C609,,0,3,3,close_ema_3_daily_slope_pct >= -0.28800660038466785 AND close_to_close_ema_3_daily_difference_pct >= 0.2529055823789776 AND close_to_close_ema_8_daily_difference_pct >= 0.5493544276590487,402,120,282,29.850746268656714,20.6143896523848,9.236356616271912,32.497978981406625,274.8122422386226,0,14.100000000000001,0.9101530524210141,365.88152707324764,-6.936684370911476,13.166307479846493,,,,,,,,,,
JYOTISTRUC_MINED_BASE_G0_C610,,0,3,3,close_ema_3_daily_slope_pct >= -0.28800660038466785 AND close_to_close_ema_3_daily_difference_pct >= 0.2529055823789776 AND close_ema_8_daily_slope_pct >= 0.15733448182659485,402,120,282,29.850746268656714,20.6143896523848,9.236356616271912,32.497978981406625,274.8122422386226,0,14.100000000000001,0.9101530524210141,365.88152707324764,-6.936684370911476,13.166307479846493,,,,,,,,,,
JYOTISTRUC_MINED_BASE_G0_C611,,0,3,3,close_to_close_ema_3_daily_difference_pct >= -0.28338672864249204 AND close_ema_3_daily_slope_pct >= 0.2627015027787666 AND close_to_close_ema_8_daily_difference_pct >= 0.5493544276590487,402,120,282,29.850746268656714,20.6143896523848,9.236356616271912,32.497978981406625,274.8122422386226,0,14.100000000000001,0.9101530524210141,365.88152707324764,-6.936684370911476,13.166307479846493,,,,,,,,,,
JYOTISTRUC_MINED_BASE_G0_C612,,0,3,3,close_to_close_ema_3_daily_difference_pct >= -0.28338672864249204 AND close_ema_3_daily_slope_pct >= 0.2627015027787666 AND close_ema_8_daily_slope_pct >= 0.15733448182659485,402,120,282,29.850746268656714,20.6143896523848,9.236356616271912,32.497978981406625,274.8122422386226,0,14.100000000000001,0.9101530524210141,365.88152707324764,-6.936684370911476,13.166307479846493,,,,,,,,,,
JYOTISTRUC_MINED_BASE_G0_C613,,0,3,3,close_ema_3_daily_slope_pct >= 0.2627015027787666 AND close_to_close_ema_3_daily_difference_pct >= 0.2529055823789776 AND close_to_close_ema_8_daily_difference_pct >= 0.5493544276590487,402,120,282,29.850746268656714,20.6143896523848,9.236356616271912,32.497978981406625,274.8122422386226,0,14.100000000000001,0.9101530524210141,365.88152707324764,-6.936684370911476,13.166307479846493,,,,,,,,,,
JYOTISTRUC_MINED_BASE_G0_C614,,0,3,3,close_ema_3_daily_slope_pct >= 0.2627015027787666 AND close_to_close_ema_3_daily_difference_pct >= 0.2529055823789776 AND close_ema_8_daily_slope_pct >= 0.15733448182659485,402,120,282,29.850746268656714,20.6143896523848,9.236356616271912,32.497978981406625,274.8122422386226,0,14.100000000000001,0.9101530524210141,365.88152707324764,-6.936684370911476,13.166307479846493,,,,,,,,,,
JYOTISTRUC_MINED_BASE_G0_C615,,0,3,3,close_ema_3_daily_slope_pct >= 0.2627015027787666 AND close_to_close_ema_8_daily_difference_pct >= 0.5493544276590487 AND close_ema_8_daily_slope_pct >= 0.15733448182659485,402,120,282,29.850746268656714,20.6143896523848,9.236356616271912,32.497978981406625,274.8122422386226,0,14.100000000000001,0.9101530524210141,365.88152707324764,-6.936684370911476,13.166307479846493,,,,,,,,,,
JYOTISTRUC_MINED_BASE_G0_C616,,0,3,3,close_to_close_ema_3_daily_difference_pct >= 0.2529055823789776 AND close_to_close_ema_8_daily_difference_pct >= 0.5493544276590487 AND close_ema_8_daily_slope_pct >= 0.15733448182659485,402,120,282,29.850746268656714,20.6143896523848,9.236356616271912,32.497978981406625,274.8122422386226,0,14.100000000000001,0.9101530524210141,365.88152707324764,-6.936684370911476,13.166307479846493,,,,,,,,,,
JYOTISTRUC_MINED_BASE_G0_C617,,0,1,1,close_ema_13_daily_slope_pct >= 0.145719601926301,495,131,364,26.464646464646464,20.6143896523848,5.850256812261662,40.016168148746964,274.68038706035264,0,18.2,0.54303433301477,268.80199484231116,-6.936684370911476,13.960394001558718,,,,,,,,,,
JYOTISTRUC_MINED_BASE_G0_C618,,0,2,2,close_ema_13_daily_slope_pct >= 0.145719601926301 AND close_to_close_ema_13_daily_difference_pct >= 0.8582022248527891,495,131,364,26.464646464646464,20.6143896523848,5.850256812261662,40.016168148746964,274.68038706035264,0,18.2,0.54303433301477,268.80199484231116,-6.936684370911476,13.960394001558718,,,,,,,,,,
JYOTISTRUC_MINED_BASE_G0_C619,,0,1,1,close_to_close_ema_13_daily_difference_pct >= 0.8582022248527891,496,131,365,26.411290322580644,20.6143896523848,5.796900670195843,40.09700889248181,274.34267662490026,0,18.25,0.5360577579736948,265.88464795495264,-6.936684370911476,13.960394001558718,,,,,,,,,,
JYOTISTRUC_MINED_BASE_G0_C620,,0,2,2,close_to_close_ema_3_daily_difference_pct >= 1.003098168620758 AND close_to_close_ema_8_daily_difference_pct >= 2.199870988161985,297,104,193,35.01683501683502,20.6143896523848,14.402445364450216,24.00970088924818,274.2444021659203,0,9.65,1.2940584478897226,384.33535902324763,-6.936684370911476,13.166307479846493,,,,,,,,,,
JYOTISTRUC_MINED_BASE_G0_C621,,0,2,2,close_to_close_ema_3_daily_difference_pct >= 1.003098168620758 AND close_ema_8_daily_slope_pct >= 0.6325101127513095,297,104,193,35.01683501683502,20.6143896523848,14.402445364450216,24.00970088924818,274.2444021659203,0,9.65,1.2940584478897226,384.33535902324763,-6.936684370911476,13.166307479846493,,,,,,,,,,
JYOTISTRUC_MINED_BASE_G0_C622,,0,2,2,close_ema_3_daily_slope_pct >= 1.0132621830219937 AND close_to_close_ema_8_daily_difference_pct >= 2.199870988161985,297,104,193,35.01683501683502,20.6143896523848,14.402445364450216,24.00970088924818,274.2444021659203,0,9.65,1.2940584478897226,384.33535902324763,-6.936684370911476,13.166307479846493,,,,,,,,,,
JYOTISTRUC_MINED_BASE_G0_C623,,0,2,2,close_ema_3_daily_slope_pct >= 1.0132621830219937 AND close_ema_8_daily_slope_pct >= 0.6325101127513095,297,104,193,35.01683501683502,20.6143896523848,14.402445364450216,24.00970088924818,274.2444021659203,0,9.65,1.2940584478897226,384.33535902324763,-6.936684370911476,13.166307479846493,,,,,,,,,,
JYOTISTRUC_MINED_BASE_G0_C624,,0,3,3,close_ema_3_daily_slope_pct >= -0.28800660038466785 AND close_to_close_ema_3_daily_difference_pct >= 1.003098168620758 AND close_to_close_ema_8_daily_difference_pct >= 2.199870988161985,297,104,193,35.01683501683502,20.6143896523848,14.402445364450216,24.00970088924818,274.2444021659203,0,9.65,1.2940584478897226,384.33535902324763,-6.936684370911476,13.166307479846493,,,,,,,,,,
JYOTISTRUC_MINED_BASE_G0_C625,,0,3,3,close_ema_3_daily_slope_pct >= -0.28800660038466785 AND close_to_close_ema_3_daily_difference_pct >= 1.003098168620758 AND close_ema_8_daily_slope_pct >= 0.6325101127513095,297,104,193,35.01683501683502,20.6143896523848,14.402445364450216,24.00970088924818,274.2444021659203,0,9.65,1.2940584478897226,384.33535902324763,-6.936684370911476,13.166307479846493,,,,,,,,,,
JYOTISTRUC_MINED_BASE_G0_C626,,0,3,3,close_to_close_ema_3_daily_difference_pct >= -0.28338672864249204 AND close_ema_3_daily_slope_pct >= 1.0132621830219937 AND close_to_close_ema_8_daily_difference_pct >= 2.199870988161985,297,104,193,35.01683501683502,20.6143896523848,14.402445364450216,24.00970088924818,274.2444021659203,0,9.65,1.2940584478897226,384.33535902324763,-6.936684370911476,13.166307479846493,,,,,,,,,,
JYOTISTRUC_MINED_BASE_G0_C627,,0,3,3,close_to_close_ema_3_daily_difference_pct >= -0.28338672864249204 AND close_ema_3_daily_slope_pct >= 1.0132621830219937 AND close_ema_8_daily_slope_pct >= 0.6325101127513095,297,104,193,35.01683501683502,20.6143896523848,14.402445364450216,24.00970088924818,274.2444021659203,0,9.65,1.2940584478897226,384.33535902324763,-6.936684370911476,13.166307479846493,,,,,,,,,,
JYOTISTRUC_MINED_BASE_G0_C628,,0,3,3,close_to_close_ema_3_daily_difference_pct >= 1.003098168620758 AND close_ema_3_daily_slope_pct >= 1.0132621830219937 AND close_to_close_ema_8_daily_difference_pct >= 2.199870988161985,297,104,193,35.01683501683502,20.6143896523848,14.402445364450216,24.00970088924818,274.2444021659203,0,9.65,1.2940584478897226,384.33535902324763,-6.936684370911476,13.166307479846493,,,,,,,,,,
JYOTISTRUC_MINED_BASE_G0_C629,,0,3,3,close_to_close_ema_3_daily_difference_pct >= 1.003098168620758 AND close_ema_3_daily_slope_pct >= 1.0132621830219937 AND close_ema_8_daily_slope_pct >= 0.6325101127513095,297,104,193,35.01683501683502,20.6143896523848,14.402445364450216,24.00970088924818,274.2444021659203,0,9.65,1.2940584478897226,384.33535902324763,-6.936684370911476,13.166307479846493,,,,,,,,,,
JYOTISTRUC_MINED_BASE_G0_C630,,0,3,3,close_to_close_ema_3_daily_difference_pct >= 1.003098168620758 AND close_ema_3_daily_slope_pct >= 0.2627015027787666 AND close_to_close_ema_8_daily_difference_pct >= 2.199870988161985,297,104,193,35.01683501683502,20.6143896523848,14.402445364450216,24.00970088924818,274.2444021659203,0,9.65,1.2940584478897226,384.33535902324763,-6.936684370911476,13.166307479846493,,,,,,,,,,
JYOTISTRUC_MINED_BASE_G0_C631,,0,3,3,close_to_close_ema_3_daily_difference_pct >= 1.003098168620758 AND close_ema_3_daily_slope_pct >= 0.2627015027787666 AND close_ema_8_daily_slope_pct >= 0.6325101127513095,297,104,193,35.01683501683502,20.6143896523848,14.402445364450216,24.00970088924818,274.2444021659203,0,9.65,1.2940584478897226,384.33535902324763,-6.936684370911476,13.166307479846493,,,,,,,,,,
JYOTISTRUC_MINED_BASE_G0_C632,,0,3,3,close_to_close_ema_3_daily_difference_pct >= 1.003098168620758 AND close_to_close_ema_8_daily_difference_pct >= 0.5493544276590487 AND close_ema_8_daily_slope_pct >= 0.6325101127513095,297,104,193,35.01683501683502,20.6143896523848,14.402445364450216,24.00970088924818,274.2444021659203,0,9.65,1.2940584478897226,384.33535902324763,-6.936684370911476,13.166307479846493,,,,,,,,,,
JYOTISTRUC_MINED_BASE_G0_C633,,0,3,3,close_to_close_ema_3_daily_difference_pct >= 1.003098168620758 AND close_ema_8_daily_slope_pct >= 0.15733448182659485 AND close_to_close_ema_8_daily_difference_pct >= 2.199870988161985,297,104,193,35.01683501683502,20.6143896523848,14.402445364450216,24.00970088924818,274.2444021659203,0,9.65,1.2940584478897226,384.33535902324763,-6.936684370911476,13.166307479846493,,,,,,,,,,
JYOTISTRUC_MINED_BASE_G0_C634,,0,3,3,close_to_close_ema_3_daily_difference_pct >= 1.003098168620758 AND close_to_close_ema_8_daily_difference_pct >= 2.199870988161985 AND close_ema_8_daily_slope_pct >= 0.6325101127513095,297,104,193,35.01683501683502,20.6143896523848,14.402445364450216,24.00970088924818,274.2444021659203,0,9.65,1.2940584478897226,384.33535902324763,-6.936684370911476,13.166307479846493,,,,,,,,,,
JYOTISTRUC_MINED_BASE_G0_C635,,0,3,3,close_ema_3_daily_slope_pct >= 1.0132621830219937 AND close_to_close_ema_3_daily_difference_pct >= 0.2529055823789776 AND close_to_close_ema_8_daily_difference_pct >= 2.199870988161985,297,104,193,35.01683501683502,20.6143896523848,14.402445364450216,24.00970088924818,274.2444021659203,0,9.65,1.2940584478897226,384.33535902324763,-6.936684370911476,13.166307479846493,,,,,,,,,,
JYOTISTRUC_MINED_BASE_G0_C636,,0,3,3,close_ema_3_daily_slope_pct >= 1.0132621830219937 AND close_to_close_ema_3_daily_difference_pct >= 0.2529055823789776 AND close_ema_8_daily_slope_pct >= 0.6325101127513095,297,104,193,35.01683501683502,20.6143896523848,14.402445364450216,24.00970088924818,274.2444021659203,0,9.65,1.2940584478897226,384.33535902324763,-6.936684370911476,13.166307479846493,,,,,,,,,,
JYOTISTRUC_MINED_BASE_G0_C637,,0,3,3,close_ema_3_daily_slope_pct >= 1.0132621830219937 AND close_to_close_ema_8_daily_difference_pct >= 0.5493544276590487 AND close_ema_8_daily_slope_pct >= 0.6325101127513095,297,104,193,35.01683501683502,20.6143896523848,14.402445364450216,24.00970088924818,274.2444021659203,0,9.65,1.2940584478897226,384.33535902324763,-6.936684370911476,13.166307479846493,,,,,,,,,,
JYOTISTRUC_MINED_BASE_G0_C638,,0,3,3,close_ema_3_daily_slope_pct >= 1.0132621830219937 AND close_ema_8_daily_slope_pct >= 0.15733448182659485 AND close_to_close_ema_8_daily_difference_pct >= 2.199870988161985,297,104,193,35.01683501683502,20.6143896523848,14.402445364450216,24.00970088924818,274.2444021659203,0,9.65,1.2940584478897226,384.33535902324763,-6.936684370911476,13.166307479846493,,,,,,,,,,
JYOTISTRUC_MINED_BASE_G0_C639,,0,3,3,close_ema_3_daily_slope_pct >= 1.0132621830219937 AND close_to_close_ema_8_daily_difference_pct >= 2.199870988161985 AND close_ema_8_daily_slope_pct >= 0.6325101127513095,297,104,193,35.01683501683502,20.6143896523848,14.402445364450216,24.00970088924818,274.2444021659203,0,9.65,1.2940584478897226,384.33535902324763,-6.936684370911476,13.166307479846493,,,,,,,,,,
JYOTISTRUC_MINED_BASE_G0_C640,,0,3,3,close_ema_3_daily_slope_pct >= -0.28800660038466785 AND close_ema_3_daily_volatility_5_daily >= 2.179806971968742 AND close_ema_8_daily_volatility_5_daily >= 1.1949164066816405,204,85,119,41.66666666666667,20.6143896523848,21.05227701428187,16.49151172190784,273.9018598912706,0,5.95,1.5301582732870855,312.15228775056545,-6.408488993877579,13.166307479846493,,,,,,,,,,
JYOTISTRUC_MINED_BASE_G0_C641,,0,3,3,close_to_close_ema_3_daily_difference_pct >= -0.28338672864249204 AND close_ema_3_daily_volatility_5_daily >= 2.179806971968742 AND close_ema_8_daily_volatility_5_daily >= 1.1949164066816405,204,85,119,41.66666666666667,20.6143896523848,21.05227701428187,16.49151172190784,273.9018598912706,0,5.95,1.5301582732870855,312.15228775056545,-6.408488993877579,13.166307479846493,,,,,,,,,,
JYOTISTRUC_MINED_BASE_G0_C642,,0,3,3,close_ema_3_daily_slope_pct >= 1.9352918519347406 AND close_ema_3_daily_volatility_5_daily >= 1.836598276929643 AND close_ema_3_daily_range_5_pct >= 7.56636421937482,139,67,72,48.201438848920866,20.6143896523848,27.587049196536064,11.236863379143088,273.4883978589705,0,3.6,1.7177172920967236,238.76270360144457,-6.408488993877579,13.166307479846493,,,,,,,,,,
JYOTISTRUC_MINED_BASE_G0_C643,,0,3,3,close_to_close_ema_3_daily_difference_pct >= 1.8888435519628795 AND close_ema_3_daily_volatility_5_daily >= 1.836598276929643 AND close_ema_3_daily_range_5_pct >= 7.56636421937482,139,67,72,48.201438848920866,20.6143896523848,27.587049196536064,11.236863379143088,273.4883978589705,0,3.6,1.7177172920967236,238.76270360144457,-6.408488993877579,13.166307479846493,,,,,,,,,,
JYOTISTRUC_MINED_BASE_G0_C644,,0,3,3,close_ema_3_daily_slope_pct >= 1.9352918519347406 AND close_ema_3_daily_range_5_pct >= 7.56636421937482 AND close_ema_8_daily_volatility_5_daily >= 1.1949164066816405,127,63,64,49.60629921259843,20.6143896523848,28.991909560213628,10.26677445432498,273.300189316396,0,3.2,1.8468805051092647,234.55382414887663,-6.408488993877579,13.166307479846493,,,,,,,,,,
JYOTISTRUC_MINED_BASE_G0_C645,,0,3,3,close_to_close_ema_3_daily_difference_pct >= 1.8888435519628795 AND close_ema_3_daily_range_5_pct >= 7.56636421937482 AND close_ema_8_daily_volatility_5_daily >= 1.1949164066816405,127,63,64,49.60629921259843,20.6143896523848,28.991909560213628,10.26677445432498,273.300189316396,0,3.2,1.8468805051092647,234.55382414887663,-6.408488993877579,13.166307479846493,,,,,,,,,,
JYOTISTRUC_MINED_BASE_G0_C646,,0,2,2,close_ema_3_daily_volatility_5_daily >= 1.836598276929643 AND close_ema_8_daily_volatility_5_daily >= 1.1949164066816405,394,119,275,30.20304568527919,20.6143896523848,9.588656032894388,31.851253031527886,273.2906323690127,0,13.75,0.3657840681802598,144.11892286302236,-9.598066541883696,15.64246482726509,,,,,,,,,,
JYOTISTRUC_MINED_BASE_G0_C647,,0,3,3,close_ema_3_daily_slope_pct >= 1.9352918519347406 AND close_ema_3_daily_volatility_5_daily >= 1.836598276929643 AND close_to_close_ema_8_daily_difference_pct >= 0.5493544276590487,170,76,94,44.70588235294118,20.6143896523848,24.09149270055638,13.7429264349232,272.8072220102842,0,4.7,1.6832528358340806,286.1529820917937,-6.408488993877579,13.166307479846493,,,,,,,,,,
JYOTISTRUC_MINED_BASE_G0_C648,,0,3,3,close_ema_3_daily_slope_pct >= 1.9352918519347406 AND close_ema_3_daily_volatility_5_daily >= 1.836598276929643 AND close_ema_8_daily_slope_pct >= 0.15733448182659485,170,76,94,44.70588235294118,20.6143896523848,24.09149270055638,13.7429264349232,272.8072220102842,0,4.7,1.6832528358340806,286.1529820917937,-6.408488993877579,13.166307479846493,,,,,,,,,,
JYOTISTRUC_MINED_BASE_G0_C649,,0,3,3,close_to_close_ema_3_daily_difference_pct >= 1.8888435519628795 AND close_ema_3_daily_volatility_5_daily >= 1.836598276929643 AND close_to_close_ema_8_daily_difference_pct >= 0.5493544276590487,170,76,94,44.70588235294118,20.6143896523848,24.09149270055638,13.7429264349232,272.8072220102842,0,4.7,1.6832528358340806,286.1529820917937,-6.408488993877579,13.166307479846493,,,,,,,,,,
JYOTISTRUC_MINED_BASE_G0_C650,,0,3,3,close_to_close_ema_3_daily_difference_pct >= 1.8888435519628795 AND close_ema_3_daily_volatility_5_daily >= 1.836598276929643 AND close_ema_8_daily_slope_pct >= 0.15733448182659485,170,76,94,44.70588235294118,20.6143896523848,24.09149270055638,13.7429264349232,272.8072220102842,0,4.7,1.6832528358340806,286.1529820917937,-6.408488993877579,13.166307479846493,,,,,,,,,,
JYOTISTRUC_MINED_BASE_G0_C651,,0,3,3,close_ema_3_daily_range_5_pct >= 5.443470843473113 AND close_ema_3_daily_volatility_5_daily >= 1.6353580277228665 AND close_ema_3_daily_slope_pct >= 0.2627015027787666,256,96,160,37.5,20.6143896523848,16.8856103476152,20.695230396119644,272.42366391143,0,8,1.3318707244513508,340.9589054595458,-6.936684370911476,13.166307479846493,,,,,,,,,,
JYOTISTRUC_MINED_BASE_G0_C652,,0,3,3,close_ema_3_daily_range_5_pct >= 5.443470843473113 AND close_ema_3_daily_volatility_5_daily >= 1.6353580277228665 AND close_to_close_ema_3_daily_difference_pct >= 0.2529055823789776,256,96,160,37.5,20.6143896523848,16.8856103476152,20.695230396119644,272.42366391143,0,8,1.3318707244513508,340.9589054595458,-6.936684370911476,13.166307479846493,,,,,,,,,,
JYOTISTRUC_MINED_BASE_G0_C653,,0,3,3,close_to_close_ema_3_daily_difference_pct >= 3.454021016255545 AND close_ema_13_daily_slope_pct >= 0.145719601926301 AND close_ema_3_daily_volatility_5_daily >= 2.6021671971237934,78,44,34,56.41025641025641,20.6143896523848,35.79586675787161,6.305578011317705,272.13211006578734,0,1.7000000000000002,2.284258758809747,178.17218318716027,-6.408488993877579,5.0000022439395675,,,,,,,,,,
JYOTISTRUC_MINED_BASE_G0_C654,,0,3,3,close_to_close_ema_3_daily_difference_pct >= 3.454021016255545 AND close_to_close_ema_13_daily_difference_pct >= 0.8582022248527891 AND close_ema_3_daily_volatility_5_daily >= 2.6021671971237934,78,44,34,56.41025641025641,20.6143896523848,35.79586675787161,6.305578011317705,272.13211006578734,0,1.7000000000000002,2.284258758809747,178.17218318716027,-6.408488993877579,5.0000022439395675,,,,,,,,,,
JYOTISTRUC_MINED_BASE_G0_C655,,0,3,3,close_ema_3_daily_slope_pct >= 3.5775917885063673 AND close_ema_13_daily_slope_pct >= 0.145719601926301 AND close_ema_3_daily_volatility_5_daily >= 2.6021671971237934,78,44,34,56.41025641025641,20.6143896523848,35.79586675787161,6.305578011317705,272.13211006578734,0,1.7000000000000002,2.284258758809747,178.17218318716027,-6.408488993877579,5.0000022439395675,,,,,,,,,,
JYOTISTRUC_MINED_BASE_G0_C656,,0,3,3,close_ema_3_daily_slope_pct >= 3.5775917885063673 AND close_to_close_ema_13_daily_difference_pct >= 0.8582022248527891 AND close_ema_3_daily_volatility_5_daily >= 2.6021671971237934,78,44,34,56.41025641025641,20.6143896523848,35.79586675787161,6.305578011317705,272.13211006578734,0,1.7000000000000002,2.284258758809747,178.17218318716027,-6.408488993877579,5.0000022439395675,,,,,,,,,,
JYOTISTRUC_MINED_BASE_G0_C657,,0,3,3,close_ema_3_daily_volatility_5_daily >= 1.6353580277228665 AND close_ema_3_daily_slope_pct >= -0.28800660038466785 AND close_ema_3_daily_range_5_pct >= 7.56636421937482,201,84,117,41.7910447761194,20.6143896523848,21.176655123734598,16.248989490703313,272.0746290410859,0,5.8500000000000005,1.347117807470976,270.7706793016662,-6.936684370911476,13.166307479846493,,,,,,,,,,
JYOTISTRUC_MINED_BASE_G0_C658,,0,3,3,close_ema_3_daily_volatility_5_daily >= 1.6353580277228665 AND close_to_close_ema_3_daily_difference_pct >= -0.28338672864249204 AND close_ema_3_daily_range_5_pct >= 7.56636421937482,201,84,117,41.7910447761194,20.6143896523848,21.176655123734598,16.248989490703313,272.0746290410859,0,5.8500000000000005,1.347117807470976,270.7706793016662,-6.936684370911476,13.166307479846493,,,,,,,,,,
JYOTISTRUC_MINED_BASE_G0_C659,,0,2,2,close_ema_3_daily_volatility_5_daily >= 2.179806971968742 AND close_ema_3_daily_range_5_pct >= 7.56636421937482,303,105,198,34.65346534653465,20.6143896523848,14.039075694149851,24.494745351657237,271.996394263728,0,9.9,0.5670052643262542,171.80259509085502,-9.598066541883696,15.64246482726509,,,,,,,,,,
JYOTISTRUC_MINED_BASE_G0_C660,,0,3,3,close_ema_3_daily_volatility_5_daily >= 1.6353580277228665 AND close_ema_3_daily_slope_pct >= 1.9352918519347406 AND close_ema_13_daily_slope_pct >= 0.145719601926301,178,78,100,43.82022471910113,20.6143896523848,23.205835066716325,14.38965238480194,271.50823090071583,0,5,1.4930185223780565,265.75729698329405,-6.408488993877579,13.166307479846493,,,,,,,,,,
JYOTISTRUC_MINED_BASE_G0_C661,,0,3,3,close_ema_3_daily_volatility_5_daily >= 1.6353580277228665 AND close_ema_3_daily_slope_pct >= 1.9352918519347406 AND close_to_close_ema_13_daily_difference_pct >= 0.8582022248527891,178,78,100,43.82022471910113,20.6143896523848,23.205835066716325,14.38965238480194,271.50823090071583,0,5,1.4930185223780565,265.75729698329405,-6.408488993877579,13.166307479846493,,,,,,,,,,
JYOTISTRUC_MINED_BASE_G0_C662,,0,3,3,close_ema_3_daily_volatility_5_daily >= 1.6353580277228665 AND close_to_close_ema_3_daily_difference_pct >= 1.8888435519628795 AND close_ema_13_daily_slope_pct >= 0.145719601926301,178,78,100,43.82022471910113,20.6143896523848,23.205835066716325,14.38965238480194,271.50823090071583,0,5,1.4930185223780565,265.75729698329405,-6.408488993877579,13.166307479846493,,,,,,,,,,
JYOTISTRUC_MINED_BASE_G0_C663,,0,3,3,close_ema_3_daily_volatility_5_daily >= 1.6353580277228665 AND close_to_close_ema_3_daily_difference_pct >= 1.8888435519628795 AND close_to_close_ema_13_daily_difference_pct >= 0.8582022248527891,178,78,100,43.82022471910113,20.6143896523848,23.205835066716325,14.38965238480194,271.50823090071583,0,5,1.4930185223780565,265.75729698329405,-6.408488993877579,13.166307479846493,,,,,,,,,,
JYOTISTRUC_MINED_BASE_G0_C664,,0,3,3,close_ema_3_daily_slope_pct >= -0.28800660038466785 AND close_ema_3_daily_volatility_5_daily >= 2.179806971968742 AND close_ema_3_daily_range_5_pct >= 6.513413502927244,198,83,115,41.91919191919192,20.6143896523848,21.304802266807116,16.006467259498788,271.4597700952825,0,5.75,1.561919587082323,309.2600782423,-6.408488993877579,13.166307479846493,,,,,,,,,,
JYOTISTRUC_MINED_BASE_G0_C665,,0,3,3,close_to_close_ema_3_daily_difference_pct >= -0.28338672864249204 AND close_ema_3_daily_volatility_5_daily >= 2.179806971968742 AND close_ema_3_daily_range_5_pct >= 6.513413502927244,198,83,115,41.91919191919192,20.6143896523848,21.304802266807116,16.006467259498788,271.4597700952825,0,5.75,1.561919587082323,309.2600782423,-6.408488993877579,13.166307479846493,,,,,,,,,,
JYOTISTRUC_MINED_BASE_G0_C666,,0,3,3,close_ema_3_daily_slope_pct >= 1.9352918519347406 AND close_ema_3_daily_volatility_5_daily >= 2.179806971968742 AND close_ema_3_daily_range_5_pct >= 7.56636421937482,131,64,67,48.854961832061065,20.6143896523848,28.240572179676263,10.59013742926435,271.26780970956503,0,3.35,1.8049829370612331,236.45276475502155,-6.408488993877579,13.166307479846493,,,,,,,,,,
JYOTISTRUC_MINED_BASE_G0_C667,,0,3,3,close_to_close_ema_3_daily_difference_pct >= 1.8888435519628795 AND close_ema_3_daily_volatility_5_daily >= 2.179806971968742 AND close_ema_3_daily_range_5_pct >= 7.56636421937482,131,64,67,48.854961832061065,20.6143896523848,28.240572179676263,10.59013742926435,271.26780970956503,0,3.35,1.8049829370612331,236.45276475502155,-6.408488993877579,13.166307479846493,,,,,,,,,,
JYOTISTRUC_MINED_BASE_G0_C668,,0,3,3,close_ema_3_daily_slope_pct >= 1.9352918519347406 AND close_ema_3_daily_volatility_5_daily >= 1.836598276929643 AND close_to_close_ema_8_daily_difference_pct >= 2.199870988161985,164,74,90,45.1219512195122,20.6143896523848,24.507561567127397,13.257881972514147,271.1832868743466,0,4.5,1.7151596795698885,281.2861874494617,-6.408488993877579,13.166307479846493,,,,,,,,,,
JYOTISTRUC_MINED_BASE_G0_C669,,0,3,3,close_ema_3_daily_slope_pct >= 1.9352918519347406 AND close_ema_3_daily_volatility_5_daily >= 1.836598276929643 AND close_ema_8_daily_slope_pct >= 0.6325101127513095,164,74,90,45.1219512195122,20.6143896523848,24.507561567127397,13.257881972514147,271.1832868743466,0,4.5,1.7151596795698885,281.2861874494617,-6.408488993877579,13.166307479846493,,,,,,,,,,
JYOTISTRUC_MINED_BASE_G0_C670,,0,3,3,close_to_close_ema_3_daily_difference_pct >= 1.8888435519628795 AND close_ema_3_daily_volatility_5_daily >= 1.836598276929643 AND close_to_close_ema_8_daily_difference_pct >= 2.199870988161985,164,74,90,45.1219512195122,20.6143896523848,24.507561567127397,13.257881972514147,271.1832868743466,0,4.5,1.7151596795698885,281.2861874494617,-6.408488993877579,13.166307479846493,,,,,,,,,,
JYOTISTRUC_MINED_BASE_G0_C671,,0,3,3,close_to_close_ema_3_daily_difference_pct >= 1.8888435519628795 AND close_ema_3_daily_volatility_5_daily >= 1.836598276929643 AND close_ema_8_daily_slope_pct >= 0.6325101127513095,164,74,90,45.1219512195122,20.6143896523848,24.507561567127397,13.257881972514147,271.1832868743466,0,4.5,1.7151596795698885,281.2861874494617,-6.408488993877579,13.166307479846493,,,,,,,,,,
JYOTISTRUC_MINED_BASE_G0_C672,,0,2,2,close_to_close_ema_3_daily_difference_pct >= 3.454021016255545 AND close_ema_3_daily_volatility_5_daily >= 2.6021671971237934,83,46,37,55.42168674698795,20.6143896523848,34.80729709460315,6.709781729991916,271.0095206650572,0,1.85,2.274345064013827,188.77064031314762,-6.408488993877579,5.0000022439395675,,,,,,,,,,
JYOTISTRUC_MINED_BASE_G0_C673,,0,2,2,close_ema_3_daily_slope_pct >= 3.5775917885063673 AND close_ema_3_daily_volatility_5_daily >= 2.6021671971237934,83,46,37,55.42168674698795,20.6143896523848,34.80729709460315,6.709781729991916,271.0095206650572,0,1.85,2.274345064013827,188.77064031314762,-6.408488993877579,5.0000022439395675,,,,,,,,,,
JYOTISTRUC_MINED_BASE_G0_C674,,0,3,3,close_ema_3_daily_range_5_pct >= 5.443470843473113 AND close_to_close_ema_3_daily_difference_pct >= 3.454021016255545 AND close_ema_3_daily_volatility_5_daily >= 2.6021671971237934,83,46,37,55.42168674698795,20.6143896523848,34.80729709460315,6.709781729991916,271.0095206650572,0,1.85,2.274345064013827,188.77064031314762,-6.408488993877579,5.0000022439395675,,,,,,,,,,
JYOTISTRUC_MINED_BASE_G0_C675,,0,3,3,close_ema_3_daily_range_5_pct >= 5.443470843473113 AND close_ema_3_daily_slope_pct >= 3.5775917885063673 AND close_ema_3_daily_volatility_5_daily >= 2.6021671971237934,83,46,37,55.42168674698795,20.6143896523848,34.80729709460315,6.709781729991916,271.0095206650572,0,1.85,2.274345064013827,188.77064031314762,-6.408488993877579,5.0000022439395675,,,,,,,,,,
JYOTISTRUC_MINED_BASE_G0_C676,,0,3,3,close_ema_3_daily_slope_pct >= 1.9352918519347406 AND close_to_close_ema_3_daily_difference_pct >= 3.454021016255545 AND close_ema_3_daily_volatility_5_daily >= 2.6021671971237934,83,46,37,55.42168674698795,20.6143896523848,34.80729709460315,6.709781729991916,271.0095206650572,0,1.85,2.274345064013827,188.77064031314762,-6.408488993877579,5.0000022439395675,,,,,,,,,,
JYOTISTRUC_MINED_BASE_G0_C677,,0,3,3,close_to_close_ema_3_daily_difference_pct >= 1.8888435519628795 AND close_ema_3_daily_slope_pct >= 3.5775917885063673 AND close_ema_3_daily_volatility_5_daily >= 2.6021671971237934,83,46,37,55.42168674698795,20.6143896523848,34.80729709460315,6.709781729991916,271.0095206650572,0,1.85,2.274345064013827,188.77064031314762,-6.408488993877579,5.0000022439395675,,,,,,,,,,
JYOTISTRUC_MINED_BASE_G0_C678,,0,3,3,close_ema_3_daily_slope_pct >= -0.28800660038466785 AND close_to_close_ema_3_daily_difference_pct >= 3.454021016255545 AND close_ema_3_daily_volatility_5_daily >= 2.6021671971237934,83,46,37,55.42168674698795,20.6143896523848,34.80729709460315,6.709781729991916,271.0095206650572,0,1.85,2.274345064013827,188.77064031314762,-6.408488993877579,5.0000022439395675,,,,,,,,,,
JYOTISTRUC_MINED_BASE_G0_C679,,0,3,3,close_to_close_ema_3_daily_difference_pct >= -0.28338672864249204 AND close_ema_3_daily_slope_pct >= 3.5775917885063673 AND close_ema_3_daily_volatility_5_daily >= 2.6021671971237934,83,46,37,55.42168674698795,20.6143896523848,34.80729709460315,6.709781729991916,271.0095206650572,0,1.85,2.274345064013827,188.77064031314762,-6.408488993877579,5.0000022439395675,,,,,,,,,,
JYOTISTRUC_MINED_BASE_G0_C680,,0,3,3,close_to_close_ema_3_daily_difference_pct >= 3.454021016255545 AND close_ema_3_daily_slope_pct >= 3.5775917885063673 AND close_ema_3_daily_volatility_5_daily >= 2.6021671971237934,83,46,37,55.42168674698795,20.6143896523848,34.80729709460315,6.709781729991916,271.0095206650572,0,1.85,2.274345064013827,188.77064031314762,-6.408488993877579,5.0000022439395675,,,,,,,,,,
JYOTISTRUC_MINED_BASE_G0_C681,,0,3,3,close_to_close_ema_3_daily_difference_pct >= 3.454021016255545 AND close_ema_3_daily_slope_pct >= 1.0132621830219937 AND close_ema_3_daily_volatility_5_daily >= 2.6021671971237934,83,46,37,55.42168674698795,20.6143896523848,34.80729709460315,6.709781729991916,271.0095206650572,0,1.85,2.274345064013827,188.77064031314762,-6.408488993877579,5.0000022439395675,,,,,,,,,,
JYOTISTRUC_MINED_BASE_G0_C682,,0,3,3,close_to_close_ema_3_daily_difference_pct >= 3.454021016255545 AND close_ema_3_daily_slope_pct >= 0.2627015027787666 AND close_ema_3_daily_volatility_5_daily >= 2.6021671971237934,83,46,37,55.42168674698795,20.6143896523848,34.80729709460315,6.709781729991916,271.0095206650572,0,1.85,2.274345064013827,188.77064031314762,-6.408488993877579,5.0000022439395675,,,,,,,,,,
JYOTISTRUC_MINED_BASE_G0_C683,,0,3,3,close_to_close_ema_3_daily_difference_pct >= 3.454021016255545 AND close_to_close_ema_8_daily_difference_pct >= 0.5493544276590487 AND close_ema_3_daily_volatility_5_daily >= 2.6021671971237934,83,46,37,55.42168674698795,20.6143896523848,34.80729709460315,6.709781729991916,271.0095206650572,0,1.85,2.274345064013827,188.77064031314762,-6.408488993877579,5.0000022439395675,,,,,,,,,,
JYOTISTRUC_MINED_BASE_G0_C684,,0,3,3,close_to_close_ema_3_daily_difference_pct >= 3.454021016255545 AND close_ema_8_daily_slope_pct >= 0.15733448182659485 AND close_ema_3_daily_volatility_5_daily >= 2.6021671971237934,83,46,37,55.42168674698795,20.6143896523848,34.80729709460315,6.709781729991916,271.0095206650572,0,1.85,2.274345064013827,188.77064031314762,-6.408488993877579,5.0000022439395675,,,,,,,,,,
JYOTISTRUC_MINED_BASE_G0_C685,,0,3,3,close_to_close_ema_3_daily_difference_pct >= 3.454021016255545 AND close_ema_8_daily_volatility_5_daily >= 1.1949164066816405 AND close_ema_3_daily_volatility_5_daily >= 2.6021671971237934,83,46,37,55.42168674698795,20.6143896523848,34.80729709460315,6.709781729991916,271.0095206650572,0,1.85,2.274345064013827,188.77064031314762,-6.408488993877579,5.0000022439395675,,,,,,,,,,
JYOTISTRUC_MINED_BASE_G0_C686,,0,3,3,close_to_close_ema_3_daily_difference_pct >= 3.454021016255545 AND close_to_close_ema_8_daily_difference_pct >= 2.199870988161985 AND close_ema_3_daily_volatility_5_daily >= 2.6021671971237934,83,46,37,55.42168674698795,20.6143896523848,34.80729709460315,6.709781729991916,271.0095206650572,0,1.85,2.274345064013827,188.77064031314762,-6.408488993877579,5.0000022439395675,,,,,,,,,,
JYOTISTRUC_MINED_BASE_G0_C687,,0,3,3,close_to_close_ema_3_daily_difference_pct >= 3.454021016255545 AND close_ema_8_daily_slope_pct >= 0.6325101127513095 AND close_ema_3_daily_volatility_5_daily >= 2.6021671971237934,83,46,37,55.42168674698795,20.6143896523848,34.80729709460315,6.709781729991916,271.0095206650572,0,1.85,2.274345064013827,188.77064031314762,-6.408488993877579,5.0000022439395675,,,,,,,,,,
JYOTISTRUC_MINED_BASE_G0_C688,,0,3,3,close_ema_3_daily_slope_pct >= 3.5775917885063673 AND close_to_close_ema_3_daily_difference_pct >= 1.003098168620758 AND close_ema_3_daily_volatility_5_daily >= 2.6021671971237934,83,46,37,55.42168674698795,20.6143896523848,34.80729709460315,6.709781729991916,271.0095206650572,0,1.85,2.274345064013827,188.77064031314762,-6.408488993877579,5.0000022439395675,,,,,,,,,,
JYOTISTRUC_MINED_BASE_G0_C689,,0,3,3,close_ema_3_daily_slope_pct >= 3.5775917885063673 AND close_to_close_ema_3_daily_difference_pct >= 0.2529055823789776 AND close_ema_3_daily_volatility_5_daily >= 2.6021671971237934,83,46,37,55.42168674698795,20.6143896523848,34.80729709460315,6.709781729991916,271.0095206650572,0,1.85,2.274345064013827,188.77064031314762,-6.408488993877579,5.0000022439395675,,,,,,,,,,
JYOTISTRUC_MINED_BASE_G0_C690,,0,3,3,close_ema_3_daily_slope_pct >= 3.5775917885063673 AND close_to_close_ema_8_daily_difference_pct >= 0.5493544276590487 AND close_ema_3_daily_volatility_5_daily >= 2.6021671971237934,83,46,37,55.42168674698795,20.6143896523848,34.80729709460315,6.709781729991916,271.0095206650572,0,1.85,2.274345064013827,188.77064031314762,-6.408488993877579,5.0000022439395675,,,,,,,,,,
JYOTISTRUC_MINED_BASE_G0_C691,,0,3,3,close_ema_3_daily_slope_pct >= 3.5775917885063673 AND close_ema_8_daily_slope_pct >= 0.15733448182659485 AND close_ema_3_daily_volatility_5_daily >= 2.6021671971237934,83,46,37,55.42168674698795,20.6143896523848,34.80729709460315,6.709781729991916,271.0095206650572,0,1.85,2.274345064013827,188.77064031314762,-6.408488993877579,5.0000022439395675,,,,,,,,,,
JYOTISTRUC_MINED_BASE_G0_C692,,0,3,3,close_ema_3_daily_slope_pct >= 3.5775917885063673 AND close_ema_8_daily_volatility_5_daily >= 1.1949164066816405 AND close_ema_3_daily_volatility_5_daily >= 2.6021671971237934,83,46,37,55.42168674698795,20.6143896523848,34.80729709460315,6.709781729991916,271.0095206650572,0,1.85,2.274345064013827,188.77064031314762,-6.408488993877579,5.0000022439395675,,,,,,,,,,
JYOTISTRUC_MINED_BASE_G0_C693,,0,3,3,close_ema_3_daily_slope_pct >= 3.5775917885063673 AND close_to_close_ema_8_daily_difference_pct >= 2.199870988161985 AND close_ema_3_daily_volatility_5_daily >= 2.6021671971237934,83,46,37,55.42168674698795,20.6143896523848,34.80729709460315,6.709781729991916,271.0095206650572,0,1.85,2.274345064013827,188.77064031314762,-6.408488993877579,5.0000022439395675,,,,,,,,,,
JYOTISTRUC_MINED_BASE_G0_C694,,0,3,3,close_ema_3_daily_slope_pct >= 3.5775917885063673 AND close_ema_8_daily_slope_pct >= 0.6325101127513095 AND close_ema_3_daily_volatility_5_daily >= 2.6021671971237934,83,46,37,55.42168674698795,20.6143896523848,34.80729709460315,6.709781729991916,271.0095206650572,0,1.85,2.274345064013827,188.77064031314762,-6.408488993877579,5.0000022439395675,,,,,,,,,,
JYOTISTRUC_MINED_BASE_G0_C695,,0,2,2,close_ema_3_daily_slope_pct >= -0.28800660038466785 AND close_ema_3_daily_range_5_pct >= 7.56636421937482,202,84,118,41.584158415841586,20.6143896523848,20.969768763456784,16.329830234438155,270.89861711718345,0,5.9,1.3165910999664967,265.95140219323235,-6.936684370911476,13.166307479846493,,,,,,,,,,
JYOTISTRUC_MINED_BASE_G0_C696,,0,2,2,close_to_close_ema_3_daily_difference_pct >= -0.28338672864249204 AND close_ema_3_daily_range_5_pct >= 7.56636421937482,202,84,118,41.584158415841586,20.6143896523848,20.969768763456784,16.329830234438155,270.89861711718345,0,5.9,1.3165910999664967,265.95140219323235,-6.936684370911476,13.166307479846493,,,,,,,,,,
JYOTISTRUC_MINED_BASE_G0_C697,,0,3,3,close_ema_3_daily_slope_pct >= -0.28800660038466785 AND close_to_close_ema_3_daily_difference_pct >= -0.28338672864249204 AND close_ema_3_daily_range_5_pct >= 7.56636421937482,202,84,118,41.584158415841586,20.6143896523848,20.969768763456784,16.329830234438155,270.89861711718345,0,5.9,1.3165910999664967,265.95140219323235,-6.936684370911476,13.166307479846493,,,,,,,,,,
JYOTISTRUC_MINED_BASE_G0_C698,,0,3,3,close_ema_3_daily_range_5_pct >= 5.443470843473113 AND close_ema_3_daily_volatility_5_daily >= 2.179806971968742 AND close_ema_8_daily_volatility_5_daily >= 1.1949164066816405,317,107,210,33.753943217665615,20.6143896523848,13.139553565280814,25.62651576394503,270.81899363048063,0,10.5,0.5404086013588606,171.30952663075882,-9.598066541883696,15.64246482726509,,,,,,,,,,
JYOTISTRUC_MINED_BASE_G0_C699,,0,3,3,close_ema_3_daily_slope_pct >= 1.9352918519347406 AND close_ema_3_daily_range_5_pct >= 6.513413502927244 AND close_ema_8_daily_volatility_5_daily >= 1.1949164066816405,138,66,72,47.82608695652174,20.6143896523848,27.21169730413694,11.156022635408245,270.04878206946825,0,3.6,1.8634318495945232,257.1535952440442,-6.408488993877579,13.166307479846493,,,,,,,,,,
JYOTISTRUC_MINED_BASE_G0_C700,,0,3,3,close_to_close_ema_3_daily_difference_pct >= 1.8888435519628795 AND close_ema_3_daily_range_5_pct >= 6.513413502927244 AND close_ema_8_daily_volatility_5_daily >= 1.1949164066816405,138,66,72,47.82608695652174,20.6143896523848,27.21169730413694,11.156022635408245,270.04878206946825,0,3.6,1.8634318495945232,257.1535952440442,-6.408488993877579,13.166307479846493,,,,,,,,,,
JYOTISTRUC_MINED_BASE_G0_C701,,0,2,2,close_to_close_ema_3_daily_difference_pct >= 1.003098168620758 AND close_ema_3_daily_volatility_5_daily >= 2.179806971968742,176,77,99,43.75,20.6143896523848,23.1356103476152,14.227970897332257,269.7316847882635,0,4.95,1.6678776833958535,293.5464722776702,-6.408488993877579,13.166307479846493,,,,,,,,,,
JYOTISTRUC_MINED_BASE_G0_C702,,0,2,2,close_ema_3_daily_slope_pct >= 1.0132621830219937 AND close_ema_3_daily_volatility_5_daily >= 2.179806971968742,176,77,99,43.75,20.6143896523848,23.1356103476152,14.227970897332257,269.7316847882635,0,4.95,1.6678776833958535,293.5464722776702,-6.408488993877579,13.166307479846493,,,,,,,,,,
JYOTISTRUC_MINED_BASE_G0_C703,,0,3,3,close_ema_3_daily_slope_pct >= -0.28800660038466785 AND close_to_close_ema_3_daily_difference_pct >= 1.003098168620758 AND close_ema_3_daily_volatility_5_daily >= 2.179806971968742,176,77,99,43.75,20.6143896523848,23.1356103476152,14.227970897332257,269.7316847882635,0,4.95,1.6678776833958535,293.5464722776702,-6.408488993877579,13.166307479846493,,,,,,,,,,
JYOTISTRUC_MINED_BASE_G0_C704,,0,3,3,close_to_close_ema_3_daily_difference_pct >= -0.28338672864249204 AND close_ema_3_daily_slope_pct >= 1.0132621830219937 AND close_ema_3_daily_volatility_5_daily >= 2.179806971968742,176,77,99,43.75,20.6143896523848,23.1356103476152,14.227970897332257,269.7316847882635,0,4.95,1.6678776833958535,293.5464722776702,-6.408488993877579,13.166307479846493,,,,,,,,,,
JYOTISTRUC_MINED_BASE_G0_C705,,0,3,3,close_to_close_ema_3_daily_difference_pct >= 1.003098168620758 AND close_ema_3_daily_slope_pct >= 1.0132621830219937 AND close_ema_3_daily_volatility_5_daily >= 2.179806971968742,176,77,99,43.75,20.6143896523848,23.1356103476152,14.227970897332257,269.7316847882635,0,4.95,1.6678776833958535,293.5464722776702,-6.408488993877579,13.166307479846493,,,,,,,,,,
JYOTISTRUC_MINED_BASE_G0_C706,,0,3,3,close_to_close_ema_3_daily_difference_pct >= 1.003098168620758 AND close_ema_3_daily_slope_pct >= 0.2627015027787666 AND close_ema_3_daily_volatility_5_daily >= 2.179806971968742,176,77,99,43.75,20.6143896523848,23.1356103476152,14.227970897332257,269.7316847882635,0,4.95,1.6678776833958535,293.5464722776702,-6.408488993877579,13.166307479846493,,,,,,,,,,
JYOTISTRUC_MINED_BASE_G0_C707,,0,3,3,close_ema_3_daily_slope_pct >= 1.0132621830219937 AND close_to_close_ema_3_daily_difference_pct >= 0.2529055823789776 AND close_ema_3_daily_volatility_5_daily >= 2.179806971968742,176,77,99,43.75,20.6143896523848,23.1356103476152,14.227970897332257,269.7316847882635,0,4.95,1.6678776833958535,293.5464722776702,-6.408488993877579,13.166307479846493,,,,,,,,,,
JYOTISTRUC_MINED_BASE_G0_C708,,0,3,3,close_ema_3_daily_slope_pct >= -0.28800660038466785 AND close_ema_3_daily_volatility_5_daily >= 1.836598276929643 AND close_ema_3_daily_range_5_pct >= 6.513413502927244,230,90,140,39.130434782608695,20.6143896523848,18.516045130223894,18.593371059013744,269.60148860546497,0,7,1.3404209847818394,308.29682649982306,-6.936684370911476,13.166307479846493,,,,,,,,,,
JYOTISTRUC_MINED_BASE_G0_C709,,0,3,3,close_to_close_ema_3_daily_difference_pct >= -0.28338672864249204 AND close_ema_3_daily_volatility_5_daily >= 1.836598276929643 AND close_ema_3_daily_range_5_pct >= 6.513413502927244,230,90,140,39.130434782608695,20.6143896523848,18.516045130223894,18.593371059013744,269.60148860546497,0,7,1.3404209847818394,308.29682649982306,-6.936684370911476,13.166307479846493,,,,,,,,,,
JYOTISTRUC_MINED_BASE_G0_C710,,0,2,2,close_ema_3_daily_slope_pct >= -0.28800660038466785 AND close_ema_3_daily_range_5_pct >= 6.513413502927244,265,97,168,36.60377358490566,20.6143896523848,15.989383932520859,21.422797089733226,269.39868115393256,0,8.4,1.283920497109414,340.2389317339947,-6.936684370911476,13.166307479846493,,,,,,,,,,
JYOTISTRUC_MINED_BASE_G0_C711,,0,2,2,close_to_close_ema_3_daily_difference_pct >= -0.28338672864249204 AND close_ema_3_daily_range_5_pct >= 6.513413502927244,265,97,168,36.60377358490566,20.6143896523848,15.989383932520859,21.422797089733226,269.39868115393256,0,8.4,1.283920497109414,340.2389317339947,-6.936684370911476,13.166307479846493,,,,,,,,,,
JYOTISTRUC_MINED_BASE_G0_C712,,0,3,3,close_ema_3_daily_slope_pct >= -0.28800660038466785 AND close_to_close_ema_3_daily_difference_pct >= -0.28338672864249204 AND close_ema_3_daily_range_5_pct >= 6.513413502927244,265,97,168,36.60377358490566,20.6143896523848,15.989383932520859,21.422797089733226,269.39868115393256,0,8.4,1.283920497109414,340.2389317339947,-6.936684370911476,13.166307479846493,,,,,,,,,,
JYOTISTRUC_MINED_BASE_G0_C713,,0,2,2,close_ema_3_daily_volatility_5_daily >= 1.6353580277228665 AND close_ema_3_daily_slope_pct >= 0.2627015027787666,304,104,200,34.21052631578947,20.6143896523848,13.596136663404671,24.575586095392076,269.3740480344145,0,10,1.1311215724637165,343.86095802896983,-6.936684370911476,13.166307479846493,,,,,,,,,,
JYOTISTRUC_MINED_BASE_G0_C714,,0,2,2,close_ema_3_daily_volatility_5_daily >= 1.6353580277228665 AND close_to_close_ema_3_daily_difference_pct >= 0.2529055823789776,304,104,200,34.21052631578947,20.6143896523848,13.596136663404671,24.575586095392076,269.3740480344145,0,10,1.1311215724637165,343.86095802896983,-6.936684370911476,13.166307479846493,,,,,,,,,,
JYOTISTRUC_MINED_BASE_G0_C715,,0,3,3,close_ema_3_daily_volatility_5_daily >= 1.6353580277228665 AND close_ema_3_daily_slope_pct >= -0.28800660038466785 AND close_to_close_ema_3_daily_difference_pct >= 0.2529055823789776,304,104,200,34.21052631578947,20.6143896523848,13.596136663404671,24.575586095392076,269.3740480344145,0,10,1.1311215724637165,343.86095802896983,-6.936684370911476,13.166307479846493,,,,,,,,,,
JYOTISTRUC_MINED_BASE_G0_C716,,0,3,3,close_ema_3_daily_volatility_5_daily >= 1.6353580277228665 AND close_to_close_ema_3_daily_difference_pct >= -0.28338672864249204 AND close_ema_3_daily_slope_pct >= 0.2627015027787666,304,104,200,34.21052631578947,20.6143896523848,13.596136663404671,24.575586095392076,269.3740480344145,0,10,1.1311215724637165,343.86095802896983,-6.936684370911476,13.166307479846493,,,,,,,,,,
JYOTISTRUC_MINED_BASE_G0_C717,,0,3,3,close_ema_3_daily_volatility_5_daily >= 1.6353580277228665 AND close_ema_3_daily_slope_pct >= 0.2627015027787666 AND close_to_close_ema_3_daily_difference_pct >= 0.2529055823789776,304,104,200,34.21052631578947,20.6143896523848,13.596136663404671,24.575586095392076,269.3740480344145,0,10,1.1311215724637165,343.86095802896983,-6.936684370911476,13.166307479846493,,,,,,,,,,
JYOTISTRUC_MINED_BASE_G0_C718,,0,2,2,close_ema_3_daily_volatility_5_daily >= 1.836598276929643 AND close_to_close_ema_3_daily_difference_pct >= 1.003098168620758,217,87,130,40.09216589861751,20.6143896523848,19.477776246232708,17.54244139046079,269.355518838001,0,6.5,1.4888792022791582,323.0867868945773,-6.936684370911476,13.166307479846493,,,,,,,,,,
JYOTISTRUC_MINED_BASE_G0_C719,,0,2,2,close_ema_3_daily_volatility_5_daily >= 1.836598276929643 AND close_ema_3_daily_slope_pct >= 1.0132621830219937,217,87,130,40.09216589861751,20.6143896523848,19.477776246232708,17.54244139046079,269.355518838001,0,6.5,1.4888792022791582,323.0867868945773,-6.936684370911476,13.166307479846493,,,,,,,,,,
JYOTISTRUC_MINED_BASE_G0_C720,,0,3,3,close_ema_3_daily_slope_pct >= -0.28800660038466785 AND close_ema_3_daily_volatility_5_daily >= 1.836598276929643 AND close_to_close_ema_3_daily_difference_pct >= 1.003098168620758,217,87,130,40.09216589861751,20.6143896523848,19.477776246232708,17.54244139046079,269.355518838001,0,6.5,1.4888792022791582,323.0867868945773,-6.936684370911476,13.166307479846493,,,,,,,,,,
JYOTISTRUC_MINED_BASE_G0_C721,,0,3,3,close_to_close_ema_3_daily_difference_pct >= -0.28338672864249204 AND close_ema_3_daily_volatility_5_daily >= 1.836598276929643 AND close_ema_3_daily_slope_pct >= 1.0132621830219937,217,87,130,40.09216589861751,20.6143896523848,19.477776246232708,17.54244139046079,269.355518838001,0,6.5,1.4888792022791582,323.0867868945773,-6.936684370911476,13.166307479846493,,,,,,,,,,
JYOTISTRUC_MINED_BASE_G0_C722,,0,3,3,close_ema_3_daily_volatility_5_daily >= 1.836598276929643 AND close_to_close_ema_3_daily_difference_pct >= 1.003098168620758 AND close_ema_3_daily_slope_pct >= 1.0132621830219937,217,87,130,40.09216589861751,20.6143896523848,19.477776246232708,17.54244139046079,269.355518838001,0,6.5,1.4888792022791582,323.0867868945773,-6.936684370911476,13.166307479846493,,,,,,,,,,
JYOTISTRUC_MINED_BASE_G0_C723,,0,3,3,close_ema_3_daily_volatility_5_daily >= 1.836598276929643 AND close_to_close_ema_3_daily_difference_pct >= 1.003098168620758 AND close_ema_3_daily_slope_pct >= 0.2627015027787666,217,87,130,40.09216589861751,20.6143896523848,19.477776246232708,17.54244139046079,269.355518838001,0,6.5,1.4888792022791582,323.0867868945773,-6.936684370911476,13.166307479846493,,,,,,,,,,
JYOTISTRUC_MINED_BASE_G0_C724,,0,3,3,close_ema_3_daily_volatility_5_daily >= 1.836598276929643 AND close_ema_3_daily_slope_pct >= 1.0132621830219937 AND close_to_close_ema_3_daily_difference_pct >= 0.2529055823789776,217,87,130,40.09216589861751,20.6143896523848,19.477776246232708,17.54244139046079,269.355518838001,0,6.5,1.4888792022791582,323.0867868945773,-6.936684370911476,13.166307479846493,,,,,,,,,,
JYOTISTRUC_MINED_BASE_G0_C725,,0,3,3,close_ema_3_daily_range_5_pct >= 5.443470843473113 AND close_ema_3_daily_volatility_5_daily >= 1.836598276929643 AND close_ema_3_daily_slope_pct >= 0.2627015027787666,222,88,134,39.63963963963964,20.6143896523848,19.02524998725484,17.946645109135005,268.77576820930267,0,6.7,1.4498394243428219,321.86435220410647,-6.936684370911476,13.166307479846493,,,,,,,,,,
JYOTISTRUC_MINED_BASE_G0_C726,,0,3,3,close_ema_3_daily_range_5_pct >= 5.443470843473113 AND close_ema_3_daily_volatility_5_daily >= 1.836598276929643 AND close_to_close_ema_3_daily_difference_pct >= 0.2529055823789776,222,88,134,39.63963963963964,20.6143896523848,19.02524998725484,17.946645109135005,268.77576820930267,0,6.7,1.4498394243428219,321.86435220410647,-6.936684370911476,13.166307479846493,,,,,,,,,,
JYOTISTRUC_MINED_BASE_G0_C727,,0,2,2,close_ema_3_daily_volatility_5_daily >= 1.6353580277228665 AND close_ema_8_daily_volatility_5_daily >= 1.1949164066816405,438,123,315,28.08219178082192,20.6143896523848,7.467802128437118,35.40824575586095,268.4780187689207,0,15.75,0.2963360422450425,129.7951865033286,-9.598066541883696,15.64246482726509,,,,,,,,,,
JYOTISTRUC_MINED_BASE_G0_C728,,0,2,2,close_ema_3_daily_range_5_pct >= 5.443470843473113 AND close_to_close_ema_8_daily_difference_pct >= 0.5493544276590487,300,103,197,34.333333333333336,20.6143896523848,13.718943680948534,24.252223120452708,268.07183677505196,0,9.850000000000001,1.1090394567697663,332.7118370309299,-6.936684370911476,13.960394001558718,,,,,,,,,,
JYOTISTRUC_MINED_BASE_G0_C729,,0,3,3,close_ema_3_daily_range_5_pct >= 5.443470843473113 AND close_to_close_ema_3_daily_difference_pct >= 1.003098168620758 AND close_to_close_ema_8_daily_difference_pct >= 2.199870988161985,223,88,135,39.46188340807175,20.6143896523848,18.847493755686948,18.027485852869845,268.05822946018304,0,6.75,1.5235868939161001,339.7598773432903,-6.936684370911476,13.166307479846493,,,,,,,,,,
JYOTISTRUC_MINED_BASE_G0_C730,,0,3,3,close_ema_3_daily_range_5_pct >= 5.443470843473113 AND close_to_close_ema_3_daily_difference_pct >= 1.003098168620758 AND close_ema_8_daily_slope_pct >= 0.6325101127513095,223,88,135,39.46188340807175,20.6143896523848,18.847493755686948,18.027485852869845,268.05822946018304,0,6.75,1.5235868939161001,339.7598773432903,-6.936684370911476,13.166307479846493,,,,,,,,,,
JYOTISTRUC_MINED_BASE_G0_C731,,0,3,3,close_ema_3_daily_range_5_pct >= 5.443470843473113 AND close_ema_3_daily_slope_pct >= 1.0132621830219937 AND close_to_close_ema_8_daily_difference_pct >= 2.199870988161985,223,88,135,39.46188340807175,20.6143896523848,18.847493755686948,18.027485852869845,268.05822946018304,0,6.75,1.5235868939161001,339.7598773432903,-6.936684370911476,13.166307479846493,,,,,,,,,,
JYOTISTRUC_MINED_BASE_G0_C732,,0,3,3,close_ema_3_daily_range_5_pct >= 5.443470843473113 AND close_ema_3_daily_slope_pct >= 1.0132621830219937 AND close_ema_8_daily_slope_pct >= 0.6325101127513095,223,88,135,39.46188340807175,20.6143896523848,18.847493755686948,18.027485852869845,268.05822946018304,0,6.75,1.5235868939161001,339.7598773432903,-6.936684370911476,13.166307479846493,,,,,,,,,,
JYOTISTRUC_MINED_BASE_G0_C733,,0,3,3,close_ema_3_daily_slope_pct >= 1.9352918519347406 AND close_ema_3_daily_volatility_5_daily >= 2.179806971968742 AND close_to_close_ema_8_daily_difference_pct >= 0.5493544276590487,146,68,78,46.57534246575342,20.6143896523848,25.96095281336862,11.802748585286984,267.3647529500462,0,3.9000000000000004,1.8199962944010224,265.71945898254927,-6.408488993877579,13.166307479846493,,,,,,,,,,
JYOTISTRUC_MINED_BASE_G0_C734,,0,3,3,close_ema_3_daily_slope_pct >= 1.9352918519347406 AND close_ema_3_daily_volatility_5_daily >= 2.179806971968742 AND close_ema_8_daily_slope_pct >= 0.15733448182659485,146,68,78,46.57534246575342,20.6143896523848,25.96095281336862,11.802748585286984,267.3647529500462,0,3.9000000000000004,1.8199962944010224,265.71945898254927,-6.408488993877579,13.166307479846493,,,,,,,,,,
JYOTISTRUC_MINED_BASE_G0_C735,,0,3,3,close_to_close_ema_3_daily_difference_pct >= 1.8888435519628795 AND close_ema_3_daily_volatility_5_daily >= 2.179806971968742 AND close_to_close_ema_8_daily_difference_pct >= 0.5493544276590487,146,68,78,46.57534246575342,20.6143896523848,25.96095281336862,11.802748585286984,267.3647529500462,0,3.9000000000000004,1.8199962944010224,265.71945898254927,-6.408488993877579,13.166307479846493,,,,,,,,,,
JYOTISTRUC_MINED_BASE_G0_C736,,0,3,3,close_to_close_ema_3_daily_difference_pct >= 1.8888435519628795 AND close_ema_3_daily_volatility_5_daily >= 2.179806971968742 AND close_ema_8_daily_slope_pct >= 0.15733448182659485,146,68,78,46.57534246575342,20.6143896523848,25.96095281336862,11.802748585286984,267.3647529500462,0,3.9000000000000004,1.8199962944010224,265.71945898254927,-6.408488993877579,13.166307479846493,,,,,,,,,,
JYOTISTRUC_MINED_BASE_G0_C737,,0,3,3,close_ema_3_daily_slope_pct >= -0.28800660038466785 AND close_ema_3_daily_volatility_5_daily >= 1.836598276929643 AND close_ema_3_daily_range_5_pct >= 7.56636421937482,197,82,115,41.62436548223351,20.6143896523848,21.009975829848706,15.925626515763943,267.2478288295099,0,5.75,1.3159832267554419,259.24869567082203,-6.936684370911476,13.166307479846493,,,,,,,,,,
JYOTISTRUC_MINED_BASE_G0_C738,,0,3,3,close_to_close_ema_3_daily_difference_pct >= -0.28338672864249204 AND close_ema_3_daily_volatility_5_daily >= 1.836598276929643 AND close_ema_3_daily_range_5_pct >= 7.56636421937482,197,82,115,41.62436548223351,20.6143896523848,21.009975829848706,15.925626515763943,267.2478288295099,0,5.75,1.3159832267554419,259.24869567082203,-6.936684370911476,13.166307479846493,,,,,,,,,,
JYOTISTRUC_MINED_BASE_G0_C739,,0,3,3,close_ema_3_daily_slope_pct >= -0.28800660038466785 AND close_ema_3_daily_volatility_5_daily >= 1.836598276929643 AND close_ema_8_daily_volatility_5_daily >= 1.1949164066816405,233,90,143,38.62660944206009,20.6143896523848,18.012219789675285,18.83589329021827,267.0614390153764,0,7.15,1.3834466889999775,322.34307853699477,-6.936684370911476,13.166307479846493,,,,,,,,,,
JYOTISTRUC_MINED_BASE_G0_C740,,0,3,3,close_to_close_ema_3_daily_difference_pct >= -0.28338672864249204 AND close_ema_3_daily_volatility_5_daily >= 1.836598276929643 AND close_ema_8_daily_volatility_5_daily >= 1.1949164066816405,233,90,143,38.62660944206009,20.6143896523848,18.012219789675285,18.83589329021827,267.0614390153764,0,7.15,1.3834466889999775,322.34307853699477,-6.936684370911476,13.166307479846493,,,,,,,,,,
JYOTISTRUC_MINED_BASE_G0_C741,,0,2,2,close_to_close_ema_8_daily_difference_pct >= 0.5493544276590487 AND close_ema_13_daily_slope_pct >= 0.145719601926301,457,124,333,27.13347921225383,20.6143896523848,6.51908955986903,36.94421988682296,265.901635687536,0,16.650000000000002,0.6520626293969435,297.9926216344032,-6.936684370911476,13.960394001558718,,,,,,,,,,
JYOTISTRUC_MINED_BASE_G0_C742,,0,3,3,close_to_close_ema_8_daily_difference_pct >= 0.5493544276590487 AND close_ema_13_daily_slope_pct >= 0.145719601926301 AND close_to_close_ema_13_daily_difference_pct >= 0.8582022248527891,457,124,333,27.13347921225383,20.6143896523848,6.51908955986903,36.94421988682296,265.901635687536,0,16.650000000000002,0.6520626293969435,297.9926216344032,-6.936684370911476,13.960394001558718,,,,,,,,,,
JYOTISTRUC_MINED_BASE_G0_C743,,0,2,2,close_to_close_ema_8_daily_difference_pct >= 0.5493544276590487 AND close_to_close_ema_13_daily_difference_pct >= 0.8582022248527891,458,124,334,27.074235807860266,20.6143896523848,6.459846155475464,37.025060630557796,265.53203825388636,0,16.7,0.644269158836342,295.0752747470446,-6.936684370911476,13.960394001558718,,,,,,,,,,
JYOTISTRUC_MINED_BASE_G0_C744,,0,2,2,close_ema_3_daily_range_5_pct >= 5.443470843473113 AND close_ema_8_daily_slope_pct >= 0.15733448182659485,299,102,197,34.11371237458194,20.6143896523848,13.499322722197135,24.171382376717865,264.93916871753,0,9.850000000000001,1.0975183688481185,328.1579922855874,-6.936684370911476,13.960394001558718,,,,,,,,,,
JYOTISTRUC_MINED_BASE_G0_C745,,0,3,3,close_ema_3_daily_range_5_pct >= 5.443470843473113 AND close_to_close_ema_8_daily_difference_pct >= 0.5493544276590487 AND close_ema_8_daily_slope_pct >= 0.15733448182659485,299,102,197,34.11371237458194,20.6143896523848,13.499322722197135,24.171382376717865,264.93916871753,0,9.850000000000001,1.0975183688481185,328.1579922855874,-6.936684370911476,13.960394001558718,,,,,,,,,,
JYOTISTRUC_MINED_BASE_G0_C746,,0,3,3,close_ema_3_daily_slope_pct >= 1.9352918519347406 AND close_ema_3_daily_volatility_5_daily >= 2.179806971968742 AND close_to_close_ema_8_daily_difference_pct >= 2.199870988161985,141,66,75,46.808510638297875,20.6143896523848,26.194120985913074,11.398544866612772,264.7433520423155,0,3.75,1.8409157042500466,259.56911429925657,-6.408488993877579,13.166307479846493,,,,,,,,,,
JYOTISTRUC_MINED_BASE_G0_C747,,0,3,3,close_ema_3_daily_slope_pct >= 1.9352918519347406 AND close_ema_3_daily_volatility_5_daily >= 2.179806971968742 AND close_ema_8_daily_slope_pct >= 0.6325101127513095,141,66,75,46.808510638297875,20.6143896523848,26.194120985913074,11.398544866612772,264.7433520423155,0,3.75,1.8409157042500466,259.56911429925657,-6.408488993877579,13.166307479846493,,,,,,,,,,
JYOTISTRUC_MINED_BASE_G0_C748,,0,3,3,close_to_close_ema_3_daily_difference_pct >= 1.8888435519628795 AND close_ema_3_daily_volatility_5_daily >= 2.179806971968742 AND close_to_close_ema_8_daily_difference_pct >= 2.199870988161985,141,66,75,46.808510638297875,20.6143896523848,26.194120985913074,11.398544866612772,264.7433520423155,0,3.75,1.8409157042500466,259.56911429925657,-6.408488993877579,13.166307479846493,,,,,,,,,,
JYOTISTRUC_MINED_BASE_G0_C749,,0,3,3,close_to_close_ema_3_daily_difference_pct >= 1.8888435519628795 AND close_ema_3_daily_volatility_5_daily >= 2.179806971968742 AND close_ema_8_daily_slope_pct >= 0.6325101127513095,141,66,75,46.808510638297875,20.6143896523848,26.194120985913074,11.398544866612772,264.7433520423155,0,3.75,1.8409157042500466,259.56911429925657,-6.408488993877579,13.166307479846493,,,,,,,,,,
JYOTISTRUC_MINED_BASE_G0_C750,,0,3,3,close_ema_3_daily_range_5_pct >= 5.443470843473113 AND close_ema_3_daily_slope_pct >= 0.2627015027787666 AND close_ema_3_daily_volatility_5_daily >= 2.179806971968742,188,79,109,42.02127659574468,20.6143896523848,21.40688694335988,15.198059822150364,264.47984653989704,0,5.45,1.6318039410325473,306.7791409141189,-6.408488993877579,13.166307479846493,,,,,,,,,,
JYOTISTRUC_MINED_BASE_G0_C751,,0,3,3,close_ema_3_daily_range_5_pct >= 5.443470843473113 AND close_to_close_ema_3_daily_difference_pct >= 0.2529055823789776 AND close_ema_3_daily_volatility_5_daily >= 2.179806971968742,188,79,109,42.02127659574468,20.6143896523848,21.40688694335988,15.198059822150364,264.47984653989704,0,5.45,1.6318039410325473,306.7791409141189,-6.408488993877579,13.166307479846493,,,,,,,,,,
JYOTISTRUC_MINED_BASE_G0_C752,,0,3,3,close_ema_3_daily_volatility_5_daily >= 1.6353580277228665 AND close_ema_3_daily_slope_pct >= -0.28800660038466785 AND close_ema_3_daily_range_5_pct >= 6.513413502927244,257,94,163,36.57587548638132,20.6143896523848,15.96148583399652,20.776071139854487,263.4762585488708,0,8.15,1.2729431262960764,327.14638345809163,-6.936684370911476,13.166307479846493,,,,,,,,,,
JYOTISTRUC_MINED_BASE_G0_C753,,0,3,3,close_ema_3_daily_volatility_5_daily >= 1.6353580277228665 AND close_to_close_ema_3_daily_difference_pct >= -0.28338672864249204 AND close_ema_3_daily_range_5_pct >= 6.513413502927244,257,94,163,36.57587548638132,20.6143896523848,15.96148583399652,20.776071139854487,263.4762585488708,0,8.15,1.2729431262960764,327.14638345809163,-6.936684370911476,13.166307479846493,,,,,,,,,,
JYOTISTRUC_MINED_BASE_G0_C754,,0,2,2,close_ema_3_daily_volatility_5_daily >= 1.836598276929643 AND close_ema_3_daily_slope_pct >= 0.2627015027787666,252,93,159,36.904761904761905,20.6143896523848,16.290372252377104,20.371867421180276,263.4601694582308,0,7.95,1.3194360654484194,332.4978884930017,-6.936684370911476,13.166307479846493,,,,,,,,,,
JYOTISTRUC_MINED_BASE_G0_C755,,0,2,2,close_ema_3_daily_volatility_5_daily >= 1.836598276929643 AND close_to_close_ema_3_daily_difference_pct >= 0.2529055823789776,252,93,159,36.904761904761905,20.6143896523848,16.290372252377104,20.371867421180276,263.4601694582308,0,7.95,1.3194360654484194,332.4978884930017,-6.936684370911476,13.166307479846493,,,,,,,,,,
JYOTISTRUC_MINED_BASE_G0_C756,,0,3,3,close_ema_3_daily_slope_pct >= -0.28800660038466785 AND close_ema_3_daily_volatility_5_daily >= 1.836598276929643 AND close_to_close_ema_3_daily_difference_pct >= 0.2529055823789776,252,93,159,36.904761904761905,20.6143896523848,16.290372252377104,20.371867421180276,263.4601694582308,0,7.95,1.3194360654484194,332.4978884930017,-6.936684370911476,13.166307479846493,,,,,,,,,,
JYOTISTRUC_MINED_BASE_G0_C757,,0,3,3,close_to_close_ema_3_daily_difference_pct >= -0.28338672864249204 AND close_ema_3_daily_volatility_5_daily >= 1.836598276929643 AND close_ema_3_daily_slope_pct >= 0.2627015027787666,252,93,159,36.904761904761905,20.6143896523848,16.290372252377104,20.371867421180276,263.4601694582308,0,7.95,1.3194360654484194,332.4978884930017,-6.936684370911476,13.166307479846493,,,,,,,,,,
JYOTISTRUC_MINED_BASE_G0_C758,,0,3,3,close_ema_3_daily_volatility_5_daily >= 1.836598276929643 AND close_ema_3_daily_slope_pct >= 0.2627015027787666 AND close_to_close_ema_3_daily_difference_pct >= 0.2529055823789776,252,93,159,36.904761904761905,20.6143896523848,16.290372252377104,20.371867421180276,263.4601694582308,0,7.95,1.3194360654484194,332.4978884930017,-6.936684370911476,13.166307479846493,,,,,,,,,,
JYOTISTRUC_MINED_BASE_G0_C759,,0,2,2,close_ema_8_daily_slope_pct >= 0.15733448182659485 AND close_ema_13_daily_slope_pct >= 0.145719601926301,456,123,333,26.973684210526315,20.6143896523848,6.359294558141514,36.86337914308812,263.0769910597146,0,16.650000000000002,0.6435060896689927,293.43877688906065,-6.936684370911476,13.960394001558718,,,,,,,,,,
JYOTISTRUC_MINED_BASE_G0_C760,,0,3,3,close_to_close_ema_8_daily_difference_pct >= 0.5493544276590487 AND close_ema_8_daily_slope_pct >= 0.15733448182659485 AND close_ema_13_daily_slope_pct >= 0.145719601926301,456,123,333,26.973684210526315,20.6143896523848,6.359294558141514,36.86337914308812,263.0769910597146,0,16.650000000000002,0.6435060896689927,293.43877688906065,-6.936684370911476,13.960394001558718,,,,,,,,,,
JYOTISTRUC_MINED_BASE_G0_C761,,0,3,3,close_ema_8_daily_slope_pct >= 0.15733448182659485 AND close_ema_13_daily_slope_pct >= 0.145719601926301 AND close_to_close_ema_13_daily_difference_pct >= 0.8582022248527891,456,123,333,26.973684210526315,20.6143896523848,6.359294558141514,36.86337914308812,263.0769910597146,0,16.650000000000002,0.6435060896689927,293.43877688906065,-6.936684370911476,13.960394001558718,,,,,,,,,,
JYOTISTRUC_MINED_BASE_G0_C762,,0,3,3,close_ema_3_daily_slope_pct >= -0.28800660038466785 AND close_ema_3_daily_volatility_5_daily >= 2.179806971968742 AND close_ema_3_daily_range_5_pct >= 7.56636421937482,181,77,104,42.5414364640884,20.6143896523848,21.927046811703597,14.632174616006468,262.8303193523623,0,5.2,1.4650284312814414,265.1701460619409,-6.408488993877579,13.166307479846493,,,,,,,,,,
JYOTISTRUC_MINED_BASE_G0_C763,,0,3,3,close_to_close_ema_3_daily_difference_pct >= -0.28338672864249204 AND close_ema_3_daily_volatility_5_daily >= 2.179806971968742 AND close_ema_3_daily_range_5_pct >= 7.56636421937482,181,77,104,42.5414364640884,20.6143896523848,21.927046811703597,14.632174616006468,262.8303193523623,0,5.2,1.4650284312814414,265.1701460619409,-6.408488993877579,13.166307479846493,,,,,,,,,,
JYOTISTRUC_MINED_BASE_G0_C764,,0,2,2,close_ema_8_daily_slope_pct >= 0.15733448182659485 AND close_to_close_ema_13_daily_difference_pct >= 0.8582022248527891,457,123,334,26.914660831509845,20.6143896523848,6.300271179125044,36.94421988682296,262.7084987621572,0,16.7,0.6357142888439871,290.5214300017021,-6.936684370911476,13.960394001558718,,,,,,,,,,
JYOTISTRUC_MINED_BASE_G0_C765,,0,3,3,close_to_close_ema_8_daily_difference_pct >= 0.5493544276590487 AND close_ema_8_daily_slope_pct >= 0.15733448182659485 AND close_to_close_ema_13_daily_difference_pct >= 0.8582022248527891,457,123,334,26.914660831509845,20.6143896523848,6.300271179125044,36.94421988682296,262.7084987621572,0,16.7,0.6357142888439871,290.5214300017021,-6.936684370911476,13.960394001558718,,,,,,,,,,
JYOTISTRUC_MINED_BASE_G0_C766,,0,2,2,close_to_close_ema_3_daily_difference_pct >= 1.003098168620758 AND close_ema_3_daily_range_5_pct >= 6.513413502927244,207,83,124,40.09661835748793,20.6143896523848,19.482228705103125,16.734033953112366,262.0048761301478,0,6.2,1.5979108682107281,330.7675497196207,-6.936684370911476,13.166307479846493,,,,,,,,,,
JYOTISTRUC_MINED_BASE_G0_C767,,0,2,2,close_ema_3_daily_slope_pct >= 1.0132621830219937 AND close_ema_3_daily_range_5_pct >= 6.513413502927244,207,83,124,40.09661835748793,20.6143896523848,19.482228705103125,16.734033953112366,262.0048761301478,0,6.2,1.5979108682107281,330.7675497196207,-6.936684370911476,13.166307479846493,,,,,,,,,,
JYOTISTRUC_MINED_BASE_G0_C768,,0,3,3,close_ema_3_daily_slope_pct >= -0.28800660038466785 AND close_to_close_ema_3_daily_difference_pct >= 1.003098168620758 AND close_ema_3_daily_range_5_pct >= 6.513413502927244,207,83,124,40.09661835748793,20.6143896523848,19.482228705103125,16.734033953112366,262.0048761301478,0,6.2,1.5979108682107281,330.7675497196207,-6.936684370911476,13.166307479846493,,,,,,,,,,
JYOTISTRUC_MINED_BASE_G0_C769,,0,3,3,close_to_close_ema_3_daily_difference_pct >= -0.28338672864249204 AND close_ema_3_daily_slope_pct >= 1.0132621830219937 AND close_ema_3_daily_range_5_pct >= 6.513413502927244,207,83,124,40.09661835748793,20.6143896523848,19.482228705103125,16.734033953112366,262.0048761301478,0,6.2,1.5979108682107281,330.7675497196207,-6.936684370911476,13.166307479846493,,,,,,,,,,
JYOTISTRUC_MINED_BASE_G0_C770,,0,3,3,close_to_close_ema_3_daily_difference_pct >= 1.003098168620758 AND close_ema_3_daily_slope_pct >= 1.0132621830219937 AND close_ema_3_daily_range_5_pct >= 6.513413502927244,207,83,124,40.09661835748793,20.6143896523848,19.482228705103125,16.734033953112366,262.0048761301478,0,6.2,1.5979108682107281,330.7675497196207,-6.936684370911476,13.166307479846493,,,,,,,,,,
JYOTISTRUC_MINED_BASE_G0_C771,,0,3,3,close_to_close_ema_3_daily_difference_pct >= 1.003098168620758 AND close_ema_3_daily_slope_pct >= 0.2627015027787666 AND close_ema_3_daily_range_5_pct >= 6.513413502927244,207,83,124,40.09661835748793,20.6143896523848,19.482228705103125,16.734033953112366,262.0048761301478,0,6.2,1.5979108682107281,330.7675497196207,-6.936684370911476,13.166307479846493,,,,,,,,,,
JYOTISTRUC_MINED_BASE_G0_C772,,0,3,3,close_ema_3_daily_slope_pct >= 1.0132621830219937 AND close_to_close_ema_3_daily_difference_pct >= 0.2529055823789776 AND close_ema_3_daily_range_5_pct >= 6.513413502927244,207,83,124,40.09661835748793,20.6143896523848,19.482228705103125,16.734033953112366,262.0048761301478,0,6.2,1.5979108682107281,330.7675497196207,-6.936684370911476,13.166307479846493,,,,,,,,,,
JYOTISTRUC_MINED_BASE_G0_C773,,0,3,3,close_ema_3_daily_range_5_pct >= 5.443470843473113 AND close_ema_3_daily_volatility_5_daily >= 1.836598276929643 AND close_ema_8_daily_volatility_5_daily >= 1.1949164066816405,360,111,249,30.833333333333336,20.6143896523848,10.218943680948534,29.102667744543247,261.7709492851434,0,12.450000000000001,0.3754102934669103,135.1477056480877,-9.598066541883696,15.64246482726509,,,,,,,,,,
JYOTISTRUC_MINED_BASE_G0_C774,,0,1,1,close_ema_8_daily_volatility_5_daily >= 1.1949164066816405,495,127,368,25.656565656565654,20.6143896523848,5.0421760041808525,40.016168148746964,261.76610415621207,0,18.400000000000002,0.3184080451026003,157.61198232578715,-9.598066541883696,15.64246482726509,,,,,,,,,,
JYOTISTRUC_MINED_BASE_G0_C775,,0,3,3,close_to_close_ema_3_daily_difference_pct >= 1.003098168620758 AND close_ema_3_daily_volatility_5_daily >= 2.179806971968742 AND close_ema_3_daily_range_5_pct >= 6.513413502927244,160,71,89,44.375,20.6143896523848,23.7606103476152,12.934518997574779,261.6349319261903,0,4.45,1.7606267293714315,281.700276699429,-6.408488993877579,13.166307479846493,,,,,,,,,,
JYOTISTRUC_MINED_BASE_G0_C776,,0,3,3,close_ema_3_daily_slope_pct >= 1.0132621830219937 AND close_ema_3_daily_volatility_5_daily >= 2.179806971968742 AND close_ema_3_daily_range_5_pct >= 6.513413502927244,160,71,89,44.375,20.6143896523848,23.7606103476152,12.934518997574779,261.6349319261903,0,4.45,1.7606267293714315,281.700276699429,-6.408488993877579,13.166307479846493,,,,,,,,,,
JYOTISTRUC_MINED_BASE_G0_C777,,0,3,3,close_ema_3_daily_volatility_5_daily >= 1.6353580277228665 AND close_ema_3_daily_range_5_pct >= 7.56636421937482 AND close_ema_8_daily_volatility_5_daily >= 1.1949164066816405,308,103,205,33.44155844155844,20.6143896523848,12.82716878917364,24.898949070331447,261.33108827079815,0,10.25,0.4817481083099741,148.37841735947202,-9.598066541883696,15.64246482726509,,,,,,,,,,
JYOTISTRUC_MINED_BASE_G0_C778,,0,2,2,close_ema_3_daily_slope_pct >= 0.2627015027787666 AND close_ema_3_daily_volatility_5_daily >= 2.179806971968742,203,82,121,40.39408866995074,20.6143896523848,19.77969901756594,16.410670978173002,261.29917663267946,0,6.050000000000001,1.4835605149499331,301.1627845348364,-6.408488993877579,13.166307479846493,,,,,,,,,,
JYOTISTRUC_MINED_BASE_G0_C779,,0,2,2,close_to_close_ema_3_daily_difference_pct >= 0.2529055823789776 AND close_ema_3_daily_volatility_5_daily >= 2.179806971968742,203,82,121,40.39408866995074,20.6143896523848,19.77969901756594,16.410670978173002,261.29917663267946,0,6.050000000000001,1.4835605149499331,301.1627845348364,-6.408488993877579,13.166307479846493,,,,,,,,,,
JYOTISTRUC_MINED_BASE_G0_C780,,0,3,3,close_ema_3_daily_slope_pct >= -0.28800660038466785 AND close_to_close_ema_3_daily_difference_pct >= 0.2529055823789776 AND close_ema_3_daily_volatility_5_daily >= 2.179806971968742,203,82,121,40.39408866995074,20.6143896523848,19.77969901756594,16.410670978173002,261.29917663267946,0,6.050000000000001,1.4835605149499331,301.1627845348364,-6.408488993877579,13.166307479846493,,,,,,,,,,
JYOTISTRUC_MINED_BASE_G0_C781,,0,3,3,close_to_close_ema_3_daily_difference_pct >= -0.28338672864249204 AND close_ema_3_daily_slope_pct >= 0.2627015027787666 AND close_ema_3_daily_volatility_5_daily >= 2.179806971968742,203,82,121,40.39408866995074,20.6143896523848,19.77969901756594,16.410670978173002,261.29917663267946,0,6.050000000000001,1.4835605149499331,301.1627845348364,-6.408488993877579,13.166307479846493,,,,,,,,,,
JYOTISTRUC_MINED_BASE_G0_C782,,0,3,3,close_ema_3_daily_slope_pct >= 0.2627015027787666 AND close_to_close_ema_3_daily_difference_pct >= 0.2529055823789776 AND close_ema_3_daily_volatility_5_daily >= 2.179806971968742,203,82,121,40.39408866995074,20.6143896523848,19.77969901756594,16.410670978173002,261.29917663267946,0,6.050000000000001,1.4835605149499331,301.1627845348364,-6.408488993877579,13.166307479846493,,,,,,,,,,
JYOTISTRUC_MINED_BASE_G0_C783,,0,3,3,close_to_close_ema_3_daily_difference_pct >= 1.003098168620758 AND close_ema_3_daily_volatility_5_daily >= 2.179806971968742 AND close_ema_8_daily_volatility_5_daily >= 1.1949164066816405,160,71,89,44.375,20.6143896523848,23.7606103476152,12.934518997574779,261.27988184365915,0,4.45,1.642276701861056,262.76427229776897,-6.408488993877579,13.166307479846493,,,,,,,,,,
JYOTISTRUC_MINED_BASE_G0_C784,,0,3,3,close_ema_3_daily_slope_pct >= 1.0132621830219937 AND close_ema_3_daily_volatility_5_daily >= 2.179806971968742 AND close_ema_8_daily_volatility_5_daily >= 1.1949164066816405,160,71,89,44.375,20.6143896523848,23.7606103476152,12.934518997574779,261.27988184365915,0,4.45,1.642276701861056,262.76427229776897,-6.408488993877579,13.166307479846493,,,,,,,,,,
JYOTISTRUC_MINED_BASE_G0_C785,,0,3,3,close_ema_3_daily_slope_pct >= 1.9352918519347406 AND close_to_close_ema_8_daily_difference_pct >= 0.5493544276590487 AND close_ema_3_daily_range_5_pct >= 7.56636421937482,133,63,70,47.368421052631575,20.6143896523848,26.754031400246774,10.751818916734033,261.2231043342601,0,3.5,1.6509824443420618,219.5806650974942,-6.408488993877579,13.166307479846493,,,,,,,,,,
JYOTISTRUC_MINED_BASE_G0_C786,,0,3,3,close_ema_3_daily_slope_pct >= 1.9352918519347406 AND close_ema_8_daily_slope_pct >= 0.15733448182659485 AND close_ema_3_daily_range_5_pct >= 7.56636421937482,133,63,70,47.368421052631575,20.6143896523848,26.754031400246774,10.751818916734033,261.2231043342601,0,3.5,1.6509824443420618,219.5806650974942,-6.408488993877579,13.166307479846493,,,,,,,,,,
JYOTISTRUC_MINED_BASE_G0_C787,,0,3,3,close_to_close_ema_3_daily_difference_pct >= 1.8888435519628795 AND close_to_close_ema_8_daily_difference_pct >= 0.5493544276590487 AND close_ema_3_daily_range_5_pct >= 7.56636421937482,133,63,70,47.368421052631575,20.6143896523848,26.754031400246774,10.751818916734033,261.2231043342601,0,3.5,1.6509824443420618,219.5806650974942,-6.408488993877579,13.166307479846493,,,,,,,,,,
JYOTISTRUC_MINED_BASE_G0_C788,,0,3,3,close_to_close_ema_3_daily_difference_pct >= 1.8888435519628795 AND close_ema_8_daily_slope_pct >= 0.15733448182659485 AND close_ema_3_daily_range_5_pct >= 7.56636421937482,133,63,70,47.368421052631575,20.6143896523848,26.754031400246774,10.751818916734033,261.2231043342601,0,3.5,1.6509824443420618,219.5806650974942,-6.408488993877579,13.166307479846493,,,,,,,,,,
JYOTISTRUC_MINED_BASE_G0_C789,,0,1,1,close_to_close_ema_8_daily_difference_pct >= 2.199870988161985,372,112,260,30.107526881720432,20.6143896523848,9.49313722933563,30.072756669361354,261.0904233513032,0,13,0.8749124015416706,325.4674133735015,-6.936684370911476,13.960394001558718,,,,,,,,,,
JYOTISTRUC_MINED_BASE_G0_C790,,0,1,1,close_ema_8_daily_slope_pct >= 0.6325101127513095,372,112,260,30.107526881720432,20.6143896523848,9.49313722933563,30.072756669361354,261.0904233513032,0,13,0.8749124015416706,325.4674133735015,-6.936684370911476,13.960394001558718,,,,,,,,,,
JYOTISTRUC_MINED_BASE_G0_C791,,0,2,2,close_to_close_ema_8_daily_difference_pct >= 0.5493544276590487 AND close_ema_8_daily_slope_pct >= 0.6325101127513095,372,112,260,30.107526881720432,20.6143896523848,9.49313722933563,30.072756669361354,261.0904233513032,0,13,0.8749124015416706,325.4674133735015,-6.936684370911476,13.960394001558718,,,,,,,,,,
JYOTISTRUC_MINED_BASE_G0_C792,,0,2,2,close_ema_8_daily_slope_pct >= 0.15733448182659485 AND close_to_close_ema_8_daily_difference_pct >= 2.199870988161985,372,112,260,30.107526881720432,20.6143896523848,9.49313722933563,30.072756669361354,261.0904233513032,0,13,0.8749124015416706,325.4674133735015,-6.936684370911476,13.960394001558718,,,,,,,,,,
JYOTISTRUC_MINED_BASE_G0_C793,,0,2,2,close_to_close_ema_8_daily_difference_pct >= 2.199870988161985 AND close_ema_8_daily_slope_pct >= 0.6325101127513095,372,112,260,30.107526881720432,20.6143896523848,9.49313722933563,30.072756669361354,261.0904233513032,0,13,0.8749124015416706,325.4674133735015,-6.936684370911476,13.960394001558718,,,,,,,,,,
JYOTISTRUC_MINED_BASE_G0_C794,,0,3,3,close_ema_3_daily_slope_pct >= 1.9352918519347406 AND close_ema_3_daily_range_5_pct >= 7.56636421937482 AND close_ema_13_daily_slope_pct >= 0.145719601926301,130,62,68,47.69230769230769,20.6143896523848,27.077918039922892,10.509296685529506,261.03021927157477,0,3.4000000000000004,1.6802096906534245,218.4272597849452,-6.408488993877579,13.166307479846493,,,,,,,,,,
JYOTISTRUC_MINED_BASE_G0_C795,,0,3,3,close_ema_3_daily_slope_pct >= 1.9352918519347406 AND close_ema_3_daily_range_5_pct >= 7.56636421937482 AND close_to_close_ema_13_daily_difference_pct >= 0.8582022248527891,130,62,68,47.69230769230769,20.6143896523848,27.077918039922892,10.509296685529506,261.03021927157477,0,3.4000000000000004,1.6802096906534245,218.4272597849452,-6.408488993877579,13.166307479846493,,,,,,,,,,
JYOTISTRUC_MINED_BASE_G0_C796,,0,3,3,close_to_close_ema_3_daily_difference_pct >= 1.8888435519628795 AND close_ema_3_daily_range_5_pct >= 7.56636421937482 AND close_ema_13_daily_slope_pct >= 0.145719601926301,130,62,68,47.69230769230769,20.6143896523848,27.077918039922892,10.509296685529506,261.03021927157477,0,3.4000000000000004,1.6802096906534245,218.4272597849452,-6.408488993877579,13.166307479846493,,,,,,,,,,
JYOTISTRUC_MINED_BASE_G0_C797,,0,3,3,close_to_close_ema_3_daily_difference_pct >= 1.8888435519628795 AND close_ema_3_daily_range_5_pct >= 7.56636421937482 AND close_to_close_ema_13_daily_difference_pct >= 0.8582022248527891,130,62,68,47.69230769230769,20.6143896523848,27.077918039922892,10.509296685529506,261.03021927157477,0,3.4000000000000004,1.6802096906534245,218.4272597849452,-6.408488993877579,13.166307479846493,,,,,,,,,,
JYOTISTRUC_MINED_BASE_G0_C798,,0,2,2,close_to_close_ema_3_daily_difference_pct >= 1.003098168620758 AND close_ema_13_daily_slope_pct >= 0.145719601926301,312,103,209,33.01282051282051,20.6143896523848,12.39843086043571,25.22231204527082,260.89361046188964,0,10.450000000000001,1.1171520532370274,348.5514406099525,-6.936684370911476,13.166307479846493,,,,,,,,,,
JYOTISTRUC_MINED_BASE_G0_C799,,0,2,2,close_ema_3_daily_slope_pct >= 1.0132621830219937 AND close_ema_13_daily_slope_pct >= 0.145719601926301,312,103,209,33.01282051282051,20.6143896523848,12.39843086043571,25.22231204527082,260.89361046188964,0,10.450000000000001,1.1171520532370274,348.5514406099525,-6.936684370911476,13.166307479846493,,,,,,,,,,
JYOTISTRUC_MINED_BASE_G0_C800,,0,3,3,close_ema_3_daily_slope_pct >= -0.28800660038466785 AND close_to_close_ema_3_daily_difference_pct >= 1.003098168620758 AND close_ema_13_daily_slope_pct >= 0.145719601926301,312,103,209,33.01282051282051,20.6143896523848,12.39843086043571,25.22231204527082,260.89361046188964,0,10.450000000000001,1.1171520532370274,348.5514406099525,-6.936684370911476,13.166307479846493,,,,,,,,,,
JYOTISTRUC_MINED_BASE_G0_C801,,0,3,3,close_to_close_ema_3_daily_difference_pct >= -0.28338672864249204 AND close_ema_3_daily_slope_pct >= 1.0132621830219937 AND close_ema_13_daily_slope_pct >= 0.145719601926301,312,103,209,33.01282051282051,20.6143896523848,12.39843086043571,25.22231204527082,260.89361046188964,0,10.450000000000001,1.1171520532370274,348.5514406099525,-6.936684370911476,13.166307479846493,,,,,,,,,,
JYOTISTRUC_MINED_BASE_G0_C802,,0,3,3,close_to_close_ema_3_daily_difference_pct >= 1.003098168620758 AND close_ema_3_daily_slope_pct >= 1.0132621830219937 AND close_ema_13_daily_slope_pct >= 0.145719601926301,312,103,209,33.01282051282051,20.6143896523848,12.39843086043571,25.22231204527082,260.89361046188964,0,10.450000000000001,1.1171520532370274,348.5514406099525,-6.936684370911476,13.166307479846493,,,,,,,,,,
JYOTISTRUC_MINED_BASE_G0_C803,,0,3,3,close_to_close_ema_3_daily_difference_pct >= 1.003098168620758 AND close_ema_3_daily_slope_pct >= 0.2627015027787666 AND close_ema_13_daily_slope_pct >= 0.145719601926301,312,103,209,33.01282051282051,20.6143896523848,12.39843086043571,25.22231204527082,260.89361046188964,0,10.450000000000001,1.1171520532370274,348.5514406099525,-6.936684370911476,13.166307479846493,,,,,,,,,,
JYOTISTRUC_MINED_BASE_G0_C804,,0,3,3,close_to_close_ema_3_daily_difference_pct >= 1.003098168620758 AND close_to_close_ema_8_daily_difference_pct >= 0.5493544276590487 AND close_ema_13_daily_slope_pct >= 0.145719601926301,312,103,209,33.01282051282051,20.6143896523848,12.39843086043571,25.22231204527082,260.89361046188964,0,10.450000000000001,1.1171520532370274,348.5514406099525,-6.936684370911476,13.166307479846493,,,,,,,,,,
JYOTISTRUC_MINED_BASE_G0_C805,,0,3,3,close_to_close_ema_3_daily_difference_pct >= 1.003098168620758 AND close_ema_8_daily_slope_pct >= 0.15733448182659485 AND close_ema_13_daily_slope_pct >= 0.145719601926301,312,103,209,33.01282051282051,20.6143896523848,12.39843086043571,25.22231204527082,260.89361046188964,0,10.450000000000001,1.1171520532370274,348.5514406099525,-6.936684370911476,13.166307479846493,,,,,,,,,,
JYOTISTRUC_MINED_BASE_G0_C806,,0,3,3,close_to_close_ema_3_daily_difference_pct >= 1.003098168620758 AND close_ema_13_daily_slope_pct >= 0.145719601926301 AND close_to_close_ema_13_daily_difference_pct >= 0.8582022248527891,312,103,209,33.01282051282051,20.6143896523848,12.39843086043571,25.22231204527082,260.89361046188964,0,10.450000000000001,1.1171520532370274,348.5514406099525,-6.936684370911476,13.166307479846493,,,,,,,,,,
JYOTISTRUC_MINED_BASE_G0_C807,,0,3,3,close_ema_3_daily_slope_pct >= 1.0132621830219937 AND close_to_close_ema_3_daily_difference_pct >= 0.2529055823789776 AND close_ema_13_daily_slope_pct >= 0.145719601926301,312,103,209,33.01282051282051,20.6143896523848,12.39843086043571,25.22231204527082,260.89361046188964,0,10.450000000000001,1.1171520532370274,348.5514406099525,-6.936684370911476,13.166307479846493,,,,,,,,,,
JYOTISTRUC_MINED_BASE_G0_C808,,0,3,3,close_ema_3_daily_slope_pct >= 1.0132621830219937 AND close_to_close_ema_8_daily_difference_pct >= 0.5493544276590487 AND close_ema_13_daily_slope_pct >= 0.145719601926301,312,103,209,33.01282051282051,20.6143896523848,12.39843086043571,25.22231204527082,260.89361046188964,0,10.450000000000001,1.1171520532370274,348.5514406099525,-6.936684370911476,13.166307479846493,,,,,,,,,,
JYOTISTRUC_MINED_BASE_G0_C809,,0,3,3,close_ema_3_daily_slope_pct >= 1.0132621830219937 AND close_ema_8_daily_slope_pct >= 0.15733448182659485 AND close_ema_13_daily_slope_pct >= 0.145719601926301,312,103,209,33.01282051282051,20.6143896523848,12.39843086043571,25.22231204527082,260.89361046188964,0,10.450000000000001,1.1171520532370274,348.5514406099525,-6.936684370911476,13.166307479846493,,,,,,,,,,
JYOTISTRUC_MINED_BASE_G0_C810,,0,3,3,close_ema_3_daily_slope_pct >= 1.0132621830219937 AND close_ema_13_daily_slope_pct >= 0.145719601926301 AND close_to_close_ema_13_daily_difference_pct >= 0.8582022248527891,312,103,209,33.01282051282051,20.6143896523848,12.39843086043571,25.22231204527082,260.89361046188964,0,10.450000000000001,1.1171520532370274,348.5514406099525,-6.936684370911476,13.166307479846493,,,,,,,,,,
JYOTISTRUC_MINED_BASE_G0_C811,,0,3,3,close_ema_3_daily_volatility_5_daily >= 2.179806971968742 AND close_ema_3_daily_range_5_pct >= 6.513413502927244 AND close_ema_8_daily_volatility_5_daily >= 1.1949164066816405,303,102,201,33.663366336633665,20.6143896523848,13.048976684248863,24.494745351657237,260.76139317745435,0,10.05,0.5221699187366897,158.21748537721697,-9.598066541883696,15.64246482726509,,,,,,,,,,
JYOTISTRUC_MINED_BASE_G0_C812,,0,3,3,close_ema_3_daily_volatility_5_daily >= 2.179806971968742 AND close_ema_3_daily_range_5_pct >= 7.56636421937482 AND close_ema_8_daily_volatility_5_daily >= 1.1949164066816405,280,98,182,35,20.6143896523848,14.385610347615199,22.635408245755862,260.669617589035,0,9.1,0.6138552836530248,171.87947942284694,-9.598066541883696,15.64246482726509,,,,,,,,,,
JYOTISTRUC_MINED_BASE_G0_C813,,0,3,3,close_ema_3_daily_range_5_pct >= 5.443470843473113 AND close_ema_3_daily_volatility_5_daily >= 1.6353580277228665 AND close_ema_8_daily_volatility_5_daily >= 1.1949164066816405,393,115,278,29.262086513994912,20.6143896523848,8.647696861610111,31.77041228779305,260.2880053758558,0,13.9,0.31650702260174085,124.38725988248416,-9.598066541883696,15.64246482726509,,,,,,,,,,
JYOTISTRUC_MINED_BASE_G0_C814,,0,2,2,close_to_close_ema_3_daily_difference_pct >= 1.003098168620758 AND close_to_close_ema_13_daily_difference_pct >= 0.8582022248527891,313,103,210,32.9073482428115,20.6143896523848,12.2929585904267,25.303152789005658,260.27757979292517,0,10.5,1.1042622802638784,345.63409372259395,-6.936684370911476,13.166307479846493,,,,,,,,,,
JYOTISTRUC_MINED_BASE_G0_C815,,0,2,2,close_ema_3_daily_slope_pct >= 1.0132621830219937 AND close_to_close_ema_13_daily_difference_pct >= 0.8582022248527891,313,103,210,32.9073482428115,20.6143896523848,12.2929585904267,25.303152789005658,260.27757979292517,0,10.5,1.1042622802638784,345.63409372259395,-6.936684370911476,13.166307479846493,,,,,,,,,,
JYOTISTRUC_MINED_BASE_G0_C816,,0,3,3,close_ema_3_daily_slope_pct >= -0.28800660038466785 AND close_to_close_ema_3_daily_difference_pct >= 1.003098168620758 AND close_to_close_ema_13_daily_difference_pct >= 0.8582022248527891,313,103,210,32.9073482428115,20.6143896523848,12.2929585904267,25.303152789005658,260.27757979292517,0,10.5,1.1042622802638784,345.63409372259395,-6.936684370911476,13.166307479846493,,,,,,,,,,
JYOTISTRUC_MINED_BASE_G0_C817,,0,3,3,close_to_close_ema_3_daily_difference_pct >= -0.28338672864249204 AND close_ema_3_daily_slope_pct >= 1.0132621830219937 AND close_to_close_ema_13_daily_difference_pct >= 0.8582022248527891,313,103,210,32.9073482428115,20.6143896523848,12.2929585904267,25.303152789005658,260.27757979292517,0,10.5,1.1042622802638784,345.63409372259395,-6.936684370911476,13.166307479846493,,,,,,,,,,
JYOTISTRUC_MINED_BASE_G0_C818,,0,3,3,close_to_close_ema_3_daily_difference_pct >= 1.003098168620758 AND close_ema_3_daily_slope_pct >= 1.0132621830219937 AND close_to_close_ema_13_daily_difference_pct >= 0.8582022248527891,313,103,210,32.9073482428115,20.6143896523848,12.2929585904267,25.303152789005658,260.27757979292517,0,10.5,1.1042622802638784,345.63409372259395,-6.936684370911476,13.166307479846493,,,,,,,,,,
JYOTISTRUC_MINED_BASE_G0_C819,,0,3,3,close_to_close_ema_3_daily_difference_pct >= 1.003098168620758 AND close_ema_3_daily_slope_pct >= 0.2627015027787666 AND close_to_close_ema_13_daily_difference_pct >= 0.8582022248527891,313,103,210,32.9073482428115,20.6143896523848,12.2929585904267,25.303152789005658,260.27757979292517,0,10.5,1.1042622802638784,345.63409372259395,-6.936684370911476,13.166307479846493,,,,,,,,,,
JYOTISTRUC_MINED_BASE_G0_C820,,0,3,3,close_to_close_ema_3_daily_difference_pct >= 1.003098168620758 AND close_to_close_ema_8_daily_difference_pct >= 0.5493544276590487 AND close_to_close_ema_13_daily_difference_pct >= 0.8582022248527891,313,103,210,32.9073482428115,20.6143896523848,12.2929585904267,25.303152789005658,260.27757979292517,0,10.5,1.1042622802638784,345.63409372259395,-6.936684370911476,13.166307479846493,,,,,,,,,,
JYOTISTRUC_MINED_BASE_G0_C821,,0,3,3,close_to_close_ema_3_daily_difference_pct >= 1.003098168620758 AND close_ema_8_daily_slope_pct >= 0.15733448182659485 AND close_to_close_ema_13_daily_difference_pct >= 0.8582022248527891,313,103,210,32.9073482428115,20.6143896523848,12.2929585904267,25.303152789005658,260.27757979292517,0,10.5,1.1042622802638784,345.63409372259395,-6.936684370911476,13.166307479846493,,,,,,,,,,
JYOTISTRUC_MINED_BASE_G0_C822,,0,3,3,close_ema_3_daily_slope_pct >= 1.0132621830219937 AND close_to_close_ema_3_daily_difference_pct >= 0.2529055823789776 AND close_to_close_ema_13_daily_difference_pct >= 0.8582022248527891,313,103,210,32.9073482428115,20.6143896523848,12.2929585904267,25.303152789005658,260.27757979292517,0,10.5,1.1042622802638784,345.63409372259395,-6.936684370911476,13.166307479846493,,,,,,,,,,
JYOTISTRUC_MINED_BASE_G0_C823,,0,3,3,close_ema_3_daily_slope_pct >= 1.0132621830219937 AND close_to_close_ema_8_daily_difference_pct >= 0.5493544276590487 AND close_to_close_ema_13_daily_difference_pct >= 0.8582022248527891,313,103,210,32.9073482428115,20.6143896523848,12.2929585904267,25.303152789005658,260.27757979292517,0,10.5,1.1042622802638784,345.63409372259395,-6.936684370911476,13.166307479846493,,,,,,,,,,
JYOTISTRUC_MINED_BASE_G0_C824,,0,3,3,close_ema_3_daily_slope_pct >= 1.0132621830219937 AND close_ema_8_daily_slope_pct >= 0.15733448182659485 AND close_to_close_ema_13_daily_difference_pct >= 0.8582022248527891,313,103,210,32.9073482428115,20.6143896523848,12.2929585904267,25.303152789005658,260.27757979292517,0,10.5,1.1042622802638784,345.63409372259395,-6.936684370911476,13.166307479846493,,,,,,,,,,
JYOTISTRUC_MINED_BASE_G0_C825,,0,2,2,close_ema_3_daily_range_5_pct >= 7.56636421937482 AND close_ema_8_daily_volatility_5_daily >= 1.1949164066816405,310,103,207,33.225806451612904,20.6143896523848,12.611416799228103,25.060630557801133,260.21536062092855,0,10.350000000000001,0.5027588749293522,155.85525122809918,-9.598066541883696,15.64246482726509,,,,,,,,,,
JYOTISTRUC_MINED_BASE_G0_C826,,0,3,3,close_ema_3_daily_slope_pct >= 1.9352918519347406 AND close_to_close_ema_8_daily_difference_pct >= 0.5493544276590487 AND close_ema_8_daily_volatility_5_daily >= 1.1949164066816405,147,67,80,45.57823129251701,20.6143896523848,24.96384164013221,11.883589329021827,260.0917399593481,0,4,1.7575105862290352,258.3540561756682,-6.408488993877579,13.166307479846493,,,,,,,,,,
JYOTISTRUC_MINED_BASE_G0_C827,,0,3,3,close_ema_3_daily_slope_pct >= 1.9352918519347406 AND close_ema_8_daily_slope_pct >= 0.15733448182659485 AND close_ema_8_daily_volatility_5_daily >= 1.1949164066816405,147,67,80,45.57823129251701,20.6143896523848,24.96384164013221,11.883589329021827,260.0917399593481,0,4,1.7575105862290352,258.3540561756682,-6.408488993877579,13.166307479846493,,,,,,,,,,
JYOTISTRUC_MINED_BASE_G0_C828,,0,3,3,close_to_close_ema_3_daily_difference_pct >= 1.8888435519628795 AND close_to_close_ema_8_daily_difference_pct >= 0.5493544276590487 AND close_ema_8_daily_volatility_5_daily >= 1.1949164066816405,147,67,80,45.57823129251701,20.6143896523848,24.96384164013221,11.883589329021827,260.0917399593481,0,4,1.7575105862290352,258.3540561756682,-6.408488993877579,13.166307479846493,,,,,,,,,,
JYOTISTRUC_MINED_BASE_G0_C829,,0,3,3,close_to_close_ema_3_daily_difference_pct >= 1.8888435519628795 AND close_ema_8_daily_slope_pct >= 0.15733448182659485 AND close_ema_8_daily_volatility_5_daily >= 1.1949164066816405,147,67,80,45.57823129251701,20.6143896523848,24.96384164013221,11.883589329021827,260.0917399593481,0,4,1.7575105862290352,258.3540561756682,-6.408488993877579,13.166307479846493,,,,,,,,,,
JYOTISTRUC_MINED_BASE_G0_C830,,0,2,2,close_ema_3_daily_slope_pct >= -0.28800660038466785 AND close_to_close_ema_8_daily_difference_pct >= 2.199870988161985,353,109,244,30.878186968838527,20.6143896523848,10.263797316453726,28.53678253839935,260.0197194796785,0,12.200000000000001,0.9669109658032807,341.3195709285581,-6.936684370911476,13.960394001558718,,,,,,,,,,
JYOTISTRUC_MINED_BASE_G0_C831,,0,2,2,close_ema_3_daily_slope_pct >= -0.28800660038466785 AND close_ema_8_daily_slope_pct >= 0.6325101127513095,353,109,244,30.878186968838527,20.6143896523848,10.263797316453726,28.53678253839935,260.0197194796785,0,12.200000000000001,0.9669109658032807,341.3195709285581,-6.936684370911476,13.960394001558718,,,,,,,,,,
JYOTISTRUC_MINED_BASE_G0_C832,,0,2,2,close_to_close_ema_3_daily_difference_pct >= -0.28338672864249204 AND close_to_close_ema_8_daily_difference_pct >= 2.199870988161985,353,109,244,30.878186968838527,20.6143896523848,10.263797316453726,28.53678253839935,260.0197194796785,0,12.200000000000001,0.9669109658032807,341.3195709285581,-6.936684370911476,13.960394001558718,,,,,,,,,,
JYOTISTRUC_MINED_BASE_G0_C833,,0,2,2,close_to_close_ema_3_daily_difference_pct >= -0.28338672864249204 AND close_ema_8_daily_slope_pct >= 0.6325101127513095,353,109,244,30.878186968838527,20.6143896523848,10.263797316453726,28.53678253839935,260.0197194796785,0,12.200000000000001,0.9669109658032807,341.3195709285581,-6.936684370911476,13.960394001558718,,,,,,,,,,
JYOTISTRUC_MINED_BASE_G0_C834,,0,3,3,close_ema_3_daily_slope_pct >= -0.28800660038466785 AND close_to_close_ema_3_daily_difference_pct >= -0.28338672864249204 AND close_to_close_ema_8_daily_difference_pct >= 2.199870988161985,353,109,244,30.878186968838527,20.6143896523848,10.263797316453726,28.53678253839935,260.0197194796785,0,12.200000000000001,0.9669109658032807,341.3195709285581,-6.936684370911476,13.960394001558718,,,,,,,,,,
JYOTISTRUC_MINED_BASE_G0_C835,,0,3,3,close_ema_3_daily_slope_pct >= -0.28800660038466785 AND close_to_close_ema_3_daily_difference_pct >= -0.28338672864249204 AND close_ema_8_daily_slope_pct >= 0.6325101127513095,353,109,244,30.878186968838527,20.6143896523848,10.263797316453726,28.53678253839935,260.0197194796785,0,12.200000000000001,0.9669109658032807,341.3195709285581,-6.936684370911476,13.960394001558718,,,,,,,,,,
JYOTISTRUC_MINED_BASE_G0_C836,,0,3,3,close_ema_3_daily_slope_pct >= -0.28800660038466785 AND close_to_close_ema_8_daily_difference_pct >= 0.5493544276590487 AND close_ema_8_daily_slope_pct >= 0.6325101127513095,353,109,244,30.878186968838527,20.6143896523848,10.263797316453726,28.53678253839935,260.0197194796785,0,12.200000000000001,0.9669109658032807,341.3195709285581,-6.936684370911476,13.960394001558718,,,,,,,,,,
JYOTISTRUC_MINED_BASE_G0_C837,,0,3,3,close_ema_3_daily_slope_pct >= -0.28800660038466785 AND close_ema_8_daily_slope_pct >= 0.15733448182659485 AND close_to_close_ema_8_daily_difference_pct >= 2.199870988161985,353,109,244,30.878186968838527,20.6143896523848,10.263797316453726,28.53678253839935,260.0197194796785,0,12.200000000000001,0.9669109658032807,341.3195709285581,-6.936684370911476,13.960394001558718,,,,,,,,,,
JYOTISTRUC_MINED_BASE_G0_C838,,0,3,3,close_ema_3_daily_slope_pct >= -0.28800660038466785 AND close_to_close_ema_8_daily_difference_pct >= 2.199870988161985 AND close_ema_8_daily_slope_pct >= 0.6325101127513095,353,109,244,30.878186968838527,20.6143896523848,10.263797316453726,28.53678253839935,260.0197194796785,0,12.200000000000001,0.9669109658032807,341.3195709285581,-6.936684370911476,13.960394001558718,,,,,,,,,,
JYOTISTRUC_MINED_BASE_G0_C839,,0,3,3,close_to_close_ema_3_daily_difference_pct >= -0.28338672864249204 AND close_to_close_ema_8_daily_difference_pct >= 0.5493544276590487 AND close_ema_8_daily_slope_pct >= 0.6325101127513095,353,109,244,30.878186968838527,20.6143896523848,10.263797316453726,28.53678253839935,260.0197194796785,0,12.200000000000001,0.9669109658032807,341.3195709285581,-6.936684370911476,13.960394001558718,,,,,,,,,,
JYOTISTRUC_MINED_BASE_G0_C840,,0,3,3,close_to_close_ema_3_daily_difference_pct >= -0.28338672864249204 AND close_ema_8_daily_slope_pct >= 0.15733448182659485 AND close_to_close_ema_8_daily_difference_pct >= 2.199870988161985,353,109,244,30.878186968838527,20.6143896523848,10.263797316453726,28.53678253839935,260.0197194796785,0,12.200000000000001,0.9669109658032807,341.3195709285581,-6.936684370911476,13.960394001558718,,,,,,,,,,
JYOTISTRUC_MINED_BASE_G0_C841,,0,3,3,close_to_close_ema_3_daily_difference_pct >= -0.28338672864249204 AND close_to_close_ema_8_daily_difference_pct >= 2.199870988161985 AND close_ema_8_daily_slope_pct >= 0.6325101127513095,353,109,244,30.878186968838527,20.6143896523848,10.263797316453726,28.53678253839935,260.0197194796785,0,12.200000000000001,0.9669109658032807,341.3195709285581,-6.936684370911476,13.960394001558718,,,,,,,,,,
JYOTISTRUC_MINED_BASE_G0_C842,,0,2,2,close_to_close_ema_3_daily_difference_pct >= 1.003098168620758 AND close_ema_3_daily_range_5_pct >= 7.56636421937482,157,70,87,44.5859872611465,20.6143896523848,23.971597608761698,12.69199676637025,259.9989977539536,0,4.3500000000000005,1.4970032367150188,235.02950816425795,-6.936684370911476,13.166307479846493,,,,,,,,,,
JYOTISTRUC_MINED_BASE_G0_C843,,0,2,2,close_ema_3_daily_slope_pct >= 1.0132621830219937 AND close_ema_3_daily_range_5_pct >= 7.56636421937482,157,70,87,44.5859872611465,20.6143896523848,23.971597608761698,12.69199676637025,259.9989977539536,0,4.3500000000000005,1.4970032367150188,235.02950816425795,-6.936684370911476,13.166307479846493,,,,,,,,,,
JYOTISTRUC_MINED_BASE_G0_C844,,0,3,3,close_ema_3_daily_volatility_5_daily >= 1.6353580277228665 AND close_to_close_ema_3_daily_difference_pct >= 1.003098168620758 AND close_ema_3_daily_range_5_pct >= 7.56636421937482,157,70,87,44.5859872611465,20.6143896523848,23.971597608761698,12.69199676637025,259.9989977539536,0,4.3500000000000005,1.4970032367150188,235.02950816425795,-6.936684370911476,13.166307479846493,,,,,,,,,,
JYOTISTRUC_MINED_BASE_G0_C845,,0,3,3,close_ema_3_daily_volatility_5_daily >= 1.6353580277228665 AND close_ema_3_daily_slope_pct >= 1.0132621830219937 AND close_ema_3_daily_range_5_pct >= 7.56636421937482,157,70,87,44.5859872611465,20.6143896523848,23.971597608761698,12.69199676637025,259.9989977539536,0,4.3500000000000005,1.4970032367150188,235.02950816425795,-6.936684370911476,13.166307479846493,,,,,,,,,,
JYOTISTRUC_MINED_BASE_G0_C846,,0,3,3,close_ema_3_daily_slope_pct >= -0.28800660038466785 AND close_to_close_ema_3_daily_difference_pct >= 1.003098168620758 AND close_ema_3_daily_range_5_pct >= 7.56636421937482,157,70,87,44.5859872611465,20.6143896523848,23.971597608761698,12.69199676637025,259.9989977539536,0,4.3500000000000005,1.4970032367150188,235.02950816425795,-6.936684370911476,13.166307479846493,,,,,,,,,,
JYOTISTRUC_MINED_BASE_G0_C847,,0,3,3,close_to_close_ema_3_daily_difference_pct >= -0.28338672864249204 AND close_ema_3_daily_slope_pct >= 1.0132621830219937 AND close_ema_3_daily_range_5_pct >= 7.56636421937482,157,70,87,44.5859872611465,20.6143896523848,23.971597608761698,12.69199676637025,259.9989977539536,0,4.3500000000000005,1.4970032367150188,235.02950816425795,-6.936684370911476,13.166307479846493,,,,,,,,,,
JYOTISTRUC_MINED_BASE_G0_C848,,0,3,3,close_to_close_ema_3_daily_difference_pct >= 1.003098168620758 AND close_ema_3_daily_slope_pct >= 1.0132621830219937 AND close_ema_3_daily_range_5_pct >= 7.56636421937482,157,70,87,44.5859872611465,20.6143896523848,23.971597608761698,12.69199676637025,259.9989977539536,0,4.3500000000000005,1.4970032367150188,235.02950816425795,-6.936684370911476,13.166307479846493,,,,,,,,,,
JYOTISTRUC_MINED_BASE_G0_C849,,0,3,3,close_to_close_ema_3_daily_difference_pct >= 1.003098168620758 AND close_ema_3_daily_slope_pct >= 0.2627015027787666 AND close_ema_3_daily_range_5_pct >= 7.56636421937482,157,70,87,44.5859872611465,20.6143896523848,23.971597608761698,12.69199676637025,259.9989977539536,0,4.3500000000000005,1.4970032367150188,235.02950816425795,-6.936684370911476,13.166307479846493,,,,,,,,,,
JYOTISTRUC_MINED_BASE_G0_C850,,0,3,3,close_ema_3_daily_slope_pct >= 1.0132621830219937 AND close_to_close_ema_3_daily_difference_pct >= 0.2529055823789776 AND close_ema_3_daily_range_5_pct >= 7.56636421937482,157,70,87,44.5859872611465,20.6143896523848,23.971597608761698,12.69199676637025,259.9989977539536,0,4.3500000000000005,1.4970032367150188,235.02950816425795,-6.936684370911476,13.166307479846493,,,,,,,,,,
JYOTISTRUC_MINED_BASE_G0_C851,,0,2,2,close_ema_8_daily_volatility_5_daily >= 1.1949164066816405 AND close_ema_3_daily_volatility_5_daily >= 2.6021671971237934,245,91,154,37.142857142857146,20.6143896523848,16.528467490472345,19.805982215036376,259.3670617158638,0,7.7,0.80824142116735,198.01914818600073,-6.408488993877579,13.166307479846493,,,,,,,,,,
JYOTISTRUC_MINED_BASE_G0_C852,,0,2,2,close_ema_3_daily_slope_pct >= 0.2627015027787666 AND close_to_close_ema_8_daily_difference_pct >= 2.199870988161985,334,106,228,31.736526946107784,20.6143896523848,11.122137293722982,27.000808407437347,259.3090646223679,0,11.4,1.0327927179176406,344.9527677844919,-6.936684370911476,13.166307479846493,,,,,,,,,,
JYOTISTRUC_MINED_BASE_G0_C853,,0,2,2,close_ema_3_daily_slope_pct >= 0.2627015027787666 AND close_ema_8_daily_slope_pct >= 0.6325101127513095,334,106,228,31.736526946107784,20.6143896523848,11.122137293722982,27.000808407437347,259.3090646223679,0,11.4,1.0327927179176406,344.9527677844919,-6.936684370911476,13.166307479846493,,,,,,,,,,
JYOTISTRUC_MINED_BASE_G0_C854,,0,2,2,close_to_close_ema_3_daily_difference_pct >= 0.2529055823789776 AND close_to_close_ema_8_daily_difference_pct >= 2.199870988161985,334,106,228,31.736526946107784,20.6143896523848,11.122137293722982,27.000808407437347,259.3090646223679,0,11.4,1.0327927179176406,344.9527677844919,-6.936684370911476,13.166307479846493,,,,,,,,,,
JYOTISTRUC_MINED_BASE_G0_C855,,0,2,2,close_to_close_ema_3_daily_difference_pct >= 0.2529055823789776 AND close_ema_8_daily_slope_pct >= 0.6325101127513095,334,106,228,31.736526946107784,20.6143896523848,11.122137293722982,27.000808407437347,259.3090646223679,0,11.4,1.0327927179176406,344.9527677844919,-6.936684370911476,13.166307479846493,,,,,,,,,,
JYOTISTRUC_MINED_BASE_G0_C856,,0,3,3,close_ema_3_daily_slope_pct >= -0.28800660038466785 AND close_to_close_ema_3_daily_difference_pct >= 0.2529055823789776 AND close_to_close_ema_8_daily_difference_pct >= 2.199870988161985,334,106,228,31.736526946107784,20.6143896523848,11.122137293722982,27.000808407437347,259.3090646223679,0,11.4,1.0327927179176406,344.9527677844919,-6.936684370911476,13.166307479846493,,,,,,,,,,
JYOTISTRUC_MINED_BASE_G0_C857,,0,3,3,close_ema_3_daily_slope_pct >= -0.28800660038466785 AND close_to_close_ema_3_daily_difference_pct >= 0.2529055823789776 AND close_ema_8_daily_slope_pct >= 0.6325101127513095,334,106,228,31.736526946107784,20.6143896523848,11.122137293722982,27.000808407437347,259.3090646223679,0,11.4,1.0327927179176406,344.9527677844919,-6.936684370911476,13.166307479846493,,,,,,,,,,
JYOTISTRUC_MINED_BASE_G0_C858,,0,3,3,close_to_close_ema_3_daily_difference_pct >= -0.28338672864249204 AND close_ema_3_daily_slope_pct >= 0.2627015027787666 AND close_to_close_ema_8_daily_difference_pct >= 2.199870988161985,334,106,228,31.736526946107784,20.6143896523848,11.122137293722982,27.000808407437347,259.3090646223679,0,11.4,1.0327927179176406,344.9527677844919,-6.936684370911476,13.166307479846493,,,,,,,,,,
JYOTISTRUC_MINED_BASE_G0_C859,,0,3,3,close_to_close_ema_3_daily_difference_pct >= -0.28338672864249204 AND close_ema_3_daily_slope_pct >= 0.2627015027787666 AND close_ema_8_daily_slope_pct >= 0.6325101127513095,334,106,228,31.736526946107784,20.6143896523848,11.122137293722982,27.000808407437347,259.3090646223679,0,11.4,1.0327927179176406,344.9527677844919,-6.936684370911476,13.166307479846493,,,,,,,,,,
JYOTISTRUC_MINED_BASE_G0_C860,,0,3,3,close_ema_3_daily_slope_pct >= 0.2627015027787666 AND close_to_close_ema_3_daily_difference_pct >= 0.2529055823789776 AND close_to_close_ema_8_daily_difference_pct >= 2.199870988161985,334,106,228,31.736526946107784,20.6143896523848,11.122137293722982,27.000808407437347,259.3090646223679,0,11.4,1.0327927179176406,344.9527677844919,-6.936684370911476,13.166307479846493,,,,,,,,,,
JYOTISTRUC_MINED_BASE_G0_C861,,0,3,3,close_ema_3_daily_slope_pct >= 0.2627015027787666 AND close_to_close_ema_3_daily_difference_pct >= 0.2529055823789776 AND close_ema_8_daily_slope_pct >= 0.6325101127513095,334,106,228,31.736526946107784,20.6143896523848,11.122137293722982,27.000808407437347,259.3090646223679,0,11.4,1.0327927179176406,344.9527677844919,-6.936684370911476,13.166307479846493,,,,,,,,,,
JYOTISTRUC_MINED_BASE_G0_C862,,0,3,3,close_ema_3_daily_slope_pct >= 0.2627015027787666 AND close_to_close_ema_8_daily_difference_pct >= 0.5493544276590487 AND close_ema_8_daily_slope_pct >= 0.6325101127513095,334,106,228,31.736526946107784,20.6143896523848,11.122137293722982,27.000808407437347,259.3090646223679,0,11.4,1.0327927179176406,344.9527677844919,-6.936684370911476,13.166307479846493,,,,,,,,,,
JYOTISTRUC_MINED_BASE_G0_C863,,0,3,3,close_ema_3_daily_slope_pct >= 0.2627015027787666 AND close_ema_8_daily_slope_pct >= 0.15733448182659485 AND close_to_close_ema_8_daily_difference_pct >= 2.199870988161985,334,106,228,31.736526946107784,20.6143896523848,11.122137293722982,27.000808407437347,259.3090646223679,0,11.4,1.0327927179176406,344.9527677844919,-6.936684370911476,13.166307479846493,,,,,,,,,,
JYOTISTRUC_MINED_BASE_G0_C864,,0,3,3,close_ema_3_daily_slope_pct >= 0.2627015027787666 AND close_to_close_ema_8_daily_difference_pct >= 2.199870988161985 AND close_ema_8_daily_slope_pct >= 0.6325101127513095,334,106,228,31.736526946107784,20.6143896523848,11.122137293722982,27.000808407437347,259.3090646223679,0,11.4,1.0327927179176406,344.9527677844919,-6.936684370911476,13.166307479846493,,,,,,,,,,
JYOTISTRUC_MINED_BASE_G0_C865,,0,3,3,close_to_close_ema_3_daily_difference_pct >= 0.2529055823789776 AND close_to_close_ema_8_daily_difference_pct >= 0.5493544276590487 AND close_ema_8_daily_slope_pct >= 0.6325101127513095,334,106,228,31.736526946107784,20.6143896523848,11.122137293722982,27.000808407437347,259.3090646223679,0,11.4,1.0327927179176406,344.9527677844919,-6.936684370911476,13.166307479846493,,,,,,,,,,
JYOTISTRUC_MINED_BASE_G0_C866,,0,3,3,close_to_close_ema_3_daily_difference_pct >= 0.2529055823789776 AND close_ema_8_daily_slope_pct >= 0.15733448182659485 AND close_to_close_ema_8_daily_difference_pct >= 2.199870988161985,334,106,228,31.736526946107784,20.6143896523848,11.122137293722982,27.000808407437347,259.3090646223679,0,11.4,1.0327927179176406,344.9527677844919,-6.936684370911476,13.166307479846493,,,,,,,,,,
JYOTISTRUC_MINED_BASE_G0_C867,,0,3,3,close_to_close_ema_3_daily_difference_pct >= 0.2529055823789776 AND close_to_close_ema_8_daily_difference_pct >= 2.199870988161985 AND close_ema_8_daily_slope_pct >= 0.6325101127513095,334,106,228,31.736526946107784,20.6143896523848,11.122137293722982,27.000808407437347,259.3090646223679,0,11.4,1.0327927179176406,344.9527677844919,-6.936684370911476,13.166307479846493,,,,,,,,,,
JYOTISTRUC_MINED_BASE_G0_C868,,0,3,3,close_ema_3_daily_slope_pct >= 1.9352918519347406 AND close_ema_8_daily_volatility_5_daily >= 1.1949164066816405 AND close_ema_3_daily_volatility_5_daily >= 2.6021671971237934,119,58,61,48.739495798319325,20.6143896523848,28.125106145934524,9.62004850444624,259.0512157978548,0,3.0500000000000003,1.825228356060727,217.2021743712265,-6.408488993877579,13.166307479846493,,,,,,,,,,
JYOTISTRUC_MINED_BASE_G0_C869,,0,3,3,close_to_close_ema_3_daily_difference_pct >= 1.8888435519628795 AND close_ema_8_daily_volatility_5_daily >= 1.1949164066816405 AND close_ema_3_daily_volatility_5_daily >= 2.6021671971237934,119,58,61,48.739495798319325,20.6143896523848,28.125106145934524,9.62004850444624,259.0512157978548,0,3.0500000000000003,1.825228356060727,217.2021743712265,-6.408488993877579,13.166307479846493,,,,,,,,,,
JYOTISTRUC_MINED_BASE_G0_C870,,0,2,2,close_ema_3_daily_range_5_pct >= 5.443470843473113 AND close_ema_8_daily_volatility_5_daily >= 1.1949164066816405,415,117,298,28.19277108433735,20.6143896523848,7.578381431952547,33.54890864995958,258.0656993318824,0,14.9,0.35793072403987836,148.54125047654952,-9.598066541883696,15.64246482726509,,,,,,,,,,
JYOTISTRUC_MINED_BASE_G0_C871,,0,3,3,close_to_close_ema_3_daily_difference_pct >= 1.003098168620758 AND close_ema_13_daily_slope_pct >= 0.145719601926301 AND close_to_close_ema_8_daily_difference_pct >= 2.199870988161985,287,98,189,34.146341463414636,20.6143896523848,13.531951811029835,23.20129345189976,257.96694794657543,0,9.450000000000001,1.2523962971420868,359.4377372797789,-6.936684370911476,13.166307479846493,,,,,,,,,,
JYOTISTRUC_MINED_BASE_G0_C872,,0,3,3,close_to_close_ema_3_daily_difference_pct >= 1.003098168620758 AND close_ema_13_daily_slope_pct >= 0.145719601926301 AND close_ema_8_daily_slope_pct >= 0.6325101127513095,287,98,189,34.146341463414636,20.6143896523848,13.531951811029835,23.20129345189976,257.96694794657543,0,9.450000000000001,1.2523962971420868,359.4377372797789,-6.936684370911476,13.166307479846493,,,,,,,,,,
JYOTISTRUC_MINED_BASE_G0_C873,,0,3,3,close_to_close_ema_3_daily_difference_pct >= 1.003098168620758 AND close_to_close_ema_13_daily_difference_pct >= 0.8582022248527891 AND close_to_close_ema_8_daily_difference_pct >= 2.199870988161985,287,98,189,34.146341463414636,20.6143896523848,13.531951811029835,23.20129345189976,257.96694794657543,0,9.450000000000001,1.2523962971420868,359.4377372797789,-6.936684370911476,13.166307479846493,,,,,,,,,,
JYOTISTRUC_MINED_BASE_G0_C874,,0,3,3,close_to_close_ema_3_daily_difference_pct >= 1.003098168620758 AND close_to_close_ema_13_daily_difference_pct >= 0.8582022248527891 AND close_ema_8_daily_slope_pct >= 0.6325101127513095,287,98,189,34.146341463414636,20.6143896523848,13.531951811029835,23.20129345189976,257.96694794657543,0,9.450000000000001,1.2523962971420868,359.4377372797789,-6.936684370911476,13.166307479846493,,,,,,,,,,
JYOTISTRUC_MINED_BASE_G0_C875,,0,3,3,close_ema_3_daily_slope_pct >= 1.0132621830219937 AND close_ema_13_daily_slope_pct >= 0.145719601926301 AND close_to_close_ema_8_daily_difference_pct >= 2.199870988161985,287,98,189,34.146341463414636,20.6143896523848,13.531951811029835,23.20129345189976,257.96694794657543,0,9.450000000000001,1.2523962971420868,359.4377372797789,-6.936684370911476,13.166307479846493,,,,,,,,,,
JYOTISTRUC_MINED_BASE_G0_C876,,0,3,3,close_ema_3_daily_slope_pct >= 1.0132621830219937 AND close_ema_13_daily_slope_pct >= 0.145719601926301 AND close_ema_8_daily_slope_pct >= 0.6325101127513095,287,98,189,34.146341463414636,20.6143896523848,13.531951811029835,23.20129345189976,257.96694794657543,0,9.450000000000001,1.2523962971420868,359.4377372797789,-6.936684370911476,13.166307479846493,,,,,,,,,,
JYOTISTRUC_MINED_BASE_G0_C877,,0,3,3,close_ema_3_daily_slope_pct >= 1.0132621830219937 AND close_to_close_ema_13_daily_difference_pct >= 0.8582022248527891 AND close_to_close_ema_8_daily_difference_pct >= 2.199870988161985,287,98,189,34.146341463414636,20.6143896523848,13.531951811029835,23.20129345189976,257.96694794657543,0,9.450000000000001,1.2523962971420868,359.4377372797789,-6.936684370911476,13.166307479846493,,,,,,,,,,
JYOTISTRUC_MINED_BASE_G0_C878,,0,3,3,close_ema_3_daily_slope_pct >= 1.0132621830219937 AND close_to_close_ema_13_daily_difference_pct >= 0.8582022248527891 AND close_ema_8_daily_slope_pct >= 0.6325101127513095,287,98,189,34.146341463414636,20.6143896523848,13.531951811029835,23.20129345189976,257.96694794657543,0,9.450000000000001,1.2523962971420868,359.4377372797789,-6.936684370911476,13.166307479846493,,,,,,,,,,
JYOTISTRUC_MINED_BASE_G0_C879,,0,3,3,close_ema_3_daily_slope_pct >= -0.28800660038466785 AND close_ema_3_daily_range_5_pct >= 7.56636421937482 AND close_ema_8_daily_volatility_5_daily >= 1.1949164066816405,181,76,105,41.988950276243095,20.6143896523848,21.374560623858294,14.632174616006468,257.8657815215036,0,5.25,1.4143261340707243,255.9930302668011,-6.936684370911476,13.166307479846493,,,,,,,,,,
JYOTISTRUC_MINED_BASE_G0_C880,,0,3,3,close_to_close_ema_3_daily_difference_pct >= -0.28338672864249204 AND close_ema_3_daily_range_5_pct >= 7.56636421937482 AND close_ema_8_daily_volatility_5_daily >= 1.1949164066816405,181,76,105,41.988950276243095,20.6143896523848,21.374560623858294,14.632174616006468,257.8657815215036,0,5.25,1.4143261340707243,255.9930302668011,-6.936684370911476,13.166307479846493,,,,,,,,,,
JYOTISTRUC_MINED_BASE_G0_C881,,0,3,3,close_ema_3_daily_range_5_pct >= 5.443470843473113 AND close_ema_3_daily_slope_pct >= 0.2627015027787666 AND close_to_close_ema_8_daily_difference_pct >= 0.5493544276590487,249,91,158,36.54618473895582,20.6143896523848,15.931795086571022,20.129345189975748,257.739514755192,0,7.9,1.3268464407789535,330.3847637539594,-6.936684370911476,13.166307479846493,,,,,,,,,,
JYOTISTRUC_MINED_BASE_G0_C882,,0,3,3,close_ema_3_daily_range_5_pct >= 5.443470843473113 AND close_ema_3_daily_slope_pct >= 0.2627015027787666 AND close_ema_8_daily_slope_pct >= 0.15733448182659485,249,91,158,36.54618473895582,20.6143896523848,15.931795086571022,20.129345189975748,257.739514755192,0,7.9,1.3268464407789535,330.3847637539594,-6.936684370911476,13.166307479846493,,,,,,,,,,
JYOTISTRUC_MINED_BASE_G0_C883,,0,3,3,close_ema_3_daily_range_5_pct >= 5.443470843473113 AND close_to_close_ema_3_daily_difference_pct >= 0.2529055823789776 AND close_to_close_ema_8_daily_difference_pct >= 0.5493544276590487,249,91,158,36.54618473895582,20.6143896523848,15.931795086571022,20.129345189975748,257.739514755192,0,7.9,1.3268464407789535,330.3847637539594,-6.936684370911476,13.166307479846493,,,,,,,,,,
JYOTISTRUC_MINED_BASE_G0_C884,,0,3,3,close_ema_3_daily_range_5_pct >= 5.443470843473113 AND close_to_close_ema_3_daily_difference_pct >= 0.2529055823789776 AND close_ema_8_daily_slope_pct >= 0.15733448182659485,249,91,158,36.54618473895582,20.6143896523848,15.931795086571022,20.129345189975748,257.739514755192,0,7.9,1.3268464407789535,330.3847637539594,-6.936684370911476,13.166307479846493,,,,,,,,,,
JYOTISTRUC_MINED_BASE_G0_C885,,0,3,3,close_ema_3_daily_volatility_5_daily >= 1.836598276929643 AND close_to_close_ema_3_daily_difference_pct >= 1.003098168620758 AND close_ema_3_daily_range_5_pct >= 6.513413502927244,182,76,106,41.75824175824176,20.6143896523848,21.143852105856958,14.713015359741311,257.27989953269264,0,5.300000000000001,1.620213001135955,294.8787662067438,-6.936684370911476,13.166307479846493,,,,,,,,,,
JYOTISTRUC_MINED_BASE_G0_C886,,0,3,3,close_ema_3_daily_volatility_5_daily >= 1.836598276929643 AND close_ema_3_daily_slope_pct >= 1.0132621830219937 AND close_ema_3_daily_range_5_pct >= 6.513413502927244,182,76,106,41.75824175824176,20.6143896523848,21.143852105856958,14.713015359741311,257.27989953269264,0,5.300000000000001,1.620213001135955,294.8787662067438,-6.936684370911476,13.166307479846493,,,,,,,,,,
JYOTISTRUC_MINED_BASE_G0_C887,,0,3,3,close_ema_3_daily_slope_pct >= 1.9352918519347406 AND close_ema_3_daily_range_5_pct >= 7.56636421937482 AND close_to_close_ema_8_daily_difference_pct >= 2.199870988161985,132,62,70,46.96969696969697,20.6143896523848,26.355307317312167,10.670978172999192,257.155232858651,0,3.5,1.6262320906967305,214.66263597196843,-6.408488993877579,13.166307479846493,,,,,,,,,,
JYOTISTRUC_MINED_BASE_G0_C888,,0,3,3,close_ema_3_daily_slope_pct >= 1.9352918519347406 AND close_ema_3_daily_range_5_pct >= 7.56636421937482 AND close_ema_8_daily_slope_pct >= 0.6325101127513095,132,62,70,46.96969696969697,20.6143896523848,26.355307317312167,10.670978172999192,257.155232858651,0,3.5,1.6262320906967305,214.66263597196843,-6.408488993877579,13.166307479846493,,,,,,,,,,
JYOTISTRUC_MINED_BASE_G0_C889,,0,3,3,close_to_close_ema_3_daily_difference_pct >= 1.8888435519628795 AND close_ema_3_daily_range_5_pct >= 7.56636421937482 AND close_to_close_ema_8_daily_difference_pct >= 2.199870988161985,132,62,70,46.96969696969697,20.6143896523848,26.355307317312167,10.670978172999192,257.155232858651,0,3.5,1.6262320906967305,214.66263597196843,-6.408488993877579,13.166307479846493,,,,,,,,,,
JYOTISTRUC_MINED_BASE_G0_C890,,0,3,3,close_to_close_ema_3_daily_difference_pct >= 1.8888435519628795 AND close_ema_3_daily_range_5_pct >= 7.56636421937482 AND close_ema_8_daily_slope_pct >= 0.6325101127513095,132,62,70,46.96969696969697,20.6143896523848,26.355307317312167,10.670978172999192,257.155232858651,0,3.5,1.6262320906967305,214.66263597196843,-6.408488993877579,13.166307479846493,,,,,,,,,,
JYOTISTRUC_MINED_BASE_G0_C891,,0,3,3,close_ema_3_daily_range_5_pct >= 5.443470843473113 AND close_ema_3_daily_slope_pct >= 1.9352918519347406 AND close_ema_3_daily_volatility_5_daily >= 2.6021671971237934,117,57,60,48.717948717948715,20.6143896523848,28.103559065563914,9.458367016976556,257.1155022692531,0,3,1.865902313811191,218.31057071590934,-6.408488993877579,13.166307479846493,,,,,,,,,,
JYOTISTRUC_MINED_BASE_G0_C892,,0,3,3,close_ema_3_daily_range_5_pct >= 5.443470843473113 AND close_to_close_ema_3_daily_difference_pct >= 1.8888435519628795 AND close_ema_3_daily_volatility_5_daily >= 2.6021671971237934,117,57,60,48.717948717948715,20.6143896523848,28.103559065563914,9.458367016976556,257.1155022692531,0,3,1.865902313811191,218.31057071590934,-6.408488993877579,13.166307479846493,,,,,,,,,,
JYOTISTRUC_MINED_BASE_G0_C893,,0,3,3,close_ema_3_daily_volatility_5_daily >= 1.836598276929643 AND close_ema_3_daily_range_5_pct >= 7.56636421937482 AND close_ema_8_daily_volatility_5_daily >= 1.1949164066816405,303,101,202,33.33333333333333,20.6143896523848,12.718943680948527,24.494745351657237,256.9328041933766,0,10.100000000000001,0.47936192954466783,145.24666465203435,-9.598066541883696,15.64246482726509,,,,,,,,,,
JYOTISTRUC_MINED_BASE_G0_C894,,0,2,2,close_ema_3_daily_slope_pct >= 1.9352918519347406 AND close_ema_3_daily_volatility_5_daily >= 2.6021671971237934,120,58,62,48.333333333333336,20.6143896523848,27.718943680948534,9.700889248181083,256.8525705313592,0,3.1,1.7859507088721849,214.31408506466218,-6.408488993877579,13.166307479846493,,,,,,,,,,
JYOTISTRUC_MINED_BASE_G0_C895,,0,2,2,close_to_close_ema_3_daily_difference_pct >= 1.8888435519628795 AND close_ema_3_daily_volatility_5_daily >= 2.6021671971237934,120,58,62,48.333333333333336,20.6143896523848,27.718943680948534,9.700889248181083,256.8525705313592,0,3.1,1.7859507088721849,214.31408506466218,-6.408488993877579,13.166307479846493,,,,,,,,,,
JYOTISTRUC_MINED_BASE_G0_C896,,0,3,3,close_ema_3_daily_slope_pct >= 1.9352918519347406 AND close_to_close_ema_3_daily_difference_pct >= 1.8888435519628795 AND close_ema_3_daily_volatility_5_daily >= 2.6021671971237934,120,58,62,48.333333333333336,20.6143896523848,27.718943680948534,9.700889248181083,256.8525705313592,0,3.1,1.7859507088721849,214.31408506466218,-6.408488993877579,13.166307479846493,,,,,,,,,,
JYOTISTRUC_MINED_BASE_G0_C897,,0,3,3,close_ema_3_daily_slope_pct >= 1.9352918519347406 AND close_to_close_ema_3_daily_difference_pct >= -0.28338672864249204 AND close_ema_3_daily_volatility_5_daily >= 2.6021671971237934,120,58,62,48.333333333333336,20.6143896523848,27.718943680948534,9.700889248181083,256.8525705313592,0,3.1,1.7859507088721849,214.31408506466218,-6.408488993877579,13.166307479846493,,,,,,,,,,
JYOTISTRUC_MINED_BASE_G0_C898,,0,3,3,close_ema_3_daily_slope_pct >= 1.9352918519347406 AND close_to_close_ema_3_daily_difference_pct >= 1.003098168620758 AND close_ema_3_daily_volatility_5_daily >= 2.6021671971237934,120,58,62,48.333333333333336,20.6143896523848,27.718943680948534,9.700889248181083,256.8525705313592,0,3.1,1.7859507088721849,214.31408506466218,-6.408488993877579,13.166307479846493,,,,,,,,,,
JYOTISTRUC_MINED_BASE_G0_C899,,0,3,3,close_ema_3_daily_slope_pct >= 1.9352918519347406 AND close_to_close_ema_3_daily_difference_pct >= 0.2529055823789776 AND close_ema_3_daily_volatility_5_daily >= 2.6021671971237934,120,58,62,48.333333333333336,20.6143896523848,27.718943680948534,9.700889248181083,256.8525705313592,0,3.1,1.7859507088721849,214.31408506466218,-6.408488993877579,13.166307479846493,,,,,,,,,,
JYOTISTRUC_MINED_BASE_G0_C900,,0,3,3,close_to_close_ema_3_daily_difference_pct >= 1.8888435519628795 AND close_ema_3_daily_slope_pct >= -0.28800660038466785 AND close_ema_3_daily_volatility_5_daily >= 2.6021671971237934,120,58,62,48.333333333333336,20.6143896523848,27.718943680948534,9.700889248181083,256.8525705313592,0,3.1,1.7859507088721849,214.31408506466218,-6.408488993877579,13.166307479846493,,,,,,,,,,
JYOTISTRUC_MINED_BASE_G0_C901,,0,3,3,close_to_close_ema_3_daily_difference_pct >= 1.8888435519628795 AND close_ema_3_daily_slope_pct >= 1.0132621830219937 AND close_ema_3_daily_volatility_5_daily >= 2.6021671971237934,120,58,62,48.333333333333336,20.6143896523848,27.718943680948534,9.700889248181083,256.8525705313592,0,3.1,1.7859507088721849,214.31408506466218,-6.408488993877579,13.166307479846493,,,,,,,,,,
JYOTISTRUC_MINED_BASE_G0_C902,,0,3,3,close_to_close_ema_3_daily_difference_pct >= 1.8888435519628795 AND close_ema_3_daily_slope_pct >= 0.2627015027787666 AND close_ema_3_daily_volatility_5_daily >= 2.6021671971237934,120,58,62,48.333333333333336,20.6143896523848,27.718943680948534,9.700889248181083,256.8525705313592,0,3.1,1.7859507088721849,214.31408506466218,-6.408488993877579,13.166307479846493,,,,,,,,,,
JYOTISTRUC_MINED_BASE_G0_C903,,0,1,1,close_ema_3_daily_volatility_5_daily >= 2.6021671971237934,248,91,157,36.693548387096776,20.6143896523848,16.079158734711974,20.048504446240905,256.83856562584106,0,7.8500000000000005,0.7642573174270767,189.53581472191502,-6.408488993877579,13.166307479846493,,,,,,,,,,
JYOTISTRUC_MINED_BASE_G0_C904,,0,3,3,close_to_close_ema_3_daily_difference_pct >= 3.454021016255545 AND close_ema_3_daily_range_5_pct >= 6.513413502927244 AND close_ema_3_daily_volatility_5_daily >= 2.6021671971237934,80,43,37,53.75,20.6143896523848,33.1356103476152,6.4672594987873895,256.3815670692761,0,1.85,2.1845051104000435,174.76040883200346,-6.408488993877579,5.0000022439395675,,,,,,,,,,
JYOTISTRUC_MINED_BASE_G0_C905,,0,3,3,close_ema_3_daily_slope_pct >= 3.5775917885063673 AND close_ema_3_daily_range_5_pct >= 6.513413502927244 AND close_ema_3_daily_volatility_5_daily >= 2.6021671971237934,80,43,37,53.75,20.6143896523848,33.1356103476152,6.4672594987873895,256.3815670692761,0,1.85,2.1845051104000435,174.76040883200346,-6.408488993877579,5.0000022439395675,,,,,,,,,,
JYOTISTRUC_MINED_BASE_G0_C906,,0,3,3,close_ema_3_daily_range_5_pct >= 5.443470843473113 AND close_ema_8_daily_volatility_5_daily >= 1.1949164066816405 AND close_ema_3_daily_volatility_5_daily >= 2.6021671971237934,239,89,150,37.238493723849366,20.6143896523848,16.624104071464565,19.320937752627323,256.0234671071429,0,7.5,0.8009822499400436,191.43475773567042,-6.408488993877579,13.166307479846493,,,,,,,,,,
JYOTISTRUC_MINED_BASE_G0_C907,,0,3,3,close_ema_3_daily_slope_pct >= 1.9352918519347406 AND close_ema_8_daily_volatility_5_daily >= 1.1949164066816405 AND close_to_close_ema_8_daily_difference_pct >= 2.199870988161985,143,65,78,45.45454545454545,20.6143896523848,24.840155802160652,11.560226354082458,255.616447103573,0,3.9000000000000004,1.7718893642565834,253.38017908869142,-6.408488993877579,13.166307479846493,,,,,,,,,,
JYOTISTRUC_MINED_BASE_G0_C908,,0,3,3,close_ema_3_daily_slope_pct >= 1.9352918519347406 AND close_ema_8_daily_volatility_5_daily >= 1.1949164066816405 AND close_ema_8_daily_slope_pct >= 0.6325101127513095,143,65,78,45.45454545454545,20.6143896523848,24.840155802160652,11.560226354082458,255.616447103573,0,3.9000000000000004,1.7718893642565834,253.38017908869142,-6.408488993877579,13.166307479846493,,,,,,,,,,
JYOTISTRUC_MINED_BASE_G0_C909,,0,3,3,close_to_close_ema_3_daily_difference_pct >= 1.8888435519628795 AND close_ema_8_daily_volatility_5_daily >= 1.1949164066816405 AND close_to_close_ema_8_daily_difference_pct >= 2.199870988161985,143,65,78,45.45454545454545,20.6143896523848,24.840155802160652,11.560226354082458,255.616447103573,0,3.9000000000000004,1.7718893642565834,253.38017908869142,-6.408488993877579,13.166307479846493,,,,,,,,,,
JYOTISTRUC_MINED_BASE_G0_C910,,0,3,3,close_to_close_ema_3_daily_difference_pct >= 1.8888435519628795 AND close_ema_8_daily_volatility_5_daily >= 1.1949164066816405 AND close_ema_8_daily_slope_pct >= 0.6325101127513095,143,65,78,45.45454545454545,20.6143896523848,24.840155802160652,11.560226354082458,255.616447103573,0,3.9000000000000004,1.7718893642565834,253.38017908869142,-6.408488993877579,13.166307479846493,,,,,,,,,,
JYOTISTRUC_MINED_BASE_G0_C911,,0,3,3,close_ema_3_daily_slope_pct >= 1.9352918519347406 AND close_ema_3_daily_volatility_5_daily >= 1.836598276929643 AND close_ema_13_daily_slope_pct >= 0.145719601926301,157,69,88,43.94904458598726,20.6143896523848,23.334654933602458,12.69199676637025,255.2081354505858,0,4.4,1.6449535941911677,258.25771428801335,-6.408488993877579,13.166307479846493,,,,,,,,,,
JYOTISTRUC_MINED_BASE_G0_C912,,0,3,3,close_ema_3_daily_slope_pct >= 1.9352918519347406 AND close_ema_3_daily_volatility_5_daily >= 1.836598276929643 AND close_to_close_ema_13_daily_difference_pct >= 0.8582022248527891,157,69,88,43.94904458598726,20.6143896523848,23.334654933602458,12.69199676637025,255.2081354505858,0,4.4,1.6449535941911677,258.25771428801335,-6.408488993877579,13.166307479846493,,,,,,,,,,
JYOTISTRUC_MINED_BASE_G0_C913,,0,3,3,close_to_close_ema_3_daily_difference_pct >= 1.8888435519628795 AND close_ema_3_daily_volatility_5_daily >= 1.836598276929643 AND close_ema_13_daily_slope_pct >= 0.145719601926301,157,69,88,43.94904458598726,20.6143896523848,23.334654933602458,12.69199676637025,255.2081354505858,0,4.4,1.6449535941911677,258.25771428801335,-6.408488993877579,13.166307479846493,,,,,,,,,,
JYOTISTRUC_MINED_BASE_G0_C914,,0,3,3,close_to_close_ema_3_daily_difference_pct >= 1.8888435519628795 AND close_ema_3_daily_volatility_5_daily >= 1.836598276929643 AND close_to_close_ema_13_daily_difference_pct >= 0.8582022248527891,157,69,88,43.94904458598726,20.6143896523848,23.334654933602458,12.69199676637025,255.2081354505858,0,4.4,1.6449535941911677,258.25771428801335,-6.408488993877579,13.166307479846493,,,,,,,,,,
JYOTISTRUC_MINED_BASE_G0_C915,,0,3,3,close_ema_3_daily_volatility_5_daily >= 1.836598276929643 AND close_to_close_ema_3_daily_difference_pct >= 1.003098168620758 AND close_ema_8_daily_volatility_5_daily >= 1.1949164066816405,180,75,105,41.66666666666667,20.6143896523848,21.05227701428187,14.551333872271623,254.771064676167,0,5.25,1.5865598682525455,285.58077628545817,-6.936684370911476,13.166307479846493,,,,,,,,,,
JYOTISTRUC_MINED_BASE_G0_C916,,0,3,3,close_ema_3_daily_volatility_5_daily >= 1.836598276929643 AND close_ema_3_daily_slope_pct >= 1.0132621830219937 AND close_ema_8_daily_volatility_5_daily >= 1.1949164066816405,180,75,105,41.66666666666667,20.6143896523848,21.05227701428187,14.551333872271623,254.771064676167,0,5.25,1.5865598682525455,285.58077628545817,-6.936684370911476,13.166307479846493,,,,,,,,,,
JYOTISTRUC_MINED_BASE_G0_C917,,0,3,3,close_to_close_ema_3_daily_difference_pct >= 3.454021016255545 AND close_ema_3_daily_range_5_pct >= 7.56636421937482 AND close_ema_3_daily_volatility_5_daily >= 2.6021671971237934,78,42,36,53.84615384615385,20.6143896523848,33.231764193769045,6.305578011317705,254.69919370060353,0,1.8,2.113457577252783,164.84969102571705,-6.408488993877579,5.0000022439395675,,,,,,,,,,
JYOTISTRUC_MINED_BASE_G0_C918,,0,3,3,close_ema_3_daily_slope_pct >= 3.5775917885063673 AND close_ema_3_daily_range_5_pct >= 7.56636421937482 AND close_ema_3_daily_volatility_5_daily >= 2.6021671971237934,78,42,36,53.84615384615385,20.6143896523848,33.231764193769045,6.305578011317705,254.69919370060353,0,1.8,2.113457577252783,164.84969102571705,-6.408488993877579,5.0000022439395675,,,,,,,,,,
JYOTISTRUC_MINED_BASE_G0_C919,,0,3,3,close_ema_3_daily_slope_pct >= 0.2627015027787666 AND close_to_close_ema_8_daily_difference_pct >= 0.5493544276590487 AND close_ema_13_daily_slope_pct >= 0.145719601926301,364,109,255,29.945054945054945,20.6143896523848,9.330665292670144,29.426030719482622,254.5572655517388,0,12.75,0.8846463627960367,322.01127605775736,-6.936684370911476,13.166307479846493,,,,,,,,,,
JYOTISTRUC_MINED_BASE_G0_C920,,0,3,3,close_ema_3_daily_slope_pct >= 0.2627015027787666 AND close_ema_8_daily_slope_pct >= 0.15733448182659485 AND close_ema_13_daily_slope_pct >= 0.145719601926301,364,109,255,29.945054945054945,20.6143896523848,9.330665292670144,29.426030719482622,254.5572655517388,0,12.75,0.8846463627960367,322.01127605775736,-6.936684370911476,13.166307479846493,,,,,,,,,,
JYOTISTRUC_MINED_BASE_G0_C921,,0,3,3,close_to_close_ema_3_daily_difference_pct >= 0.2529055823789776 AND close_to_close_ema_8_daily_difference_pct >= 0.5493544276590487 AND close_ema_13_daily_slope_pct >= 0.145719601926301,364,109,255,29.945054945054945,20.6143896523848,9.330665292670144,29.426030719482622,254.5572655517388,0,12.75,0.8846463627960367,322.01127605775736,-6.936684370911476,13.166307479846493,,,,,,,,,,
JYOTISTRUC_MINED_BASE_G0_C922,,0,3,3,close_to_close_ema_3_daily_difference_pct >= 0.2529055823789776 AND close_ema_8_daily_slope_pct >= 0.15733448182659485 AND close_ema_13_daily_slope_pct >= 0.145719601926301,364,109,255,29.945054945054945,20.6143896523848,9.330665292670144,29.426030719482622,254.5572655517388,0,12.75,0.8846463627960367,322.01127605775736,-6.936684370911476,13.166307479846493,,,,,,,,,,
JYOTISTRUC_MINED_BASE_G0_C923,,0,3,3,close_ema_3_daily_slope_pct >= 0.2627015027787666 AND close_to_close_ema_8_daily_difference_pct >= 0.5493544276590487 AND close_to_close_ema_13_daily_difference_pct >= 0.8582022248527891,365,109,256,29.863013698630137,20.6143896523848,9.248624046245336,29.50687146321746,254.06581006002443,0,12.8,0.8742299429325994,319.0939291703988,-6.936684370911476,13.166307479846493,,,,,,,,,,
JYOTISTRUC_MINED_BASE_G0_C924,,0,3,3,close_ema_3_daily_slope_pct >= 0.2627015027787666 AND close_ema_8_daily_slope_pct >= 0.15733448182659485 AND close_to_close_ema_13_daily_difference_pct >= 0.8582022248527891,365,109,256,29.863013698630137,20.6143896523848,9.248624046245336,29.50687146321746,254.06581006002443,0,12.8,0.8742299429325994,319.0939291703988,-6.936684370911476,13.166307479846493,,,,,,,,,,
JYOTISTRUC_MINED_BASE_G0_C925,,0,3,3,close_to_close_ema_3_daily_difference_pct >= 0.2529055823789776 AND close_to_close_ema_8_daily_difference_pct >= 0.5493544276590487 AND close_to_close_ema_13_daily_difference_pct >= 0.8582022248527891,365,109,256,29.863013698630137,20.6143896523848,9.248624046245336,29.50687146321746,254.06581006002443,0,12.8,0.8742299429325994,319.0939291703988,-6.936684370911476,13.166307479846493,,,,,,,,,,
JYOTISTRUC_MINED_BASE_G0_C926,,0,3,3,close_to_close_ema_3_daily_difference_pct >= 0.2529055823789776 AND close_ema_8_daily_slope_pct >= 0.15733448182659485 AND close_to_close_ema_13_daily_difference_pct >= 0.8582022248527891,365,109,256,29.863013698630137,20.6143896523848,9.248624046245336,29.50687146321746,254.06581006002443,0,12.8,0.8742299429325994,319.0939291703988,-6.936684370911476,13.166307479846493,,,,,,,,,,
JYOTISTRUC_MINED_BASE_G0_C927,,0,3,3,close_ema_3_daily_volatility_5_daily >= 1.6353580277228665 AND close_ema_3_daily_slope_pct >= -0.28800660038466785 AND close_ema_8_daily_volatility_5_daily >= 1.1949164066816405,254,91,163,35.826771653543304,20.6143896523848,15.212382001158502,20.53354890864996,253.86875024876244,0,8.15,1.3189467476566332,335.0124739047848,-6.936684370911476,13.166307479846493,,,,,,,,,,
JYOTISTRUC_MINED_BASE_G0_C928,,0,3,3,close_ema_3_daily_volatility_5_daily >= 1.6353580277228665 AND close_to_close_ema_3_daily_difference_pct >= -0.28338672864249204 AND close_ema_8_daily_volatility_5_daily >= 1.1949164066816405,254,91,163,35.826771653543304,20.6143896523848,15.212382001158502,20.53354890864996,253.86875024876244,0,8.15,1.3189467476566332,335.0124739047848,-6.936684370911476,13.166307479846493,,,,,,,,,,
JYOTISTRUC_MINED_BASE_G0_C929,,0,3,3,close_ema_3_daily_volatility_5_daily >= 1.6353580277228665 AND close_to_close_ema_3_daily_difference_pct >= 1.003098168620758 AND close_ema_3_daily_range_5_pct >= 6.513413502927244,202,80,122,39.603960396039604,20.6143896523848,18.989570743654802,16.329830234438155,253.50502778977156,0,6.1000000000000005,1.552391357165854,313.58305414750254,-6.936684370911476,13.166307479846493,,,,,,,,,,
JYOTISTRUC_MINED_BASE_G0_C930,,0,3,3,close_ema_3_daily_volatility_5_daily >= 1.6353580277228665 AND close_ema_3_daily_slope_pct >= 1.0132621830219937 AND close_ema_3_daily_range_5_pct >= 6.513413502927244,202,80,122,39.603960396039604,20.6143896523848,18.989570743654802,16.329830234438155,253.50502778977156,0,6.1000000000000005,1.552391357165854,313.58305414750254,-6.936684370911476,13.166307479846493,,,,,,,,,,
JYOTISTRUC_MINED_BASE_G0_C931,,0,2,2,close_ema_3_daily_slope_pct >= -0.28800660038466785 AND close_ema_13_daily_slope_pct >= 0.145719601926301,413,115,298,27.845036319612593,20.6143896523848,7.230646667227791,33.38722716248989,253.4574958191711,0,14.9,0.7347541610107129,303.4534684974244,-6.936684370911476,13.960394001558718,,,,,,,,,,
JYOTISTRUC_MINED_BASE_G0_C932,,0,2,2,close_to_close_ema_3_daily_difference_pct >= -0.28338672864249204 AND close_ema_13_daily_slope_pct >= 0.145719601926301,413,115,298,27.845036319612593,20.6143896523848,7.230646667227791,33.38722716248989,253.4574958191711,0,14.9,0.7347541610107129,303.4534684974244,-6.936684370911476,13.960394001558718,,,,,,,,,,
JYOTISTRUC_MINED_BASE_G0_C933,,0,3,3,close_ema_3_daily_slope_pct >= -0.28800660038466785 AND close_to_close_ema_3_daily_difference_pct >= -0.28338672864249204 AND close_ema_13_daily_slope_pct >= 0.145719601926301,413,115,298,27.845036319612593,20.6143896523848,7.230646667227791,33.38722716248989,253.4574958191711,0,14.9,0.7347541610107129,303.4534684974244,-6.936684370911476,13.960394001558718,,,,,,,,,,
JYOTISTRUC_MINED_BASE_G0_C934,,0,3,3,close_ema_3_daily_slope_pct >= -0.28800660038466785 AND close_ema_13_daily_slope_pct >= 0.145719601926301 AND close_to_close_ema_13_daily_difference_pct >= 0.8582022248527891,413,115,298,27.845036319612593,20.6143896523848,7.230646667227791,33.38722716248989,253.4574958191711,0,14.9,0.7347541610107129,303.4534684974244,-6.936684370911476,13.960394001558718,,,,,,,,,,
JYOTISTRUC_MINED_BASE_G0_C935,,0,3,3,close_to_close_ema_3_daily_difference_pct >= -0.28338672864249204 AND close_ema_13_daily_slope_pct >= 0.145719601926301 AND close_to_close_ema_13_daily_difference_pct >= 0.8582022248527891,413,115,298,27.845036319612593,20.6143896523848,7.230646667227791,33.38722716248989,253.4574958191711,0,14.9,0.7347541610107129,303.4534684974244,-6.936684370911476,13.960394001558718,,,,,,,,,,
JYOTISTRUC_MINED_BASE_G0_C936,,0,2,2,close_ema_3_daily_range_5_pct >= 5.443470843473113 AND close_ema_3_daily_volatility_5_daily >= 2.6021671971237934,242,89,153,36.77685950413223,20.6143896523848,16.16246985174743,19.56345998383185,253.43034212160805,0,7.65,0.7559976209569615,182.9514242715847,-6.408488993877579,13.166307479846493,,,,,,,,,,
JYOTISTRUC_MINED_BASE_G0_C937,,0,2,2,close_ema_3_daily_slope_pct >= 0.2627015027787666 AND close_ema_13_daily_slope_pct >= 0.145719601926301,367,109,258,29.70027247956403,20.6143896523848,9.08588282717923,29.668552950687143,253.12198455626785,0,12.9,0.8641901401239122,317.1577814254758,-6.936684370911476,13.166307479846493,,,,,,,,,,
JYOTISTRUC_MINED_BASE_G0_C938,,0,2,2,close_to_close_ema_3_daily_difference_pct >= 0.2529055823789776 AND close_ema_13_daily_slope_pct >= 0.145719601926301,367,109,258,29.70027247956403,20.6143896523848,9.08588282717923,29.668552950687143,253.12198455626785,0,12.9,0.8641901401239122,317.1577814254758,-6.936684370911476,13.166307479846493,,,,,,,,,,
JYOTISTRUC_MINED_BASE_G0_C939,,0,3,3,close_ema_3_daily_slope_pct >= -0.28800660038466785 AND close_to_close_ema_3_daily_difference_pct >= 0.2529055823789776 AND close_ema_13_daily_slope_pct >= 0.145719601926301,367,109,258,29.70027247956403,20.6143896523848,9.08588282717923,29.668552950687143,253.12198455626785,0,12.9,0.8641901401239122,317.1577814254758,-6.936684370911476,13.166307479846493,,,,,,,,,,
JYOTISTRUC_MINED_BASE_G0_C940,,0,3,3,close_to_close_ema_3_daily_difference_pct >= -0.28338672864249204 AND close_ema_3_daily_slope_pct >= 0.2627015027787666 AND close_ema_13_daily_slope_pct >= 0.145719601926301,367,109,258,29.70027247956403,20.6143896523848,9.08588282717923,29.668552950687143,253.12198455626785,0,12.9,0.8641901401239122,317.1577814254758,-6.936684370911476,13.166307479846493,,,,,,,,,,
JYOTISTRUC_MINED_BASE_G0_C941,,0,3,3,close_ema_3_daily_slope_pct >= 0.2627015027787666 AND close_to_close_ema_3_daily_difference_pct >= 0.2529055823789776 AND close_ema_13_daily_slope_pct >= 0.145719601926301,367,109,258,29.70027247956403,20.6143896523848,9.08588282717923,29.668552950687143,253.12198455626785,0,12.9,0.8641901401239122,317.1577814254758,-6.936684370911476,13.166307479846493,,,,,,,,,,
JYOTISTRUC_MINED_BASE_G0_C942,,0,3,3,close_ema_3_daily_slope_pct >= 0.2627015027787666 AND close_ema_13_daily_slope_pct >= 0.145719601926301 AND close_to_close_ema_13_daily_difference_pct >= 0.8582022248527891,367,109,258,29.70027247956403,20.6143896523848,9.08588282717923,29.668552950687143,253.12198455626785,0,12.9,0.8641901401239122,317.1577814254758,-6.936684370911476,13.166307479846493,,,,,,,,,,
JYOTISTRUC_MINED_BASE_G0_C943,,0,3,3,close_to_close_ema_3_daily_difference_pct >= 0.2529055823789776 AND close_ema_13_daily_slope_pct >= 0.145719601926301 AND close_to_close_ema_13_daily_difference_pct >= 0.8582022248527891,367,109,258,29.70027247956403,20.6143896523848,9.08588282717923,29.668552950687143,253.12198455626785,0,12.9,0.8641901401239122,317.1577814254758,-6.936684370911476,13.166307479846493,,,,,,,,,,
JYOTISTRUC_MINED_BASE_G0_C944,,0,2,2,close_ema_3_daily_slope_pct >= -0.28800660038466785 AND close_to_close_ema_13_daily_difference_pct >= 0.8582022248527891,414,115,299,27.77777777777778,20.6143896523848,7.163388125392977,33.46806790622473,253.04473860964652,0,14.950000000000001,0.7259326608938789,300.53612161006583,-6.936684370911476,13.960394001558718,,,,,,,,,,
JYOTISTRUC_MINED_BASE_G0_C945,,0,2,2,close_to_close_ema_3_daily_difference_pct >= -0.28338672864249204 AND close_to_close_ema_13_daily_difference_pct >= 0.8582022248527891,414,115,299,27.77777777777778,20.6143896523848,7.163388125392977,33.46806790622473,253.04473860964652,0,14.950000000000001,0.7259326608938789,300.53612161006583,-6.936684370911476,13.960394001558718,,,,,,,,,,
JYOTISTRUC_MINED_BASE_G0_C946,,0,3,3,close_ema_3_daily_slope_pct >= -0.28800660038466785 AND close_to_close_ema_3_daily_difference_pct >= -0.28338672864249204 AND close_to_close_ema_13_daily_difference_pct >= 0.8582022248527891,414,115,299,27.77777777777778,20.6143896523848,7.163388125392977,33.46806790622473,253.04473860964652,0,14.950000000000001,0.7259326608938789,300.53612161006583,-6.936684370911476,13.960394001558718,,,,,,,,,,
JYOTISTRUC_MINED_BASE_G0_C947,,0,3,3,close_ema_3_daily_slope_pct >= -0.28800660038466785 AND close_to_close_ema_8_daily_difference_pct >= 0.5493544276590487 AND close_ema_13_daily_slope_pct >= 0.145719601926301,406,114,292,28.078817733990146,20.6143896523848,7.4644280816053445,32.821341956346004,253.01627391140963,0,14.600000000000001,0.7647111677942966,310.4727341244844,-6.936684370911476,13.960394001558718,,,,,,,,,,
JYOTISTRUC_MINED_BASE_G0_C948,,0,3,3,close_ema_3_daily_slope_pct >= -0.28800660038466785 AND close_ema_8_daily_slope_pct >= 0.15733448182659485 AND close_ema_13_daily_slope_pct >= 0.145719601926301,406,114,292,28.078817733990146,20.6143896523848,7.4644280816053445,32.821341956346004,253.01627391140963,0,14.600000000000001,0.7647111677942966,310.4727341244844,-6.936684370911476,13.960394001558718,,,,,,,,,,
JYOTISTRUC_MINED_BASE_G0_C949,,0,3,3,close_to_close_ema_3_daily_difference_pct >= -0.28338672864249204 AND close_to_close_ema_8_daily_difference_pct >= 0.5493544276590487 AND close_ema_13_daily_slope_pct >= 0.145719601926301,406,114,292,28.078817733990146,20.6143896523848,7.4644280816053445,32.821341956346004,253.01627391140963,0,14.600000000000001,0.7647111677942966,310.4727341244844,-6.936684370911476,13.960394001558718,,,,,,,,,,
JYOTISTRUC_MINED_BASE_G0_C950,,0,3,3,close_to_close_ema_3_daily_difference_pct >= -0.28338672864249204 AND close_ema_8_daily_slope_pct >= 0.15733448182659485 AND close_ema_13_daily_slope_pct >= 0.145719601926301,406,114,292,28.078817733990146,20.6143896523848,7.4644280816053445,32.821341956346004,253.01627391140963,0,14.600000000000001,0.7647111677942966,310.4727341244844,-6.936684370911476,13.960394001558718,,,,,,,,,,
JYOTISTRUC_MINED_BASE_G0_C951,,0,3,3,close_ema_3_daily_range_5_pct >= 5.443470843473113 AND close_to_close_ema_3_daily_difference_pct >= 1.003098168620758 AND close_ema_13_daily_slope_pct >= 0.145719601926301,216,83,133,38.425925925925924,20.6143896523848,17.811536273541122,17.461600646725948,252.80672864800894,0,6.65,1.4663490934344523,316.7314041818417,-6.936684370911476,13.166307479846493,,,,,,,,,,
JYOTISTRUC_MINED_BASE_G0_C952,,0,3,3,close_ema_3_daily_range_5_pct >= 5.443470843473113 AND close_to_close_ema_3_daily_difference_pct >= 1.003098168620758 AND close_to_close_ema_13_daily_difference_pct >= 0.8582022248527891,216,83,133,38.425925925925924,20.6143896523848,17.811536273541122,17.461600646725948,252.80672864800894,0,6.65,1.4663490934344523,316.7314041818417,-6.936684370911476,13.166307479846493,,,,,,,,,,
JYOTISTRUC_MINED_BASE_G0_C953,,0,3,3,close_ema_3_daily_range_5_pct >= 5.443470843473113 AND close_ema_3_daily_slope_pct >= 1.0132621830219937 AND close_ema_13_daily_slope_pct >= 0.145719601926301,216,83,133,38.425925925925924,20.6143896523848,17.811536273541122,17.461600646725948,252.80672864800894,0,6.65,1.4663490934344523,316.7314041818417,-6.936684370911476,13.166307479846493,,,,,,,,,,
JYOTISTRUC_MINED_BASE_G0_C954,,0,3,3,close_ema_3_daily_range_5_pct >= 5.443470843473113 AND close_ema_3_daily_slope_pct >= 1.0132621830219937 AND close_to_close_ema_13_daily_difference_pct >= 0.8582022248527891,216,83,133,38.425925925925924,20.6143896523848,17.811536273541122,17.461600646725948,252.80672864800894,0,6.65,1.4663490934344523,316.7314041818417,-6.936684370911476,13.166307479846493,,,,,,,,,,
JYOTISTRUC_MINED_BASE_G0_C955,,0,3,3,close_ema_3_daily_range_5_pct >= 5.443470843473113 AND close_ema_3_daily_slope_pct >= -0.28800660038466785 AND close_to_close_ema_8_daily_difference_pct >= 0.5493544276590487,266,93,173,34.962406015037594,20.6143896523848,14.348016362652793,21.503637833468066,252.79069210718237,0,8.65,1.233536764639468,328.12077939409846,-6.936684370911476,13.960394001558718,,,,,,,,,,
JYOTISTRUC_MINED_BASE_G0_C956,,0,3,3,close_ema_3_daily_range_5_pct >= 5.443470843473113 AND close_ema_3_daily_slope_pct >= -0.28800660038466785 AND close_ema_8_daily_slope_pct >= 0.15733448182659485,266,93,173,34.962406015037594,20.6143896523848,14.348016362652793,21.503637833468066,252.79069210718237,0,8.65,1.233536764639468,328.12077939409846,-6.936684370911476,13.960394001558718,,,,,,,,,,
JYOTISTRUC_MINED_BASE_G0_C957,,0,3,3,close_ema_3_daily_range_5_pct >= 5.443470843473113 AND close_to_close_ema_3_daily_difference_pct >= -0.28338672864249204 AND close_to_close_ema_8_daily_difference_pct >= 0.5493544276590487,266,93,173,34.962406015037594,20.6143896523848,14.348016362652793,21.503637833468066,252.79069210718237,0,8.65,1.233536764639468,328.12077939409846,-6.936684370911476,13.960394001558718,,,,,,,,,,
JYOTISTRUC_MINED_BASE_G0_C958,,0,3,3,close_ema_3_daily_range_5_pct >= 5.443470843473113 AND close_to_close_ema_3_daily_difference_pct >= -0.28338672864249204 AND close_ema_8_daily_slope_pct >= 0.15733448182659485,266,93,173,34.962406015037594,20.6143896523848,14.348016362652793,21.503637833468066,252.79069210718237,0,8.65,1.233536764639468,328.12077939409846,-6.936684370911476,13.960394001558718,,,,,,,,,,
JYOTISTRUC_MINED_BASE_G0_C959,,0,2,2,close_ema_3_daily_slope_pct >= 0.2627015027787666 AND close_to_close_ema_13_daily_difference_pct >= 0.8582022248527891,368,109,259,29.6195652173913,20.6143896523848,9.0051755650065,29.74939369442199,252.63762049789756,0,12.950000000000001,0.853914224288362,314.2404345381172,-6.936684370911476,13.166307479846493,,,,,,,,,,
JYOTISTRUC_MINED_BASE_G0_C960,,0,2,2,close_to_close_ema_3_daily_difference_pct >= 0.2529055823789776 AND close_to_close_ema_13_daily_difference_pct >= 0.8582022248527891,368,109,259,29.6195652173913,20.6143896523848,9.0051755650065,29.74939369442199,252.63762049789756,0,12.950000000000001,0.853914224288362,314.2404345381172,-6.936684370911476,13.166307479846493,,,,,,,,,,
JYOTISTRUC_MINED_BASE_G0_C961,,0,3,3,close_ema_3_daily_slope_pct >= -0.28800660038466785 AND close_to_close_ema_3_daily_difference_pct >= 0.2529055823789776 AND close_to_close_ema_13_daily_difference_pct >= 0.8582022248527891,368,109,259,29.6195652173913,20.6143896523848,9.0051755650065,29.74939369442199,252.63762049789756,0,12.950000000000001,0.853914224288362,314.2404345381172,-6.936684370911476,13.166307479846493,,,,,,,,,,
JYOTISTRUC_MINED_BASE_G0_C962,,0,3,3,close_to_close_ema_3_daily_difference_pct >= -0.28338672864249204 AND close_ema_3_daily_slope_pct >= 0.2627015027787666 AND close_to_close_ema_13_daily_difference_pct >= 0.8582022248527891,368,109,259,29.6195652173913,20.6143896523848,9.0051755650065,29.74939369442199,252.63762049789756,0,12.950000000000001,0.853914224288362,314.2404345381172,-6.936684370911476,13.166307479846493,,,,,,,,,,
JYOTISTRUC_MINED_BASE_G0_C963,,0,3,3,close_ema_3_daily_slope_pct >= 0.2627015027787666 AND close_to_close_ema_3_daily_difference_pct >= 0.2529055823789776 AND close_to_close_ema_13_daily_difference_pct >= 0.8582022248527891,368,109,259,29.6195652173913,20.6143896523848,9.0051755650065,29.74939369442199,252.63762049789756,0,12.950000000000001,0.853914224288362,314.2404345381172,-6.936684370911476,13.166307479846493,,,,,,,,,,
JYOTISTRUC_MINED_BASE_G0_C964,,0,3,3,close_ema_3_daily_slope_pct >= -0.28800660038466785 AND close_to_close_ema_8_daily_difference_pct >= 0.5493544276590487 AND close_to_close_ema_13_daily_difference_pct >= 0.8582022248527891,407,114,293,28.00982800982801,20.6143896523848,7.395438357443208,32.90218270008084,252.59418481353393,0,14.65,0.7556643421059603,307.55538723712584,-6.936684370911476,13.960394001558718,,,,,,,,,,
JYOTISTRUC_MINED_BASE_G0_C965,,0,3,3,close_ema_3_daily_slope_pct >= -0.28800660038466785 AND close_ema_8_daily_slope_pct >= 0.15733448182659485 AND close_to_close_ema_13_daily_difference_pct >= 0.8582022248527891,407,114,293,28.00982800982801,20.6143896523848,7.395438357443208,32.90218270008084,252.59418481353393,0,14.65,0.7556643421059603,307.55538723712584,-6.936684370911476,13.960394001558718,,,,,,,,,,
JYOTISTRUC_MINED_BASE_G0_C966,,0,3,3,close_to_close_ema_3_daily_difference_pct >= -0.28338672864249204 AND close_to_close_ema_8_daily_difference_pct >= 0.5493544276590487 AND close_to_close_ema_13_daily_difference_pct >= 0.8582022248527891,407,114,293,28.00982800982801,20.6143896523848,7.395438357443208,32.90218270008084,252.59418481353393,0,14.65,0.7556643421059603,307.55538723712584,-6.936684370911476,13.960394001558718,,,,,,,,,,
JYOTISTRUC_MINED_BASE_G0_C967,,0,3,3,close_to_close_ema_3_daily_difference_pct >= -0.28338672864249204 AND close_ema_8_daily_slope_pct >= 0.15733448182659485 AND close_to_close_ema_13_daily_difference_pct >= 0.8582022248527891,407,114,293,28.00982800982801,20.6143896523848,7.395438357443208,32.90218270008084,252.59418481353393,0,14.65,0.7556643421059603,307.55538723712584,-6.936684370911476,13.960394001558718,,,,,,,,,,
JYOTISTRUC_MINED_BASE_G0_C968,,0,3,3,close_ema_3_daily_volatility_5_daily >= 1.836598276929643 AND close_ema_3_daily_range_5_pct >= 6.513413502927244 AND close_ema_8_daily_volatility_5_daily >= 1.1949164066816405,337,105,232,31.15727002967359,20.6143896523848,10.542880377288789,27.243330638641876,252.34691494248196,0,11.600000000000001,0.41083768534600446,138.4522999616035,-9.598066541883696,15.64246482726509,,,,,,,,,,
JYOTISTRUC_MINED_BASE_G0_C969,,0,3,3,close_ema_3_daily_volatility_5_daily >= 1.836598276929643 AND close_to_close_ema_3_daily_difference_pct >= 1.003098168620758 AND close_ema_3_daily_range_5_pct >= 7.56636421937482,155,68,87,43.87096774193549,20.6143896523848,23.256578089550686,12.530315278900567,252.29266404276407,0,4.3500000000000005,1.4532578650035515,225.2549690755505,-6.936684370911476,13.166307479846493,,,,,,,,,,
JYOTISTRUC_MINED_BASE_G0_C970,,0,3,3,close_ema_3_daily_volatility_5_daily >= 1.836598276929643 AND close_ema_3_daily_slope_pct >= 1.0132621830219937 AND close_ema_3_daily_range_5_pct >= 7.56636421937482,155,68,87,43.87096774193549,20.6143896523848,23.256578089550686,12.530315278900567,252.29266404276407,0,4.3500000000000005,1.4532578650035515,225.2549690755505,-6.936684370911476,13.166307479846493,,,,,,,,,,
JYOTISTRUC_MINED_BASE_G0_C971,,0,3,3,close_ema_3_daily_slope_pct >= 1.9352918519347406 AND close_ema_3_daily_volatility_5_daily >= 2.179806971968742 AND close_ema_13_daily_slope_pct >= 0.145719601926301,135,62,73,45.925925925925924,20.6143896523848,25.311536273541122,10.913500404203718,252.27092869110658,0,3.6500000000000004,1.787749107800327,241.34612955304414,-6.408488993877579,13.166307479846493,,,,,,,,,,
JYOTISTRUC_MINED_BASE_G0_C972,,0,3,3,close_ema_3_daily_slope_pct >= 1.9352918519347406 AND close_ema_3_daily_volatility_5_daily >= 2.179806971968742 AND close_to_close_ema_13_daily_difference_pct >= 0.8582022248527891,135,62,73,45.925925925925924,20.6143896523848,25.311536273541122,10.913500404203718,252.27092869110658,0,3.6500000000000004,1.787749107800327,241.34612955304414,-6.408488993877579,13.166307479846493,,,,,,,,,,
JYOTISTRUC_MINED_BASE_G0_C973,,0,3,3,close_to_close_ema_3_daily_difference_pct >= 1.8888435519628795 AND close_ema_3_daily_volatility_5_daily >= 2.179806971968742 AND close_ema_13_daily_slope_pct >= 0.145719601926301,135,62,73,45.925925925925924,20.6143896523848,25.311536273541122,10.913500404203718,252.27092869110658,0,3.6500000000000004,1.787749107800327,241.34612955304414,-6.408488993877579,13.166307479846493,,,,,,,,,,
JYOTISTRUC_MINED_BASE_G0_C974,,0,3,3,close_to_close_ema_3_daily_difference_pct >= 1.8888435519628795 AND close_ema_3_daily_volatility_5_daily >= 2.179806971968742 AND close_to_close_ema_13_daily_difference_pct >= 0.8582022248527891,135,62,73,45.925925925925924,20.6143896523848,25.311536273541122,10.913500404203718,252.27092869110658,0,3.6500000000000004,1.787749107800327,241.34612955304414,-6.408488993877579,13.166307479846493,,,,,,,,,,
JYOTISTRUC_MINED_BASE_G0_C975,,0,3,3,close_ema_3_daily_slope_pct >= 0.2627015027787666 AND close_ema_3_daily_volatility_5_daily >= 2.179806971968742 AND close_ema_8_daily_volatility_5_daily >= 1.1949164066816405,186,76,110,40.86021505376344,20.6143896523848,20.24582540137864,15.036378334680677,252.17056636074767,0,5.5,1.4804797846181632,275.36923993897835,-6.408488993877579,13.166307479846493,,,,,,,,,,
JYOTISTRUC_MINED_BASE_G0_C976,,0,3,3,close_to_close_ema_3_daily_difference_pct >= 0.2529055823789776 AND close_ema_3_daily_volatility_5_daily >= 2.179806971968742 AND close_ema_8_daily_volatility_5_daily >= 1.1949164066816405,186,76,110,40.86021505376344,20.6143896523848,20.24582540137864,15.036378334680677,252.17056636074767,0,5.5,1.4804797846181632,275.36923993897835,-6.408488993877579,13.166307479846493,,,,,,,,,,
JYOTISTRUC_MINED_BASE_G0_C977,,0,2,2,close_ema_3_daily_slope_pct >= 0.2627015027787666 AND close_ema_3_daily_range_5_pct >= 6.513413502927244,232,86,146,37.06896551724138,20.6143896523848,16.45457586485658,18.755052546483427,251.17351295842093,0,7.300000000000001,1.400211211379347,324.8490010400085,-6.936684370911476,13.166307479846493,,,,,,,,,,
JYOTISTRUC_MINED_BASE_G0_C978,,0,2,2,close_to_close_ema_3_daily_difference_pct >= 0.2529055823789776 AND close_ema_3_daily_range_5_pct >= 6.513413502927244,232,86,146,37.06896551724138,20.6143896523848,16.45457586485658,18.755052546483427,251.17351295842093,0,7.300000000000001,1.400211211379347,324.8490010400085,-6.936684370911476,13.166307479846493,,,,,,,,,,
JYOTISTRUC_MINED_BASE_G0_C979,,0,3,3,close_ema_3_daily_slope_pct >= -0.28800660038466785 AND close_to_close_ema_3_daily_difference_pct >= 0.2529055823789776 AND close_ema_3_daily_range_5_pct >= 6.513413502927244,232,86,146,37.06896551724138,20.6143896523848,16.45457586485658,18.755052546483427,251.17351295842093,0,7.300000000000001,1.400211211379347,324.8490010400085,-6.936684370911476,13.166307479846493,,,,,,,,,,
JYOTISTRUC_MINED_BASE_G0_C980,,0,3,3,close_to_close_ema_3_daily_difference_pct >= -0.28338672864249204 AND close_ema_3_daily_slope_pct >= 0.2627015027787666 AND close_ema_3_daily_range_5_pct >= 6.513413502927244,232,86,146,37.06896551724138,20.6143896523848,16.45457586485658,18.755052546483427,251.17351295842093,0,7.300000000000001,1.400211211379347,324.8490010400085,-6.936684370911476,13.166307479846493,,,,,,,,,,
JYOTISTRUC_MINED_BASE_G0_C981,,0,3,3,close_ema_3_daily_slope_pct >= 0.2627015027787666 AND close_to_close_ema_3_daily_difference_pct >= 0.2529055823789776 AND close_ema_3_daily_range_5_pct >= 6.513413502927244,232,86,146,37.06896551724138,20.6143896523848,16.45457586485658,18.755052546483427,251.17351295842093,0,7.300000000000001,1.400211211379347,324.8490010400085,-6.936684370911476,13.166307479846493,,,,,,,,,,
JYOTISTRUC_MINED_BASE_G0_C982,,0,3,3,close_ema_3_daily_slope_pct >= 0.2627015027787666 AND close_ema_3_daily_volatility_5_daily >= 2.179806971968742 AND close_ema_3_daily_range_5_pct >= 6.513413502927244,179,74,105,41.340782122905026,20.6143896523848,20.726392470520224,14.470493128536782,251.1182181486509,0,5.25,1.5787519320165813,282.59659583096806,-6.408488993877579,13.166307479846493,,,,,,,,,,
JYOTISTRUC_MINED_BASE_G0_C983,,0,3,3,close_to_close_ema_3_daily_difference_pct >= 0.2529055823789776 AND close_ema_3_daily_volatility_5_daily >= 2.179806971968742 AND close_ema_3_daily_range_5_pct >= 6.513413502927244,179,74,105,41.340782122905026,20.6143896523848,20.726392470520224,14.470493128536782,251.1182181486509,0,5.25,1.5787519320165813,282.59659583096806,-6.408488993877579,13.166307479846493,,,,,,,,,,
JYOTISTRUC_MINED_BASE_G0_C984,,0,3,3,close_ema_3_daily_range_5_pct >= 5.443470843473113 AND close_ema_3_daily_volatility_5_daily >= 1.6353580277228665 AND close_to_close_ema_8_daily_difference_pct >= 0.5493544276590487,279,95,184,34.05017921146953,20.6143896523848,13.435789559084732,22.55456750202102,250.86773949616156,0,9.200000000000001,0.9629305669126259,268.65762816862264,-6.936684370911476,13.166307479846493,,,,,,,,,,
JYOTISTRUC_MINED_BASE_G0_C985,,0,3,3,close_ema_3_daily_range_5_pct >= 5.443470843473113 AND close_ema_3_daily_slope_pct >= 0.2627015027787666 AND close_to_close_ema_8_daily_difference_pct >= 2.199870988161985,242,88,154,36.36363636363637,20.6143896523848,15.749246711251566,19.56345998383185,250.85717070039112,0,7.7,1.27031238137775,307.4155962934155,-6.936684370911476,13.166307479846493,,,,,,,,,,
JYOTISTRUC_MINED_BASE_G0_C986,,0,3,3,close_ema_3_daily_range_5_pct >= 5.443470843473113 AND close_ema_3_daily_slope_pct >= 0.2627015027787666 AND close_ema_8_daily_slope_pct >= 0.6325101127513095,242,88,154,36.36363636363637,20.6143896523848,15.749246711251566,19.56345998383185,250.85717070039112,0,7.7,1.27031238137775,307.4155962934155,-6.936684370911476,13.166307479846493,,,,,,,,,,
JYOTISTRUC_MINED_BASE_G0_C987,,0,3,3,close_ema_3_daily_range_5_pct >= 5.443470843473113 AND close_to_close_ema_3_daily_difference_pct >= 0.2529055823789776 AND close_to_close_ema_8_daily_difference_pct >= 2.199870988161985,242,88,154,36.36363636363637,20.6143896523848,15.749246711251566,19.56345998383185,250.85717070039112,0,7.7,1.27031238137775,307.4155962934155,-6.936684370911476,13.166307479846493,,,,,,,,,,
JYOTISTRUC_MINED_BASE_G0_C988,,0,3,3,close_ema_3_daily_range_5_pct >= 5.443470843473113 AND close_to_close_ema_3_daily_difference_pct >= 0.2529055823789776 AND close_ema_8_daily_slope_pct >= 0.6325101127513095,242,88,154,36.36363636363637,20.6143896523848,15.749246711251566,19.56345998383185,250.85717070039112,0,7.7,1.27031238137775,307.4155962934155,-6.936684370911476,13.166307479846493,,,,,,,,,,
JYOTISTRUC_MINED_BASE_G0_C989,,0,3,3,close_to_close_ema_3_daily_difference_pct >= 1.003098168620758 AND close_ema_3_daily_volatility_5_daily >= 2.179806971968742 AND close_ema_3_daily_range_5_pct >= 7.56636421937482,146,65,81,44.52054794520548,20.6143896523848,23.906158292820678,11.802748585286984,250.20438833944667,0,4.05,1.5745322917810882,229.8817146000389,-6.408488993877579,13.166307479846493,,,,,,,,,,
JYOTISTRUC_MINED_BASE_G0_C990,,0,3,3,close_ema_3_daily_slope_pct >= 1.0132621830219937 AND close_ema_3_daily_volatility_5_daily >= 2.179806971968742 AND close_ema_3_daily_range_5_pct >= 7.56636421937482,146,65,81,44.52054794520548,20.6143896523848,23.906158292820678,11.802748585286984,250.20438833944667,0,4.05,1.5745322917810882,229.8817146000389,-6.408488993877579,13.166307479846493,,,,,,,,,,
JYOTISTRUC_MINED_BASE_G0_C991,,0,3,3,close_ema_3_daily_volatility_5_daily >= 1.6353580277228665 AND close_ema_3_daily_range_5_pct >= 6.513413502927244 AND close_ema_8_daily_volatility_5_daily >= 1.1949164066816405,363,108,255,29.75206611570248,20.6143896523848,9.137676463317678,29.345189975747775,250.07612381478617,0,12.75,0.3792471660659196,137.66672128192883,-9.598066541883696,15.64246482726509,,,,,,,,,,
JYOTISTRUC_MINED_BASE_G0_C992,,0,2,2,close_ema_3_daily_range_5_pct >= 6.513413502927244 AND close_ema_8_daily_volatility_5_daily >= 1.1949164066816405,371,109,262,29.380053908355798,20.6143896523848,8.765664255970997,29.991915925626518,250.00092075532538,0,13.100000000000001,0.42419982515678445,157.37813513316704,-9.598066541883696,15.64246482726509,,,,,,,,,,
JYOTISTRUC_MINED_BASE_G0_C993,,0,3,3,close_to_close_ema_3_daily_difference_pct >= 1.003098168620758 AND close_ema_3_daily_range_5_pct >= 7.56636421937482 AND close_ema_8_daily_volatility_5_daily >= 1.1949164066816405,143,64,79,44.75524475524475,20.6143896523848,24.140855102859952,11.560226354082458,249.39160606583087,0,3.95,1.545776850510367,221.0460896229825,-6.936684370911476,13.166307479846493,,,,,,,,,,
JYOTISTRUC_MINED_BASE_G0_C994,,0,3,3,close_ema_3_daily_slope_pct >= 1.0132621830219937 AND close_ema_3_daily_range_5_pct >= 7.56636421937482 AND close_ema_8_daily_volatility_5_daily >= 1.1949164066816405,143,64,79,44.75524475524475,20.6143896523848,24.140855102859952,11.560226354082458,249.39160606583087,0,3.95,1.545776850510367,221.0460896229825,-6.936684370911476,13.166307479846493,,,,,,,,,,
JYOTISTRUC_MINED_BASE_G0_C995,,0,3,3,close_ema_3_daily_volatility_5_daily >= 1.6353580277228665 AND close_to_close_ema_3_daily_difference_pct >= 1.003098168620758 AND close_to_close_ema_8_daily_difference_pct >= 0.5493544276590487,245,88,157,35.91836734693877,20.6143896523848,15.303977694553971,19.805982215036376,248.2663381868783,0,7.8500000000000005,1.1988165713694807,293.7100599855228,-6.936684370911476,13.166307479846493,,,,,,,,,,
JYOTISTRUC_MINED_BASE_G0_C996,,0,3,3,close_ema_3_daily_volatility_5_daily >= 1.6353580277228665 AND close_to_close_ema_3_daily_difference_pct >= 1.003098168620758 AND close_ema_8_daily_slope_pct >= 0.15733448182659485,245,88,157,35.91836734693877,20.6143896523848,15.303977694553971,19.805982215036376,248.2663381868783,0,7.8500000000000005,1.1988165713694807,293.7100599855228,-6.936684370911476,13.166307479846493,,,,,,,,,,
JYOTISTRUC_MINED_BASE_G0_C997,,0,3,3,close_ema_3_daily_volatility_5_daily >= 1.6353580277228665 AND close_ema_3_daily_slope_pct >= 1.0132621830219937 AND close_to_close_ema_8_daily_difference_pct >= 0.5493544276590487,245,88,157,35.91836734693877,20.6143896523848,15.303977694553971,19.805982215036376,248.2663381868783,0,7.8500000000000005,1.1988165713694807,293.7100599855228,-6.936684370911476,13.166307479846493,,,,,,,,,,
JYOTISTRUC_MINED_BASE_G0_C998,,0,3,3,close_ema_3_daily_volatility_5_daily >= 1.6353580277228665 AND close_ema_3_daily_slope_pct >= 1.0132621830219937 AND close_ema_8_daily_slope_pct >= 0.15733448182659485,245,88,157,35.91836734693877,20.6143896523848,15.303977694553971,19.805982215036376,248.2663381868783,0,7.8500000000000005,1.1988165713694807,293.7100599855228,-6.936684370911476,13.166307479846493,,,,,,,,,,
JYOTISTRUC_MINED_BASE_G0_C999,,0,3,3,close_ema_3_daily_range_5_pct >= 5.443470843473113 AND close_ema_3_daily_slope_pct >= -0.28800660038466785 AND close_to_close_ema_8_daily_difference_pct >= 2.199870988161985,256,90,166,35.15625,20.6143896523848,14.541860347615199,20.695230396119644,248.00112475259846,0,8.3,1.1972743381741677,306.50223057258694,-6.936684370911476,13.960394001558718,,,,,,,,,,
JYOTISTRUC_MINED_BASE_G0_C1000,,0,3,3,close_ema_3_daily_range_5_pct >= 5.443470843473113 AND close_ema_3_daily_slope_pct >= -0.28800660038466785 AND close_ema_8_daily_slope_pct >= 0.6325101127513095,256,90,166,35.15625,20.6143896523848,14.541860347615199,20.695230396119644,248.00112475259846,0,8.3,1.1972743381741677,306.50223057258694,-6.936684370911476,13.960394001558718,,,,,,,,,,
JYOTISTRUC_MINED_BASE_G0_C1001,,0,3,3,close_ema_3_daily_range_5_pct >= 5.443470843473113 AND close_to_close_ema_3_daily_difference_pct >= -0.28338672864249204 AND close_to_close_ema_8_daily_difference_pct >= 2.199870988161985,256,90,166,35.15625,20.6143896523848,14.541860347615199,20.695230396119644,248.00112475259846,0,8.3,1.1972743381741677,306.50223057258694,-6.936684370911476,13.960394001558718,,,,,,,,,,
JYOTISTRUC_MINED_BASE_G0_C1002,,0,3,3,close_ema_3_daily_range_5_pct >= 5.443470843473113 AND close_to_close_ema_3_daily_difference_pct >= -0.28338672864249204 AND close_ema_8_daily_slope_pct >= 0.6325101127513095,256,90,166,35.15625,20.6143896523848,14.541860347615199,20.695230396119644,248.00112475259846,0,8.3,1.1972743381741677,306.50223057258694,-6.936684370911476,13.960394001558718,,,,,,,,,,
JYOTISTRUC_MINED_BASE_G0_C1003,,0,3,3,close_ema_3_daily_range_5_pct >= 5.443470843473113 AND close_ema_3_daily_volatility_5_daily >= 1.6353580277228665 AND close_ema_8_daily_slope_pct >= 0.15733448182659485,278,94,184,33.81294964028777,20.6143896523848,13.198559987902968,22.473726758286176,247.64284076782366,0,9.200000000000001,0.9500136094362598,264.1037834232802,-6.936684370911476,13.166307479846493,,,,,,,,,,
JYOTISTRUC_MINED_BASE_G0_C1004,,0,3,3,close_ema_3_daily_slope_pct >= -0.28800660038466785 AND close_ema_8_daily_volatility_5_daily >= 1.1949164066816405 AND close_ema_3_daily_volatility_5_daily >= 2.6021671971237934,155,67,88,43.225806451612904,20.6143896523848,22.611416799228103,12.530315278900567,247.60170977546304,0,4.4,1.6482085931075092,255.47233193166392,-6.408488993877579,13.166307479846493,,,,,,,,,,
JYOTISTRUC_MINED_BASE_G0_C1005,,0,3,3,close_to_close_ema_3_daily_difference_pct >= -0.28338672864249204 AND close_ema_8_daily_volatility_5_daily >= 1.1949164066816405 AND close_ema_3_daily_volatility_5_daily >= 2.6021671971237934,155,67,88,43.225806451612904,20.6143896523848,22.611416799228103,12.530315278900567,247.60170977546304,0,4.4,1.6482085931075092,255.47233193166392,-6.408488993877579,13.166307479846493,,,,,,,,,,
JYOTISTRUC_MINED_BASE_G0_C1006,,0,2,2,close_ema_3_daily_range_5_pct >= 5.443470843473113 AND close_to_close_ema_8_daily_difference_pct >= 2.199870988161985,273,93,180,34.065934065934066,20.6143896523848,13.451544413549264,22.069523039611965,247.47009463436837,0,9,1.0707908555406724,292.32590356260357,-6.936684370911476,13.960394001558718,,,,,,,,,,
JYOTISTRUC_MINED_BASE_G0_C1007,,0,2,2,close_ema_3_daily_range_5_pct >= 5.443470843473113 AND close_ema_8_daily_slope_pct >= 0.6325101127513095,273,93,180,34.065934065934066,20.6143896523848,13.451544413549264,22.069523039611965,247.47009463436837,0,9,1.0707908555406724,292.32590356260357,-6.936684370911476,13.960394001558718,,,,,,,,,,
JYOTISTRUC_MINED_BASE_G0_C1008,,0,3,3,close_ema_3_daily_range_5_pct >= 5.443470843473113 AND close_to_close_ema_8_daily_difference_pct >= 0.5493544276590487 AND close_ema_8_daily_slope_pct >= 0.6325101127513095,273,93,180,34.065934065934066,20.6143896523848,13.451544413549264,22.069523039611965,247.47009463436837,0,9,1.0707908555406724,292.32590356260357,-6.936684370911476,13.960394001558718,,,,,,,,,,
JYOTISTRUC_MINED_BASE_G0_C1009,,0,3,3,close_ema_3_daily_range_5_pct >= 5.443470843473113 AND close_ema_8_daily_slope_pct >= 0.15733448182659485 AND close_to_close_ema_8_daily_difference_pct >= 2.199870988161985,273,93,180,34.065934065934066,20.6143896523848,13.451544413549264,22.069523039611965,247.47009463436837,0,9,1.0707908555406724,292.32590356260357,-6.936684370911476,13.960394001558718,,,,,,,,,,
JYOTISTRUC_MINED_BASE_G0_C1010,,0,3,3,close_ema_3_daily_range_5_pct >= 5.443470843473113 AND close_to_close_ema_8_daily_difference_pct >= 2.199870988161985 AND close_ema_8_daily_slope_pct >= 0.6325101127513095,273,93,180,34.065934065934066,20.6143896523848,13.451544413549264,22.069523039611965,247.47009463436837,0,9,1.0707908555406724,292.32590356260357,-6.936684370911476,13.960394001558718,,,,,,,,,,
JYOTISTRUC_MINED_BASE_G0_C1011,,0,2,2,close_ema_3_daily_slope_pct >= 0.2627015027787666 AND close_ema_3_daily_range_5_pct >= 7.56636421937482,178,73,105,41.01123595505618,20.6143896523848,20.396846302671378,14.38965238480194,246.67365874656045,0,5.25,1.313142411067855,233.73934917007819,-6.936684370911476,13.166307479846493,,,,,,,,,,
JYOTISTRUC_MINED_BASE_G0_C1012,,0,2,2,close_to_close_ema_3_daily_difference_pct >= 0.2529055823789776 AND close_ema_3_daily_range_5_pct >= 7.56636421937482,178,73,105,41.01123595505618,20.6143896523848,20.396846302671378,14.38965238480194,246.67365874656045,0,5.25,1.313142411067855,233.73934917007819,-6.936684370911476,13.166307479846493,,,,,,,,,,
JYOTISTRUC_MINED_BASE_G0_C1013,,0,3,3,close_ema_3_daily_volatility_5_daily >= 1.6353580277228665 AND close_ema_3_daily_slope_pct >= 0.2627015027787666 AND close_ema_3_daily_range_5_pct >= 7.56636421937482,178,73,105,41.01123595505618,20.6143896523848,20.396846302671378,14.38965238480194,246.67365874656045,0,5.25,1.313142411067855,233.73934917007819,-6.936684370911476,13.166307479846493,,,,,,,,,,
JYOTISTRUC_MINED_BASE_G0_C1014,,0,3,3,close_ema_3_daily_volatility_5_daily >= 1.6353580277228665 AND close_to_close_ema_3_daily_difference_pct >= 0.2529055823789776 AND close_ema_3_daily_range_5_pct >= 7.56636421937482,178,73,105,41.01123595505618,20.6143896523848,20.396846302671378,14.38965238480194,246.67365874656045,0,5.25,1.313142411067855,233.73934917007819,-6.936684370911476,13.166307479846493,,,,,,,,,,
JYOTISTRUC_MINED_BASE_G0_C1015,,0,3,3,close_ema_3_daily_slope_pct >= -0.28800660038466785 AND close_to_close_ema_3_daily_difference_pct >= 0.2529055823789776 AND close_ema_3_daily_range_5_pct >= 7.56636421937482,178,73,105,41.01123595505618,20.6143896523848,20.396846302671378,14.38965238480194,246.67365874656045,0,5.25,1.313142411067855,233.73934917007819,-6.936684370911476,13.166307479846493,,,,,,,,,,
JYOTISTRUC_MINED_BASE_G0_C1016,,0,3,3,close_to_close_ema_3_daily_difference_pct >= -0.28338672864249204 AND close_ema_3_daily_slope_pct >= 0.2627015027787666 AND close_ema_3_daily_range_5_pct >= 7.56636421937482,178,73,105,41.01123595505618,20.6143896523848,20.396846302671378,14.38965238480194,246.67365874656045,0,5.25,1.313142411067855,233.73934917007819,-6.936684370911476,13.166307479846493,,,,,,,,,,
JYOTISTRUC_MINED_BASE_G0_C1017,,0,3,3,close_ema_3_daily_slope_pct >= 0.2627015027787666 AND close_to_close_ema_3_daily_difference_pct >= 0.2529055823789776 AND close_ema_3_daily_range_5_pct >= 7.56636421937482,178,73,105,41.01123595505618,20.6143896523848,20.396846302671378,14.38965238480194,246.67365874656045,0,5.25,1.313142411067855,233.73934917007819,-6.936684370911476,13.166307479846493,,,,,,,,,,
JYOTISTRUC_MINED_BASE_G0_C1018,,0,3,3,close_ema_3_daily_range_5_pct >= 5.443470843473113 AND close_ema_3_daily_slope_pct >= -0.28800660038466785 AND close_ema_3_daily_volatility_5_daily >= 2.6021671971237934,152,66,86,43.42105263157895,20.6143896523848,22.80666297919415,12.287793047696038,246.59108137848006,0,4.3,1.6192554941697725,246.12683511380544,-6.408488993877579,13.166307479846493,,,,,,,,,,
JYOTISTRUC_MINED_BASE_G0_C1019,,0,3,3,close_ema_3_daily_range_5_pct >= 5.443470843473113 AND close_to_close_ema_3_daily_difference_pct >= -0.28338672864249204 AND close_ema_3_daily_volatility_5_daily >= 2.6021671971237934,152,66,86,43.42105263157895,20.6143896523848,22.80666297919415,12.287793047696038,246.59108137848006,0,4.3,1.6192554941697725,246.12683511380544,-6.408488993877579,13.166307479846493,,,,,,,,,,
JYOTISTRUC_MINED_BASE_G0_C1020,,0,2,2,close_ema_3_daily_volatility_5_daily >= 1.6353580277228665 AND close_to_close_ema_8_daily_difference_pct >= 0.5493544276590487,330,102,228,30.909090909090907,20.6143896523848,10.294701256706105,26.677445432497983,246.43445758164384,0,11.4,0.786983766037775,259.70464279246573,-6.936684370911476,13.166307479846493,,,,,,,,,,
JYOTISTRUC_MINED_BASE_G0_C1021,,0,3,3,close_ema_3_daily_range_5_pct >= 5.443470843473113 AND close_to_close_ema_8_daily_difference_pct >= 0.5493544276590487 AND close_ema_13_daily_slope_pct >= 0.145719601926301,287,95,192,33.10104529616725,20.6143896523848,12.486655643782449,23.20129345189976,245.8202204345965,0,9.600000000000001,0.9956474052280844,285.75080530046023,-6.936684370911476,13.960394001558718,,,,,,,,,,
JYOTISTRUC_MINED_BASE_G0_C1022,,0,3,3,close_ema_3_daily_range_5_pct >= 5.443470843473113 AND close_to_close_ema_8_daily_difference_pct >= 0.5493544276590487 AND close_to_close_ema_13_daily_difference_pct >= 0.8582022248527891,287,95,192,33.10104529616725,20.6143896523848,12.486655643782449,23.20129345189976,245.8202204345965,0,9.600000000000001,0.9956474052280844,285.75080530046023,-6.936684370911476,13.960394001558718,,,,,,,,,,
JYOTISTRUC_MINED_BASE_G0_C1023,,0,3,3,close_ema_3_daily_volatility_5_daily >= 1.836598276929643 AND close_ema_3_daily_slope_pct >= 0.2627015027787666 AND close_ema_3_daily_range_5_pct >= 6.513413502927244,205,79,126,38.53658536585366,20.6143896523848,17.92219571346886,16.572352465642684,245.5282492452544,0,6.300000000000001,1.4057568926367034,288.1801629905242,-6.936684370911476,13.166307479846493,,,,,,,,,,
JYOTISTRUC_MINED_BASE_G0_C1024,,0,3,3,close_ema_3_daily_volatility_5_daily >= 1.836598276929643 AND close_to_close_ema_3_daily_difference_pct >= 0.2529055823789776 AND close_ema_3_daily_range_5_pct >= 6.513413502927244,205,79,126,38.53658536585366,20.6143896523848,17.92219571346886,16.572352465642684,245.5282492452544,0,6.300000000000001,1.4057568926367034,288.1801629905242,-6.936684370911476,13.166307479846493,,,,,,,,,,
JYOTISTRUC_MINED_BASE_G0_C1025,,0,3,3,close_ema_3_daily_volatility_5_daily >= 1.836598276929643 AND close_ema_3_daily_slope_pct >= 0.2627015027787666 AND close_ema_8_daily_volatility_5_daily >= 1.1949164066816405,210,80,130,38.095238095238095,20.6143896523848,17.480848442853294,16.976556184316895,245.12203812324046,0,6.5,1.405931969657998,295.24571362817954,-6.936684370911476,13.166307479846493,,,,,,,,,,
JYOTISTRUC_MINED_BASE_G0_C1026,,0,3,3,close_ema_3_daily_volatility_5_daily >= 1.836598276929643 AND close_to_close_ema_3_daily_difference_pct >= 0.2529055823789776 AND close_ema_8_daily_volatility_5_daily >= 1.1949164066816405,210,80,130,38.095238095238095,20.6143896523848,17.480848442853294,16.976556184316895,245.12203812324046,0,6.5,1.405931969657998,295.24571362817954,-6.936684370911476,13.166307479846493,,,,,,,,,,
JYOTISTRUC_MINED_BASE_G0_C1027,,0,2,2,close_ema_13_daily_slope_pct >= 0.145719601926301 AND close_to_close_ema_8_daily_difference_pct >= 2.199870988161985,362,106,256,29.2817679558011,20.6143896523848,8.6673783034163,29.264349232012936,245.02780139246846,0,12.8,0.8303032917956696,300.5697916300324,-6.936684370911476,13.960394001558718,,,,,,,,,,
JYOTISTRUC_MINED_BASE_G0_C1028,,0,2,2,close_ema_13_daily_slope_pct >= 0.145719601926301 AND close_ema_8_daily_slope_pct >= 0.6325101127513095,362,106,256,29.2817679558011,20.6143896523848,8.6673783034163,29.264349232012936,245.02780139246846,0,12.8,0.8303032917956696,300.5697916300324,-6.936684370911476,13.960394001558718,,,,,,,,,,
JYOTISTRUC_MINED_BASE_G0_C1029,,0,2,2,close_to_close_ema_13_daily_difference_pct >= 0.8582022248527891 AND close_to_close_ema_8_daily_difference_pct >= 2.199870988161985,362,106,256,29.2817679558011,20.6143896523848,8.6673783034163,29.264349232012936,245.02780139246846,0,12.8,0.8303032917956696,300.5697916300324,-6.936684370911476,13.960394001558718,,,,,,,,,,
JYOTISTRUC_MINED_BASE_G0_C1030,,0,2,2,close_to_close_ema_13_daily_difference_pct >= 0.8582022248527891 AND close_ema_8_daily_slope_pct >= 0.6325101127513095,362,106,256,29.2817679558011,20.6143896523848,8.6673783034163,29.264349232012936,245.02780139246846,0,12.8,0.8303032917956696,300.5697916300324,-6.936684370911476,13.960394001558718,,,,,,,,,,
JYOTISTRUC_MINED_BASE_G0_C1031,,0,3,3,close_to_close_ema_8_daily_difference_pct >= 0.5493544276590487 AND close_ema_13_daily_slope_pct >= 0.145719601926301 AND close_ema_8_daily_slope_pct >= 0.6325101127513095,362,106,256,29.2817679558011,20.6143896523848,8.6673783034163,29.264349232012936,245.02780139246846,0,12.8,0.8303032917956696,300.5697916300324,-6.936684370911476,13.960394001558718,,,,,,,,,,
JYOTISTRUC_MINED_BASE_G0_C1032,,0,3,3,close_to_close_ema_8_daily_difference_pct >= 0.5493544276590487 AND close_to_close_ema_13_daily_difference_pct >= 0.8582022248527891 AND close_ema_8_daily_slope_pct >= 0.6325101127513095,362,106,256,29.2817679558011,20.6143896523848,8.6673783034163,29.264349232012936,245.02780139246846,0,12.8,0.8303032917956696,300.5697916300324,-6.936684370911476,13.960394001558718,,,,,,,,,,
JYOTISTRUC_MINED_BASE_G0_C1033,,0,3,3,close_ema_8_daily_slope_pct >= 0.15733448182659485 AND close_ema_13_daily_slope_pct >= 0.145719601926301 AND close_to_close_ema_8_daily_difference_pct >= 2.199870988161985,362,106,256,29.2817679558011,20.6143896523848,8.6673783034163,29.264349232012936,245.02780139246846,0,12.8,0.8303032917956696,300.5697916300324,-6.936684370911476,13.960394001558718,,,,,,,,,,
JYOTISTRUC_MINED_BASE_G0_C1034,,0,3,3,close_ema_8_daily_slope_pct >= 0.15733448182659485 AND close_to_close_ema_13_daily_difference_pct >= 0.8582022248527891 AND close_to_close_ema_8_daily_difference_pct >= 2.199870988161985,362,106,256,29.2817679558011,20.6143896523848,8.6673783034163,29.264349232012936,245.02780139246846,0,12.8,0.8303032917956696,300.5697916300324,-6.936684370911476,13.960394001558718,,,,,,,,,,
JYOTISTRUC_MINED_BASE_G0_C1035,,0,3,3,close_ema_13_daily_slope_pct >= 0.145719601926301 AND close_to_close_ema_13_daily_difference_pct >= 0.8582022248527891 AND close_to_close_ema_8_daily_difference_pct >= 2.199870988161985,362,106,256,29.2817679558011,20.6143896523848,8.6673783034163,29.264349232012936,245.02780139246846,0,12.8,0.8303032917956696,300.5697916300324,-6.936684370911476,13.960394001558718,,,,,,,,,,
JYOTISTRUC_MINED_BASE_G0_C1036,,0,3,3,close_ema_13_daily_slope_pct >= 0.145719601926301 AND close_to_close_ema_13_daily_difference_pct >= 0.8582022248527891 AND close_ema_8_daily_slope_pct >= 0.6325101127513095,362,106,256,29.2817679558011,20.6143896523848,8.6673783034163,29.264349232012936,245.02780139246846,0,12.8,0.8303032917956696,300.5697916300324,-6.936684370911476,13.960394001558718,,,,,,,,,,
JYOTISTRUC_MINED_BASE_G0_C1037,,0,3,3,close_ema_13_daily_slope_pct >= 0.145719601926301 AND close_to_close_ema_8_daily_difference_pct >= 2.199870988161985 AND close_ema_8_daily_slope_pct >= 0.6325101127513095,362,106,256,29.2817679558011,20.6143896523848,8.6673783034163,29.264349232012936,245.02780139246846,0,12.8,0.8303032917956696,300.5697916300324,-6.936684370911476,13.960394001558718,,,,,,,,,,
JYOTISTRUC_MINED_BASE_G0_C1038,,0,3,3,close_to_close_ema_13_daily_difference_pct >= 0.8582022248527891 AND close_to_close_ema_8_daily_difference_pct >= 2.199870988161985 AND close_ema_8_daily_slope_pct >= 0.6325101127513095,362,106,256,29.2817679558011,20.6143896523848,8.6673783034163,29.264349232012936,245.02780139246846,0,12.8,0.8303032917956696,300.5697916300324,-6.936684370911476,13.960394001558718,,,,,,,,,,
JYOTISTRUC_MINED_BASE_G0_C1039,,0,3,3,close_ema_3_daily_volatility_5_daily >= 1.6353580277228665 AND close_to_close_ema_3_daily_difference_pct >= 1.003098168620758 AND close_to_close_ema_8_daily_difference_pct >= 2.199870988161985,234,85,149,36.324786324786324,20.6143896523848,15.710396672401522,18.916734033953112,244.82066996268313,0,7.45,1.2395622002251725,290.0575548526904,-6.936684370911476,13.166307479846493,,,,,,,,,,
JYOTISTRUC_MINED_BASE_G0_C1040,,0,3,3,close_ema_3_daily_volatility_5_daily >= 1.6353580277228665 AND close_to_close_ema_3_daily_difference_pct >= 1.003098168620758 AND close_ema_8_daily_slope_pct >= 0.6325101127513095,234,85,149,36.324786324786324,20.6143896523848,15.710396672401522,18.916734033953112,244.82066996268313,0,7.45,1.2395622002251725,290.0575548526904,-6.936684370911476,13.166307479846493,,,,,,,,,,
JYOTISTRUC_MINED_BASE_G0_C1041,,0,3,3,close_ema_3_daily_volatility_5_daily >= 1.6353580277228665 AND close_ema_3_daily_slope_pct >= 1.0132621830219937 AND close_to_close_ema_8_daily_difference_pct >= 2.199870988161985,234,85,149,36.324786324786324,20.6143896523848,15.710396672401522,18.916734033953112,244.82066996268313,0,7.45,1.2395622002251725,290.0575548526904,-6.936684370911476,13.166307479846493,,,,,,,,,,
JYOTISTRUC_MINED_BASE_G0_C1042,,0,3,3,close_ema_3_daily_volatility_5_daily >= 1.6353580277228665 AND close_ema_3_daily_slope_pct >= 1.0132621830219937 AND close_ema_8_daily_slope_pct >= 0.6325101127513095,234,85,149,36.324786324786324,20.6143896523848,15.710396672401522,18.916734033953112,244.82066996268313,0,7.45,1.2395622002251725,290.0575548526904,-6.936684370911476,13.166307479846493,,,,,,,,,,
JYOTISTRUC_MINED_BASE_G0_C1043,,0,3,3,close_ema_3_daily_slope_pct >= 1.9352918519347406 AND close_ema_13_daily_slope_pct >= 0.145719601926301 AND close_ema_8_daily_volatility_5_daily >= 1.1949164066816405,136,61,75,44.85294117647059,20.6143896523848,24.238551524085786,10.994341147938561,244.60409718100604,0,3.75,1.720446520192376,233.98072674616313,-6.408488993877579,13.166307479846493,,,,,,,,,,
JYOTISTRUC_MINED_BASE_G0_C1044,,0,3,3,close_ema_3_daily_slope_pct >= 1.9352918519347406 AND close_to_close_ema_13_daily_difference_pct >= 0.8582022248527891 AND close_ema_8_daily_volatility_5_daily >= 1.1949164066816405,136,61,75,44.85294117647059,20.6143896523848,24.238551524085786,10.994341147938561,244.60409718100604,0,3.75,1.720446520192376,233.98072674616313,-6.408488993877579,13.166307479846493,,,,,,,,,,
JYOTISTRUC_MINED_BASE_G0_C1045,,0,3,3,close_to_close_ema_3_daily_difference_pct >= 1.8888435519628795 AND close_ema_13_daily_slope_pct >= 0.145719601926301 AND close_ema_8_daily_volatility_5_daily >= 1.1949164066816405,136,61,75,44.85294117647059,20.6143896523848,24.238551524085786,10.994341147938561,244.60409718100604,0,3.75,1.720446520192376,233.98072674616313,-6.408488993877579,13.166307479846493,,,,,,,,,,
JYOTISTRUC_MINED_BASE_G0_C1046,,0,3,3,close_to_close_ema_3_daily_difference_pct >= 1.8888435519628795 AND close_to_close_ema_13_daily_difference_pct >= 0.8582022248527891 AND close_ema_8_daily_volatility_5_daily >= 1.1949164066816405,136,61,75,44.85294117647059,20.6143896523848,24.238551524085786,10.994341147938561,244.60409718100604,0,3.75,1.720446520192376,233.98072674616313,-6.408488993877579,13.166307479846493,,,,,,,,,,
JYOTISTRUC_MINED_BASE_G0_C1047,,0,2,2,close_ema_3_daily_slope_pct >= -0.28800660038466785 AND close_ema_3_daily_volatility_5_daily >= 2.6021671971237934,157,67,90,42.675159235668794,20.6143896523848,22.060769583283992,12.69199676637025,244.53930654660772,0,4.5,1.5784862100625852,247.82233497982588,-6.408488993877579,13.166307479846493,,,,,,,,,,
JYOTISTRUC_MINED_BASE_G0_C1048,,0,2,2,close_to_close_ema_3_daily_difference_pct >= -0.28338672864249204 AND close_ema_3_daily_volatility_5_daily >= 2.6021671971237934,157,67,90,42.675159235668794,20.6143896523848,22.060769583283992,12.69199676637025,244.53930654660772,0,4.5,1.5784862100625852,247.82233497982588,-6.408488993877579,13.166307479846493,,,,,,,,,,
JYOTISTRUC_MINED_BASE_G0_C1049,,0,3,3,close_ema_3_daily_slope_pct >= -0.28800660038466785 AND close_to_close_ema_3_daily_difference_pct >= -0.28338672864249204 AND close_ema_3_daily_volatility_5_daily >= 2.6021671971237934,157,67,90,42.675159235668794,20.6143896523848,22.060769583283992,12.69199676637025,244.53930654660772,0,4.5,1.5784862100625852,247.82233497982588,-6.408488993877579,13.166307479846493,,,,,,,,,,
JYOTISTRUC_MINED_BASE_G0_C1050,,0,2,2,close_ema_3_daily_range_5_pct >= 5.443470843473113 AND close_ema_13_daily_slope_pct >= 0.145719601926301,295,96,199,32.54237288135593,20.6143896523848,11.92798322897113,23.848019401778497,244.42911810087116,0,9.950000000000001,0.913067318671836,269.3548590081916,-6.936684370911476,13.960394001558718,,,,,,,,,,
JYOTISTRUC_MINED_BASE_G0_C1051,,0,2,2,close_ema_3_daily_range_5_pct >= 5.443470843473113 AND close_to_close_ema_13_daily_difference_pct >= 0.8582022248527891,295,96,199,32.54237288135593,20.6143896523848,11.92798322897113,23.848019401778497,244.42911810087116,0,9.950000000000001,0.913067318671836,269.3548590081916,-6.936684370911476,13.960394001558718,,,,,,,,,,
JYOTISTRUC_MINED_BASE_G0_C1052,,0,3,3,close_ema_3_daily_range_5_pct >= 5.443470843473113 AND close_ema_13_daily_slope_pct >= 0.145719601926301 AND close_to_close_ema_13_daily_difference_pct >= 0.8582022248527891,295,96,199,32.54237288135593,20.6143896523848,11.92798322897113,23.848019401778497,244.42911810087116,0,9.950000000000001,0.913067318671836,269.3548590081916,-6.936684370911476,13.960394001558718,,,,,,,,,,
JYOTISTRUC_MINED_BASE_G0_C1053,,0,3,3,close_ema_3_daily_slope_pct >= -0.28800660038466785 AND close_ema_13_daily_slope_pct >= 0.145719601926301 AND close_to_close_ema_8_daily_difference_pct >= 2.199870988161985,343,103,240,30.029154518950435,20.6143896523848,9.414764866565633,27.72837510105093,243.84136324698346,0,12,0.9225129713850992,316.42194918508903,-6.936684370911476,13.960394001558718,,,,,,,,,,
JYOTISTRUC_MINED_BASE_G0_C1054,,0,3,3,close_ema_3_daily_slope_pct >= -0.28800660038466785 AND close_ema_13_daily_slope_pct >= 0.145719601926301 AND close_ema_8_daily_slope_pct >= 0.6325101127513095,343,103,240,30.029154518950435,20.6143896523848,9.414764866565633,27.72837510105093,243.84136324698346,0,12,0.9225129713850992,316.42194918508903,-6.936684370911476,13.960394001558718,,,,,,,,,,
JYOTISTRUC_MINED_BASE_G0_C1055,,0,3,3,close_ema_3_daily_slope_pct >= -0.28800660038466785 AND close_to_close_ema_13_daily_difference_pct >= 0.8582022248527891 AND close_to_close_ema_8_daily_difference_pct >= 2.199870988161985,343,103,240,30.029154518950435,20.6143896523848,9.414764866565633,27.72837510105093,243.84136324698346,0,12,0.9225129713850992,316.42194918508903,-6.936684370911476,13.960394001558718,,,,,,,,,,
JYOTISTRUC_MINED_BASE_G0_C1056,,0,3,3,close_ema_3_daily_slope_pct >= -0.28800660038466785 AND close_to_close_ema_13_daily_difference_pct >= 0.8582022248527891 AND close_ema_8_daily_slope_pct >= 0.6325101127513095,343,103,240,30.029154518950435,20.6143896523848,9.414764866565633,27.72837510105093,243.84136324698346,0,12,0.9225129713850992,316.42194918508903,-6.936684370911476,13.960394001558718,,,,,,,,,,
JYOTISTRUC_MINED_BASE_G0_C1057,,0,3,3,close_to_close_ema_3_daily_difference_pct >= -0.28338672864249204 AND close_ema_13_daily_slope_pct >= 0.145719601926301 AND close_to_close_ema_8_daily_difference_pct >= 2.199870988161985,343,103,240,30.029154518950435,20.6143896523848,9.414764866565633,27.72837510105093,243.84136324698346,0,12,0.9225129713850992,316.42194918508903,-6.936684370911476,13.960394001558718,,,,,,,,,,
JYOTISTRUC_MINED_BASE_G0_C1058,,0,3,3,close_to_close_ema_3_daily_difference_pct >= -0.28338672864249204 AND close_ema_13_daily_slope_pct >= 0.145719601926301 AND close_ema_8_daily_slope_pct >= 0.6325101127513095,343,103,240,30.029154518950435,20.6143896523848,9.414764866565633,27.72837510105093,243.84136324698346,0,12,0.9225129713850992,316.42194918508903,-6.936684370911476,13.960394001558718,,,,,,,,,,
JYOTISTRUC_MINED_BASE_G0_C1059,,0,3,3,close_to_close_ema_3_daily_difference_pct >= -0.28338672864249204 AND close_to_close_ema_13_daily_difference_pct >= 0.8582022248527891 AND close_to_close_ema_8_daily_difference_pct >= 2.199870988161985,343,103,240,30.029154518950435,20.6143896523848,9.414764866565633,27.72837510105093,243.84136324698346,0,12,0.9225129713850992,316.42194918508903,-6.936684370911476,13.960394001558718,,,,,,,,,,
JYOTISTRUC_MINED_BASE_G0_C1060,,0,3,3,close_to_close_ema_3_daily_difference_pct >= -0.28338672864249204 AND close_to_close_ema_13_daily_difference_pct >= 0.8582022248527891 AND close_ema_8_daily_slope_pct >= 0.6325101127513095,343,103,240,30.029154518950435,20.6143896523848,9.414764866565633,27.72837510105093,243.84136324698346,0,12,0.9225129713850992,316.42194918508903,-6.936684370911476,13.960394001558718,,,,,,,,,,
JYOTISTRUC_MINED_BASE_G0_C1061,,0,3,3,close_ema_3_daily_volatility_5_daily >= 1.6353580277228665 AND close_ema_3_daily_slope_pct >= 0.2627015027787666 AND close_ema_3_daily_range_5_pct >= 6.513413502927244,226,83,143,36.72566371681416,20.6143896523848,16.11127406442936,18.270008084074373,243.4629396408944,0,7.15,1.352189772915877,305.5948886789882,-6.936684370911476,13.166307479846493,,,,,,,,,,
JYOTISTRUC_MINED_BASE_G0_C1062,,0,3,3,close_ema_3_daily_volatility_5_daily >= 1.6353580277228665 AND close_to_close_ema_3_daily_difference_pct >= 0.2529055823789776 AND close_ema_3_daily_range_5_pct >= 6.513413502927244,226,83,143,36.72566371681416,20.6143896523848,16.11127406442936,18.270008084074373,243.4629396408944,0,7.15,1.352189772915877,305.5948886789882,-6.936684370911476,13.166307479846493,,,,,,,,,,
JYOTISTRUC_MINED_BASE_G0_C1063,,0,3,3,close_ema_3_daily_range_5_pct >= 6.513413502927244 AND close_ema_8_daily_volatility_5_daily >= 1.1949164066816405 AND close_ema_3_daily_volatility_5_daily >= 2.6021671971237934,234,85,149,36.324786324786324,20.6143896523848,15.710396672401522,18.916734033953112,243.3852084272827,0,7.45,0.7610750217583578,178.09155509145575,-6.408488993877579,13.166307479846493,,,,,,,,,,
JYOTISTRUC_MINED_BASE_G0_C1064,,0,2,2,close_ema_3_daily_volatility_5_daily >= 1.6353580277228665 AND close_ema_8_daily_slope_pct >= 0.15733448182659485,329,101,228,30.69908814589666,20.6143896523848,10.084698493511858,26.596604688763136,243.35009548926558,0,11.4,0.7755343405687637,255.15079804712326,-6.936684370911476,13.166307479846493,,,,,,,,,,
JYOTISTRUC_MINED_BASE_G0_C1065,,0,3,3,close_ema_3_daily_volatility_5_daily >= 1.6353580277228665 AND close_to_close_ema_8_daily_difference_pct >= 0.5493544276590487 AND close_ema_8_daily_slope_pct >= 0.15733448182659485,329,101,228,30.69908814589666,20.6143896523848,10.084698493511858,26.596604688763136,243.35009548926558,0,11.4,0.7755343405687637,255.15079804712326,-6.936684370911476,13.166307479846493,,,,,,,,,,
JYOTISTRUC_MINED_BASE_G0_C1066,,0,3,3,close_ema_3_daily_slope_pct >= 0.2627015027787666 AND close_ema_13_daily_slope_pct >= 0.145719601926301 AND close_to_close_ema_8_daily_difference_pct >= 2.199870988161985,324,100,224,30.864197530864196,20.6143896523848,10.249807878479395,26.192400970088926,243.01251296685092,0,11.200000000000001,0.9878245248179721,320.05514604102297,-6.936684370911476,13.166307479846493,,,,,,,,,,
JYOTISTRUC_MINED_BASE_G0_C1067,,0,3,3,close_ema_3_daily_slope_pct >= 0.2627015027787666 AND close_ema_13_daily_slope_pct >= 0.145719601926301 AND close_ema_8_daily_slope_pct >= 0.6325101127513095,324,100,224,30.864197530864196,20.6143896523848,10.249807878479395,26.192400970088926,243.01251296685092,0,11.200000000000001,0.9878245248179721,320.05514604102297,-6.936684370911476,13.166307479846493,,,,,,,,,,
JYOTISTRUC_MINED_BASE_G0_C1068,,0,3,3,close_ema_3_daily_slope_pct >= 0.2627015027787666 AND close_to_close_ema_13_daily_difference_pct >= 0.8582022248527891 AND close_to_close_ema_8_daily_difference_pct >= 2.199870988161985,324,100,224,30.864197530864196,20.6143896523848,10.249807878479395,26.192400970088926,243.01251296685092,0,11.200000000000001,0.9878245248179721,320.05514604102297,-6.936684370911476,13.166307479846493,,,,,,,,,,
JYOTISTRUC_MINED_BASE_G0_C1069,,0,3,3,close_ema_3_daily_slope_pct >= 0.2627015027787666 AND close_to_close_ema_13_daily_difference_pct >= 0.8582022248527891 AND close_ema_8_daily_slope_pct >= 0.6325101127513095,324,100,224,30.864197530864196,20.6143896523848,10.249807878479395,26.192400970088926,243.01251296685092,0,11.200000000000001,0.9878245248179721,320.05514604102297,-6.936684370911476,13.166307479846493,,,,,,,,,,
JYOTISTRUC_MINED_BASE_G0_C1070,,0,3,3,close_to_close_ema_3_daily_difference_pct >= 0.2529055823789776 AND close_ema_13_daily_slope_pct >= 0.145719601926301 AND close_to_close_ema_8_daily_difference_pct >= 2.199870988161985,324,100,224,30.864197530864196,20.6143896523848,10.249807878479395,26.192400970088926,243.01251296685092,0,11.200000000000001,0.9878245248179721,320.05514604102297,-6.936684370911476,13.166307479846493,,,,,,,,,,
JYOTISTRUC_MINED_BASE_G0_C1071,,0,3,3,close_to_close_ema_3_daily_difference_pct >= 0.2529055823789776 AND close_ema_13_daily_slope_pct >= 0.145719601926301 AND close_ema_8_daily_slope_pct >= 0.6325101127513095,324,100,224,30.864197530864196,20.6143896523848,10.249807878479395,26.192400970088926,243.01251296685092,0,11.200000000000001,0.9878245248179721,320.05514604102297,-6.936684370911476,13.166307479846493,,,,,,,,,,
JYOTISTRUC_MINED_BASE_G0_C1072,,0,3,3,close_to_close_ema_3_daily_difference_pct >= 0.2529055823789776 AND close_to_close_ema_13_daily_difference_pct >= 0.8582022248527891 AND close_to_close_ema_8_daily_difference_pct >= 2.199870988161985,324,100,224,30.864197530864196,20.6143896523848,10.249807878479395,26.192400970088926,243.01251296685092,0,11.200000000000001,0.9878245248179721,320.05514604102297,-6.936684370911476,13.166307479846493,,,,,,,,,,
JYOTISTRUC_MINED_BASE_G0_C1073,,0,3,3,close_to_close_ema_3_daily_difference_pct >= 0.2529055823789776 AND close_to_close_ema_13_daily_difference_pct >= 0.8582022248527891 AND close_ema_8_daily_slope_pct >= 0.6325101127513095,324,100,224,30.864197530864196,20.6143896523848,10.249807878479395,26.192400970088926,243.01251296685092,0,11.200000000000001,0.9878245248179721,320.05514604102297,-6.936684370911476,13.166307479846493,,,,,,,,,,
JYOTISTRUC_MINED_BASE_G0_C1074,,0,3,3,close_ema_3_daily_range_5_pct >= 5.443470843473113 AND close_ema_8_daily_slope_pct >= 0.15733448182659485 AND close_ema_13_daily_slope_pct >= 0.145719601926301,286,94,192,32.86713286713287,20.6143896523848,12.252743214748065,23.120452708164915,242.61333454110172,0,9.600000000000001,0.9832061557871248,281.1969605551177,-6.936684370911476,13.960394001558718,,,,,,,,,,
JYOTISTRUC_MINED_BASE_G0_C1075,,0,3,3,close_ema_3_daily_range_5_pct >= 5.443470843473113 AND close_ema_8_daily_slope_pct >= 0.15733448182659485 AND close_to_close_ema_13_daily_difference_pct >= 0.8582022248527891,286,94,192,32.86713286713287,20.6143896523848,12.252743214748065,23.120452708164915,242.61333454110172,0,9.600000000000001,0.9832061557871248,281.1969605551177,-6.936684370911476,13.960394001558718,,,,,,,,,,
JYOTISTRUC_MINED_BASE_G0_C1076,,0,3,3,close_to_close_ema_3_daily_difference_pct >= 1.003098168620758 AND close_ema_3_daily_volatility_5_daily >= 2.179806971968742 AND close_to_close_ema_8_daily_difference_pct >= 0.5493544276590487,166,69,97,41.566265060240966,20.6143896523848,20.951875407856164,13.419563459983832,242.52441117359464,0,4.8500000000000005,1.5383447114379403,255.36522209869807,-6.408488993877579,13.166307479846493,,,,,,,,,,
JYOTISTRUC_MINED_BASE_G0_C1077,,0,3,3,close_to_close_ema_3_daily_difference_pct >= 1.003098168620758 AND close_ema_3_daily_volatility_5_daily >= 2.179806971968742 AND close_ema_8_daily_slope_pct >= 0.15733448182659485,166,69,97,41.566265060240966,20.6143896523848,20.951875407856164,13.419563459983832,242.52441117359464,0,4.8500000000000005,1.5383447114379403,255.36522209869807,-6.408488993877579,13.166307479846493,,,,,,,,,,
JYOTISTRUC_MINED_BASE_G0_C1078,,0,3,3,close_ema_3_daily_slope_pct >= 1.0132621830219937 AND close_ema_3_daily_volatility_5_daily >= 2.179806971968742 AND close_to_close_ema_8_daily_difference_pct >= 0.5493544276590487,166,69,97,41.566265060240966,20.6143896523848,20.951875407856164,13.419563459983832,242.52441117359464,0,4.8500000000000005,1.5383447114379403,255.36522209869807,-6.408488993877579,13.166307479846493,,,,,,,,,,
JYOTISTRUC_MINED_BASE_G0_C1079,,0,3,3,close_ema_3_daily_slope_pct >= 1.0132621830219937 AND close_ema_3_daily_volatility_5_daily >= 2.179806971968742 AND close_ema_8_daily_slope_pct >= 0.15733448182659485,166,69,97,41.566265060240966,20.6143896523848,20.951875407856164,13.419563459983832,242.52441117359464,0,4.8500000000000005,1.5383447114379403,255.36522209869807,-6.408488993877579,13.166307479846493,,,,,,,,,,
JYOTISTRUC_MINED_BASE_G0_C1080,,0,3,3,close_ema_3_daily_volatility_5_daily >= 1.836598276929643 AND close_to_close_ema_3_daily_difference_pct >= 1.003098168620758 AND close_to_close_ema_8_daily_difference_pct >= 0.5493544276590487,204,78,126,38.23529411764706,20.6143896523848,17.620904465262257,16.49151172190784,241.91817644969674,0,6.300000000000001,1.3712180411284975,279.7284803902135,-6.936684370911476,13.166307479846493,,,,,,,,,,
JYOTISTRUC_MINED_BASE_G0_C1081,,0,3,3,close_ema_3_daily_volatility_5_daily >= 1.836598276929643 AND close_to_close_ema_3_daily_difference_pct >= 1.003098168620758 AND close_ema_8_daily_slope_pct >= 0.15733448182659485,204,78,126,38.23529411764706,20.6143896523848,17.620904465262257,16.49151172190784,241.91817644969674,0,6.300000000000001,1.3712180411284975,279.7284803902135,-6.936684370911476,13.166307479846493,,,,,,,,,,
JYOTISTRUC_MINED_BASE_G0_C1082,,0,3,3,close_ema_3_daily_volatility_5_daily >= 1.836598276929643 AND close_ema_3_daily_slope_pct >= 1.0132621830219937 AND close_to_close_ema_8_daily_difference_pct >= 0.5493544276590487,204,78,126,38.23529411764706,20.6143896523848,17.620904465262257,16.49151172190784,241.91817644969674,0,6.300000000000001,1.3712180411284975,279.7284803902135,-6.936684370911476,13.166307479846493,,,,,,,,,,
JYOTISTRUC_MINED_BASE_G0_C1083,,0,3,3,close_ema_3_daily_volatility_5_daily >= 1.836598276929643 AND close_ema_3_daily_slope_pct >= 1.0132621830219937 AND close_ema_8_daily_slope_pct >= 0.15733448182659485,204,78,126,38.23529411764706,20.6143896523848,17.620904465262257,16.49151172190784,241.91817644969674,0,6.300000000000001,1.3712180411284975,279.7284803902135,-6.936684370911476,13.166307479846493,,,,,,,,,,
JYOTISTRUC_MINED_BASE_G0_C1084,,0,3,3,close_ema_3_daily_range_5_pct >= 5.443470843473113 AND close_ema_3_daily_slope_pct >= -0.28800660038466785 AND close_ema_8_daily_volatility_5_daily >= 1.1949164066816405,238,85,153,35.714285714285715,20.6143896523848,15.099896061900914,19.24009700889248,241.62047487262046,0,7.65,1.2569981877052978,299.1655686738609,-6.936684370911476,13.166307479846493,,,,,,,,,,
JYOTISTRUC_MINED_BASE_G0_C1085,,0,3,3,close_ema_3_daily_range_5_pct >= 5.443470843473113 AND close_to_close_ema_3_daily_difference_pct >= -0.28338672864249204 AND close_ema_8_daily_volatility_5_daily >= 1.1949164066816405,238,85,153,35.714285714285715,20.6143896523848,15.099896061900914,19.24009700889248,241.62047487262046,0,7.65,1.2569981877052978,299.1655686738609,-6.936684370911476,13.166307479846493,,,,,,,,,,
JYOTISTRUC_MINED_BASE_G0_C1086,,0,3,3,close_ema_3_daily_volatility_5_daily >= 1.6353580277228665 AND close_to_close_ema_3_daily_difference_pct >= 1.003098168620758 AND close_ema_8_daily_volatility_5_daily >= 1.1949164066816405,196,76,120,38.775510204081634,20.6143896523848,18.161120551696833,15.844785772029102,241.41804071352863,0,6,1.5374793183481568,301.34594639623873,-6.936684370911476,13.166307479846493,,,,,,,,,,
JYOTISTRUC_MINED_BASE_G0_C1087,,0,3,3,close_ema_3_daily_volatility_5_daily >= 1.6353580277228665 AND close_ema_3_daily_slope_pct >= 1.0132621830219937 AND close_ema_8_daily_volatility_5_daily >= 1.1949164066816405,196,76,120,38.775510204081634,20.6143896523848,18.161120551696833,15.844785772029102,241.41804071352863,0,6,1.5374793183481568,301.34594639623873,-6.936684370911476,13.166307479846493,,,,,,,,,,
JYOTISTRUC_MINED_BASE_G0_C1088,,0,3,3,close_to_close_ema_3_daily_difference_pct >= 1.003098168620758 AND close_ema_3_daily_range_5_pct >= 6.513413502927244 AND close_to_close_ema_8_daily_difference_pct >= 0.5493544276590487,196,76,120,38.775510204081634,20.6143896523848,18.161120551696833,15.844785772029102,241.3505169201344,0,6,1.5149713872167436,296.93439189448173,-6.936684370911476,13.166307479846493,,,,,,,,,,
JYOTISTRUC_MINED_BASE_G0_C1089,,0,3,3,close_to_close_ema_3_daily_difference_pct >= 1.003098168620758 AND close_ema_3_daily_range_5_pct >= 6.513413502927244 AND close_ema_8_daily_slope_pct >= 0.15733448182659485,196,76,120,38.775510204081634,20.6143896523848,18.161120551696833,15.844785772029102,241.3505169201344,0,6,1.5149713872167436,296.93439189448173,-6.936684370911476,13.166307479846493,,,,,,,,,,
JYOTISTRUC_MINED_BASE_G0_C1090,,0,3,3,close_ema_3_daily_slope_pct >= 1.0132621830219937 AND close_ema_3_daily_range_5_pct >= 6.513413502927244 AND close_to_close_ema_8_daily_difference_pct >= 0.5493544276590487,196,76,120,38.775510204081634,20.6143896523848,18.161120551696833,15.844785772029102,241.3505169201344,0,6,1.5149713872167436,296.93439189448173,-6.936684370911476,13.166307479846493,,,,,,,,,,
JYOTISTRUC_MINED_BASE_G0_C1091,,0,3,3,close_ema_3_daily_slope_pct >= 1.0132621830219937 AND close_ema_3_daily_range_5_pct >= 6.513413502927244 AND close_ema_8_daily_slope_pct >= 0.15733448182659485,196,76,120,38.775510204081634,20.6143896523848,18.161120551696833,15.844785772029102,241.3505169201344,0,6,1.5149713872167436,296.93439189448173,-6.936684370911476,13.166307479846493,,,,,,,,,,
JYOTISTRUC_MINED_BASE_G0_C1092,,0,3,3,close_ema_3_daily_slope_pct >= 0.2627015027787666 AND close_ema_3_daily_volatility_5_daily >= 2.179806971968742 AND close_ema_3_daily_range_5_pct >= 7.56636421937482,163,68,95,41.717791411042946,20.6143896523848,21.103401758658144,13.177041228779304,241.1139991850751,0,4.75,1.4489967972614592,236.18647795361787,-6.408488993877579,13.166307479846493,,,,,,,,,,
JYOTISTRUC_MINED_BASE_G0_C1093,,0,3,3,close_to_close_ema_3_daily_difference_pct >= 0.2529055823789776 AND close_ema_3_daily_volatility_5_daily >= 2.179806971968742 AND close_ema_3_daily_range_5_pct >= 7.56636421937482,163,68,95,41.717791411042946,20.6143896523848,21.103401758658144,13.177041228779304,241.1139991850751,0,4.75,1.4489967972614592,236.18647795361787,-6.408488993877579,13.166307479846493,,,,,,,,,,
JYOTISTRUC_MINED_BASE_G0_C1094,,0,3,3,close_ema_3_daily_range_5_pct >= 7.56636421937482 AND close_ema_8_daily_volatility_5_daily >= 1.1949164066816405 AND close_ema_3_daily_volatility_5_daily >= 2.6021671971237934,222,82,140,36.93693693693694,20.6143896523848,16.322547284552137,17.946645109135005,241.02652194628075,0,7,0.8045951745066855,178.62012874048418,-6.408488993877579,13.166307479846493,,,,,,,,,,
JYOTISTRUC_MINED_BASE_G0_C1095,,0,2,2,close_ema_3_daily_range_5_pct >= 6.513413502927244 AND close_ema_3_daily_volatility_5_daily >= 2.6021671971237934,237,85,152,35.86497890295359,20.6143896523848,15.250589250568787,19.15925626515764,240.79988576711446,0,7.6000000000000005,0.7156465047568351,169.60822162736991,-6.408488993877579,13.166307479846493,,,,,,,,,,
JYOTISTRUC_MINED_BASE_G0_C1096,,0,3,3,close_to_close_ema_3_daily_difference_pct >= 1.003098168620758 AND close_ema_3_daily_volatility_5_daily >= 2.179806971968742 AND close_to_close_ema_8_daily_difference_pct >= 2.199870988161985,160,67,93,41.875,20.6143896523848,21.2606103476152,12.934518997574779,240.3933624984917,0,4.65,1.5801035868052435,252.81657388883897,-6.408488993877579,13.166307479846493,,,,,,,,,,
JYOTISTRUC_MINED_BASE_G0_C1097,,0,3,3,close_to_close_ema_3_daily_difference_pct >= 1.003098168620758 AND close_ema_3_daily_volatility_5_daily >= 2.179806971968742 AND close_ema_8_daily_slope_pct >= 0.6325101127513095,160,67,93,41.875,20.6143896523848,21.2606103476152,12.934518997574779,240.3933624984917,0,4.65,1.5801035868052435,252.81657388883897,-6.408488993877579,13.166307479846493,,,,,,,,,,
JYOTISTRUC_MINED_BASE_G0_C1098,,0,3,3,close_ema_3_daily_slope_pct >= 1.0132621830219937 AND close_ema_3_daily_volatility_5_daily >= 2.179806971968742 AND close_to_close_ema_8_daily_difference_pct >= 2.199870988161985,160,67,93,41.875,20.6143896523848,21.2606103476152,12.934518997574779,240.3933624984917,0,4.65,1.5801035868052435,252.81657388883897,-6.408488993877579,13.166307479846493,,,,,,,,,,
JYOTISTRUC_MINED_BASE_G0_C1099,,0,3,3,close_ema_3_daily_slope_pct >= 1.0132621830219937 AND close_ema_3_daily_volatility_5_daily >= 2.179806971968742 AND close_ema_8_daily_slope_pct >= 0.6325101127513095,160,67,93,41.875,20.6143896523848,21.2606103476152,12.934518997574779,240.3933624984917,0,4.65,1.5801035868052435,252.81657388883897,-6.408488993877579,13.166307479846493,,,,,,,,,,
JYOTISTRUC_MINED_BASE_G0_C1100,,0,3,3,close_ema_3_daily_range_5_pct >= 5.443470843473113 AND close_ema_3_daily_volatility_5_daily >= 1.836598276929643 AND close_to_close_ema_8_daily_difference_pct >= 0.5493544276590487,244,86,158,35.24590163934426,20.6143896523848,14.63151198695946,19.725141471301537,240.31726111981098,0,7.9,1.0199003950045689,248.85569638111483,-6.936684370911476,13.166307479846493,,,,,,,,,,
JYOTISTRUC_MINED_BASE_G0_C1101,,0,3,3,close_ema_3_daily_range_5_pct >= 5.443470843473113 AND close_ema_3_daily_volatility_5_daily >= 1.836598276929643 AND close_ema_8_daily_slope_pct >= 0.15733448182659485,244,86,158,35.24590163934426,20.6143896523848,14.63151198695946,19.725141471301537,240.31726111981098,0,7.9,1.0199003950045689,248.85569638111483,-6.936684370911476,13.166307479846493,,,,,,,,,,
JYOTISTRUC_MINED_BASE_G0_C1102,,0,3,3,close_ema_3_daily_slope_pct >= 1.9352918519347406 AND close_ema_3_daily_range_5_pct >= 6.513413502927244 AND close_ema_3_daily_volatility_5_daily >= 2.6021671971237934,113,53,60,46.902654867256636,20.6143896523848,26.288265214871835,9.135004042037187,239.75790441327737,0,3,1.7721927796393937,200.2577840992515,-6.408488993877579,13.166307479846493,,,,,,,,,,
JYOTISTRUC_MINED_BASE_G0_C1103,,0,3,3,close_to_close_ema_3_daily_difference_pct >= 1.8888435519628795 AND close_ema_3_daily_range_5_pct >= 6.513413502927244 AND close_ema_3_daily_volatility_5_daily >= 2.6021671971237934,113,53,60,46.902654867256636,20.6143896523848,26.288265214871835,9.135004042037187,239.75790441327737,0,3,1.7721927796393937,200.2577840992515,-6.408488993877579,13.166307479846493,,,,,,,,,,
JYOTISTRUC_MINED_BASE_G0_C1104,,0,3,3,close_to_close_ema_3_daily_difference_pct >= 1.003098168620758 AND close_to_close_ema_8_daily_difference_pct >= 0.5493544276590487 AND close_ema_3_daily_range_5_pct >= 7.56636421937482,149,64,85,42.95302013422819,20.6143896523848,22.33863048184339,12.045270816491511,239.59227181669883,0,4.25,1.38303980249396,206.07293057160007,-6.936684370911476,13.166307479846493,,,,,,,,,,
JYOTISTRUC_MINED_BASE_G0_C1105,,0,3,3,close_to_close_ema_3_daily_difference_pct >= 1.003098168620758 AND close_ema_8_daily_slope_pct >= 0.15733448182659485 AND close_ema_3_daily_range_5_pct >= 7.56636421937482,149,64,85,42.95302013422819,20.6143896523848,22.33863048184339,12.045270816491511,239.59227181669883,0,4.25,1.38303980249396,206.07293057160007,-6.936684370911476,13.166307479846493,,,,,,,,,,
JYOTISTRUC_MINED_BASE_G0_C1106,,0,3,3,close_ema_3_daily_slope_pct >= 1.0132621830219937 AND close_to_close_ema_8_daily_difference_pct >= 0.5493544276590487 AND close_ema_3_daily_range_5_pct >= 7.56636421937482,149,64,85,42.95302013422819,20.6143896523848,22.33863048184339,12.045270816491511,239.59227181669883,0,4.25,1.38303980249396,206.07293057160007,-6.936684370911476,13.166307479846493,,,,,,,,,,
JYOTISTRUC_MINED_BASE_G0_C1107,,0,3,3,close_ema_3_daily_slope_pct >= 1.0132621830219937 AND close_ema_8_daily_slope_pct >= 0.15733448182659485 AND close_ema_3_daily_range_5_pct >= 7.56636421937482,149,64,85,42.95302013422819,20.6143896523848,22.33863048184339,12.045270816491511,239.59227181669883,0,4.25,1.38303980249396,206.07293057160007,-6.936684370911476,13.166307479846493,,,,,,,,,,
JYOTISTRUC_MINED_BASE_G0_C1108,,0,2,2,close_ema_3_daily_slope_pct >= -0.28800660038466785 AND close_ema_8_daily_volatility_5_daily >= 1.1949164066816405,286,93,193,32.51748251748251,20.6143896523848,11.903092865097712,23.120452708164915,239.5392111649663,0,9.65,1.2245822798259185,350.2305320302127,-6.936684370911476,13.166307479846493,,,,,,,,,,
JYOTISTRUC_MINED_BASE_G0_C1109,,0,2,2,close_to_close_ema_3_daily_difference_pct >= -0.28338672864249204 AND close_ema_8_daily_volatility_5_daily >= 1.1949164066816405,286,93,193,32.51748251748251,20.6143896523848,11.903092865097712,23.120452708164915,239.5392111649663,0,9.65,1.2245822798259185,350.2305320302127,-6.936684370911476,13.166307479846493,,,,,,,,,,
JYOTISTRUC_MINED_BASE_G0_C1110,,0,3,3,close_ema_3_daily_slope_pct >= -0.28800660038466785 AND close_to_close_ema_3_daily_difference_pct >= -0.28338672864249204 AND close_ema_8_daily_volatility_5_daily >= 1.1949164066816405,286,93,193,32.51748251748251,20.6143896523848,11.903092865097712,23.120452708164915,239.5392111649663,0,9.65,1.2245822798259185,350.2305320302127,-6.936684370911476,13.166307479846493,,,,,,,,,,
JYOTISTRUC_MINED_BASE_G0_C1111,,0,3,3,close_ema_3_daily_volatility_5_daily >= 1.836598276929643 AND close_ema_3_daily_slope_pct >= 0.2627015027787666 AND close_ema_3_daily_range_5_pct >= 7.56636421937482,176,71,105,40.340909090909086,20.6143896523848,19.726519438524285,14.227970897332257,239.2001791826448,0,5.25,1.272527330007788,223.96481008137067,-6.936684370911476,13.166307479846493,,,,,,,,,,
JYOTISTRUC_MINED_BASE_G0_C1112,,0,3,3,close_ema_3_daily_volatility_5_daily >= 1.836598276929643 AND close_to_close_ema_3_daily_difference_pct >= 0.2529055823789776 AND close_ema_3_daily_range_5_pct >= 7.56636421937482,176,71,105,40.340909090909086,20.6143896523848,19.726519438524285,14.227970897332257,239.2001791826448,0,5.25,1.272527330007788,223.96481008137067,-6.936684370911476,13.166307479846493,,,,,,,,,,
JYOTISTRUC_MINED_BASE_G0_C1113,,0,3,3,close_to_close_ema_3_daily_difference_pct >= 1.003098168620758 AND close_ema_3_daily_range_5_pct >= 6.513413502927244 AND close_to_close_ema_8_daily_difference_pct >= 2.199870988161985,194,75,119,38.659793814432994,20.6143896523848,18.045404162048193,15.683104284559418,238.7745449623952,0,5.95,1.4991747173847427,290.83989517264007,-6.936684370911476,13.166307479846493,,,,,,,,,,
JYOTISTRUC_MINED_BASE_G0_C1114,,0,3,3,close_to_close_ema_3_daily_difference_pct >= 1.003098168620758 AND close_ema_3_daily_range_5_pct >= 6.513413502927244 AND close_ema_8_daily_slope_pct >= 0.6325101127513095,194,75,119,38.659793814432994,20.6143896523848,18.045404162048193,15.683104284559418,238.7745449623952,0,5.95,1.4991747173847427,290.83989517264007,-6.936684370911476,13.166307479846493,,,,,,,,,,
JYOTISTRUC_MINED_BASE_G0_C1115,,0,3,3,close_ema_3_daily_slope_pct >= 1.0132621830219937 AND close_ema_3_daily_range_5_pct >= 6.513413502927244 AND close_to_close_ema_8_daily_difference_pct >= 2.199870988161985,194,75,119,38.659793814432994,20.6143896523848,18.045404162048193,15.683104284559418,238.7745449623952,0,5.95,1.4991747173847427,290.83989517264007,-6.936684370911476,13.166307479846493,,,,,,,,,,
JYOTISTRUC_MINED_BASE_G0_C1116,,0,3,3,close_ema_3_daily_slope_pct >= 1.0132621830219937 AND close_ema_3_daily_range_5_pct >= 6.513413502927244 AND close_ema_8_daily_slope_pct >= 0.6325101127513095,194,75,119,38.659793814432994,20.6143896523848,18.045404162048193,15.683104284559418,238.7745449623952,0,5.95,1.4991747173847427,290.83989517264007,-6.936684370911476,13.166307479846493,,,,,,,,,,
JYOTISTRUC_MINED_BASE_G0_C1117,,0,3,3,close_to_close_ema_3_daily_difference_pct >= 1.003098168620758 AND close_ema_3_daily_range_5_pct >= 7.56636421937482 AND close_ema_13_daily_slope_pct >= 0.145719601926301,146,63,83,43.15068493150685,20.6143896523848,22.53629527912205,11.802748585286984,238.74215157216608,0,4.15,1.4035583921852817,204.9195252590511,-6.936684370911476,13.166307479846493,,,,,,,,,,
JYOTISTRUC_MINED_BASE_G0_C1118,,0,3,3,close_to_close_ema_3_daily_difference_pct >= 1.003098168620758 AND close_ema_3_daily_range_5_pct >= 7.56636421937482 AND close_to_close_ema_13_daily_difference_pct >= 0.8582022248527891,146,63,83,43.15068493150685,20.6143896523848,22.53629527912205,11.802748585286984,238.74215157216608,0,4.15,1.4035583921852817,204.9195252590511,-6.936684370911476,13.166307479846493,,,,,,,,,,
JYOTISTRUC_MINED_BASE_G0_C1119,,0,3,3,close_ema_3_daily_slope_pct >= 1.0132621830219937 AND close_ema_3_daily_range_5_pct >= 7.56636421937482 AND close_ema_13_daily_slope_pct >= 0.145719601926301,146,63,83,43.15068493150685,20.6143896523848,22.53629527912205,11.802748585286984,238.74215157216608,0,4.15,1.4035583921852817,204.9195252590511,-6.936684370911476,13.166307479846493,,,,,,,,,,
JYOTISTRUC_MINED_BASE_G0_C1120,,0,3,3,close_ema_3_daily_slope_pct >= 1.0132621830219937 AND close_ema_3_daily_range_5_pct >= 7.56636421937482 AND close_to_close_ema_13_daily_difference_pct >= 0.8582022248527891,146,63,83,43.15068493150685,20.6143896523848,22.53629527912205,11.802748585286984,238.74215157216608,0,4.15,1.4035583921852817,204.9195252590511,-6.936684370911476,13.166307479846493,,,,,,,,,,
JYOTISTRUC_MINED_BASE_G0_C1121,,0,2,2,close_ema_3_daily_range_5_pct >= 7.56636421937482 AND close_ema_3_daily_volatility_5_daily >= 2.6021671971237934,225,82,143,36.44444444444444,20.6143896523848,15.830054792059641,18.189167340339534,238.2687645639835,0,7.15,0.7561635345617704,170.13679527639835,-6.408488993877579,13.166307479846493,,,,,,,,,,
JYOTISTRUC_MINED_BASE_G0_C1122,,0,3,3,close_ema_3_daily_volatility_5_daily >= 1.6353580277228665 AND close_ema_3_daily_slope_pct >= 0.2627015027787666 AND close_to_close_ema_8_daily_difference_pct >= 0.5493544276590487,270,90,180,33.33333333333333,20.6143896523848,12.718943680948527,21.827000808407437,237.78677457718385,0,9,1.0640187241470698,287.28505551970886,-6.936684370911476,13.166307479846493,,,,,,,,,,
JYOTISTRUC_MINED_BASE_G0_C1123,,0,3,3,close_ema_3_daily_volatility_5_daily >= 1.6353580277228665 AND close_ema_3_daily_slope_pct >= 0.2627015027787666 AND close_ema_8_daily_slope_pct >= 0.15733448182659485,270,90,180,33.33333333333333,20.6143896523848,12.718943680948527,21.827000808407437,237.78677457718385,0,9,1.0640187241470698,287.28505551970886,-6.936684370911476,13.166307479846493,,,,,,,,,,
JYOTISTRUC_MINED_BASE_G0_C1124,,0,3,3,close_ema_3_daily_volatility_5_daily >= 1.6353580277228665 AND close_to_close_ema_3_daily_difference_pct >= 0.2529055823789776 AND close_to_close_ema_8_daily_difference_pct >= 0.5493544276590487,270,90,180,33.33333333333333,20.6143896523848,12.718943680948527,21.827000808407437,237.78677457718385,0,9,1.0640187241470698,287.28505551970886,-6.936684370911476,13.166307479846493,,,,,,,,,,
JYOTISTRUC_MINED_BASE_G0_C1125,,0,3,3,close_ema_3_daily_volatility_5_daily >= 1.6353580277228665 AND close_to_close_ema_3_daily_difference_pct >= 0.2529055823789776 AND close_ema_8_daily_slope_pct >= 0.15733448182659485,270,90,180,33.33333333333333,20.6143896523848,12.718943680948527,21.827000808407437,237.78677457718385,0,9,1.0640187241470698,287.28505551970886,-6.936684370911476,13.166307479846493,,,,,,,,,,
JYOTISTRUC_MINED_BASE_G0_C1126,,0,3,3,close_ema_3_daily_volatility_5_daily >= 1.836598276929643 AND close_to_close_ema_3_daily_difference_pct >= 1.003098168620758 AND close_to_close_ema_8_daily_difference_pct >= 2.199870988161985,195,75,120,38.46153846153847,20.6143896523848,17.847148809153666,15.76394502829426,237.45259396530244,0,6,1.405616639844697,274.0952447697159,-6.936684370911476,13.166307479846493,,,,,,,,,,
JYOTISTRUC_MINED_BASE_G0_C1127,,0,3,3,close_ema_3_daily_volatility_5_daily >= 1.836598276929643 AND close_to_close_ema_3_daily_difference_pct >= 1.003098168620758 AND close_ema_8_daily_slope_pct >= 0.6325101127513095,195,75,120,38.46153846153847,20.6143896523848,17.847148809153666,15.76394502829426,237.45259396530244,0,6,1.405616639844697,274.0952447697159,-6.936684370911476,13.166307479846493,,,,,,,,,,
JYOTISTRUC_MINED_BASE_G0_C1128,,0,3,3,close_ema_3_daily_volatility_5_daily >= 1.836598276929643 AND close_ema_3_daily_slope_pct >= 1.0132621830219937 AND close_to_close_ema_8_daily_difference_pct >= 2.199870988161985,195,75,120,38.46153846153847,20.6143896523848,17.847148809153666,15.76394502829426,237.45259396530244,0,6,1.405616639844697,274.0952447697159,-6.936684370911476,13.166307479846493,,,,,,,,,,
JYOTISTRUC_MINED_BASE_G0_C1129,,0,3,3,close_ema_3_daily_volatility_5_daily >= 1.836598276929643 AND close_ema_3_daily_slope_pct >= 1.0132621830219937 AND close_ema_8_daily_slope_pct >= 0.6325101127513095,195,75,120,38.46153846153847,20.6143896523848,17.847148809153666,15.76394502829426,237.45259396530244,0,6,1.405616639844697,274.0952447697159,-6.936684370911476,13.166307479846493,,,,,,,,,,
JYOTISTRUC_MINED_BASE_G0_C1130,,0,3,3,close_to_close_ema_3_daily_difference_pct >= 1.003098168620758 AND close_ema_3_daily_range_5_pct >= 6.513413502927244 AND close_ema_13_daily_slope_pct >= 0.145719601926301,191,74,117,38.7434554973822,20.6143896523848,18.1290658449974,15.44058205335489,237.2900769033459,0,5.8500000000000005,1.4982492261196323,286.1656021888498,-6.936684370911476,13.166307479846493,,,,,,,,,,
JYOTISTRUC_MINED_BASE_G0_C1131,,0,3,3,close_to_close_ema_3_daily_difference_pct >= 1.003098168620758 AND close_ema_3_daily_range_5_pct >= 6.513413502927244 AND close_to_close_ema_13_daily_difference_pct >= 0.8582022248527891,191,74,117,38.7434554973822,20.6143896523848,18.1290658449974,15.44058205335489,237.2900769033459,0,5.8500000000000005,1.4982492261196323,286.1656021888498,-6.936684370911476,13.166307479846493,,,,,,,,,,
JYOTISTRUC_MINED_BASE_G0_C1132,,0,3,3,close_ema_3_daily_slope_pct >= 1.0132621830219937 AND close_ema_3_daily_range_5_pct >= 6.513413502927244 AND close_ema_13_daily_slope_pct >= 0.145719601926301,191,74,117,38.7434554973822,20.6143896523848,18.1290658449974,15.44058205335489,237.2900769033459,0,5.8500000000000005,1.4982492261196323,286.1656021888498,-6.936684370911476,13.166307479846493,,,,,,,,,,
JYOTISTRUC_MINED_BASE_G0_C1133,,0,3,3,close_ema_3_daily_slope_pct >= 1.0132621830219937 AND close_ema_3_daily_range_5_pct >= 6.513413502927244 AND close_to_close_ema_13_daily_difference_pct >= 0.8582022248527891,191,74,117,38.7434554973822,20.6143896523848,18.1290658449974,15.44058205335489,237.2900769033459,0,5.8500000000000005,1.4982492261196323,286.1656021888498,-6.936684370911476,13.166307479846493,,,,,,,,,,
JYOTISTRUC_MINED_BASE_G0_C1134,,0,3,3,close_ema_3_daily_range_5_pct >= 5.443470843473113 AND close_to_close_ema_3_daily_difference_pct >= 1.003098168620758 AND close_ema_8_daily_volatility_5_daily >= 1.1949164066816405,187,73,114,39.037433155080215,20.6143896523848,18.423043502695414,15.117219078415523,237.12429895716846,0,5.7,1.5696938145637955,293.53274332342977,-6.936684370911476,13.166307479846493,,,,,,,,,,
JYOTISTRUC_MINED_BASE_G0_C1135,,0,3,3,close_ema_3_daily_range_5_pct >= 5.443470843473113 AND close_ema_3_daily_slope_pct >= 1.0132621830219937 AND close_ema_8_daily_volatility_5_daily >= 1.1949164066816405,187,73,114,39.037433155080215,20.6143896523848,18.423043502695414,15.117219078415523,237.12429895716846,0,5.7,1.5696938145637955,293.53274332342977,-6.936684370911476,13.166307479846493,,,,,,,,,,
JYOTISTRUC_MINED_BASE_G0_C1136,,0,3,3,close_ema_3_daily_range_5_pct >= 5.443470843473113 AND close_ema_3_daily_volatility_5_daily >= 2.179806971968742 AND close_to_close_ema_8_daily_difference_pct >= 0.5493544276590487,204,77,127,37.745098039215684,20.6143896523848,17.130708386830882,16.49151172190784,237.00668735992255,0,6.3500000000000005,1.2343818085893739,251.81388895223228,-6.408488993877579,13.166307479846493,,,,,,,,,,
JYOTISTRUC_MINED_BASE_G0_C1137,,0,3,3,close_ema_3_daily_range_5_pct >= 5.443470843473113 AND close_ema_3_daily_volatility_5_daily >= 2.179806971968742 AND close_ema_8_daily_slope_pct >= 0.15733448182659485,204,77,127,37.745098039215684,20.6143896523848,17.130708386830882,16.49151172190784,237.00668735992255,0,6.3500000000000005,1.2343818085893739,251.81388895223228,-6.408488993877579,13.166307479846493,,,,,,,,,,
JYOTISTRUC_MINED_BASE_G0_C1138,,0,3,3,close_ema_3_daily_volatility_5_daily >= 1.6353580277228665 AND close_ema_3_daily_slope_pct >= -0.28800660038466785 AND close_to_close_ema_8_daily_difference_pct >= 0.5493544276590487,290,93,197,32.068965517241374,20.6143896523848,11.454575864856572,23.443815683104287,236.20510228384362,0,9.850000000000001,0.9274076531869208,268.948219424207,-6.936684370911476,13.166307479846493,,,,,,,,,,
JYOTISTRUC_MINED_BASE_G0_C1139,,0,3,3,close_ema_3_daily_volatility_5_daily >= 1.6353580277228665 AND close_ema_3_daily_slope_pct >= -0.28800660038466785 AND close_ema_8_daily_slope_pct >= 0.15733448182659485,290,93,197,32.068965517241374,20.6143896523848,11.454575864856572,23.443815683104287,236.20510228384362,0,9.850000000000001,0.9274076531869208,268.948219424207,-6.936684370911476,13.166307479846493,,,,,,,,,,
JYOTISTRUC_MINED_BASE_G0_C1140,,0,3,3,close_ema_3_daily_volatility_5_daily >= 1.6353580277228665 AND close_to_close_ema_3_daily_difference_pct >= -0.28338672864249204 AND close_to_close_ema_8_daily_difference_pct >= 0.5493544276590487,290,93,197,32.068965517241374,20.6143896523848,11.454575864856572,23.443815683104287,236.20510228384362,0,9.850000000000001,0.9274076531869208,268.948219424207,-6.936684370911476,13.166307479846493,,,,,,,,,,
JYOTISTRUC_MINED_BASE_G0_C1141,,0,3,3,close_ema_3_daily_volatility_5_daily >= 1.6353580277228665 AND close_to_close_ema_3_daily_difference_pct >= -0.28338672864249204 AND close_ema_8_daily_slope_pct >= 0.15733448182659485,290,93,197,32.068965517241374,20.6143896523848,11.454575864856572,23.443815683104287,236.20510228384362,0,9.850000000000001,0.9274076531869208,268.948219424207,-6.936684370911476,13.166307479846493,,,,,,,,,,
JYOTISTRUC_MINED_BASE_G0_C1142,,0,3,3,close_ema_3_daily_slope_pct >= -0.28800660038466785 AND close_ema_3_daily_range_5_pct >= 6.513413502927244 AND close_ema_8_daily_volatility_5_daily >= 1.1949164066816405,215,79,136,36.74418604651163,20.6143896523848,16.129796394126828,17.38075990299111,235.9121555940466,0,6.800000000000001,1.3543912078041553,291.1941096778934,-6.936684370911476,13.166307479846493,,,,,,,,,,
JYOTISTRUC_MINED_BASE_G0_C1143,,0,3,3,close_to_close_ema_3_daily_difference_pct >= -0.28338672864249204 AND close_ema_3_daily_range_5_pct >= 6.513413502927244 AND close_ema_8_daily_volatility_5_daily >= 1.1949164066816405,215,79,136,36.74418604651163,20.6143896523848,16.129796394126828,17.38075990299111,235.9121555940466,0,6.800000000000001,1.3543912078041553,291.1941096778934,-6.936684370911476,13.166307479846493,,,,,,,,,,
JYOTISTRUC_MINED_BASE_G0_C1144,,0,3,3,close_ema_3_daily_slope_pct >= 0.2627015027787666 AND close_ema_3_daily_range_5_pct >= 7.56636421937482 AND close_ema_8_daily_volatility_5_daily >= 1.1949164066816405,163,67,96,41.104294478527606,20.6143896523848,20.489904826142805,13.177041228779304,235.77978467080126,0,4.800000000000001,1.376753513362414,224.4108226780735,-6.936684370911476,13.166307479846493,,,,,,,,,,
JYOTISTRUC_MINED_BASE_G0_C1145,,0,3,3,close_to_close_ema_3_daily_difference_pct >= 0.2529055823789776 AND close_ema_3_daily_range_5_pct >= 7.56636421937482 AND close_ema_8_daily_volatility_5_daily >= 1.1949164066816405,163,67,96,41.104294478527606,20.6143896523848,20.489904826142805,13.177041228779304,235.77978467080126,0,4.800000000000001,1.376753513362414,224.4108226780735,-6.936684370911476,13.166307479846493,,,,,,,,,,
JYOTISTRUC_MINED_BASE_G0_C1146,,0,3,3,close_to_close_ema_3_daily_difference_pct >= 1.003098168620758 AND close_ema_3_daily_range_5_pct >= 7.56636421937482 AND close_to_close_ema_8_daily_difference_pct >= 2.199870988161985,148,63,85,42.567567567567565,20.6143896523848,21.953177915182764,11.96443007275667,235.59335379441535,0,4.25,1.359154739500502,201.1549014460743,-6.936684370911476,13.166307479846493,,,,,,,,,,
JYOTISTRUC_MINED_BASE_G0_C1147,,0,3,3,close_to_close_ema_3_daily_difference_pct >= 1.003098168620758 AND close_ema_3_daily_range_5_pct >= 7.56636421937482 AND close_ema_8_daily_slope_pct >= 0.6325101127513095,148,63,85,42.567567567567565,20.6143896523848,21.953177915182764,11.96443007275667,235.59335379441535,0,4.25,1.359154739500502,201.1549014460743,-6.936684370911476,13.166307479846493,,,,,,,,,,
JYOTISTRUC_MINED_BASE_G0_C1148,,0,3,3,close_ema_3_daily_slope_pct >= 1.0132621830219937 AND close_ema_3_daily_range_5_pct >= 7.56636421937482 AND close_to_close_ema_8_daily_difference_pct >= 2.199870988161985,148,63,85,42.567567567567565,20.6143896523848,21.953177915182764,11.96443007275667,235.59335379441535,0,4.25,1.359154739500502,201.1549014460743,-6.936684370911476,13.166307479846493,,,,,,,,,,
JYOTISTRUC_MINED_BASE_G0_C1149,,0,3,3,close_ema_3_daily_slope_pct >= 1.0132621830219937 AND close_ema_3_daily_range_5_pct >= 7.56636421937482 AND close_ema_8_daily_slope_pct >= 0.6325101127513095,148,63,85,42.567567567567565,20.6143896523848,21.953177915182764,11.96443007275667,235.59335379441535,0,4.25,1.359154739500502,201.1549014460743,-6.936684370911476,13.166307479846493,,,,,,,,,,
JYOTISTRUC_MINED_BASE_G0_C1150,,0,3,3,close_ema_3_daily_slope_pct >= 1.9352918519347406 AND close_ema_3_daily_range_5_pct >= 7.56636421937482 AND close_ema_3_daily_volatility_5_daily >= 2.6021671971237934,109,51,58,46.788990825688074,20.6143896523848,26.174601173303273,8.811641067097817,235.0425957358254,0,2.9000000000000004,1.68986328976968,184.1950985848951,-6.408488993877579,13.166307479846493,,,,,,,,,,
JYOTISTRUC_MINED_BASE_G0_C1151,,0,3,3,close_to_close_ema_3_daily_difference_pct >= 1.8888435519628795 AND close_ema_3_daily_range_5_pct >= 7.56636421937482 AND close_ema_3_daily_volatility_5_daily >= 2.6021671971237934,109,51,58,46.788990825688074,20.6143896523848,26.174601173303273,8.811641067097817,235.0425957358254,0,2.9000000000000004,1.68986328976968,184.1950985848951,-6.408488993877579,13.166307479846493,,,,,,,,,,
JYOTISTRUC_MINED_BASE_G0_C1152,,0,3,3,close_ema_3_daily_volatility_5_daily >= 1.6353580277228665 AND close_ema_3_daily_slope_pct >= 0.2627015027787666 AND close_to_close_ema_8_daily_difference_pct >= 2.199870988161985,258,87,171,33.72093023255814,20.6143896523848,13.106540580173338,20.85691188358933,234.13707764989633,0,8.55,1.051458249676546,271.2762284165489,-6.936684370911476,13.166307479846493,,,,,,,,,,
JYOTISTRUC_MINED_BASE_G0_C1153,,0,3,3,close_ema_3_daily_volatility_5_daily >= 1.6353580277228665 AND close_ema_3_daily_slope_pct >= 0.2627015027787666 AND close_ema_8_daily_slope_pct >= 0.6325101127513095,258,87,171,33.72093023255814,20.6143896523848,13.106540580173338,20.85691188358933,234.13707764989633,0,8.55,1.051458249676546,271.2762284165489,-6.936684370911476,13.166307479846493,,,,,,,,,,
JYOTISTRUC_MINED_BASE_G0_C1154,,0,3,3,close_ema_3_daily_volatility_5_daily >= 1.6353580277228665 AND close_to_close_ema_3_daily_difference_pct >= 0.2529055823789776 AND close_to_close_ema_8_daily_difference_pct >= 2.199870988161985,258,87,171,33.72093023255814,20.6143896523848,13.106540580173338,20.85691188358933,234.13707764989633,0,8.55,1.051458249676546,271.2762284165489,-6.936684370911476,13.166307479846493,,,,,,,,,,
JYOTISTRUC_MINED_BASE_G0_C1155,,0,3,3,close_ema_3_daily_volatility_5_daily >= 1.6353580277228665 AND close_to_close_ema_3_daily_difference_pct >= 0.2529055823789776 AND close_ema_8_daily_slope_pct >= 0.6325101127513095,258,87,171,33.72093023255814,20.6143896523848,13.106540580173338,20.85691188358933,234.13707764989633,0,8.55,1.051458249676546,271.2762284165489,-6.936684370911476,13.166307479846493,,,,,,,,,,
JYOTISTRUC_MINED_BASE_G0_C1156,,0,3,3,close_ema_3_daily_range_5_pct >= 5.443470843473113 AND close_ema_3_daily_slope_pct >= 0.2627015027787666 AND close_ema_13_daily_slope_pct >= 0.145719601926301,237,83,154,35.0210970464135,20.6143896523848,14.4067073940287,19.15925626515764,233.86225646348805,0,7.7,1.1762398311148474,278.76883997421885,-6.936684370911476,13.166307479846493,,,,,,,,,,
JYOTISTRUC_MINED_BASE_G0_C1157,,0,3,3,close_ema_3_daily_range_5_pct >= 5.443470843473113 AND close_ema_3_daily_slope_pct >= 0.2627015027787666 AND close_to_close_ema_13_daily_difference_pct >= 0.8582022248527891,237,83,154,35.0210970464135,20.6143896523848,14.4067073940287,19.15925626515764,233.86225646348805,0,7.7,1.1762398311148474,278.76883997421885,-6.936684370911476,13.166307479846493,,,,,,,,,,
JYOTISTRUC_MINED_BASE_G0_C1158,,0,3,3,close_ema_3_daily_range_5_pct >= 5.443470843473113 AND close_to_close_ema_3_daily_difference_pct >= 0.2529055823789776 AND close_ema_13_daily_slope_pct >= 0.145719601926301,237,83,154,35.0210970464135,20.6143896523848,14.4067073940287,19.15925626515764,233.86225646348805,0,7.7,1.1762398311148474,278.76883997421885,-6.936684370911476,13.166307479846493,,,,,,,,,,
JYOTISTRUC_MINED_BASE_G0_C1159,,0,3,3,close_ema_3_daily_range_5_pct >= 5.443470843473113 AND close_to_close_ema_3_daily_difference_pct >= 0.2529055823789776 AND close_to_close_ema_13_daily_difference_pct >= 0.8582022248527891,237,83,154,35.0210970464135,20.6143896523848,14.4067073940287,19.15925626515764,233.86225646348805,0,7.7,1.1762398311148474,278.76883997421885,-6.936684370911476,13.166307479846493,,,,,,,,,,
JYOTISTRUC_MINED_BASE_G0_C1160,,0,3,3,close_to_close_ema_3_daily_difference_pct >= 1.003098168620758 AND close_ema_8_daily_volatility_5_daily >= 1.1949164066816405 AND close_ema_3_daily_volatility_5_daily >= 2.6021671971237934,132,58,74,43.93939393939394,20.6143896523848,23.325004287009136,10.670978172999192,233.70710454058064,0,3.7,1.5940277018449878,210.41165664353838,-6.408488993877579,13.166307479846493,,,,,,,,,,
JYOTISTRUC_MINED_BASE_G0_C1161,,0,3,3,close_ema_3_daily_slope_pct >= 1.0132621830219937 AND close_ema_8_daily_volatility_5_daily >= 1.1949164066816405 AND close_ema_3_daily_volatility_5_daily >= 2.6021671971237934,132,58,74,43.93939393939394,20.6143896523848,23.325004287009136,10.670978172999192,233.70710454058064,0,3.7,1.5940277018449878,210.41165664353838,-6.408488993877579,13.166307479846493,,,,,,,,,,
JYOTISTRUC_MINED_BASE_G0_C1162,,0,2,2,close_ema_3_daily_volatility_5_daily >= 1.836598276929643 AND close_to_close_ema_8_daily_difference_pct >= 0.5493544276590487,276,90,186,32.608695652173914,20.6143896523848,11.994305999789113,22.31204527081649,233.326683462866,0,9.3,0.8850511546401448,244.27411868067998,-6.936684370911476,13.166307479846493,,,,,,,,,,
JYOTISTRUC_MINED_BASE_G0_C1163,,0,2,2,close_ema_3_daily_volatility_5_daily >= 1.836598276929643 AND close_ema_8_daily_slope_pct >= 0.15733448182659485,276,90,186,32.608695652173914,20.6143896523848,11.994305999789113,22.31204527081649,233.326683462866,0,9.3,0.8850511546401448,244.27411868067998,-6.936684370911476,13.166307479846493,,,,,,,,,,
JYOTISTRUC_MINED_BASE_G0_C1164,,0,3,3,close_ema_3_daily_volatility_5_daily >= 1.836598276929643 AND close_to_close_ema_8_daily_difference_pct >= 0.5493544276590487 AND close_ema_8_daily_slope_pct >= 0.15733448182659485,276,90,186,32.608695652173914,20.6143896523848,11.994305999789113,22.31204527081649,233.326683462866,0,9.3,0.8850511546401448,244.27411868067998,-6.936684370911476,13.166307479846493,,,,,,,,,,
JYOTISTRUC_MINED_BASE_G0_C1165,,0,3,3,close_ema_3_daily_range_5_pct >= 5.443470843473113 AND close_to_close_ema_3_daily_difference_pct >= 1.003098168620758 AND close_ema_3_daily_volatility_5_daily >= 2.6021671971237934,129,57,72,44.18604651162791,20.6143896523848,23.571656859243106,10.428455941794665,233.10895587298137,0,3.6,1.616890525588618,208.5788778009317,-6.408488993877579,13.166307479846493,,,,,,,,,,
JYOTISTRUC_MINED_BASE_G0_C1166,,0,3,3,close_ema_3_daily_range_5_pct >= 5.443470843473113 AND close_ema_3_daily_slope_pct >= 1.0132621830219937 AND close_ema_3_daily_volatility_5_daily >= 2.6021671971237934,129,57,72,44.18604651162791,20.6143896523848,23.571656859243106,10.428455941794665,233.10895587298137,0,3.6,1.616890525588618,208.5788778009317,-6.408488993877579,13.166307479846493,,,,,,,,,,
JYOTISTRUC_MINED_BASE_G0_C1167,,0,2,2,close_ema_3_daily_range_5_pct >= 6.513413502927244 AND close_to_close_ema_8_daily_difference_pct >= 0.5493544276590487,249,85,164,34.13654618473896,20.6143896523848,13.52215653235416,20.129345189975748,232.51989507943082,0,8.200000000000001,1.0363708058866719,258.0563306657813,-6.936684370911476,13.166307479846493,,,,,,,,,,
JYOTISTRUC_MINED_BASE_G0_C1168,,0,2,2,close_ema_3_daily_range_5_pct >= 6.513413502927244 AND close_ema_8_daily_slope_pct >= 0.15733448182659485,249,85,164,34.13654618473896,20.6143896523848,13.52215653235416,20.129345189975748,232.51989507943082,0,8.200000000000001,1.0363708058866719,258.0563306657813,-6.936684370911476,13.166307479846493,,,,,,,,,,
JYOTISTRUC_MINED_BASE_G0_C1169,,0,3,3,close_ema_3_daily_range_5_pct >= 6.513413502927244 AND close_to_close_ema_8_daily_difference_pct >= 0.5493544276590487 AND close_ema_8_daily_slope_pct >= 0.15733448182659485,249,85,164,34.13654618473896,20.6143896523848,13.52215653235416,20.129345189975748,232.51989507943082,0,8.200000000000001,1.0363708058866719,258.0563306657813,-6.936684370911476,13.166307479846493,,,,,,,,,,
JYOTISTRUC_MINED_BASE_G0_C1170,,0,3,3,close_ema_3_daily_volatility_5_daily >= 1.6353580277228665 AND close_ema_3_daily_slope_pct >= 0.2627015027787666 AND close_ema_8_daily_volatility_5_daily >= 1.1949164066816405,229,81,148,35.37117903930131,20.6143896523848,14.756789386916509,18.512530315278898,232.39796783866194,0,7.4,1.3380069680264595,306.4035956780592,-6.936684370911476,13.166307479846493,,,,,,,,,,
JYOTISTRUC_MINED_BASE_G0_C1171,,0,3,3,close_ema_3_daily_volatility_5_daily >= 1.6353580277228665 AND close_to_close_ema_3_daily_difference_pct >= 0.2529055823789776 AND close_ema_8_daily_volatility_5_daily >= 1.1949164066816405,229,81,148,35.37117903930131,20.6143896523848,14.756789386916509,18.512530315278898,232.39796783866194,0,7.4,1.3380069680264595,306.4035956780592,-6.936684370911476,13.166307479846493,,,,,,,,,,
JYOTISTRUC_MINED_BASE_G0_C1172,,0,3,3,close_ema_3_daily_volatility_5_daily >= 1.6353580277228665 AND close_ema_3_daily_slope_pct >= -0.28800660038466785 AND close_to_close_ema_8_daily_difference_pct >= 2.199870988161985,272,89,183,32.720588235294116,20.6143896523848,12.106198582909315,21.988682295877123,232.14659179155188,0,9.15,0.9218662923351042,250.74763151514836,-6.936684370911476,13.166307479846493,,,,,,,,,,
JYOTISTRUC_MINED_BASE_G0_C1173,,0,3,3,close_ema_3_daily_volatility_5_daily >= 1.6353580277228665 AND close_ema_3_daily_slope_pct >= -0.28800660038466785 AND close_ema_8_daily_slope_pct >= 0.6325101127513095,272,89,183,32.720588235294116,20.6143896523848,12.106198582909315,21.988682295877123,232.14659179155188,0,9.15,0.9218662923351042,250.74763151514836,-6.936684370911476,13.166307479846493,,,,,,,,,,
JYOTISTRUC_MINED_BASE_G0_C1174,,0,3,3,close_ema_3_daily_volatility_5_daily >= 1.6353580277228665 AND close_to_close_ema_3_daily_difference_pct >= -0.28338672864249204 AND close_to_close_ema_8_daily_difference_pct >= 2.199870988161985,272,89,183,32.720588235294116,20.6143896523848,12.106198582909315,21.988682295877123,232.14659179155188,0,9.15,0.9218662923351042,250.74763151514836,-6.936684370911476,13.166307479846493,,,,,,,,,,
JYOTISTRUC_MINED_BASE_G0_C1175,,0,3,3,close_ema_3_daily_volatility_5_daily >= 1.6353580277228665 AND close_to_close_ema_3_daily_difference_pct >= -0.28338672864249204 AND close_ema_8_daily_slope_pct >= 0.6325101127513095,272,89,183,32.720588235294116,20.6143896523848,12.106198582909315,21.988682295877123,232.14659179155188,0,9.15,0.9218662923351042,250.74763151514836,-6.936684370911476,13.166307479846493,,,,,,,,,,
JYOTISTRUC_MINED_BASE_G0_C1176,,0,3,3,close_ema_3_daily_range_5_pct >= 5.443470843473113 AND close_ema_3_daily_volatility_5_daily >= 1.6353580277228665 AND close_to_close_ema_8_daily_difference_pct >= 2.199870988161985,255,86,169,33.72549019607843,20.6143896523848,13.111100543693631,20.6143896523848,231.93232362267014,0,8.450000000000001,0.9422736347339943,240.27977685716854,-6.936684370911476,13.166307479846493,,,,,,,,,,
JYOTISTRUC_MINED_BASE_G0_C1177,,0,3,3,close_ema_3_daily_range_5_pct >= 5.443470843473113 AND close_ema_3_daily_volatility_5_daily >= 1.6353580277228665 AND close_ema_8_daily_slope_pct >= 0.6325101127513095,255,86,169,33.72549019607843,20.6143896523848,13.111100543693631,20.6143896523848,231.93232362267014,0,8.450000000000001,0.9422736347339943,240.27977685716854,-6.936684370911476,13.166307479846493,,,,,,,,,,
JYOTISTRUC_MINED_BASE_G0_C1178,,0,2,2,close_to_close_ema_3_daily_difference_pct >= 1.003098168620758 AND close_ema_3_daily_volatility_5_daily >= 2.6021671971237934,133,58,75,43.609022556390975,20.6143896523848,22.994632904006174,10.751818916734033,231.9041472419175,0,3.75,1.560327573962211,207.52356733697405,-6.408488993877579,13.166307479846493,,,,,,,,,,
JYOTISTRUC_MINED_BASE_G0_C1179,,0,2,2,close_ema_3_daily_slope_pct >= 1.0132621830219937 AND close_ema_3_daily_volatility_5_daily >= 2.6021671971237934,133,58,75,43.609022556390975,20.6143896523848,22.994632904006174,10.751818916734033,231.9041472419175,0,3.75,1.560327573962211,207.52356733697405,-6.408488993877579,13.166307479846493,,,,,,,,,,
JYOTISTRUC_MINED_BASE_G0_C1180,,0,3,3,close_ema_3_daily_slope_pct >= -0.28800660038466785 AND close_to_close_ema_3_daily_difference_pct >= 1.003098168620758 AND close_ema_3_daily_volatility_5_daily >= 2.6021671971237934,133,58,75,43.609022556390975,20.6143896523848,22.994632904006174,10.751818916734033,231.9041472419175,0,3.75,1.560327573962211,207.52356733697405,-6.408488993877579,13.166307479846493,,,,,,,,,,
JYOTISTRUC_MINED_BASE_G0_C1181,,0,3,3,close_to_close_ema_3_daily_difference_pct >= -0.28338672864249204 AND close_ema_3_daily_slope_pct >= 1.0132621830219937 AND close_ema_3_daily_volatility_5_daily >= 2.6021671971237934,133,58,75,43.609022556390975,20.6143896523848,22.994632904006174,10.751818916734033,231.9041472419175,0,3.75,1.560327573962211,207.52356733697405,-6.408488993877579,13.166307479846493,,,,,,,,,,
JYOTISTRUC_MINED_BASE_G0_C1182,,0,3,3,close_to_close_ema_3_daily_difference_pct >= 1.003098168620758 AND close_ema_3_daily_slope_pct >= 1.0132621830219937 AND close_ema_3_daily_volatility_5_daily >= 2.6021671971237934,133,58,75,43.609022556390975,20.6143896523848,22.994632904006174,10.751818916734033,231.9041472419175,0,3.75,1.560327573962211,207.52356733697405,-6.408488993877579,13.166307479846493,,,,,,,,,,
JYOTISTRUC_MINED_BASE_G0_C1183,,0,3,3,close_to_close_ema_3_daily_difference_pct >= 1.003098168620758 AND close_ema_3_daily_slope_pct >= 0.2627015027787666 AND close_ema_3_daily_volatility_5_daily >= 2.6021671971237934,133,58,75,43.609022556390975,20.6143896523848,22.994632904006174,10.751818916734033,231.9041472419175,0,3.75,1.560327573962211,207.52356733697405,-6.408488993877579,13.166307479846493,,,,,,,,,,
JYOTISTRUC_MINED_BASE_G0_C1184,,0,3,3,close_ema_3_daily_slope_pct >= 1.0132621830219937 AND close_to_close_ema_3_daily_difference_pct >= 0.2529055823789776 AND close_ema_3_daily_volatility_5_daily >= 2.6021671971237934,133,58,75,43.609022556390975,20.6143896523848,22.994632904006174,10.751818916734033,231.9041472419175,0,3.75,1.560327573962211,207.52356733697405,-6.408488993877579,13.166307479846493,,,,,,,,,,
JYOTISTRUC_MINED_BASE_G0_C1185,,0,2,2,close_ema_3_daily_volatility_5_daily >= 2.179806971968742 AND close_to_close_ema_8_daily_difference_pct >= 0.5493544276590487,219,79,140,36.07305936073059,20.6143896523848,15.458669708345788,17.704122877930477,231.58894167417455,0,7,1.0985310441485416,240.5782986685306,-6.408488993877579,13.166307479846493,,,,,,,,,,
JYOTISTRUC_MINED_BASE_G0_C1186,,0,2,2,close_ema_3_daily_volatility_5_daily >= 2.179806971968742 AND close_ema_8_daily_slope_pct >= 0.15733448182659485,219,79,140,36.07305936073059,20.6143896523848,15.458669708345788,17.704122877930477,231.58894167417455,0,7,1.0985310441485416,240.5782986685306,-6.408488993877579,13.166307479846493,,,,,,,,,,
JYOTISTRUC_MINED_BASE_G0_C1187,,0,3,3,close_ema_3_daily_volatility_5_daily >= 2.179806971968742 AND close_to_close_ema_8_daily_difference_pct >= 0.5493544276590487 AND close_ema_8_daily_slope_pct >= 0.15733448182659485,219,79,140,36.07305936073059,20.6143896523848,15.458669708345788,17.704122877930477,231.58894167417455,0,7,1.0985310441485416,240.5782986685306,-6.408488993877579,13.166307479846493,,,,,,,,,,
JYOTISTRUC_MINED_BASE_G0_C1188,,0,2,2,close_ema_3_daily_volatility_5_daily >= 1.6353580277228665 AND close_to_close_ema_8_daily_difference_pct >= 2.199870988161985,291,92,199,31.615120274914087,20.6143896523848,11.000730622529286,23.524656426839126,231.47525593697728,0,9.950000000000001,0.8072009414436147,234.89547396009186,-6.936684370911476,13.166307479846493,,,,,,,,,,
JYOTISTRUC_MINED_BASE_G0_C1189,,0,2,2,close_ema_3_daily_volatility_5_daily >= 1.6353580277228665 AND close_ema_8_daily_slope_pct >= 0.6325101127513095,291,92,199,31.615120274914087,20.6143896523848,11.000730622529286,23.524656426839126,231.47525593697728,0,9.950000000000001,0.8072009414436147,234.89547396009186,-6.936684370911476,13.166307479846493,,,,,,,,,,
JYOTISTRUC_MINED_BASE_G0_C1190,,0,3,3,close_ema_3_daily_volatility_5_daily >= 1.6353580277228665 AND close_to_close_ema_8_daily_difference_pct >= 0.5493544276590487 AND close_ema_8_daily_slope_pct >= 0.6325101127513095,291,92,199,31.615120274914087,20.6143896523848,11.000730622529286,23.524656426839126,231.47525593697728,0,9.950000000000001,0.8072009414436147,234.89547396009186,-6.936684370911476,13.166307479846493,,,,,,,,,,
JYOTISTRUC_MINED_BASE_G0_C1191,,0,3,3,close_ema_3_daily_volatility_5_daily >= 1.6353580277228665 AND close_ema_8_daily_slope_pct >= 0.15733448182659485 AND close_to_close_ema_8_daily_difference_pct >= 2.199870988161985,291,92,199,31.615120274914087,20.6143896523848,11.000730622529286,23.524656426839126,231.47525593697728,0,9.950000000000001,0.8072009414436147,234.89547396009186,-6.936684370911476,13.166307479846493,,,,,,,,,,
JYOTISTRUC_MINED_BASE_G0_C1192,,0,3,3,close_ema_3_daily_volatility_5_daily >= 1.6353580277228665 AND close_to_close_ema_8_daily_difference_pct >= 2.199870988161985 AND close_ema_8_daily_slope_pct >= 0.6325101127513095,291,92,199,31.615120274914087,20.6143896523848,11.000730622529286,23.524656426839126,231.47525593697728,0,9.950000000000001,0.8072009414436147,234.89547396009186,-6.936684370911476,13.166307479846493,,,,,,,,,,
JYOTISTRUC_MINED_BASE_G0_C1193,,0,3,3,close_ema_3_daily_slope_pct >= -0.28800660038466785 AND close_ema_3_daily_range_5_pct >= 6.513413502927244 AND close_ema_3_daily_volatility_5_daily >= 2.6021671971237934,148,62,86,41.891891891891895,20.6143896523848,21.277502239507093,11.96443007275667,230.71063380220738,0,4.3,1.5410408682239707,228.07404849714766,-6.408488993877579,13.166307479846493,,,,,,,,,,
JYOTISTRUC_MINED_BASE_G0_C1194,,0,3,3,close_to_close_ema_3_daily_difference_pct >= -0.28338672864249204 AND close_ema_3_daily_range_5_pct >= 6.513413502927244 AND close_ema_3_daily_volatility_5_daily >= 2.6021671971237934,148,62,86,41.891891891891895,20.6143896523848,21.277502239507093,11.96443007275667,230.71063380220738,0,4.3,1.5410408682239707,228.07404849714766,-6.408488993877579,13.166307479846493,,,,,,,,,,
JYOTISTRUC_MINED_BASE_G0_C1195,,0,3,3,close_ema_3_daily_range_5_pct >= 5.443470843473113 AND close_ema_13_daily_slope_pct >= 0.145719601926301 AND close_to_close_ema_8_daily_difference_pct >= 2.199870988161985,264,87,177,32.95454545454545,20.6143896523848,12.340155802160652,21.341956345998383,229.8417214389773,0,8.85,0.9969808093913399,263.20293367931373,-6.936684370911476,13.960394001558718,,,,,,,,,,
JYOTISTRUC_MINED_BASE_G0_C1196,,0,3,3,close_ema_3_daily_range_5_pct >= 5.443470843473113 AND close_ema_13_daily_slope_pct >= 0.145719601926301 AND close_ema_8_daily_slope_pct >= 0.6325101127513095,264,87,177,32.95454545454545,20.6143896523848,12.340155802160652,21.341956345998383,229.8417214389773,0,8.85,0.9969808093913399,263.20293367931373,-6.936684370911476,13.960394001558718,,,,,,,,,,
JYOTISTRUC_MINED_BASE_G0_C1197,,0,3,3,close_ema_3_daily_range_5_pct >= 5.443470843473113 AND close_to_close_ema_13_daily_difference_pct >= 0.8582022248527891 AND close_to_close_ema_8_daily_difference_pct >= 2.199870988161985,264,87,177,32.95454545454545,20.6143896523848,12.340155802160652,21.341956345998383,229.8417214389773,0,8.85,0.9969808093913399,263.20293367931373,-6.936684370911476,13.960394001558718,,,,,,,,,,
JYOTISTRUC_MINED_BASE_G0_C1198,,0,3,3,close_ema_3_daily_range_5_pct >= 5.443470843473113 AND close_to_close_ema_13_daily_difference_pct >= 0.8582022248527891 AND close_ema_8_daily_slope_pct >= 0.6325101127513095,264,87,177,32.95454545454545,20.6143896523848,12.340155802160652,21.341956345998383,229.8417214389773,0,8.85,0.9969808093913399,263.20293367931373,-6.936684370911476,13.960394001558718,,,,,,,,,,
JYOTISTRUC_MINED_BASE_G0_C1199,,0,3,3,close_ema_3_daily_volatility_5_daily >= 1.836598276929643 AND close_ema_3_daily_slope_pct >= 0.2627015027787666 AND close_to_close_ema_8_daily_difference_pct >= 0.5493544276590487,227,80,147,35.24229074889868,20.6143896523848,14.627901096513881,18.350848827809216,229.46027968009744,0,7.3500000000000005,1.223591399176015,277.75524761295543,-6.936684370911476,13.166307479846493,,,,,,,,,,
JYOTISTRUC_MINED_BASE_G0_C1200,,0,3,3,close_ema_3_daily_volatility_5_daily >= 1.836598276929643 AND close_ema_3_daily_slope_pct >= 0.2627015027787666 AND close_ema_8_daily_slope_pct >= 0.15733448182659485,227,80,147,35.24229074889868,20.6143896523848,14.627901096513881,18.350848827809216,229.46027968009744,0,7.3500000000000005,1.223591399176015,277.75524761295543,-6.936684370911476,13.166307479846493,,,,,,,,,,
JYOTISTRUC_MINED_BASE_G0_C1201,,0,3,3,close_ema_3_daily_volatility_5_daily >= 1.836598276929643 AND close_to_close_ema_3_daily_difference_pct >= 0.2529055823789776 AND close_to_close_ema_8_daily_difference_pct >= 0.5493544276590487,227,80,147,35.24229074889868,20.6143896523848,14.627901096513881,18.350848827809216,229.46027968009744,0,7.3500000000000005,1.223591399176015,277.75524761295543,-6.936684370911476,13.166307479846493,,,,,,,,,,
JYOTISTRUC_MINED_BASE_G0_C1202,,0,3,3,close_ema_3_daily_volatility_5_daily >= 1.836598276929643 AND close_to_close_ema_3_daily_difference_pct >= 0.2529055823789776 AND close_ema_8_daily_slope_pct >= 0.15733448182659485,227,80,147,35.24229074889868,20.6143896523848,14.627901096513881,18.350848827809216,229.46027968009744,0,7.3500000000000005,1.223591399176015,277.75524761295543,-6.936684370911476,13.166307479846493,,,,,,,,,,
JYOTISTRUC_MINED_BASE_G0_C1203,,0,2,2,close_to_close_ema_3_daily_difference_pct >= 1.003098168620758 AND close_ema_8_daily_volatility_5_daily >= 1.1949164066816405,213,77,136,36.15023474178404,20.6143896523848,15.535845089399238,17.219078415521423,229.4555687941205,0,6.800000000000001,1.5254477823747776,324.9203776458276,-6.936684370911476,13.166307479846493,,,,,,,,,,
JYOTISTRUC_MINED_BASE_G0_C1204,,0,2,2,close_ema_3_daily_slope_pct >= 1.0132621830219937 AND close_ema_8_daily_volatility_5_daily >= 1.1949164066816405,213,77,136,36.15023474178404,20.6143896523848,15.535845089399238,17.219078415521423,229.4555687941205,0,6.800000000000001,1.5254477823747776,324.9203776458276,-6.936684370911476,13.166307479846493,,,,,,,,,,
JYOTISTRUC_MINED_BASE_G0_C1205,,0,3,3,close_ema_3_daily_slope_pct >= -0.28800660038466785 AND close_to_close_ema_3_daily_difference_pct >= 1.003098168620758 AND close_ema_8_daily_volatility_5_daily >= 1.1949164066816405,213,77,136,36.15023474178404,20.6143896523848,15.535845089399238,17.219078415521423,229.4555687941205,0,6.800000000000001,1.5254477823747776,324.9203776458276,-6.936684370911476,13.166307479846493,,,,,,,,,,
JYOTISTRUC_MINED_BASE_G0_C1206,,0,3,3,close_to_close_ema_3_daily_difference_pct >= -0.28338672864249204 AND close_ema_3_daily_slope_pct >= 1.0132621830219937 AND close_ema_8_daily_volatility_5_daily >= 1.1949164066816405,213,77,136,36.15023474178404,20.6143896523848,15.535845089399238,17.219078415521423,229.4555687941205,0,6.800000000000001,1.5254477823747776,324.9203776458276,-6.936684370911476,13.166307479846493,,,,,,,,,,
JYOTISTRUC_MINED_BASE_G0_C1207,,0,3,3,close_to_close_ema_3_daily_difference_pct >= 1.003098168620758 AND close_ema_3_daily_slope_pct >= 1.0132621830219937 AND close_ema_8_daily_volatility_5_daily >= 1.1949164066816405,213,77,136,36.15023474178404,20.6143896523848,15.535845089399238,17.219078415521423,229.4555687941205,0,6.800000000000001,1.5254477823747776,324.9203776458276,-6.936684370911476,13.166307479846493,,,,,,,,,,
JYOTISTRUC_MINED_BASE_G0_C1208,,0,3,3,close_to_close_ema_3_daily_difference_pct >= 1.003098168620758 AND close_ema_3_daily_slope_pct >= 0.2627015027787666 AND close_ema_8_daily_volatility_5_daily >= 1.1949164066816405,213,77,136,36.15023474178404,20.6143896523848,15.535845089399238,17.219078415521423,229.4555687941205,0,6.800000000000001,1.5254477823747776,324.9203776458276,-6.936684370911476,13.166307479846493,,,,,,,,,,
JYOTISTRUC_MINED_BASE_G0_C1209,,0,3,3,close_ema_3_daily_slope_pct >= 1.0132621830219937 AND close_to_close_ema_3_daily_difference_pct >= 0.2529055823789776 AND close_ema_8_daily_volatility_5_daily >= 1.1949164066816405,213,77,136,36.15023474178404,20.6143896523848,15.535845089399238,17.219078415521423,229.4555687941205,0,6.800000000000001,1.5254477823747776,324.9203776458276,-6.936684370911476,13.166307479846493,,,,,,,,,,
JYOTISTRUC_MINED_BASE_G0_C1210,,0,3,3,close_ema_3_daily_volatility_5_daily >= 1.6353580277228665 AND close_to_close_ema_3_daily_difference_pct >= 1.003098168620758 AND close_ema_13_daily_slope_pct >= 0.145719601926301,227,80,147,35.24229074889868,20.6143896523848,14.627901096513881,18.350848827809216,229.32676627584206,0,7.3500000000000005,1.179086931090879,267.65273335762953,-6.936684370911476,13.166307479846493,,,,,,,,,,
JYOTISTRUC_MINED_BASE_G0_C1211,,0,3,3,close_ema_3_daily_volatility_5_daily >= 1.6353580277228665 AND close_to_close_ema_3_daily_difference_pct >= 1.003098168620758 AND close_to_close_ema_13_daily_difference_pct >= 0.8582022248527891,227,80,147,35.24229074889868,20.6143896523848,14.627901096513881,18.350848827809216,229.32676627584206,0,7.3500000000000005,1.179086931090879,267.65273335762953,-6.936684370911476,13.166307479846493,,,,,,,,,,
JYOTISTRUC_MINED_BASE_G0_C1212,,0,3,3,close_ema_3_daily_volatility_5_daily >= 1.6353580277228665 AND close_ema_3_daily_slope_pct >= 1.0132621830219937 AND close_ema_13_daily_slope_pct >= 0.145719601926301,227,80,147,35.24229074889868,20.6143896523848,14.627901096513881,18.350848827809216,229.32676627584206,0,7.3500000000000005,1.179086931090879,267.65273335762953,-6.936684370911476,13.166307479846493,,,,,,,,,,
JYOTISTRUC_MINED_BASE_G0_C1213,,0,3,3,close_ema_3_daily_volatility_5_daily >= 1.6353580277228665 AND close_ema_3_daily_slope_pct >= 1.0132621830219937 AND close_to_close_ema_13_daily_difference_pct >= 0.8582022248527891,227,80,147,35.24229074889868,20.6143896523848,14.627901096513881,18.350848827809216,229.32676627584206,0,7.3500000000000005,1.179086931090879,267.65273335762953,-6.936684370911476,13.166307479846493,,,,,,,,,,
JYOTISTRUC_MINED_BASE_G0_C1214,,0,3,3,close_ema_3_daily_range_5_pct >= 5.443470843473113 AND close_ema_3_daily_slope_pct >= -0.28800660038466785 AND close_ema_13_daily_slope_pct >= 0.145719601926301,254,85,169,33.46456692913386,20.6143896523848,12.850177276749058,20.53354890864996,229.06669176501725,0,8.450000000000001,1.088601793757315,276.504855614358,-6.936684370911476,13.960394001558718,,,,,,,,,,
JYOTISTRUC_MINED_BASE_G0_C1215,,0,3,3,close_ema_3_daily_range_5_pct >= 5.443470843473113 AND close_ema_3_daily_slope_pct >= -0.28800660038466785 AND close_to_close_ema_13_daily_difference_pct >= 0.8582022248527891,254,85,169,33.46456692913386,20.6143896523848,12.850177276749058,20.53354890864996,229.06669176501725,0,8.450000000000001,1.088601793757315,276.504855614358,-6.936684370911476,13.960394001558718,,,,,,,,,,
JYOTISTRUC_MINED_BASE_G0_C1216,,0,3,3,close_ema_3_daily_range_5_pct >= 5.443470843473113 AND close_to_close_ema_3_daily_difference_pct >= -0.28338672864249204 AND close_ema_13_daily_slope_pct >= 0.145719601926301,254,85,169,33.46456692913386,20.6143896523848,12.850177276749058,20.53354890864996,229.06669176501725,0,8.450000000000001,1.088601793757315,276.504855614358,-6.936684370911476,13.960394001558718,,,,,,,,,,
JYOTISTRUC_MINED_BASE_G0_C1217,,0,3,3,close_ema_3_daily_range_5_pct >= 5.443470843473113 AND close_to_close_ema_3_daily_difference_pct >= -0.28338672864249204 AND close_to_close_ema_13_daily_difference_pct >= 0.8582022248527891,254,85,169,33.46456692913386,20.6143896523848,12.850177276749058,20.53354890864996,229.06669176501725,0,8.450000000000001,1.088601793757315,276.504855614358,-6.936684370911476,13.960394001558718,,,,,,,,,,
JYOTISTRUC_MINED_BASE_G0_C1218,,0,2,2,close_to_close_ema_8_daily_difference_pct >= 0.5493544276590487 AND close_ema_3_daily_range_5_pct >= 7.56636421937482,193,73,120,37.82383419689119,20.6143896523848,17.20944454450639,15.602263540824577,228.93181698661337,0,6,0.9615314213604738,185.57556432257144,-6.936684370911476,13.166307479846493,,,,,,,,,,
JYOTISTRUC_MINED_BASE_G0_C1219,,0,2,2,close_ema_8_daily_slope_pct >= 0.15733448182659485 AND close_ema_3_daily_range_5_pct >= 7.56636421937482,193,73,120,37.82383419689119,20.6143896523848,17.20944454450639,15.602263540824577,228.93181698661337,0,6,0.9615314213604738,185.57556432257144,-6.936684370911476,13.166307479846493,,,,,,,,,,
JYOTISTRUC_MINED_BASE_G0_C1220,,0,3,3,close_ema_3_daily_volatility_5_daily >= 1.6353580277228665 AND close_to_close_ema_8_daily_difference_pct >= 0.5493544276590487 AND close_ema_3_daily_range_5_pct >= 7.56636421937482,193,73,120,37.82383419689119,20.6143896523848,17.20944454450639,15.602263540824577,228.93181698661337,0,6,0.9615314213604738,185.57556432257144,-6.936684370911476,13.166307479846493,,,,,,,,,,
JYOTISTRUC_MINED_BASE_G0_C1221,,0,3,3,close_ema_3_daily_volatility_5_daily >= 1.6353580277228665 AND close_ema_8_daily_slope_pct >= 0.15733448182659485 AND close_ema_3_daily_range_5_pct >= 7.56636421937482,193,73,120,37.82383419689119,20.6143896523848,17.20944454450639,15.602263540824577,228.93181698661337,0,6,0.9615314213604738,185.57556432257144,-6.936684370911476,13.166307479846493,,,,,,,,,,
JYOTISTRUC_MINED_BASE_G0_C1222,,0,3,3,close_to_close_ema_8_daily_difference_pct >= 0.5493544276590487 AND close_ema_8_daily_slope_pct >= 0.15733448182659485 AND close_ema_3_daily_range_5_pct >= 7.56636421937482,193,73,120,37.82383419689119,20.6143896523848,17.20944454450639,15.602263540824577,228.93181698661337,0,6,0.9615314213604738,185.57556432257144,-6.936684370911476,13.166307479846493,,,,,,,,,,
JYOTISTRUC_MINED_BASE_G0_C1223,,0,3,3,close_ema_3_daily_slope_pct >= -0.28800660038466785 AND close_ema_3_daily_volatility_5_daily >= 2.179806971968742 AND close_to_close_ema_8_daily_difference_pct >= 0.5493544276590487,194,73,121,37.628865979381445,20.6143896523848,17.014476326996643,15.683104284559418,228.92694156593106,0,6.050000000000001,1.3015199769826102,252.4948755346264,-6.408488993877579,13.166307479846493,,,,,,,,,,
JYOTISTRUC_MINED_BASE_G0_C1224,,0,3,3,close_ema_3_daily_slope_pct >= -0.28800660038466785 AND close_ema_3_daily_volatility_5_daily >= 2.179806971968742 AND close_ema_8_daily_slope_pct >= 0.15733448182659485,194,73,121,37.628865979381445,20.6143896523848,17.014476326996643,15.683104284559418,228.92694156593106,0,6.050000000000001,1.3015199769826102,252.4948755346264,-6.408488993877579,13.166307479846493,,,,,,,,,,
JYOTISTRUC_MINED_BASE_G0_C1225,,0,3,3,close_to_close_ema_3_daily_difference_pct >= -0.28338672864249204 AND close_ema_3_daily_volatility_5_daily >= 2.179806971968742 AND close_to_close_ema_8_daily_difference_pct >= 0.5493544276590487,194,73,121,37.628865979381445,20.6143896523848,17.014476326996643,15.683104284559418,228.92694156593106,0,6.050000000000001,1.3015199769826102,252.4948755346264,-6.408488993877579,13.166307479846493,,,,,,,,,,
JYOTISTRUC_MINED_BASE_G0_C1226,,0,3,3,close_to_close_ema_3_daily_difference_pct >= -0.28338672864249204 AND close_ema_3_daily_volatility_5_daily >= 2.179806971968742 AND close_ema_8_daily_slope_pct >= 0.15733448182659485,194,73,121,37.628865979381445,20.6143896523848,17.014476326996643,15.683104284559418,228.92694156593106,0,6.050000000000001,1.3015199769826102,252.4948755346264,-6.408488993877579,13.166307479846493,,,,,,,,,,
JYOTISTRUC_MINED_BASE_G0_C1227,,0,3,3,close_ema_3_daily_slope_pct >= -0.28800660038466785 AND close_ema_3_daily_volatility_5_daily >= 1.836598276929643 AND close_to_close_ema_8_daily_difference_pct >= 0.5493544276590487,243,83,160,34.15637860082305,20.6143896523848,13.541988948438245,19.644300727566694,228.84632266315583,0,8,1.0454593069882008,254.0466115981328,-6.936684370911476,13.166307479846493,,,,,,,,,,
JYOTISTRUC_MINED_BASE_G0_C1228,,0,3,3,close_ema_3_daily_slope_pct >= -0.28800660038466785 AND close_ema_3_daily_volatility_5_daily >= 1.836598276929643 AND close_ema_8_daily_slope_pct >= 0.15733448182659485,243,83,160,34.15637860082305,20.6143896523848,13.541988948438245,19.644300727566694,228.84632266315583,0,8,1.0454593069882008,254.0466115981328,-6.936684370911476,13.166307479846493,,,,,,,,,,
JYOTISTRUC_MINED_BASE_G0_C1229,,0,3,3,close_to_close_ema_3_daily_difference_pct >= -0.28338672864249204 AND close_ema_3_daily_volatility_5_daily >= 1.836598276929643 AND close_to_close_ema_8_daily_difference_pct >= 0.5493544276590487,243,83,160,34.15637860082305,20.6143896523848,13.541988948438245,19.644300727566694,228.84632266315583,0,8,1.0454593069882008,254.0466115981328,-6.936684370911476,13.166307479846493,,,,,,,,,,
JYOTISTRUC_MINED_BASE_G0_C1230,,0,3,3,close_to_close_ema_3_daily_difference_pct >= -0.28338672864249204 AND close_ema_3_daily_volatility_5_daily >= 1.836598276929643 AND close_ema_8_daily_slope_pct >= 0.15733448182659485,243,83,160,34.15637860082305,20.6143896523848,13.541988948438245,19.644300727566694,228.84632266315583,0,8,1.0454593069882008,254.0466115981328,-6.936684370911476,13.166307479846493,,,,,,,,,,
JYOTISTRUC_MINED_BASE_G0_C1231,,0,3,3,close_ema_3_daily_range_5_pct >= 6.513413502927244 AND close_to_close_ema_8_daily_difference_pct >= 0.5493544276590487 AND close_ema_13_daily_slope_pct >= 0.145719601926301,243,83,160,34.15637860082305,20.6143896523848,13.541988948438245,19.644300727566694,228.61033016181864,0,8,0.9667951398758088,234.93121898982153,-6.936684370911476,13.166307479846493,,,,,,,,,,
JYOTISTRUC_MINED_BASE_G0_C1232,,0,3,3,close_ema_3_daily_range_5_pct >= 6.513413502927244 AND close_to_close_ema_8_daily_difference_pct >= 0.5493544276590487 AND close_to_close_ema_13_daily_difference_pct >= 0.8582022248527891,243,83,160,34.15637860082305,20.6143896523848,13.541988948438245,19.644300727566694,228.61033016181864,0,8,0.9667951398758088,234.93121898982153,-6.936684370911476,13.166307479846493,,,,,,,,,,
JYOTISTRUC_MINED_BASE_G0_C1233,,0,3,3,close_ema_3_daily_range_5_pct >= 6.513413502927244 AND close_ema_8_daily_slope_pct >= 0.15733448182659485 AND close_ema_13_daily_slope_pct >= 0.145719601926301,243,83,160,34.15637860082305,20.6143896523848,13.541988948438245,19.644300727566694,228.61033016181864,0,8,0.9667951398758088,234.93121898982153,-6.936684370911476,13.166307479846493,,,,,,,,,,
JYOTISTRUC_MINED_BASE_G0_C1234,,0,3,3,close_ema_3_daily_range_5_pct >= 6.513413502927244 AND close_ema_8_daily_slope_pct >= 0.15733448182659485 AND close_to_close_ema_13_daily_difference_pct >= 0.8582022248527891,243,83,160,34.15637860082305,20.6143896523848,13.541988948438245,19.644300727566694,228.61033016181864,0,8,0.9667951398758088,234.93121898982153,-6.936684370911476,13.166307479846493,,,,,,,,,,
JYOTISTRUC_MINED_BASE_G0_C1235,,0,3,3,close_to_close_ema_8_daily_difference_pct >= 0.5493544276590487 AND close_ema_3_daily_range_5_pct >= 7.56636421937482 AND close_ema_13_daily_slope_pct >= 0.145719601926301,189,72,117,38.095238095238095,20.6143896523848,17.480848442853294,15.278900565885206,228.28544597680133,0,5.8500000000000005,0.9104012541782786,172.06583703969466,-6.936684370911476,13.166307479846493,,,,,,,,,,
JYOTISTRUC_MINED_BASE_G0_C1236,,0,3,3,close_to_close_ema_8_daily_difference_pct >= 0.5493544276590487 AND close_ema_3_daily_range_5_pct >= 7.56636421937482 AND close_to_close_ema_13_daily_difference_pct >= 0.8582022248527891,189,72,117,38.095238095238095,20.6143896523848,17.480848442853294,15.278900565885206,228.28544597680133,0,5.8500000000000005,0.9104012541782786,172.06583703969466,-6.936684370911476,13.166307479846493,,,,,,,,,,
JYOTISTRUC_MINED_BASE_G0_C1237,,0,3,3,close_ema_8_daily_slope_pct >= 0.15733448182659485 AND close_ema_3_daily_range_5_pct >= 7.56636421937482 AND close_ema_13_daily_slope_pct >= 0.145719601926301,189,72,117,38.095238095238095,20.6143896523848,17.480848442853294,15.278900565885206,228.28544597680133,0,5.8500000000000005,0.9104012541782786,172.06583703969466,-6.936684370911476,13.166307479846493,,,,,,,,,,
JYOTISTRUC_MINED_BASE_G0_C1238,,0,3,3,close_ema_8_daily_slope_pct >= 0.15733448182659485 AND close_ema_3_daily_range_5_pct >= 7.56636421937482 AND close_to_close_ema_13_daily_difference_pct >= 0.8582022248527891,189,72,117,38.095238095238095,20.6143896523848,17.480848442853294,15.278900565885206,228.28544597680133,0,5.8500000000000005,0.9104012541782786,172.06583703969466,-6.936684370911476,13.166307479846493,,,,,,,,,,
JYOTISTRUC_MINED_BASE_G0_C1239,,0,3,3,close_ema_3_daily_slope_pct >= 0.2627015027787666 AND close_ema_3_daily_volatility_5_daily >= 2.179806971968742 AND close_to_close_ema_8_daily_difference_pct >= 0.5493544276590487,186,71,115,38.17204301075269,20.6143896523848,17.557653358367887,15.036378334680677,228.18856188124167,0,5.75,1.3834316964674158,257.3182955429393,-6.408488993877579,13.166307479846493,,,,,,,,,,
JYOTISTRUC_MINED_BASE_G0_C1240,,0,3,3,close_ema_3_daily_slope_pct >= 0.2627015027787666 AND close_ema_3_daily_volatility_5_daily >= 2.179806971968742 AND close_ema_8_daily_slope_pct >= 0.15733448182659485,186,71,115,38.17204301075269,20.6143896523848,17.557653358367887,15.036378334680677,228.18856188124167,0,5.75,1.3834316964674158,257.3182955429393,-6.408488993877579,13.166307479846493,,,,,,,,,,
JYOTISTRUC_MINED_BASE_G0_C1241,,0,3,3,close_to_close_ema_3_daily_difference_pct >= 0.2529055823789776 AND close_ema_3_daily_volatility_5_daily >= 2.179806971968742 AND close_to_close_ema_8_daily_difference_pct >= 0.5493544276590487,186,71,115,38.17204301075269,20.6143896523848,17.557653358367887,15.036378334680677,228.18856188124167,0,5.75,1.3834316964674158,257.3182955429393,-6.408488993877579,13.166307479846493,,,,,,,,,,
JYOTISTRUC_MINED_BASE_G0_C1242,,0,3,3,close_to_close_ema_3_daily_difference_pct >= 0.2529055823789776 AND close_ema_3_daily_volatility_5_daily >= 2.179806971968742 AND close_ema_8_daily_slope_pct >= 0.15733448182659485,186,71,115,38.17204301075269,20.6143896523848,17.557653358367887,15.036378334680677,228.18856188124167,0,5.75,1.3834316964674158,257.3182955429393,-6.408488993877579,13.166307479846493,,,,,,,,,,
JYOTISTRUC_MINED_BASE_G0_C1243,,0,2,2,close_ema_3_daily_volatility_5_daily >= 1.6353580277228665 AND close_ema_13_daily_slope_pct >= 0.145719601926301,324,96,228,29.629629629629626,20.6143896523848,9.015239977244825,26.192400970088926,227.46893236224903,0,11.4,0.5975774920083052,193.6151074106909,-6.936684370911476,13.166307479846493,,,,,,,,,,
JYOTISTRUC_MINED_BASE_G0_C1244,,0,2,2,close_ema_3_daily_volatility_5_daily >= 1.6353580277228665 AND close_to_close_ema_13_daily_difference_pct >= 0.8582022248527891,324,96,228,29.629629629629626,20.6143896523848,9.015239977244825,26.192400970088926,227.46893236224903,0,11.4,0.5975774920083052,193.6151074106909,-6.936684370911476,13.166307479846493,,,,,,,,,,
JYOTISTRUC_MINED_BASE_G0_C1245,,0,3,3,close_ema_3_daily_volatility_5_daily >= 1.6353580277228665 AND close_ema_13_daily_slope_pct >= 0.145719601926301 AND close_to_close_ema_13_daily_difference_pct >= 0.8582022248527891,324,96,228,29.629629629629626,20.6143896523848,9.015239977244825,26.192400970088926,227.46893236224903,0,11.4,0.5975774920083052,193.6151074106909,-6.936684370911476,13.166307479846493,,,,,,,,,,
JYOTISTRUC_MINED_BASE_G0_C1246,,0,3,3,close_ema_3_daily_volatility_5_daily >= 1.6353580277228665 AND close_to_close_ema_8_daily_difference_pct >= 0.5493544276590487 AND close_ema_13_daily_slope_pct >= 0.145719601926301,311,94,217,30.22508038585209,20.6143896523848,9.610690733467287,25.141471301535972,227.338093482715,0,10.850000000000001,0.7115466051261892,221.29099419424483,-6.936684370911476,13.166307479846493,,,,,,,,,,
JYOTISTRUC_MINED_BASE_G0_C1247,,0,3,3,close_ema_3_daily_volatility_5_daily >= 1.6353580277228665 AND close_to_close_ema_8_daily_difference_pct >= 0.5493544276590487 AND close_to_close_ema_13_daily_difference_pct >= 0.8582022248527891,311,94,217,30.22508038585209,20.6143896523848,9.610690733467287,25.141471301535972,227.338093482715,0,10.850000000000001,0.7115466051261892,221.29099419424483,-6.936684370911476,13.166307479846493,,,,,,,,,,
JYOTISTRUC_MINED_BASE_G0_C1248,,0,2,2,close_ema_3_daily_range_5_pct >= 6.513413502927244 AND close_ema_13_daily_slope_pct >= 0.145719601926301,250,84,166,33.6,20.6143896523848,12.9856103476152,20.21018593371059,227.30699001811593,0,8.3,0.8929794266799842,223.24485666999604,-6.936684370911476,13.166307479846493,,,,,,,,,,
JYOTISTRUC_MINED_BASE_G0_C1249,,0,2,2,close_ema_3_daily_range_5_pct >= 6.513413502927244 AND close_to_close_ema_13_daily_difference_pct >= 0.8582022248527891,250,84,166,33.6,20.6143896523848,12.9856103476152,20.21018593371059,227.30699001811593,0,8.3,0.8929794266799842,223.24485666999604,-6.936684370911476,13.166307479846493,,,,,,,,,,
JYOTISTRUC_MINED_BASE_G0_C1250,,0,3,3,close_ema_3_daily_range_5_pct >= 6.513413502927244 AND close_ema_13_daily_slope_pct >= 0.145719601926301 AND close_to_close_ema_13_daily_difference_pct >= 0.8582022248527891,250,84,166,33.6,20.6143896523848,12.9856103476152,20.21018593371059,227.30699001811593,0,8.3,0.8929794266799842,223.24485666999604,-6.936684370911476,13.166307479846493,,,,,,,,,,
JYOTISTRUC_MINED_BASE_G0_C1251,,0,3,3,close_ema_3_daily_slope_pct >= -0.28800660038466785 AND close_ema_3_daily_volatility_5_daily >= 2.179806971968742 AND close_to_close_ema_8_daily_difference_pct >= 2.199870988161985,187,71,116,37.967914438502675,20.6143896523848,17.353524786117873,15.117219078415523,226.77922669028624,0,5.800000000000001,1.270534253232297,237.58990535443954,-6.408488993877579,13.166307479846493,,,,,,,,,,
JYOTISTRUC_MINED_BASE_G0_C1252,,0,3,3,close_ema_3_daily_slope_pct >= -0.28800660038466785 AND close_ema_3_daily_volatility_5_daily >= 2.179806971968742 AND close_ema_8_daily_slope_pct >= 0.6325101127513095,187,71,116,37.967914438502675,20.6143896523848,17.353524786117873,15.117219078415523,226.77922669028624,0,5.800000000000001,1.270534253232297,237.58990535443954,-6.408488993877579,13.166307479846493,,,,,,,,,,
JYOTISTRUC_MINED_BASE_G0_C1253,,0,3,3,close_to_close_ema_3_daily_difference_pct >= -0.28338672864249204 AND close_ema_3_daily_volatility_5_daily >= 2.179806971968742 AND close_to_close_ema_8_daily_difference_pct >= 2.199870988161985,187,71,116,37.967914438502675,20.6143896523848,17.353524786117873,15.117219078415523,226.77922669028624,0,5.800000000000001,1.270534253232297,237.58990535443954,-6.408488993877579,13.166307479846493,,,,,,,,,,
JYOTISTRUC_MINED_BASE_G0_C1254,,0,3,3,close_to_close_ema_3_daily_difference_pct >= -0.28338672864249204 AND close_ema_3_daily_volatility_5_daily >= 2.179806971968742 AND close_ema_8_daily_slope_pct >= 0.6325101127513095,187,71,116,37.967914438502675,20.6143896523848,17.353524786117873,15.117219078415523,226.77922669028624,0,5.800000000000001,1.270534253232297,237.58990535443954,-6.408488993877579,13.166307479846493,,,,,,,,,,
JYOTISTRUC_MINED_BASE_G0_C1255,,0,3,3,close_ema_3_daily_range_5_pct >= 5.443470843473113 AND close_ema_3_daily_volatility_5_daily >= 1.6353580277228665 AND close_ema_13_daily_slope_pct >= 0.145719601926301,274,88,186,32.11678832116788,20.6143896523848,11.50239866878308,22.15036378334681,226.4598106812791,0,9.3,0.7492724457878984,205.30065014588416,-6.936684370911476,13.166307479846493,,,,,,,,,,
JYOTISTRUC_MINED_BASE_G0_C1256,,0,3,3,close_ema_3_daily_range_5_pct >= 5.443470843473113 AND close_ema_3_daily_volatility_5_daily >= 1.6353580277228665 AND close_to_close_ema_13_daily_difference_pct >= 0.8582022248527891,274,88,186,32.11678832116788,20.6143896523848,11.50239866878308,22.15036378334681,226.4598106812791,0,9.3,0.7492724457878984,205.30065014588416,-6.936684370911476,13.166307479846493,,,,,,,,,,
JYOTISTRUC_MINED_BASE_G0_C1257,,0,3,3,close_ema_3_daily_slope_pct >= 0.2627015027787666 AND close_ema_3_daily_range_5_pct >= 6.513413502927244 AND close_to_close_ema_8_daily_difference_pct >= 0.5493544276590487,211,76,135,36.018957345971565,20.6143896523848,15.404567693586763,17.057396928051737,226.30012534860992,0,6.75,1.342428960225371,283.2525106075533,-6.936684370911476,13.166307479846493,,,,,,,,,,
JYOTISTRUC_MINED_BASE_G0_C1258,,0,3,3,close_ema_3_daily_slope_pct >= 0.2627015027787666 AND close_ema_3_daily_range_5_pct >= 6.513413502927244 AND close_ema_8_daily_slope_pct >= 0.15733448182659485,211,76,135,36.018957345971565,20.6143896523848,15.404567693586763,17.057396928051737,226.30012534860992,0,6.75,1.342428960225371,283.2525106075533,-6.936684370911476,13.166307479846493,,,,,,,,,,
JYOTISTRUC_MINED_BASE_G0_C1259,,0,3,3,close_to_close_ema_3_daily_difference_pct >= 0.2529055823789776 AND close_ema_3_daily_range_5_pct >= 6.513413502927244 AND close_to_close_ema_8_daily_difference_pct >= 0.5493544276590487,211,76,135,36.018957345971565,20.6143896523848,15.404567693586763,17.057396928051737,226.30012534860992,0,6.75,1.342428960225371,283.2525106075533,-6.936684370911476,13.166307479846493,,,,,,,,,,
JYOTISTRUC_MINED_BASE_G0_C1260,,0,3,3,close_to_close_ema_3_daily_difference_pct >= 0.2529055823789776 AND close_ema_3_daily_range_5_pct >= 6.513413502927244 AND close_ema_8_daily_slope_pct >= 0.15733448182659485,211,76,135,36.018957345971565,20.6143896523848,15.404567693586763,17.057396928051737,226.30012534860992,0,6.75,1.342428960225371,283.2525106075533,-6.936684370911476,13.166307479846493,,,,,,,,,,
JYOTISTRUC_MINED_BASE_G0_C1261,,0,3,3,close_ema_3_daily_slope_pct >= 0.2627015027787666 AND close_ema_3_daily_volatility_5_daily >= 2.179806971968742 AND close_to_close_ema_8_daily_difference_pct >= 2.199870988161985,179,69,110,38.547486033519554,20.6143896523848,17.933096381134753,14.470493128536782,226.228275068178,0,5.5,1.35426438750141,242.41332536275237,-6.408488993877579,13.166307479846493,,,,,,,,,,
JYOTISTRUC_MINED_BASE_G0_C1262,,0,3,3,close_ema_3_daily_slope_pct >= 0.2627015027787666 AND close_ema_3_daily_volatility_5_daily >= 2.179806971968742 AND close_ema_8_daily_slope_pct >= 0.6325101127513095,179,69,110,38.547486033519554,20.6143896523848,17.933096381134753,14.470493128536782,226.228275068178,0,5.5,1.35426438750141,242.41332536275237,-6.408488993877579,13.166307479846493,,,,,,,,,,
JYOTISTRUC_MINED_BASE_G0_C1263,,0,3,3,close_to_close_ema_3_daily_difference_pct >= 0.2529055823789776 AND close_ema_3_daily_volatility_5_daily >= 2.179806971968742 AND close_to_close_ema_8_daily_difference_pct >= 2.199870988161985,179,69,110,38.547486033519554,20.6143896523848,17.933096381134753,14.470493128536782,226.228275068178,0,5.5,1.35426438750141,242.41332536275237,-6.408488993877579,13.166307479846493,,,,,,,,,,
JYOTISTRUC_MINED_BASE_G0_C1264,,0,3,3,close_to_close_ema_3_daily_difference_pct >= 0.2529055823789776 AND close_ema_3_daily_volatility_5_daily >= 2.179806971968742 AND close_ema_8_daily_slope_pct >= 0.6325101127513095,179,69,110,38.547486033519554,20.6143896523848,17.933096381134753,14.470493128536782,226.228275068178,0,5.5,1.35426438750141,242.41332536275237,-6.408488993877579,13.166307479846493,,,,,,,,,,
JYOTISTRUC_MINED_BASE_G0_C1265,,0,3,3,close_ema_3_daily_range_5_pct >= 5.443470843473113 AND close_ema_3_daily_volatility_5_daily >= 1.836598276929643 AND close_to_close_ema_8_daily_difference_pct >= 2.199870988161985,225,79,146,35.11111111111111,20.6143896523848,14.496721458726306,18.189167340339534,226.11474077602034,0,7.300000000000001,0.9770444941296057,219.83501117916128,-6.936684370911476,13.166307479846493,,,,,,,,,,
JYOTISTRUC_MINED_BASE_G0_C1266,,0,3,3,close_ema_3_daily_range_5_pct >= 5.443470843473113 AND close_ema_3_daily_volatility_5_daily >= 1.836598276929643 AND close_ema_8_daily_slope_pct >= 0.6325101127513095,225,79,146,35.11111111111111,20.6143896523848,14.496721458726306,18.189167340339534,226.11474077602034,0,7.300000000000001,0.9770444941296057,219.83501117916128,-6.936684370911476,13.166307479846493,,,,,,,,,,
JYOTISTRUC_MINED_BASE_G0_C1267,,0,3,3,close_to_close_ema_3_daily_difference_pct >= 1.003098168620758 AND close_ema_3_daily_volatility_5_daily >= 2.179806971968742 AND close_ema_13_daily_slope_pct >= 0.145719601926301,155,63,92,40.64516129032258,20.6143896523848,20.030771637937775,12.530315278900567,226.02466901554425,0,4.6000000000000005,1.490270275285116,230.991892669193,-6.408488993877579,13.166307479846493,,,,,,,,,,
JYOTISTRUC_MINED_BASE_G0_C1268,,0,3,3,close_to_close_ema_3_daily_difference_pct >= 1.003098168620758 AND close_ema_3_daily_volatility_5_daily >= 2.179806971968742 AND close_to_close_ema_13_daily_difference_pct >= 0.8582022248527891,155,63,92,40.64516129032258,20.6143896523848,20.030771637937775,12.530315278900567,226.02466901554425,0,4.6000000000000005,1.490270275285116,230.991892669193,-6.408488993877579,13.166307479846493,,,,,,,,,,
JYOTISTRUC_MINED_BASE_G0_C1269,,0,3,3,close_ema_3_daily_slope_pct >= 1.0132621830219937 AND close_ema_3_daily_volatility_5_daily >= 2.179806971968742 AND close_ema_13_daily_slope_pct >= 0.145719601926301,155,63,92,40.64516129032258,20.6143896523848,20.030771637937775,12.530315278900567,226.02466901554425,0,4.6000000000000005,1.490270275285116,230.991892669193,-6.408488993877579,13.166307479846493,,,,,,,,,,
JYOTISTRUC_MINED_BASE_G0_C1270,,0,3,3,close_ema_3_daily_slope_pct >= 1.0132621830219937 AND close_ema_3_daily_volatility_5_daily >= 2.179806971968742 AND close_to_close_ema_13_daily_difference_pct >= 0.8582022248527891,155,63,92,40.64516129032258,20.6143896523848,20.030771637937775,12.530315278900567,226.02466901554425,0,4.6000000000000005,1.490270275285116,230.991892669193,-6.408488993877579,13.166307479846493,,,,,,,,,,
JYOTISTRUC_MINED_BASE_G0_C1271,,0,3,3,close_ema_3_daily_slope_pct >= 1.9352918519347406 AND close_to_close_ema_8_daily_difference_pct >= 0.5493544276590487 AND close_ema_3_daily_volatility_5_daily >= 2.6021671971237934,110,50,60,45.45454545454545,20.6143896523848,24.840155802160652,8.89248181083266,226.00440178041302,0,3,1.6012075898699107,176.1328348856902,-6.408488993877579,13.166307479846493,,,,,,,,,,
JYOTISTRUC_MINED_BASE_G0_C1272,,0,3,3,close_ema_3_daily_slope_pct >= 1.9352918519347406 AND close_ema_8_daily_slope_pct >= 0.15733448182659485 AND close_ema_3_daily_volatility_5_daily >= 2.6021671971237934,110,50,60,45.45454545454545,20.6143896523848,24.840155802160652,8.89248181083266,226.00440178041302,0,3,1.6012075898699107,176.1328348856902,-6.408488993877579,13.166307479846493,,,,,,,,,,
JYOTISTRUC_MINED_BASE_G0_C1273,,0,3,3,close_to_close_ema_3_daily_difference_pct >= 1.8888435519628795 AND close_to_close_ema_8_daily_difference_pct >= 0.5493544276590487 AND close_ema_3_daily_volatility_5_daily >= 2.6021671971237934,110,50,60,45.45454545454545,20.6143896523848,24.840155802160652,8.89248181083266,226.00440178041302,0,3,1.6012075898699107,176.1328348856902,-6.408488993877579,13.166307479846493,,,,,,,,,,
JYOTISTRUC_MINED_BASE_G0_C1274,,0,3,3,close_to_close_ema_3_daily_difference_pct >= 1.8888435519628795 AND close_ema_8_daily_slope_pct >= 0.15733448182659485 AND close_ema_3_daily_volatility_5_daily >= 2.6021671971237934,110,50,60,45.45454545454545,20.6143896523848,24.840155802160652,8.89248181083266,226.00440178041302,0,3,1.6012075898699107,176.1328348856902,-6.408488993877579,13.166307479846493,,,,,,,,,,
JYOTISTRUC_MINED_BASE_G0_C1275,,0,3,3,close_ema_3_daily_slope_pct >= -0.28800660038466785 AND close_ema_3_daily_range_5_pct >= 7.56636421937482 AND close_ema_3_daily_volatility_5_daily >= 2.6021671971237934,144,60,84,41.66666666666667,20.6143896523848,21.05227701428187,11.641067097817299,225.47828846688415,0,4.2,1.472301131824939,212.0113629827912,-6.408488993877579,13.166307479846493,,,,,,,,,,
JYOTISTRUC_MINED_BASE_G0_C1276,,0,3,3,close_to_close_ema_3_daily_difference_pct >= -0.28338672864249204 AND close_ema_3_daily_range_5_pct >= 7.56636421937482 AND close_ema_3_daily_volatility_5_daily >= 2.6021671971237934,144,60,84,41.66666666666667,20.6143896523848,21.05227701428187,11.641067097817299,225.47828846688415,0,4.2,1.472301131824939,212.0113629827912,-6.408488993877579,13.166307479846493,,,,,,,,,,
JYOTISTRUC_MINED_BASE_G0_C1277,,0,3,3,close_ema_3_daily_range_5_pct >= 5.443470843473113 AND close_ema_3_daily_slope_pct >= 0.2627015027787666 AND close_ema_3_daily_volatility_5_daily >= 2.6021671971237934,137,58,79,42.33576642335766,20.6143896523848,21.72137677097286,11.075181891673404,225.44847980902324,0,3.95,1.5971986513863163,218.81621523992533,-6.408488993877579,13.166307479846493,,,,,,,,,,
JYOTISTRUC_MINED_BASE_G0_C1278,,0,3,3,close_ema_3_daily_range_5_pct >= 5.443470843473113 AND close_to_close_ema_3_daily_difference_pct >= 0.2529055823789776 AND close_ema_3_daily_volatility_5_daily >= 2.6021671971237934,137,58,79,42.33576642335766,20.6143896523848,21.72137677097286,11.075181891673404,225.44847980902324,0,3.95,1.5971986513863163,218.81621523992533,-6.408488993877579,13.166307479846493,,,,,,,,,,
JYOTISTRUC_MINED_BASE_G0_C1279,,0,3,3,close_ema_3_daily_volatility_5_daily >= 1.836598276929643 AND close_ema_3_daily_range_5_pct >= 6.513413502927244 AND close_to_close_ema_8_daily_difference_pct >= 0.5493544276590487,221,78,143,35.294117647058826,20.6143896523848,14.679727994674025,17.865804365400162,225.37999173074274,0,7.15,1.0437839191242173,230.676246126452,-6.936684370911476,13.166307479846493,,,,,,,,,,
JYOTISTRUC_MINED_BASE_G0_C1280,,0,3,3,close_ema_3_daily_volatility_5_daily >= 1.836598276929643 AND close_ema_3_daily_range_5_pct >= 6.513413502927244 AND close_ema_8_daily_slope_pct >= 0.15733448182659485,221,78,143,35.294117647058826,20.6143896523848,14.679727994674025,17.865804365400162,225.37999173074274,0,7.15,1.0437839191242173,230.676246126452,-6.936684370911476,13.166307479846493,,,,,,,,,,
JYOTISTRUC_MINED_BASE_G0_C1281,,0,3,3,close_to_close_ema_3_daily_difference_pct >= 1.003098168620758 AND close_ema_3_daily_range_5_pct >= 6.513413502927244 AND close_ema_8_daily_volatility_5_daily >= 1.1949164066816405,172,67,105,38.95348837209303,20.6143896523848,18.339098719708225,13.904607922392886,225.15010244042108,0,5.25,1.5682029472933174,269.7309069344506,-6.936684370911476,13.166307479846493,,,,,,,,,,
JYOTISTRUC_MINED_BASE_G0_C1282,,0,3,3,close_ema_3_daily_slope_pct >= 1.0132621830219937 AND close_ema_3_daily_range_5_pct >= 6.513413502927244 AND close_ema_8_daily_volatility_5_daily >= 1.1949164066816405,172,67,105,38.95348837209303,20.6143896523848,18.339098719708225,13.904607922392886,225.15010244042108,0,5.25,1.5682029472933174,269.7309069344506,-6.936684370911476,13.166307479846493,,,,,,,,,,
JYOTISTRUC_MINED_BASE_G0_C1283,,0,3,3,close_ema_3_daily_volatility_5_daily >= 2.179806971968742 AND close_ema_3_daily_range_5_pct >= 6.513413502927244 AND close_to_close_ema_8_daily_difference_pct >= 0.5493544276590487,193,72,121,37.30569948186528,20.6143896523848,16.69130982948048,15.602263540824577,224.96277744410594,0,6.050000000000001,1.185409432234516,228.78402042126157,-6.408488993877579,13.166307479846493,,,,,,,,,,
JYOTISTRUC_MINED_BASE_G0_C1284,,0,3,3,close_ema_3_daily_volatility_5_daily >= 2.179806971968742 AND close_ema_3_daily_range_5_pct >= 6.513413502927244 AND close_ema_8_daily_slope_pct >= 0.15733448182659485,193,72,121,37.30569948186528,20.6143896523848,16.69130982948048,15.602263540824577,224.96277744410594,0,6.050000000000001,1.185409432234516,228.78402042126157,-6.408488993877579,13.166307479846493,,,,,,,,,,
JYOTISTRUC_MINED_BASE_G0_C1285,,0,3,3,close_ema_3_daily_volatility_5_daily >= 1.836598276929643 AND close_ema_3_daily_slope_pct >= 0.2627015027787666 AND close_to_close_ema_8_daily_difference_pct >= 2.199870988161985,217,77,140,35.483870967741936,20.6143896523848,14.869481315357135,17.54244139046079,224.9386373144188,0,7,1.1970769125443776,259.76569002212995,-6.936684370911476,13.166307479846493,,,,,,,,,,
JYOTISTRUC_MINED_BASE_G0_C1286,,0,3,3,close_ema_3_daily_volatility_5_daily >= 1.836598276929643 AND close_ema_3_daily_slope_pct >= 0.2627015027787666 AND close_ema_8_daily_slope_pct >= 0.6325101127513095,217,77,140,35.483870967741936,20.6143896523848,14.869481315357135,17.54244139046079,224.9386373144188,0,7,1.1970769125443776,259.76569002212995,-6.936684370911476,13.166307479846493,,,,,,,,,,
JYOTISTRUC_MINED_BASE_G0_C1287,,0,3,3,close_ema_3_daily_volatility_5_daily >= 1.836598276929643 AND close_to_close_ema_3_daily_difference_pct >= 0.2529055823789776 AND close_to_close_ema_8_daily_difference_pct >= 2.199870988161985,217,77,140,35.483870967741936,20.6143896523848,14.869481315357135,17.54244139046079,224.9386373144188,0,7,1.1970769125443776,259.76569002212995,-6.936684370911476,13.166307479846493,,,,,,,,,,
JYOTISTRUC_MINED_BASE_G0_C1288,,0,3,3,close_ema_3_daily_volatility_5_daily >= 1.836598276929643 AND close_to_close_ema_3_daily_difference_pct >= 0.2529055823789776 AND close_ema_8_daily_slope_pct >= 0.6325101127513095,217,77,140,35.483870967741936,20.6143896523848,14.869481315357135,17.54244139046079,224.9386373144188,0,7,1.1970769125443776,259.76569002212995,-6.936684370911476,13.166307479846493,,,,,,,,,,
JYOTISTRUC_MINED_BASE_G0_C1289,,0,3,3,close_ema_3_daily_range_5_pct >= 5.443470843473113 AND close_ema_3_daily_volatility_5_daily >= 2.179806971968742 AND close_to_close_ema_8_daily_difference_pct >= 2.199870988161985,193,72,121,37.30569948186528,20.6143896523848,16.69130982948048,15.602263540824577,224.83390428974042,0,6.050000000000001,1.14245171411268,220.49318082374725,-6.408488993877579,13.166307479846493,,,,,,,,,,
JYOTISTRUC_MINED_BASE_G0_C1290,,0,3,3,close_ema_3_daily_range_5_pct >= 5.443470843473113 AND close_ema_3_daily_volatility_5_daily >= 2.179806971968742 AND close_ema_8_daily_slope_pct >= 0.6325101127513095,193,72,121,37.30569948186528,20.6143896523848,16.69130982948048,15.602263540824577,224.83390428974042,0,6.050000000000001,1.14245171411268,220.49318082374725,-6.408488993877579,13.166307479846493,,,,,,,,,,
JYOTISTRUC_MINED_BASE_G0_C1291,,0,3,3,close_ema_3_daily_slope_pct >= 0.2627015027787666 AND close_ema_8_daily_volatility_5_daily >= 1.1949164066816405 AND close_ema_3_daily_volatility_5_daily >= 2.6021671971237934,141,59,82,41.843971631205676,20.6143896523848,21.229581978820875,11.398544866612772,224.80109722203014,0,4.1000000000000005,1.584395775975249,223.3998044125101,-6.408488993877579,13.166307479846493,,,,,,,,,,
JYOTISTRUC_MINED_BASE_G0_C1292,,0,3,3,close_to_close_ema_3_daily_difference_pct >= 0.2529055823789776 AND close_ema_8_daily_volatility_5_daily >= 1.1949164066816405 AND close_ema_3_daily_volatility_5_daily >= 2.6021671971237934,141,59,82,41.843971631205676,20.6143896523848,21.229581978820875,11.398544866612772,224.80109722203014,0,4.1000000000000005,1.584395775975249,223.3998044125101,-6.408488993877579,13.166307479846493,,,,,,,,,,
JYOTISTRUC_MINED_BASE_G0_C1293,,0,3,3,close_ema_3_daily_slope_pct >= 0.2627015027787666 AND close_ema_3_daily_range_5_pct >= 6.513413502927244 AND close_to_close_ema_8_daily_difference_pct >= 2.199870988161985,208,75,133,36.05769230769231,20.6143896523848,15.443302655307505,16.814874696847212,224.385768448394,0,6.65,1.2730850572854993,264.80169191538386,-6.936684370911476,13.166307479846493,,,,,,,,,,
JYOTISTRUC_MINED_BASE_G0_C1294,,0,3,3,close_ema_3_daily_slope_pct >= 0.2627015027787666 AND close_ema_3_daily_range_5_pct >= 6.513413502927244 AND close_ema_8_daily_slope_pct >= 0.6325101127513095,208,75,133,36.05769230769231,20.6143896523848,15.443302655307505,16.814874696847212,224.385768448394,0,6.65,1.2730850572854993,264.80169191538386,-6.936684370911476,13.166307479846493,,,,,,,,,,
JYOTISTRUC_MINED_BASE_G0_C1295,,0,3,3,close_to_close_ema_3_daily_difference_pct >= 0.2529055823789776 AND close_ema_3_daily_range_5_pct >= 6.513413502927244 AND close_to_close_ema_8_daily_difference_pct >= 2.199870988161985,208,75,133,36.05769230769231,20.6143896523848,15.443302655307505,16.814874696847212,224.385768448394,0,6.65,1.2730850572854993,264.80169191538386,-6.936684370911476,13.166307479846493,,,,,,,,,,
JYOTISTRUC_MINED_BASE_G0_C1296,,0,3,3,close_to_close_ema_3_daily_difference_pct >= 0.2529055823789776 AND close_ema_3_daily_range_5_pct >= 6.513413502927244 AND close_ema_8_daily_slope_pct >= 0.6325101127513095,208,75,133,36.05769230769231,20.6143896523848,15.443302655307505,16.814874696847212,224.385768448394,0,6.65,1.2730850572854993,264.80169191538386,-6.936684370911476,13.166307479846493,,,,,,,,,,
JYOTISTRUC_MINED_BASE_G0_C1297,,0,3,3,close_ema_3_daily_volatility_5_daily >= 1.6353580277228665 AND close_ema_8_daily_slope_pct >= 0.15733448182659485 AND close_ema_13_daily_slope_pct >= 0.145719601926301,310,93,217,30,20.6143896523848,9.385610347615199,25.060630557801133,224.17550802306536,0,10.850000000000001,0.6991520949964588,216.73714944890224,-6.936684370911476,13.166307479846493,,,,,,,,,,
JYOTISTRUC_MINED_BASE_G0_C1298,,0,3,3,close_ema_3_daily_volatility_5_daily >= 1.6353580277228665 AND close_ema_8_daily_slope_pct >= 0.15733448182659485 AND close_to_close_ema_13_daily_difference_pct >= 0.8582022248527891,310,93,217,30,20.6143896523848,9.385610347615199,25.060630557801133,224.17550802306536,0,10.850000000000001,0.6991520949964588,216.73714944890224,-6.936684370911476,13.166307479846493,,,,,,,,,,
JYOTISTRUC_MINED_BASE_G0_C1299,,0,3,3,close_ema_3_daily_slope_pct >= -0.28800660038466785 AND close_ema_3_daily_range_5_pct >= 6.513413502927244 AND close_to_close_ema_8_daily_difference_pct >= 0.5493544276590487,223,78,145,34.97757847533632,20.6143896523848,14.363188822951521,18.027485852869845,224.11899977354707,0,7.25,1.1843518862631588,264.1104706366844,-6.936684370911476,13.166307479846493,,,,,,,,,,
JYOTISTRUC_MINED_BASE_G0_C1300,,0,3,3,close_ema_3_daily_slope_pct >= -0.28800660038466785 AND close_ema_3_daily_range_5_pct >= 6.513413502927244 AND close_ema_8_daily_slope_pct >= 0.15733448182659485,223,78,145,34.97757847533632,20.6143896523848,14.363188822951521,18.027485852869845,224.11899977354707,0,7.25,1.1843518862631588,264.1104706366844,-6.936684370911476,13.166307479846493,,,,,,,,,,
JYOTISTRUC_MINED_BASE_G0_C1301,,0,3,3,close_to_close_ema_3_daily_difference_pct >= -0.28338672864249204 AND close_ema_3_daily_range_5_pct >= 6.513413502927244 AND close_to_close_ema_8_daily_difference_pct >= 0.5493544276590487,223,78,145,34.97757847533632,20.6143896523848,14.363188822951521,18.027485852869845,224.11899977354707,0,7.25,1.1843518862631588,264.1104706366844,-6.936684370911476,13.166307479846493,,,,,,,,,,
JYOTISTRUC_MINED_BASE_G0_C1302,,0,3,3,close_to_close_ema_3_daily_difference_pct >= -0.28338672864249204 AND close_ema_3_daily_range_5_pct >= 6.513413502927244 AND close_ema_8_daily_slope_pct >= 0.15733448182659485,223,78,145,34.97757847533632,20.6143896523848,14.363188822951521,18.027485852869845,224.11899977354707,0,7.25,1.1843518862631588,264.1104706366844,-6.936684370911476,13.166307479846493,,,,,,,,,,
JYOTISTRUC_MINED_BASE_G0_C1303,,0,2,2,close_ema_3_daily_volatility_5_daily >= 2.179806971968742 AND close_to_close_ema_8_daily_difference_pct >= 2.199870988161985,203,74,129,36.45320197044335,20.6143896523848,15.838812318058551,16.410670978173002,224.03394103781102,0,6.45,1.096626482506084,222.61517594873507,-6.408488993877579,13.166307479846493,,,,,,,,,,
JYOTISTRUC_MINED_BASE_G0_C1304,,0,2,2,close_ema_3_daily_volatility_5_daily >= 2.179806971968742 AND close_ema_8_daily_slope_pct >= 0.6325101127513095,203,74,129,36.45320197044335,20.6143896523848,15.838812318058551,16.410670978173002,224.03394103781102,0,6.45,1.096626482506084,222.61517594873507,-6.408488993877579,13.166307479846493,,,,,,,,,,
JYOTISTRUC_MINED_BASE_G0_C1305,,0,3,3,close_ema_3_daily_volatility_5_daily >= 2.179806971968742 AND close_to_close_ema_8_daily_difference_pct >= 0.5493544276590487 AND close_ema_8_daily_slope_pct >= 0.6325101127513095,203,74,129,36.45320197044335,20.6143896523848,15.838812318058551,16.410670978173002,224.03394103781102,0,6.45,1.096626482506084,222.61517594873507,-6.408488993877579,13.166307479846493,,,,,,,,,,
JYOTISTRUC_MINED_BASE_G0_C1306,,0,3,3,close_ema_3_daily_volatility_5_daily >= 2.179806971968742 AND close_ema_8_daily_slope_pct >= 0.15733448182659485 AND close_to_close_ema_8_daily_difference_pct >= 2.199870988161985,203,74,129,36.45320197044335,20.6143896523848,15.838812318058551,16.410670978173002,224.03394103781102,0,6.45,1.096626482506084,222.61517594873507,-6.408488993877579,13.166307479846493,,,,,,,,,,
JYOTISTRUC_MINED_BASE_G0_C1307,,0,3,3,close_ema_3_daily_volatility_5_daily >= 2.179806971968742 AND close_to_close_ema_8_daily_difference_pct >= 2.199870988161985 AND close_ema_8_daily_slope_pct >= 0.6325101127513095,203,74,129,36.45320197044335,20.6143896523848,15.838812318058551,16.410670978173002,224.03394103781102,0,6.45,1.096626482506084,222.61517594873507,-6.408488993877579,13.166307479846493,,,,,,,,,,
JYOTISTRUC_MINED_BASE_G0_C1308,,0,2,2,close_ema_3_daily_range_5_pct >= 7.56636421937482 AND close_ema_13_daily_slope_pct >= 0.145719601926301,193,72,121,37.30569948186528,20.6143896523848,16.69130982948048,15.602263540824577,223.9857305113865,0,6.050000000000001,0.8597271213280356,165.92733441631088,-6.936684370911476,13.166307479846493,,,,,,,,,,
JYOTISTRUC_MINED_BASE_G0_C1309,,0,2,2,close_ema_3_daily_range_5_pct >= 7.56636421937482 AND close_to_close_ema_13_daily_difference_pct >= 0.8582022248527891,193,72,121,37.30569948186528,20.6143896523848,16.69130982948048,15.602263540824577,223.9857305113865,0,6.050000000000001,0.8597271213280356,165.92733441631088,-6.936684370911476,13.166307479846493,,,,,,,,,,
JYOTISTRUC_MINED_BASE_G0_C1310,,0,3,3,close_ema_3_daily_volatility_5_daily >= 1.6353580277228665 AND close_ema_3_daily_range_5_pct >= 7.56636421937482 AND close_ema_13_daily_slope_pct >= 0.145719601926301,193,72,121,37.30569948186528,20.6143896523848,16.69130982948048,15.602263540824577,223.9857305113865,0,6.050000000000001,0.8597271213280356,165.92733441631088,-6.936684370911476,13.166307479846493,,,,,,,,,,
JYOTISTRUC_MINED_BASE_G0_C1311,,0,3,3,close_ema_3_daily_volatility_5_daily >= 1.6353580277228665 AND close_ema_3_daily_range_5_pct >= 7.56636421937482 AND close_to_close_ema_13_daily_difference_pct >= 0.8582022248527891,193,72,121,37.30569948186528,20.6143896523848,16.69130982948048,15.602263540824577,223.9857305113865,0,6.050000000000001,0.8597271213280356,165.92733441631088,-6.936684370911476,13.166307479846493,,,,,,,,,,
JYOTISTRUC_MINED_BASE_G0_C1312,,0,3,3,close_ema_3_daily_range_5_pct >= 7.56636421937482 AND close_ema_13_daily_slope_pct >= 0.145719601926301 AND close_to_close_ema_13_daily_difference_pct >= 0.8582022248527891,193,72,121,37.30569948186528,20.6143896523848,16.69130982948048,15.602263540824577,223.9857305113865,0,6.050000000000001,0.8597271213280356,165.92733441631088,-6.936684370911476,13.166307479846493,,,,,,,,,,
JYOTISTRUC_MINED_BASE_G0_C1313,,0,3,3,close_ema_3_daily_volatility_5_daily >= 1.6353580277228665 AND close_ema_3_daily_range_5_pct >= 6.513413502927244 AND close_to_close_ema_8_daily_difference_pct >= 0.5493544276590487,244,82,162,33.60655737704918,20.6143896523848,12.992167724664377,19.725141471301537,223.8223775793915,0,8.1,0.9871796520232092,240.87183509366307,-6.936684370911476,13.166307479846493,,,,,,,,,,
JYOTISTRUC_MINED_BASE_G0_C1314,,0,3,3,close_ema_3_daily_volatility_5_daily >= 1.6353580277228665 AND close_ema_3_daily_range_5_pct >= 6.513413502927244 AND close_ema_8_daily_slope_pct >= 0.15733448182659485,244,82,162,33.60655737704918,20.6143896523848,12.992167724664377,19.725141471301537,223.8223775793915,0,8.1,0.9871796520232092,240.87183509366307,-6.936684370911476,13.166307479846493,,,,,,,,,,
JYOTISTRUC_MINED_BASE_G0_C1315,,0,3,3,close_ema_3_daily_range_5_pct >= 5.443470843473113 AND close_ema_3_daily_slope_pct >= 0.2627015027787666 AND close_ema_8_daily_volatility_5_daily >= 1.1949164066816405,214,76,138,35.51401869158878,20.6143896523848,14.89962903920398,17.299919159256266,223.53841275771742,0,6.9,1.3134225205658419,281.07241940109014,-6.936684370911476,13.166307479846493,,,,,,,,,,
JYOTISTRUC_MINED_BASE_G0_C1316,,0,3,3,close_ema_3_daily_range_5_pct >= 5.443470843473113 AND close_to_close_ema_3_daily_difference_pct >= 0.2529055823789776 AND close_ema_8_daily_volatility_5_daily >= 1.1949164066816405,214,76,138,35.51401869158878,20.6143896523848,14.89962903920398,17.299919159256266,223.53841275771742,0,6.9,1.3134225205658419,281.07241940109014,-6.936684370911476,13.166307479846493,,,,,,,,,,
JYOTISTRUC_MINED_BASE_G0_C1317,,0,2,2,close_ema_3_daily_slope_pct >= 0.2627015027787666 AND close_ema_3_daily_volatility_5_daily >= 2.6021671971237934,142,59,83,41.54929577464789,20.6143896523848,20.934906122263087,11.479385610347617,223.18322881777908,0,4.15,1.5528994021545477,220.51171510594577,-6.408488993877579,13.166307479846493,,,,,,,,,,
JYOTISTRUC_MINED_BASE_G0_C1318,,0,2,2,close_to_close_ema_3_daily_difference_pct >= 0.2529055823789776 AND close_ema_3_daily_volatility_5_daily >= 2.6021671971237934,142,59,83,41.54929577464789,20.6143896523848,20.934906122263087,11.479385610347617,223.18322881777908,0,4.15,1.5528994021545477,220.51171510594577,-6.408488993877579,13.166307479846493,,,,,,,,,,
JYOTISTRUC_MINED_BASE_G0_C1319,,0,3,3,close_ema_3_daily_slope_pct >= -0.28800660038466785 AND close_to_close_ema_3_daily_difference_pct >= 0.2529055823789776 AND close_ema_3_daily_volatility_5_daily >= 2.6021671971237934,142,59,83,41.54929577464789,20.6143896523848,20.934906122263087,11.479385610347617,223.18322881777908,0,4.15,1.5528994021545477,220.51171510594577,-6.408488993877579,13.166307479846493,,,,,,,,,,
JYOTISTRUC_MINED_BASE_G0_C1320,,0,3,3,close_to_close_ema_3_daily_difference_pct >= -0.28338672864249204 AND close_ema_3_daily_slope_pct >= 0.2627015027787666 AND close_ema_3_daily_volatility_5_daily >= 2.6021671971237934,142,59,83,41.54929577464789,20.6143896523848,20.934906122263087,11.479385610347617,223.18322881777908,0,4.15,1.5528994021545477,220.51171510594577,-6.408488993877579,13.166307479846493,,,,,,,,,,
JYOTISTRUC_MINED_BASE_G0_C1321,,0,3,3,close_ema_3_daily_slope_pct >= 0.2627015027787666 AND close_to_close_ema_3_daily_difference_pct >= 0.2529055823789776 AND close_ema_3_daily_volatility_5_daily >= 2.6021671971237934,142,59,83,41.54929577464789,20.6143896523848,20.934906122263087,11.479385610347617,223.18322881777908,0,4.15,1.5528994021545477,220.51171510594577,-6.408488993877579,13.166307479846493,,,,,,,,,,
JYOTISTRUC_MINED_BASE_G0_C1322,,0,3,3,close_ema_3_daily_slope_pct >= -0.28800660038466785 AND close_ema_3_daily_range_5_pct >= 6.513413502927244 AND close_to_close_ema_8_daily_difference_pct >= 2.199870988161985,219,77,142,35.15981735159817,20.6143896523848,14.54542769921337,17.704122877930477,223.07517412734336,0,7.1000000000000005,1.1493452104255035,251.70660108318526,-6.936684370911476,13.166307479846493,,,,,,,,,,
JYOTISTRUC_MINED_BASE_G0_C1323,,0,3,3,close_ema_3_daily_slope_pct >= -0.28800660038466785 AND close_ema_3_daily_range_5_pct >= 6.513413502927244 AND close_ema_8_daily_slope_pct >= 0.6325101127513095,219,77,142,35.15981735159817,20.6143896523848,14.54542769921337,17.704122877930477,223.07517412734336,0,7.1000000000000005,1.1493452104255035,251.70660108318526,-6.936684370911476,13.166307479846493,,,,,,,,,,
JYOTISTRUC_MINED_BASE_G0_C1324,,0,3,3,close_to_close_ema_3_daily_difference_pct >= -0.28338672864249204 AND close_ema_3_daily_range_5_pct >= 6.513413502927244 AND close_to_close_ema_8_daily_difference_pct >= 2.199870988161985,219,77,142,35.15981735159817,20.6143896523848,14.54542769921337,17.704122877930477,223.07517412734336,0,7.1000000000000005,1.1493452104255035,251.70660108318526,-6.936684370911476,13.166307479846493,,,,,,,,,,
JYOTISTRUC_MINED_BASE_G0_C1325,,0,3,3,close_to_close_ema_3_daily_difference_pct >= -0.28338672864249204 AND close_ema_3_daily_range_5_pct >= 6.513413502927244 AND close_ema_8_daily_slope_pct >= 0.6325101127513095,219,77,142,35.15981735159817,20.6143896523848,14.54542769921337,17.704122877930477,223.07517412734336,0,7.1000000000000005,1.1493452104255035,251.70660108318526,-6.936684370911476,13.166307479846493,,,,,,,,,,
JYOTISTRUC_MINED_BASE_G0_C1326,,0,3,3,close_ema_3_daily_volatility_5_daily >= 1.836598276929643 AND close_to_close_ema_8_daily_difference_pct >= 0.5493544276590487 AND close_ema_3_daily_range_5_pct >= 7.56636421937482,190,71,119,37.368421052631575,20.6143896523848,16.754031400246774,15.359741309620048,222.61569950492648,0,5.95,0.931847501230863,177.05102523386398,-6.936684370911476,13.166307479846493,,,,,,,,,,
JYOTISTRUC_MINED_BASE_G0_C1327,,0,3,3,close_ema_3_daily_volatility_5_daily >= 1.836598276929643 AND close_ema_8_daily_slope_pct >= 0.15733448182659485 AND close_ema_3_daily_range_5_pct >= 7.56636421937482,190,71,119,37.368421052631575,20.6143896523848,16.754031400246774,15.359741309620048,222.61569950492648,0,5.95,0.931847501230863,177.05102523386398,-6.936684370911476,13.166307479846493,,,,,,,,,,
JYOTISTRUC_MINED_BASE_G0_C1328,,0,3,3,close_ema_3_daily_slope_pct >= -0.28800660038466785 AND close_ema_3_daily_volatility_5_daily >= 1.836598276929643 AND close_to_close_ema_8_daily_difference_pct >= 2.199870988161985,230,79,151,34.34782608695652,20.6143896523848,13.733436434571722,18.593371059013744,222.25397034399856,0,7.550000000000001,1.0455960570466496,240.4870931207294,-6.936684370911476,13.166307479846493,,,,,,,,,,
JYOTISTRUC_MINED_BASE_G0_C1329,,0,3,3,close_ema_3_daily_slope_pct >= -0.28800660038466785 AND close_ema_3_daily_volatility_5_daily >= 1.836598276929643 AND close_ema_8_daily_slope_pct >= 0.6325101127513095,230,79,151,34.34782608695652,20.6143896523848,13.733436434571722,18.593371059013744,222.25397034399856,0,7.550000000000001,1.0455960570466496,240.4870931207294,-6.936684370911476,13.166307479846493,,,,,,,,,,
JYOTISTRUC_MINED_BASE_G0_C1330,,0,3,3,close_to_close_ema_3_daily_difference_pct >= -0.28338672864249204 AND close_ema_3_daily_volatility_5_daily >= 1.836598276929643 AND close_to_close_ema_8_daily_difference_pct >= 2.199870988161985,230,79,151,34.34782608695652,20.6143896523848,13.733436434571722,18.593371059013744,222.25397034399856,0,7.550000000000001,1.0455960570466496,240.4870931207294,-6.936684370911476,13.166307479846493,,,,,,,,,,
JYOTISTRUC_MINED_BASE_G0_C1331,,0,3,3,close_to_close_ema_3_daily_difference_pct >= -0.28338672864249204 AND close_ema_3_daily_volatility_5_daily >= 1.836598276929643 AND close_ema_8_daily_slope_pct >= 0.6325101127513095,230,79,151,34.34782608695652,20.6143896523848,13.733436434571722,18.593371059013744,222.25397034399856,0,7.550000000000001,1.0455960570466496,240.4870931207294,-6.936684370911476,13.166307479846493,,,,,,,,,,
JYOTISTRUC_MINED_BASE_G0_C1332,,0,2,2,close_ema_3_daily_volatility_5_daily >= 1.836598276929643 AND close_to_close_ema_8_daily_difference_pct >= 2.199870988161985,246,82,164,33.33333333333333,20.6143896523848,12.718943680948527,19.886822958771223,222.14486918175515,0,8.200000000000001,0.9167169256708328,225.5123637150249,-6.936684370911476,13.166307479846493,,,,,,,,,,
JYOTISTRUC_MINED_BASE_G0_C1333,,0,2,2,close_ema_3_daily_volatility_5_daily >= 1.836598276929643 AND close_ema_8_daily_slope_pct >= 0.6325101127513095,246,82,164,33.33333333333333,20.6143896523848,12.718943680948527,19.886822958771223,222.14486918175515,0,8.200000000000001,0.9167169256708328,225.5123637150249,-6.936684370911476,13.166307479846493,,,,,,,,,,
JYOTISTRUC_MINED_BASE_G0_C1334,,0,3,3,close_ema_3_daily_volatility_5_daily >= 1.836598276929643 AND close_to_close_ema_8_daily_difference_pct >= 0.5493544276590487 AND close_ema_8_daily_slope_pct >= 0.6325101127513095,246,82,164,33.33333333333333,20.6143896523848,12.718943680948527,19.886822958771223,222.14486918175515,0,8.200000000000001,0.9167169256708328,225.5123637150249,-6.936684370911476,13.166307479846493,,,,,,,,,,
JYOTISTRUC_MINED_BASE_G0_C1335,,0,3,3,close_ema_3_daily_volatility_5_daily >= 1.836598276929643 AND close_ema_8_daily_slope_pct >= 0.15733448182659485 AND close_to_close_ema_8_daily_difference_pct >= 2.199870988161985,246,82,164,33.33333333333333,20.6143896523848,12.718943680948527,19.886822958771223,222.14486918175515,0,8.200000000000001,0.9167169256708328,225.5123637150249,-6.936684370911476,13.166307479846493,,,,,,,,,,
JYOTISTRUC_MINED_BASE_G0_C1336,,0,3,3,close_ema_3_daily_volatility_5_daily >= 1.836598276929643 AND close_to_close_ema_8_daily_difference_pct >= 2.199870988161985 AND close_ema_8_daily_slope_pct >= 0.6325101127513095,246,82,164,33.33333333333333,20.6143896523848,12.718943680948527,19.886822958771223,222.14486918175515,0,8.200000000000001,0.9167169256708328,225.5123637150249,-6.936684370911476,13.166307479846493,,,,,,,,,,
JYOTISTRUC_MINED_BASE_G0_C1337,,0,3,3,close_ema_3_daily_slope_pct >= 0.2627015027787666 AND close_ema_3_daily_range_5_pct >= 6.513413502927244 AND close_ema_13_daily_slope_pct >= 0.145719601926301,206,74,132,35.92233009708738,20.6143896523848,15.30794044470258,16.653193209377527,221.6601756247118,0,6.6000000000000005,1.240157800399625,255.47250688232276,-6.936684370911476,13.166307479846493,,,,,,,,,,
JYOTISTRUC_MINED_BASE_G0_C1338,,0,3,3,close_ema_3_daily_slope_pct >= 0.2627015027787666 AND close_ema_3_daily_range_5_pct >= 6.513413502927244 AND close_to_close_ema_13_daily_difference_pct >= 0.8582022248527891,206,74,132,35.92233009708738,20.6143896523848,15.30794044470258,16.653193209377527,221.6601756247118,0,6.6000000000000005,1.240157800399625,255.47250688232276,-6.936684370911476,13.166307479846493,,,,,,,,,,
JYOTISTRUC_MINED_BASE_G0_C1339,,0,3,3,close_to_close_ema_3_daily_difference_pct >= 0.2529055823789776 AND close_ema_3_daily_range_5_pct >= 6.513413502927244 AND close_ema_13_daily_slope_pct >= 0.145719601926301,206,74,132,35.92233009708738,20.6143896523848,15.30794044470258,16.653193209377527,221.6601756247118,0,6.6000000000000005,1.240157800399625,255.47250688232276,-6.936684370911476,13.166307479846493,,,,,,,,,,
JYOTISTRUC_MINED_BASE_G0_C1340,,0,3,3,close_to_close_ema_3_daily_difference_pct >= 0.2529055823789776 AND close_ema_3_daily_range_5_pct >= 6.513413502927244 AND close_to_close_ema_13_daily_difference_pct >= 0.8582022248527891,206,74,132,35.92233009708738,20.6143896523848,15.30794044470258,16.653193209377527,221.6601756247118,0,6.6000000000000005,1.240157800399625,255.47250688232276,-6.936684370911476,13.166307479846493,,,,,,,,,,
JYOTISTRUC_MINED_BASE_G0_C1341,,0,2,2,close_ema_3_daily_range_5_pct >= 6.513413502927244 AND close_to_close_ema_8_daily_difference_pct >= 2.199870988161985,236,80,156,33.89830508474576,20.6143896523848,13.283915432360956,19.078415521422798,221.63902979832855,0,7.800000000000001,1.006484212174585,237.53027407320204,-6.936684370911476,13.166307479846493,,,,,,,,,,
JYOTISTRUC_MINED_BASE_G0_C1342,,0,2,2,close_ema_3_daily_range_5_pct >= 6.513413502927244 AND close_ema_8_daily_slope_pct >= 0.6325101127513095,236,80,156,33.89830508474576,20.6143896523848,13.283915432360956,19.078415521422798,221.63902979832855,0,7.800000000000001,1.006484212174585,237.53027407320204,-6.936684370911476,13.166307479846493,,,,,,,,,,
JYOTISTRUC_MINED_BASE_G0_C1343,,0,3,3,close_ema_3_daily_range_5_pct >= 6.513413502927244 AND close_to_close_ema_8_daily_difference_pct >= 0.5493544276590487 AND close_ema_8_daily_slope_pct >= 0.6325101127513095,236,80,156,33.89830508474576,20.6143896523848,13.283915432360956,19.078415521422798,221.63902979832855,0,7.800000000000001,1.006484212174585,237.53027407320204,-6.936684370911476,13.166307479846493,,,,,,,,,,
JYOTISTRUC_MINED_BASE_G0_C1344,,0,3,3,close_ema_3_daily_range_5_pct >= 6.513413502927244 AND close_ema_8_daily_slope_pct >= 0.15733448182659485 AND close_to_close_ema_8_daily_difference_pct >= 2.199870988161985,236,80,156,33.89830508474576,20.6143896523848,13.283915432360956,19.078415521422798,221.63902979832855,0,7.800000000000001,1.006484212174585,237.53027407320204,-6.936684370911476,13.166307479846493,,,,,,,,,,
JYOTISTRUC_MINED_BASE_G0_C1345,,0,3,3,close_ema_3_daily_range_5_pct >= 6.513413502927244 AND close_to_close_ema_8_daily_difference_pct >= 2.199870988161985 AND close_ema_8_daily_slope_pct >= 0.6325101127513095,236,80,156,33.89830508474576,20.6143896523848,13.283915432360956,19.078415521422798,221.63902979832855,0,7.800000000000001,1.006484212174585,237.53027407320204,-6.936684370911476,13.166307479846493,,,,,,,,,,
JYOTISTRUC_MINED_BASE_G0_C1346,,0,3,3,close_ema_3_daily_slope_pct >= 1.9352918519347406 AND close_ema_13_daily_slope_pct >= 0.145719601926301 AND close_ema_3_daily_volatility_5_daily >= 2.6021671971237934,103,47,56,45.63106796116505,20.6143896523848,25.01667830878025,8.326596604688763,221.10315454773382,0,2.8000000000000003,1.606587667944191,165.47852979825169,-6.408488993877579,13.166307479846493,,,,,,,,,,
JYOTISTRUC_MINED_BASE_G0_C1347,,0,3,3,close_ema_3_daily_slope_pct >= 1.9352918519347406 AND close_to_close_ema_13_daily_difference_pct >= 0.8582022248527891 AND close_ema_3_daily_volatility_5_daily >= 2.6021671971237934,103,47,56,45.63106796116505,20.6143896523848,25.01667830878025,8.326596604688763,221.10315454773382,0,2.8000000000000003,1.606587667944191,165.47852979825169,-6.408488993877579,13.166307479846493,,,,,,,,,,
JYOTISTRUC_MINED_BASE_G0_C1348,,0,3,3,close_to_close_ema_3_daily_difference_pct >= 1.8888435519628795 AND close_ema_13_daily_slope_pct >= 0.145719601926301 AND close_ema_3_daily_volatility_5_daily >= 2.6021671971237934,103,47,56,45.63106796116505,20.6143896523848,25.01667830878025,8.326596604688763,221.10315454773382,0,2.8000000000000003,1.606587667944191,165.47852979825169,-6.408488993877579,13.166307479846493,,,,,,,,,,
JYOTISTRUC_MINED_BASE_G0_C1349,,0,3,3,close_to_close_ema_3_daily_difference_pct >= 1.8888435519628795 AND close_to_close_ema_13_daily_difference_pct >= 0.8582022248527891 AND close_ema_3_daily_volatility_5_daily >= 2.6021671971237934,103,47,56,45.63106796116505,20.6143896523848,25.01667830878025,8.326596604688763,221.10315454773382,0,2.8000000000000003,1.606587667944191,165.47852979825169,-6.408488993877579,13.166307479846493,,,,,,,,,,
JYOTISTRUC_MINED_BASE_G0_C1350,,0,3,3,close_ema_3_daily_volatility_5_daily >= 1.836598276929643 AND close_to_close_ema_3_daily_difference_pct >= 1.003098168620758 AND close_ema_13_daily_slope_pct >= 0.145719601926301,189,70,119,37.03703703703704,20.6143896523848,16.422647384652237,15.278900565885206,220.09125398889347,0,5.95,1.3093390218774272,247.46507513483377,-6.936684370911476,13.166307479846493,,,,,,,,,,
JYOTISTRUC_MINED_BASE_G0_C1351,,0,3,3,close_ema_3_daily_volatility_5_daily >= 1.836598276929643 AND close_to_close_ema_3_daily_difference_pct >= 1.003098168620758 AND close_to_close_ema_13_daily_difference_pct >= 0.8582022248527891,189,70,119,37.03703703703704,20.6143896523848,16.422647384652237,15.278900565885206,220.09125398889347,0,5.95,1.3093390218774272,247.46507513483377,-6.936684370911476,13.166307479846493,,,,,,,,,,
JYOTISTRUC_MINED_BASE_G0_C1352,,0,3,3,close_ema_3_daily_volatility_5_daily >= 1.836598276929643 AND close_ema_3_daily_slope_pct >= 1.0132621830219937 AND close_ema_13_daily_slope_pct >= 0.145719601926301,189,70,119,37.03703703703704,20.6143896523848,16.422647384652237,15.278900565885206,220.09125398889347,0,5.95,1.3093390218774272,247.46507513483377,-6.936684370911476,13.166307479846493,,,,,,,,,,
JYOTISTRUC_MINED_BASE_G0_C1353,,0,3,3,close_ema_3_daily_volatility_5_daily >= 1.836598276929643 AND close_ema_3_daily_slope_pct >= 1.0132621830219937 AND close_to_close_ema_13_daily_difference_pct >= 0.8582022248527891,189,70,119,37.03703703703704,20.6143896523848,16.422647384652237,15.278900565885206,220.09125398889347,0,5.95,1.3093390218774272,247.46507513483377,-6.936684370911476,13.166307479846493,,,,,,,,,,
JYOTISTRUC_MINED_BASE_G0_C1354,,0,3,3,close_ema_3_daily_slope_pct >= 0.2627015027787666 AND close_to_close_ema_8_daily_difference_pct >= 0.5493544276590487 AND close_ema_3_daily_range_5_pct >= 7.56636421937482,163,64,99,39.263803680981596,20.6143896523848,18.649414028596794,13.177041228779304,219.8639320815965,0,4.95,1.1889539795374977,193.79949866461212,-6.936684370911476,13.166307479846493,,,,,,,,,,
JYOTISTRUC_MINED_BASE_G0_C1355,,0,3,3,close_ema_3_daily_slope_pct >= 0.2627015027787666 AND close_ema_8_daily_slope_pct >= 0.15733448182659485 AND close_ema_3_daily_range_5_pct >= 7.56636421937482,163,64,99,39.263803680981596,20.6143896523848,18.649414028596794,13.177041228779304,219.8639320815965,0,4.95,1.1889539795374977,193.79949866461212,-6.936684370911476,13.166307479846493,,,,,,,,,,
JYOTISTRUC_MINED_BASE_G0_C1356,,0,3,3,close_to_close_ema_3_daily_difference_pct >= 0.2529055823789776 AND close_to_close_ema_8_daily_difference_pct >= 0.5493544276590487 AND close_ema_3_daily_range_5_pct >= 7.56636421937482,163,64,99,39.263803680981596,20.6143896523848,18.649414028596794,13.177041228779304,219.8639320815965,0,4.95,1.1889539795374977,193.79949866461212,-6.936684370911476,13.166307479846493,,,,,,,,,,
JYOTISTRUC_MINED_BASE_G0_C1357,,0,3,3,close_to_close_ema_3_daily_difference_pct >= 0.2529055823789776 AND close_ema_8_daily_slope_pct >= 0.15733448182659485 AND close_ema_3_daily_range_5_pct >= 7.56636421937482,163,64,99,39.263803680981596,20.6143896523848,18.649414028596794,13.177041228779304,219.8639320815965,0,4.95,1.1889539795374977,193.79949866461212,-6.936684370911476,13.166307479846493,,,,,,,,,,
JYOTISTRUC_MINED_BASE_G0_C1358,,0,3,3,close_ema_3_daily_volatility_5_daily >= 2.179806971968742 AND close_ema_3_daily_range_5_pct >= 6.513413502927244 AND close_ema_13_daily_slope_pct >= 0.145719601926301,193,71,122,36.787564766839374,20.6143896523848,16.173175114454573,15.602263540824577,219.85334870918604,0,6.1000000000000005,1.0291577123043898,198.62743847474724,-6.408488993877579,13.166307479846493,,,,,,,,,,
JYOTISTRUC_MINED_BASE_G0_C1359,,0,3,3,close_ema_3_daily_volatility_5_daily >= 2.179806971968742 AND close_ema_3_daily_range_5_pct >= 6.513413502927244 AND close_to_close_ema_13_daily_difference_pct >= 0.8582022248527891,193,71,122,36.787564766839374,20.6143896523848,16.173175114454573,15.602263540824577,219.85334870918604,0,6.1000000000000005,1.0291577123043898,198.62743847474724,-6.408488993877579,13.166307479846493,,,,,,,,,,
JYOTISTRUC_MINED_BASE_G0_C1360,,0,3,3,close_ema_3_daily_volatility_5_daily >= 1.836598276929643 AND close_ema_3_daily_range_5_pct >= 6.513413502927244 AND close_ema_13_daily_slope_pct >= 0.145719601926301,222,77,145,34.68468468468468,20.6143896523848,14.070295032299882,17.946645109135005,219.74829640650844,0,7.25,0.8822737483363375,195.86477213066692,-6.936684370911476,13.166307479846493,,,,,,,,,,
JYOTISTRUC_MINED_BASE_G0_C1361,,0,3,3,close_ema_3_daily_volatility_5_daily >= 1.836598276929643 AND close_ema_3_daily_range_5_pct >= 6.513413502927244 AND close_to_close_ema_13_daily_difference_pct >= 0.8582022248527891,222,77,145,34.68468468468468,20.6143896523848,14.070295032299882,17.946645109135005,219.74829640650844,0,7.25,0.8822737483363375,195.86477213066692,-6.936684370911476,13.166307479846493,,,,,,,,,,
JYOTISTRUC_MINED_BASE_G0_C1362,,0,3,3,close_ema_3_daily_slope_pct >= -0.28800660038466785 AND close_ema_3_daily_range_5_pct >= 6.513413502927244 AND close_ema_13_daily_slope_pct >= 0.145719601926301,218,76,142,34.862385321100916,20.6143896523848,14.247995668716115,17.623282134195634,219.39223247538956,0,7.1000000000000005,1.084084710602999,236.33046691145378,-6.936684370911476,13.166307479846493,,,,,,,,,,
JYOTISTRUC_MINED_BASE_G0_C1363,,0,3,3,close_ema_3_daily_slope_pct >= -0.28800660038466785 AND close_ema_3_daily_range_5_pct >= 6.513413502927244 AND close_to_close_ema_13_daily_difference_pct >= 0.8582022248527891,218,76,142,34.862385321100916,20.6143896523848,14.247995668716115,17.623282134195634,219.39223247538956,0,7.1000000000000005,1.084084710602999,236.33046691145378,-6.936684370911476,13.166307479846493,,,,,,,,,,
JYOTISTRUC_MINED_BASE_G0_C1364,,0,3,3,close_to_close_ema_3_daily_difference_pct >= -0.28338672864249204 AND close_ema_3_daily_range_5_pct >= 6.513413502927244 AND close_ema_13_daily_slope_pct >= 0.145719601926301,218,76,142,34.862385321100916,20.6143896523848,14.247995668716115,17.623282134195634,219.39223247538956,0,7.1000000000000005,1.084084710602999,236.33046691145378,-6.936684370911476,13.166307479846493,,,,,,,,,,
JYOTISTRUC_MINED_BASE_G0_C1365,,0,3,3,close_to_close_ema_3_daily_difference_pct >= -0.28338672864249204 AND close_ema_3_daily_range_5_pct >= 6.513413502927244 AND close_to_close_ema_13_daily_difference_pct >= 0.8582022248527891,218,76,142,34.862385321100916,20.6143896523848,14.247995668716115,17.623282134195634,219.39223247538956,0,7.1000000000000005,1.084084710602999,236.33046691145378,-6.936684370911476,13.166307479846493,,,,,,,,,,
JYOTISTRUC_MINED_BASE_G0_C1366,,0,3,3,close_ema_3_daily_volatility_5_daily >= 2.179806971968742 AND close_to_close_ema_8_daily_difference_pct >= 0.5493544276590487 AND close_ema_8_daily_volatility_5_daily >= 1.1949164066816405,203,73,130,35.960591133004925,20.6143896523848,15.346201480620124,16.410670978173002,219.3314423590902,0,6.5,1.033478318663199,209.79609868862943,-6.408488993877579,13.166307479846493,,,,,,,,,,
JYOTISTRUC_MINED_BASE_G0_C1367,,0,3,3,close_ema_3_daily_volatility_5_daily >= 2.179806971968742 AND close_ema_8_daily_slope_pct >= 0.15733448182659485 AND close_ema_8_daily_volatility_5_daily >= 1.1949164066816405,203,73,130,35.960591133004925,20.6143896523848,15.346201480620124,16.410670978173002,219.3314423590902,0,6.5,1.033478318663199,209.79609868862943,-6.408488993877579,13.166307479846493,,,,,,,,,,
JYOTISTRUC_MINED_BASE_G0_C1368,,0,3,3,close_ema_3_daily_slope_pct >= 1.9352918519347406 AND close_to_close_ema_8_daily_difference_pct >= 2.199870988161985 AND close_ema_3_daily_volatility_5_daily >= 2.6021671971237934,107,48,59,44.85981308411215,20.6143896523848,24.245423431727346,8.649959579628133,219.07596644271283,0,2.95,1.5996164280253582,171.15895779871332,-6.408488993877579,13.166307479846493,,,,,,,,,,
JYOTISTRUC_MINED_BASE_G0_C1369,,0,3,3,close_ema_3_daily_slope_pct >= 1.9352918519347406 AND close_ema_8_daily_slope_pct >= 0.6325101127513095 AND close_ema_3_daily_volatility_5_daily >= 2.6021671971237934,107,48,59,44.85981308411215,20.6143896523848,24.245423431727346,8.649959579628133,219.07596644271283,0,2.95,1.5996164280253582,171.15895779871332,-6.408488993877579,13.166307479846493,,,,,,,,,,
JYOTISTRUC_MINED_BASE_G0_C1370,,0,3,3,close_to_close_ema_3_daily_difference_pct >= 1.8888435519628795 AND close_to_close_ema_8_daily_difference_pct >= 2.199870988161985 AND close_ema_3_daily_volatility_5_daily >= 2.6021671971237934,107,48,59,44.85981308411215,20.6143896523848,24.245423431727346,8.649959579628133,219.07596644271283,0,2.95,1.5996164280253582,171.15895779871332,-6.408488993877579,13.166307479846493,,,,,,,,,,
JYOTISTRUC_MINED_BASE_G0_C1371,,0,3,3,close_to_close_ema_3_daily_difference_pct >= 1.8888435519628795 AND close_ema_8_daily_slope_pct >= 0.6325101127513095 AND close_ema_3_daily_volatility_5_daily >= 2.6021671971237934,107,48,59,44.85981308411215,20.6143896523848,24.245423431727346,8.649959579628133,219.07596644271283,0,2.95,1.5996164280253582,171.15895779871332,-6.408488993877579,13.166307479846493,,,,,,,,,,
JYOTISTRUC_MINED_BASE_G0_C1372,,0,2,2,close_ema_3_daily_slope_pct >= 0.2627015027787666 AND close_ema_8_daily_volatility_5_daily >= 1.1949164066816405,252,82,170,32.53968253968254,20.6143896523848,11.925292887297736,20.371867421180276,219.03049695452168,0,8.5,1.3013441726776651,327.93873151477163,-6.936684370911476,13.166307479846493,,,,,,,,,,
JYOTISTRUC_MINED_BASE_G0_C1373,,0,2,2,close_to_close_ema_3_daily_difference_pct >= 0.2529055823789776 AND close_ema_8_daily_volatility_5_daily >= 1.1949164066816405,252,82,170,32.53968253968254,20.6143896523848,11.925292887297736,20.371867421180276,219.03049695452168,0,8.5,1.3013441726776651,327.93873151477163,-6.936684370911476,13.166307479846493,,,,,,,,,,
JYOTISTRUC_MINED_BASE_G0_C1374,,0,3,3,close_ema_3_daily_slope_pct >= -0.28800660038466785 AND close_to_close_ema_3_daily_difference_pct >= 0.2529055823789776 AND close_ema_8_daily_volatility_5_daily >= 1.1949164066816405,252,82,170,32.53968253968254,20.6143896523848,11.925292887297736,20.371867421180276,219.03049695452168,0,8.5,1.3013441726776651,327.93873151477163,-6.936684370911476,13.166307479846493,,,,,,,,,,
JYOTISTRUC_MINED_BASE_G0_C1375,,0,3,3,close_to_close_ema_3_daily_difference_pct >= -0.28338672864249204 AND close_ema_3_daily_slope_pct >= 0.2627015027787666 AND close_ema_8_daily_volatility_5_daily >= 1.1949164066816405,252,82,170,32.53968253968254,20.6143896523848,11.925292887297736,20.371867421180276,219.03049695452168,0,8.5,1.3013441726776651,327.93873151477163,-6.936684370911476,13.166307479846493,,,,,,,,,,
JYOTISTRUC_MINED_BASE_G0_C1376,,0,3,3,close_ema_3_daily_slope_pct >= 0.2627015027787666 AND close_to_close_ema_3_daily_difference_pct >= 0.2529055823789776 AND close_ema_8_daily_volatility_5_daily >= 1.1949164066816405,252,82,170,32.53968253968254,20.6143896523848,11.925292887297736,20.371867421180276,219.03049695452168,0,8.5,1.3013441726776651,327.93873151477163,-6.936684370911476,13.166307479846493,,,,,,,,,,
JYOTISTRUC_MINED_BASE_G0_C1377,,0,3,3,close_ema_3_daily_volatility_5_daily >= 2.179806971968742 AND close_to_close_ema_8_daily_difference_pct >= 0.5493544276590487 AND close_ema_3_daily_range_5_pct >= 7.56636421937482,176,67,109,38.06818181818182,20.6143896523848,17.45379216579702,14.227970897332257,218.91189712477524,0,5.45,1.0309787652633795,181.4522626863548,-6.408488993877579,13.166307479846493,,,,,,,,,,
JYOTISTRUC_MINED_BASE_G0_C1378,,0,3,3,close_ema_3_daily_volatility_5_daily >= 2.179806971968742 AND close_ema_8_daily_slope_pct >= 0.15733448182659485 AND close_ema_3_daily_range_5_pct >= 7.56636421937482,176,67,109,38.06818181818182,20.6143896523848,17.45379216579702,14.227970897332257,218.91189712477524,0,5.45,1.0309787652633795,181.4522626863548,-6.408488993877579,13.166307479846493,,,,,,,,,,
JYOTISTRUC_MINED_BASE_G0_C1379,,0,3,3,close_ema_3_daily_slope_pct >= -0.28800660038466785 AND close_to_close_ema_8_daily_difference_pct >= 0.5493544276590487 AND close_ema_3_daily_range_5_pct >= 7.56636421937482,172,66,106,38.372093023255815,20.6143896523848,17.757703370871013,13.904607922392886,218.76826620296802,0,5.300000000000001,1.093249782870987,188.0389626538098,-6.936684370911476,13.166307479846493,,,,,,,,,,
JYOTISTRUC_MINED_BASE_G0_C1380,,0,3,3,close_ema_3_daily_slope_pct >= -0.28800660038466785 AND close_ema_8_daily_slope_pct >= 0.15733448182659485 AND close_ema_3_daily_range_5_pct >= 7.56636421937482,172,66,106,38.372093023255815,20.6143896523848,17.757703370871013,13.904607922392886,218.76826620296802,0,5.300000000000001,1.093249782870987,188.0389626538098,-6.936684370911476,13.166307479846493,,,,,,,,,,
JYOTISTRUC_MINED_BASE_G0_C1381,,0,3,3,close_to_close_ema_3_daily_difference_pct >= -0.28338672864249204 AND close_to_close_ema_8_daily_difference_pct >= 0.5493544276590487 AND close_ema_3_daily_range_5_pct >= 7.56636421937482,172,66,106,38.372093023255815,20.6143896523848,17.757703370871013,13.904607922392886,218.76826620296802,0,5.300000000000001,1.093249782870987,188.0389626538098,-6.936684370911476,13.166307479846493,,,,,,,,,,
JYOTISTRUC_MINED_BASE_G0_C1382,,0,3,3,close_to_close_ema_3_daily_difference_pct >= -0.28338672864249204 AND close_ema_8_daily_slope_pct >= 0.15733448182659485 AND close_ema_3_daily_range_5_pct >= 7.56636421937482,172,66,106,38.372093023255815,20.6143896523848,17.757703370871013,13.904607922392886,218.76826620296802,0,5.300000000000001,1.093249782870987,188.0389626538098,-6.936684370911476,13.166307479846493,,,,,,,,,,
JYOTISTRUC_MINED_BASE_G0_C1383,,0,3,3,close_ema_3_daily_volatility_5_daily >= 1.6353580277228665 AND close_ema_3_daily_range_5_pct >= 6.513413502927244 AND close_ema_13_daily_slope_pct >= 0.145719601926301,245,81,164,33.06122448979592,20.6143896523848,12.446834837411117,19.805982215036376,218.55736228213166,0,8.200000000000001,0.8410626983586859,206.06036109787803,-6.936684370911476,13.166307479846493,,,,,,,,,,
JYOTISTRUC_MINED_BASE_G0_C1384,,0,3,3,close_ema_3_daily_volatility_5_daily >= 1.6353580277228665 AND close_ema_3_daily_range_5_pct >= 6.513413502927244 AND close_to_close_ema_13_daily_difference_pct >= 0.8582022248527891,245,81,164,33.06122448979592,20.6143896523848,12.446834837411117,19.805982215036376,218.55736228213166,0,8.200000000000001,0.8410626983586859,206.06036109787803,-6.936684370911476,13.166307479846493,,,,,,,,,,
JYOTISTRUC_MINED_BASE_G0_C1385,,0,3,3,close_ema_3_daily_slope_pct >= 0.2627015027787666 AND close_ema_3_daily_range_5_pct >= 7.56636421937482 AND close_ema_13_daily_slope_pct >= 0.145719601926301,160,63,97,39.375,20.6143896523848,18.7606103476152,12.934518997574779,218.24620572555972,0,4.8500000000000005,1.097717995827904,175.63487933246464,-6.936684370911476,13.166307479846493,,,,,,,,,,
JYOTISTRUC_MINED_BASE_G0_C1386,,0,3,3,close_ema_3_daily_slope_pct >= 0.2627015027787666 AND close_ema_3_daily_range_5_pct >= 7.56636421937482 AND close_to_close_ema_13_daily_difference_pct >= 0.8582022248527891,160,63,97,39.375,20.6143896523848,18.7606103476152,12.934518997574779,218.24620572555972,0,4.8500000000000005,1.097717995827904,175.63487933246464,-6.936684370911476,13.166307479846493,,,,,,,,,,
JYOTISTRUC_MINED_BASE_G0_C1387,,0,3,3,close_to_close_ema_3_daily_difference_pct >= 0.2529055823789776 AND close_ema_3_daily_range_5_pct >= 7.56636421937482 AND close_ema_13_daily_slope_pct >= 0.145719601926301,160,63,97,39.375,20.6143896523848,18.7606103476152,12.934518997574779,218.24620572555972,0,4.8500000000000005,1.097717995827904,175.63487933246464,-6.936684370911476,13.166307479846493,,,,,,,,,,
JYOTISTRUC_MINED_BASE_G0_C1388,,0,3,3,close_to_close_ema_3_daily_difference_pct >= 0.2529055823789776 AND close_ema_3_daily_range_5_pct >= 7.56636421937482 AND close_to_close_ema_13_daily_difference_pct >= 0.8582022248527891,160,63,97,39.375,20.6143896523848,18.7606103476152,12.934518997574779,218.24620572555972,0,4.8500000000000005,1.097717995827904,175.63487933246464,-6.936684370911476,13.166307479846493,,,,,,,,,,
JYOTISTRUC_MINED_BASE_G0_C1389,,0,3,3,close_ema_3_daily_volatility_5_daily >= 1.6353580277228665 AND close_ema_3_daily_slope_pct >= 0.2627015027787666 AND close_ema_13_daily_slope_pct >= 0.145719601926301,252,82,170,32.53968253968254,20.6143896523848,11.925292887297736,20.371867421180276,218.03380389925317,0,8.5,0.9691131542548314,244.2165148722175,-6.936684370911476,13.166307479846493,,,,,,,,,,
JYOTISTRUC_MINED_BASE_G0_C1390,,0,3,3,close_ema_3_daily_volatility_5_daily >= 1.6353580277228665 AND close_ema_3_daily_slope_pct >= 0.2627015027787666 AND close_to_close_ema_13_daily_difference_pct >= 0.8582022248527891,252,82,170,32.53968253968254,20.6143896523848,11.925292887297736,20.371867421180276,218.03380389925317,0,8.5,0.9691131542548314,244.2165148722175,-6.936684370911476,13.166307479846493,,,,,,,,,,
JYOTISTRUC_MINED_BASE_G0_C1391,,0,3,3,close_ema_3_daily_volatility_5_daily >= 1.6353580277228665 AND close_to_close_ema_3_daily_difference_pct >= 0.2529055823789776 AND close_ema_13_daily_slope_pct >= 0.145719601926301,252,82,170,32.53968253968254,20.6143896523848,11.925292887297736,20.371867421180276,218.03380389925317,0,8.5,0.9691131542548314,244.2165148722175,-6.936684370911476,13.166307479846493,,,,,,,,,,
JYOTISTRUC_MINED_BASE_G0_C1392,,0,3,3,close_ema_3_daily_volatility_5_daily >= 1.6353580277228665 AND close_to_close_ema_3_daily_difference_pct >= 0.2529055823789776 AND close_to_close_ema_13_daily_difference_pct >= 0.8582022248527891,252,82,170,32.53968253968254,20.6143896523848,11.925292887297736,20.371867421180276,218.03380389925317,0,8.5,0.9691131542548314,244.2165148722175,-6.936684370911476,13.166307479846493,,,,,,,,,,
JYOTISTRUC_MINED_BASE_G0_C1393,,0,3,3,close_ema_3_daily_volatility_5_daily >= 1.836598276929643 AND close_ema_3_daily_range_5_pct >= 7.56636421937482 AND close_ema_13_daily_slope_pct >= 0.145719601926301,190,70,120,36.84210526315789,20.6143896523848,16.22771561077309,15.359741309620048,217.6238853485118,0,6,0.8284357648821233,157.40279532760343,-6.936684370911476,13.166307479846493,,,,,,,,,,
JYOTISTRUC_MINED_BASE_G0_C1394,,0,3,3,close_ema_3_daily_volatility_5_daily >= 1.836598276929643 AND close_ema_3_daily_range_5_pct >= 7.56636421937482 AND close_to_close_ema_13_daily_difference_pct >= 0.8582022248527891,190,70,120,36.84210526315789,20.6143896523848,16.22771561077309,15.359741309620048,217.6238853485118,0,6,0.8284357648821233,157.40279532760343,-6.936684370911476,13.166307479846493,,,,,,,,,,
JYOTISTRUC_MINED_BASE_G0_C1395,,0,3,3,close_ema_3_daily_range_5_pct >= 6.513413502927244 AND close_ema_13_daily_slope_pct >= 0.145719601926301 AND close_to_close_ema_8_daily_difference_pct >= 2.199870988161985,231,78,153,33.76623376623377,20.6143896523848,13.151844113848966,18.674211802748587,217.0541749116808,0,7.65,0.9816514474786586,226.76148436757015,-6.936684370911476,13.166307479846493,,,,,,,,,,
JYOTISTRUC_MINED_BASE_G0_C1396,,0,3,3,close_ema_3_daily_range_5_pct >= 6.513413502927244 AND close_ema_13_daily_slope_pct >= 0.145719601926301 AND close_ema_8_daily_slope_pct >= 0.6325101127513095,231,78,153,33.76623376623377,20.6143896523848,13.151844113848966,18.674211802748587,217.0541749116808,0,7.65,0.9816514474786586,226.76148436757015,-6.936684370911476,13.166307479846493,,,,,,,,,,
JYOTISTRUC_MINED_BASE_G0_C1397,,0,3,3,close_ema_3_daily_range_5_pct >= 6.513413502927244 AND close_to_close_ema_13_daily_difference_pct >= 0.8582022248527891 AND close_to_close_ema_8_daily_difference_pct >= 2.199870988161985,231,78,153,33.76623376623377,20.6143896523848,13.151844113848966,18.674211802748587,217.0541749116808,0,7.65,0.9816514474786586,226.76148436757015,-6.936684370911476,13.166307479846493,,,,,,,,,,
JYOTISTRUC_MINED_BASE_G0_C1398,,0,3,3,close_ema_3_daily_range_5_pct >= 6.513413502927244 AND close_to_close_ema_13_daily_difference_pct >= 0.8582022248527891 AND close_ema_8_daily_slope_pct >= 0.6325101127513095,231,78,153,33.76623376623377,20.6143896523848,13.151844113848966,18.674211802748587,217.0541749116808,0,7.65,0.9816514474786586,226.76148436757015,-6.936684370911476,13.166307479846493,,,,,,,,,,
JYOTISTRUC_MINED_BASE_G0_C1399,,0,3,3,close_ema_3_daily_slope_pct >= -0.28800660038466785 AND close_ema_3_daily_range_5_pct >= 7.56636421937482 AND close_ema_13_daily_slope_pct >= 0.145719601926301,169,65,104,38.46153846153847,20.6143896523848,17.847148809153666,13.662085691188357,217.05126493313514,0,5.2,1.0051736291222622,169.8743433216623,-6.936684370911476,13.166307479846493,,,,,,,,,,
JYOTISTRUC_MINED_BASE_G0_C1400,,0,3,3,close_ema_3_daily_slope_pct >= -0.28800660038466785 AND close_ema_3_daily_range_5_pct >= 7.56636421937482 AND close_to_close_ema_13_daily_difference_pct >= 0.8582022248527891,169,65,104,38.46153846153847,20.6143896523848,17.847148809153666,13.662085691188357,217.05126493313514,0,5.2,1.0051736291222622,169.8743433216623,-6.936684370911476,13.166307479846493,,,,,,,,,,
JYOTISTRUC_MINED_BASE_G0_C1401,,0,3,3,close_to_close_ema_3_daily_difference_pct >= -0.28338672864249204 AND close_ema_3_daily_range_5_pct >= 7.56636421937482 AND close_ema_13_daily_slope_pct >= 0.145719601926301,169,65,104,38.46153846153847,20.6143896523848,17.847148809153666,13.662085691188357,217.05126493313514,0,5.2,1.0051736291222622,169.8743433216623,-6.936684370911476,13.166307479846493,,,,,,,,,,
JYOTISTRUC_MINED_BASE_G0_C1402,,0,3,3,close_to_close_ema_3_daily_difference_pct >= -0.28338672864249204 AND close_ema_3_daily_range_5_pct >= 7.56636421937482 AND close_to_close_ema_13_daily_difference_pct >= 0.8582022248527891,169,65,104,38.46153846153847,20.6143896523848,17.847148809153666,13.662085691188357,217.05126493313514,0,5.2,1.0051736291222622,169.8743433216623,-6.936684370911476,13.166307479846493,,,,,,,,,,
JYOTISTRUC_MINED_BASE_G0_C1403,,0,3,3,close_ema_3_daily_slope_pct >= 0.2627015027787666 AND close_ema_3_daily_range_5_pct >= 7.56636421937482 AND close_to_close_ema_8_daily_difference_pct >= 2.199870988161985,161,63,98,39.130434782608695,20.6143896523848,18.516045130223894,13.01535974130962,216.9695141151336,0,4.9,1.0964294880047116,176.52514756875857,-6.936684370911476,13.166307479846493,,,,,,,,,,
JYOTISTRUC_MINED_BASE_G0_C1404,,0,3,3,close_ema_3_daily_slope_pct >= 0.2627015027787666 AND close_ema_3_daily_range_5_pct >= 7.56636421937482 AND close_ema_8_daily_slope_pct >= 0.6325101127513095,161,63,98,39.130434782608695,20.6143896523848,18.516045130223894,13.01535974130962,216.9695141151336,0,4.9,1.0964294880047116,176.52514756875857,-6.936684370911476,13.166307479846493,,,,,,,,,,
JYOTISTRUC_MINED_BASE_G0_C1405,,0,3,3,close_to_close_ema_3_daily_difference_pct >= 0.2529055823789776 AND close_ema_3_daily_range_5_pct >= 7.56636421937482 AND close_to_close_ema_8_daily_difference_pct >= 2.199870988161985,161,63,98,39.130434782608695,20.6143896523848,18.516045130223894,13.01535974130962,216.9695141151336,0,4.9,1.0964294880047116,176.52514756875857,-6.936684370911476,13.166307479846493,,,,,,,,,,
JYOTISTRUC_MINED_BASE_G0_C1406,,0,3,3,close_to_close_ema_3_daily_difference_pct >= 0.2529055823789776 AND close_ema_3_daily_range_5_pct >= 7.56636421937482 AND close_ema_8_daily_slope_pct >= 0.6325101127513095,161,63,98,39.130434782608695,20.6143896523848,18.516045130223894,13.01535974130962,216.9695141151336,0,4.9,1.0964294880047116,176.52514756875857,-6.936684370911476,13.166307479846493,,,,,,,,,,
JYOTISTRUC_MINED_BASE_G0_C1407,,0,3,3,close_ema_3_daily_range_5_pct >= 5.443470843473113 AND close_ema_3_daily_volatility_5_daily >= 2.179806971968742 AND close_ema_13_daily_slope_pct >= 0.145719601926301,201,72,129,35.82089552238806,20.6143896523848,15.206505870003255,16.248989490703313,216.55799914308102,0,6.45,0.9918232643549201,199.35647613533894,-6.408488993877579,13.166307479846493,,,,,,,,,,
JYOTISTRUC_MINED_BASE_G0_C1408,,0,3,3,close_ema_3_daily_range_5_pct >= 5.443470843473113 AND close_ema_3_daily_volatility_5_daily >= 2.179806971968742 AND close_to_close_ema_13_daily_difference_pct >= 0.8582022248527891,201,72,129,35.82089552238806,20.6143896523848,15.206505870003255,16.248989490703313,216.55799914308102,0,6.45,0.9918232643549201,199.35647613533894,-6.408488993877579,13.166307479846493,,,,,,,,,,
JYOTISTRUC_MINED_BASE_G0_C1409,,0,3,3,close_ema_3_daily_volatility_5_daily >= 1.6353580277228665 AND close_ema_3_daily_slope_pct >= -0.28800660038466785 AND close_ema_13_daily_slope_pct >= 0.145719601926301,272,85,187,31.25,20.6143896523848,10.635610347615199,21.988682295877123,216.3193717245839,0,9.35,0.830439995502631,225.87967877671565,-6.936684370911476,13.166307479846493,,,,,,,,,,
JYOTISTRUC_MINED_BASE_G0_C1410,,0,3,3,close_ema_3_daily_volatility_5_daily >= 1.6353580277228665 AND close_ema_3_daily_slope_pct >= -0.28800660038466785 AND close_to_close_ema_13_daily_difference_pct >= 0.8582022248527891,272,85,187,31.25,20.6143896523848,10.635610347615199,21.988682295877123,216.3193717245839,0,9.35,0.830439995502631,225.87967877671565,-6.936684370911476,13.166307479846493,,,,,,,,,,
JYOTISTRUC_MINED_BASE_G0_C1411,,0,3,3,close_ema_3_daily_volatility_5_daily >= 1.6353580277228665 AND close_to_close_ema_3_daily_difference_pct >= -0.28338672864249204 AND close_ema_13_daily_slope_pct >= 0.145719601926301,272,85,187,31.25,20.6143896523848,10.635610347615199,21.988682295877123,216.3193717245839,0,9.35,0.830439995502631,225.87967877671565,-6.936684370911476,13.166307479846493,,,,,,,,,,
JYOTISTRUC_MINED_BASE_G0_C1412,,0,3,3,close_ema_3_daily_volatility_5_daily >= 1.6353580277228665 AND close_to_close_ema_3_daily_difference_pct >= -0.28338672864249204 AND close_to_close_ema_13_daily_difference_pct >= 0.8582022248527891,272,85,187,31.25,20.6143896523848,10.635610347615199,21.988682295877123,216.3193717245839,0,9.35,0.830439995502631,225.87967877671565,-6.936684370911476,13.166307479846493,,,,,,,,,,
JYOTISTRUC_MINED_BASE_G0_C1413,,0,3,3,close_to_close_ema_3_daily_difference_pct >= 1.003098168620758 AND close_ema_3_daily_range_5_pct >= 6.513413502927244 AND close_ema_3_daily_volatility_5_daily >= 2.6021671971237934,125,53,72,42.4,20.6143896523848,21.785610347615197,10.105092966855295,215.90067792649856,0,3.6,1.5242087294741913,190.52609118427392,-6.408488993877579,13.166307479846493,,,,,,,,,,
JYOTISTRUC_MINED_BASE_G0_C1414,,0,3,3,close_ema_3_daily_slope_pct >= 1.0132621830219937 AND close_ema_3_daily_range_5_pct >= 6.513413502927244 AND close_ema_3_daily_volatility_5_daily >= 2.6021671971237934,125,53,72,42.4,20.6143896523848,21.785610347615197,10.105092966855295,215.90067792649856,0,3.6,1.5242087294741913,190.52609118427392,-6.408488993877579,13.166307479846493,,,,,,,,,,
JYOTISTRUC_MINED_BASE_G0_C1415,,0,3,3,close_ema_3_daily_slope_pct >= -0.28800660038466785 AND close_ema_3_daily_range_5_pct >= 7.56636421937482 AND close_to_close_ema_8_daily_difference_pct >= 2.199870988161985,170,65,105,38.23529411764706,20.6143896523848,17.620904465262257,13.7429264349232,215.86801547145168,0,5.25,1.004497715046801,170.7646115579562,-6.936684370911476,13.166307479846493,,,,,,,,,,
JYOTISTRUC_MINED_BASE_G0_C1416,,0,3,3,close_ema_3_daily_slope_pct >= -0.28800660038466785 AND close_ema_3_daily_range_5_pct >= 7.56636421937482 AND close_ema_8_daily_slope_pct >= 0.6325101127513095,170,65,105,38.23529411764706,20.6143896523848,17.620904465262257,13.7429264349232,215.86801547145168,0,5.25,1.004497715046801,170.7646115579562,-6.936684370911476,13.166307479846493,,,,,,,,,,
JYOTISTRUC_MINED_BASE_G0_C1417,,0,3,3,close_to_close_ema_3_daily_difference_pct >= -0.28338672864249204 AND close_ema_3_daily_range_5_pct >= 7.56636421937482 AND close_to_close_ema_8_daily_difference_pct >= 2.199870988161985,170,65,105,38.23529411764706,20.6143896523848,17.620904465262257,13.7429264349232,215.86801547145168,0,5.25,1.004497715046801,170.7646115579562,-6.936684370911476,13.166307479846493,,,,,,,,,,
JYOTISTRUC_MINED_BASE_G0_C1418,,0,3,3,close_to_close_ema_3_daily_difference_pct >= -0.28338672864249204 AND close_ema_3_daily_range_5_pct >= 7.56636421937482 AND close_ema_8_daily_slope_pct >= 0.6325101127513095,170,65,105,38.23529411764706,20.6143896523848,17.620904465262257,13.7429264349232,215.86801547145168,0,5.25,1.004497715046801,170.7646115579562,-6.936684370911476,13.166307479846493,,,,,,,,,,
JYOTISTRUC_MINED_BASE_G0_C1419,,0,3,3,close_ema_3_daily_volatility_5_daily >= 2.179806971968742 AND close_to_close_ema_8_daily_difference_pct >= 0.5493544276590487 AND close_ema_13_daily_slope_pct >= 0.145719601926301,207,73,134,35.26570048309179,20.6143896523848,14.65131083070699,16.734033953112366,215.51088237482043,0,6.7,0.9847760737618244,203.84864726869765,-6.408488993877579,13.166307479846493,,,,,,,,,,
JYOTISTRUC_MINED_BASE_G0_C1420,,0,3,3,close_ema_3_daily_volatility_5_daily >= 2.179806971968742 AND close_to_close_ema_8_daily_difference_pct >= 0.5493544276590487 AND close_to_close_ema_13_daily_difference_pct >= 0.8582022248527891,207,73,134,35.26570048309179,20.6143896523848,14.65131083070699,16.734033953112366,215.51088237482043,0,6.7,0.9847760737618244,203.84864726869765,-6.408488993877579,13.166307479846493,,,,,,,,,,
JYOTISTRUC_MINED_BASE_G0_C1421,,0,3,3,close_ema_3_daily_volatility_5_daily >= 2.179806971968742 AND close_ema_8_daily_slope_pct >= 0.15733448182659485 AND close_ema_13_daily_slope_pct >= 0.145719601926301,207,73,134,35.26570048309179,20.6143896523848,14.65131083070699,16.734033953112366,215.51088237482043,0,6.7,0.9847760737618244,203.84864726869765,-6.408488993877579,13.166307479846493,,,,,,,,,,
JYOTISTRUC_MINED_BASE_G0_C1422,,0,3,3,close_ema_3_daily_volatility_5_daily >= 2.179806971968742 AND close_ema_8_daily_slope_pct >= 0.15733448182659485 AND close_to_close_ema_13_daily_difference_pct >= 0.8582022248527891,207,73,134,35.26570048309179,20.6143896523848,14.65131083070699,16.734033953112366,215.51088237482043,0,6.7,0.9847760737618244,203.84864726869765,-6.408488993877579,13.166307479846493,,,,,,,,,,
JYOTISTRUC_MINED_BASE_G0_C1423,,0,3,3,close_ema_3_daily_slope_pct >= 0.2627015027787666 AND close_ema_3_daily_range_5_pct >= 6.513413502927244 AND close_ema_8_daily_volatility_5_daily >= 1.1949164066816405,194,70,124,36.08247422680412,20.6143896523848,15.468084574419322,15.683104284559418,215.27991559015078,0,6.2,1.37983090601805,267.6871957675017,-6.936684370911476,13.166307479846493,,,,,,,,,,
JYOTISTRUC_MINED_BASE_G0_C1424,,0,3,3,close_to_close_ema_3_daily_difference_pct >= 0.2529055823789776 AND close_ema_3_daily_range_5_pct >= 6.513413502927244 AND close_ema_8_daily_volatility_5_daily >= 1.1949164066816405,194,70,124,36.08247422680412,20.6143896523848,15.468084574419322,15.683104284559418,215.27991559015078,0,6.2,1.37983090601805,267.6871957675017,-6.936684370911476,13.166307479846493,,,,,,,,,,
JYOTISTRUC_MINED_BASE_G0_C1425,,0,3,3,close_ema_3_daily_volatility_5_daily >= 2.179806971968742 AND close_ema_3_daily_range_5_pct >= 7.56636421937482 AND close_ema_13_daily_slope_pct >= 0.145719601926301,175,66,109,37.714285714285715,20.6143896523848,17.099896061900914,14.147130153597413,214.90306187800797,0,5.45,0.9511938561677997,166.45892482936495,-6.408488993877579,13.166307479846493,,,,,,,,,,
JYOTISTRUC_MINED_BASE_G0_C1426,,0,3,3,close_ema_3_daily_volatility_5_daily >= 2.179806971968742 AND close_ema_3_daily_range_5_pct >= 7.56636421937482 AND close_to_close_ema_13_daily_difference_pct >= 0.8582022248527891,175,66,109,37.714285714285715,20.6143896523848,17.099896061900914,14.147130153597413,214.90306187800797,0,5.45,0.9511938561677997,166.45892482936495,-6.408488993877579,13.166307479846493,,,,,,,,,,
JYOTISTRUC_MINED_BASE_G0_C1427,,0,3,3,close_ema_3_daily_volatility_5_daily >= 1.6353580277228665 AND close_ema_13_daily_slope_pct >= 0.145719601926301 AND close_to_close_ema_8_daily_difference_pct >= 2.199870988161985,281,86,195,30.604982206405694,20.6143896523848,9.990592554020893,22.716248989490705,214.44493272259513,0,9.75,0.7473233174968789,209.99785221662296,-6.936684370911476,13.166307479846493,,,,,,,,,,
JYOTISTRUC_MINED_BASE_G0_C1428,,0,3,3,close_ema_3_daily_volatility_5_daily >= 1.6353580277228665 AND close_ema_13_daily_slope_pct >= 0.145719601926301 AND close_ema_8_daily_slope_pct >= 0.6325101127513095,281,86,195,30.604982206405694,20.6143896523848,9.990592554020893,22.716248989490705,214.44493272259513,0,9.75,0.7473233174968789,209.99785221662296,-6.936684370911476,13.166307479846493,,,,,,,,,,
JYOTISTRUC_MINED_BASE_G0_C1429,,0,3,3,close_ema_3_daily_volatility_5_daily >= 1.6353580277228665 AND close_to_close_ema_13_daily_difference_pct >= 0.8582022248527891 AND close_to_close_ema_8_daily_difference_pct >= 2.199870988161985,281,86,195,30.604982206405694,20.6143896523848,9.990592554020893,22.716248989490705,214.44493272259513,0,9.75,0.7473233174968789,209.99785221662296,-6.936684370911476,13.166307479846493,,,,,,,,,,
JYOTISTRUC_MINED_BASE_G0_C1430,,0,3,3,close_ema_3_daily_volatility_5_daily >= 1.6353580277228665 AND close_to_close_ema_13_daily_difference_pct >= 0.8582022248527891 AND close_ema_8_daily_slope_pct >= 0.6325101127513095,281,86,195,30.604982206405694,20.6143896523848,9.990592554020893,22.716248989490705,214.44493272259513,0,9.75,0.7473233174968789,209.99785221662296,-6.936684370911476,13.166307479846493,,,,,,,,,,
JYOTISTRUC_MINED_BASE_G0_C1431,,0,3,3,close_ema_3_daily_volatility_5_daily >= 2.179806971968742 AND close_ema_3_daily_range_5_pct >= 6.513413502927244 AND close_to_close_ema_8_daily_difference_pct >= 2.199870988161985,185,68,117,36.75675675675676,20.6143896523848,16.142367104371957,14.955537590945836,214.1108061847156,0,5.8500000000000005,1.0829902209519473,200.35319087611026,-6.408488993877579,13.166307479846493,,,,,,,,,,
JYOTISTRUC_MINED_BASE_G0_C1432,,0,3,3,close_ema_3_daily_volatility_5_daily >= 2.179806971968742 AND close_ema_3_daily_range_5_pct >= 6.513413502927244 AND close_ema_8_daily_slope_pct >= 0.6325101127513095,185,68,117,36.75675675675676,20.6143896523848,16.142367104371957,14.955537590945836,214.1108061847156,0,5.8500000000000005,1.0829902209519473,200.35319087611026,-6.408488993877579,13.166307479846493,,,,,,,,,,
JYOTISTRUC_MINED_BASE_G0_C1433,,0,3,3,close_ema_3_daily_range_5_pct >= 5.443470843473113 AND close_ema_3_daily_volatility_5_daily >= 1.836598276929643 AND close_ema_13_daily_slope_pct >= 0.145719601926301,240,79,161,32.916666666666664,20.6143896523848,12.302277014281863,19.401778496362166,213.75450432181947,0,8.05,0.7643730834700566,183.4495400328136,-6.936684370911476,13.166307479846493,,,,,,,,,,
JYOTISTRUC_MINED_BASE_G0_C1434,,0,3,3,close_ema_3_daily_range_5_pct >= 5.443470843473113 AND close_ema_3_daily_volatility_5_daily >= 1.836598276929643 AND close_to_close_ema_13_daily_difference_pct >= 0.8582022248527891,240,79,161,32.916666666666664,20.6143896523848,12.302277014281863,19.401778496362166,213.75450432181947,0,8.05,0.7643730834700566,183.4495400328136,-6.936684370911476,13.166307479846493,,,,,,,,,,
JYOTISTRUC_MINED_BASE_G0_C1435,,0,2,2,close_ema_3_daily_volatility_5_daily >= 2.179806971968742 AND close_ema_13_daily_slope_pct >= 0.145719601926301,214,74,140,34.57943925233645,20.6143896523848,13.965049599951648,17.299919159256266,213.51834509824934,0,7,0.8976990328303729,192.1075930256998,-6.408488993877579,13.166307479846493,,,,,,,,,,
JYOTISTRUC_MINED_BASE_G0_C1436,,0,2,2,close_ema_3_daily_volatility_5_daily >= 2.179806971968742 AND close_to_close_ema_13_daily_difference_pct >= 0.8582022248527891,214,74,140,34.57943925233645,20.6143896523848,13.965049599951648,17.299919159256266,213.51834509824934,0,7,0.8976990328303729,192.1075930256998,-6.408488993877579,13.166307479846493,,,,,,,,,,
JYOTISTRUC_MINED_BASE_G0_C1437,,0,3,3,close_ema_3_daily_volatility_5_daily >= 2.179806971968742 AND close_ema_13_daily_slope_pct >= 0.145719601926301 AND close_to_close_ema_13_daily_difference_pct >= 0.8582022248527891,214,74,140,34.57943925233645,20.6143896523848,13.965049599951648,17.299919159256266,213.51834509824934,0,7,0.8976990328303729,192.1075930256998,-6.408488993877579,13.166307479846493,,,,,,,,,,
JYOTISTRUC_MINED_BASE_G0_C1438,,0,2,2,close_ema_3_daily_range_5_pct >= 7.56636421937482 AND close_to_close_ema_8_daily_difference_pct >= 2.199870988161985,185,68,117,36.75675675675676,20.6143896523848,16.142367104371957,14.955537590945836,213.3709978521729,0,5.8500000000000005,0.8363874434377061,154.73167703597562,-6.936684370911476,13.166307479846493,,,,,,,,,,
JYOTISTRUC_MINED_BASE_G0_C1439,,0,2,2,close_ema_3_daily_range_5_pct >= 7.56636421937482 AND close_ema_8_daily_slope_pct >= 0.6325101127513095,185,68,117,36.75675675675676,20.6143896523848,16.142367104371957,14.955537590945836,213.3709978521729,0,5.8500000000000005,0.8363874434377061,154.73167703597562,-6.936684370911476,13.166307479846493,,,,,,,,,,
JYOTISTRUC_MINED_BASE_G0_C1440,,0,3,3,close_ema_3_daily_volatility_5_daily >= 1.6353580277228665 AND close_ema_3_daily_range_5_pct >= 7.56636421937482 AND close_to_close_ema_8_daily_difference_pct >= 2.199870988161985,185,68,117,36.75675675675676,20.6143896523848,16.142367104371957,14.955537590945836,213.3709978521729,0,5.8500000000000005,0.8363874434377061,154.73167703597562,-6.936684370911476,13.166307479846493,,,,,,,,,,
JYOTISTRUC_MINED_BASE_G0_C1441,,0,3,3,close_ema_3_daily_volatility_5_daily >= 1.6353580277228665 AND close_ema_3_daily_range_5_pct >= 7.56636421937482 AND close_ema_8_daily_slope_pct >= 0.6325101127513095,185,68,117,36.75675675675676,20.6143896523848,16.142367104371957,14.955537590945836,213.3709978521729,0,5.8500000000000005,0.8363874434377061,154.73167703597562,-6.936684370911476,13.166307479846493,,,,,,,,,,
JYOTISTRUC_MINED_BASE_G0_C1442,,0,3,3,close_to_close_ema_8_daily_difference_pct >= 0.5493544276590487 AND close_ema_3_daily_range_5_pct >= 7.56636421937482 AND close_ema_8_daily_slope_pct >= 0.6325101127513095,185,68,117,36.75675675675676,20.6143896523848,16.142367104371957,14.955537590945836,213.3709978521729,0,5.8500000000000005,0.8363874434377061,154.73167703597562,-6.936684370911476,13.166307479846493,,,,,,,,,,
JYOTISTRUC_MINED_BASE_G0_C1443,,0,3,3,close_ema_8_daily_slope_pct >= 0.15733448182659485 AND close_ema_3_daily_range_5_pct >= 7.56636421937482 AND close_to_close_ema_8_daily_difference_pct >= 2.199870988161985,185,68,117,36.75675675675676,20.6143896523848,16.142367104371957,14.955537590945836,213.3709978521729,0,5.8500000000000005,0.8363874434377061,154.73167703597562,-6.936684370911476,13.166307479846493,,,,,,,,,,
JYOTISTRUC_MINED_BASE_G0_C1444,,0,3,3,close_ema_3_daily_range_5_pct >= 7.56636421937482 AND close_to_close_ema_8_daily_difference_pct >= 2.199870988161985 AND close_ema_8_daily_slope_pct >= 0.6325101127513095,185,68,117,36.75675675675676,20.6143896523848,16.142367104371957,14.955537590945836,213.3709978521729,0,5.8500000000000005,0.8363874434377061,154.73167703597562,-6.936684370911476,13.166307479846493,,,,,,,,,,
JYOTISTRUC_MINED_BASE_G0_C1445,,0,3,3,close_ema_3_daily_slope_pct >= -0.28800660038466785 AND close_ema_3_daily_volatility_5_daily >= 2.179806971968742 AND close_ema_13_daily_slope_pct >= 0.145719601926301,182,67,115,36.81318681318682,20.6143896523848,16.198797160802016,14.713015359741311,212.8005554326056,0,5.75,1.185523209531832,215.76522413479344,-6.408488993877579,13.166307479846493,,,,,,,,,,
JYOTISTRUC_MINED_BASE_G0_C1446,,0,3,3,close_ema_3_daily_slope_pct >= -0.28800660038466785 AND close_ema_3_daily_volatility_5_daily >= 2.179806971968742 AND close_to_close_ema_13_daily_difference_pct >= 0.8582022248527891,182,67,115,36.81318681318682,20.6143896523848,16.198797160802016,14.713015359741311,212.8005554326056,0,5.75,1.185523209531832,215.76522413479344,-6.408488993877579,13.166307479846493,,,,,,,,,,
JYOTISTRUC_MINED_BASE_G0_C1447,,0,3,3,close_to_close_ema_3_daily_difference_pct >= -0.28338672864249204 AND close_ema_3_daily_volatility_5_daily >= 2.179806971968742 AND close_ema_13_daily_slope_pct >= 0.145719601926301,182,67,115,36.81318681318682,20.6143896523848,16.198797160802016,14.713015359741311,212.8005554326056,0,5.75,1.185523209531832,215.76522413479344,-6.408488993877579,13.166307479846493,,,,,,,,,,
JYOTISTRUC_MINED_BASE_G0_C1448,,0,3,3,close_to_close_ema_3_daily_difference_pct >= -0.28338672864249204 AND close_ema_3_daily_volatility_5_daily >= 2.179806971968742 AND close_to_close_ema_13_daily_difference_pct >= 0.8582022248527891,182,67,115,36.81318681318682,20.6143896523848,16.198797160802016,14.713015359741311,212.8005554326056,0,5.75,1.185523209531832,215.76522413479344,-6.408488993877579,13.166307479846493,,,,,,,,,,
JYOTISTRUC_MINED_BASE_G0_C1449,,0,3,3,close_ema_3_daily_volatility_5_daily >= 1.836598276929643 AND close_ema_3_daily_range_5_pct >= 6.513413502927244 AND close_to_close_ema_8_daily_difference_pct >= 2.199870988161985,210,73,137,34.76190476190476,20.6143896523848,14.147515109519958,16.976556184316895,212.77519340084257,0,6.8500000000000005,0.9625392844142562,202.1332497269938,-6.936684370911476,13.166307479846493,,,,,,,,,,
JYOTISTRUC_MINED_BASE_G0_C1450,,0,3,3,close_ema_3_daily_volatility_5_daily >= 1.836598276929643 AND close_ema_3_daily_range_5_pct >= 6.513413502927244 AND close_ema_8_daily_slope_pct >= 0.6325101127513095,210,73,137,34.76190476190476,20.6143896523848,14.147515109519958,16.976556184316895,212.77519340084257,0,6.8500000000000005,0.9625392844142562,202.1332497269938,-6.936684370911476,13.166307479846493,,,,,,,,,,
JYOTISTRUC_MINED_BASE_G0_C1451,,0,3,3,close_ema_3_daily_volatility_5_daily >= 1.6353580277228665 AND close_ema_3_daily_range_5_pct >= 6.513413502927244 AND close_to_close_ema_8_daily_difference_pct >= 2.199870988161985,231,77,154,33.33333333333333,20.6143896523848,12.718943680948527,18.674211802748587,212.75635189176973,0,7.7,0.9538778290090215,220.34577850108397,-6.936684370911476,13.166307479846493,,,,,,,,,,
JYOTISTRUC_MINED_BASE_G0_C1452,,0,3,3,close_ema_3_daily_volatility_5_daily >= 1.6353580277228665 AND close_ema_3_daily_range_5_pct >= 6.513413502927244 AND close_ema_8_daily_slope_pct >= 0.6325101127513095,231,77,154,33.33333333333333,20.6143896523848,12.718943680948527,18.674211802748587,212.75635189176973,0,7.7,0.9538778290090215,220.34577850108397,-6.936684370911476,13.166307479846493,,,,,,,,,,
JYOTISTRUC_MINED_BASE_G0_C1453,,0,3,3,close_to_close_ema_8_daily_difference_pct >= 0.5493544276590487 AND close_ema_3_daily_range_5_pct >= 7.56636421937482 AND close_ema_8_daily_volatility_5_daily >= 1.1949164066816405,177,66,111,37.28813559322034,20.6143896523848,16.673745940835538,14.308811641067098,212.6943661739854,0,5.550000000000001,0.958545489935903,169.66255171865484,-6.936684370911476,13.166307479846493,,,,,,,,,,
JYOTISTRUC_MINED_BASE_G0_C1454,,0,3,3,close_ema_8_daily_slope_pct >= 0.15733448182659485 AND close_ema_3_daily_range_5_pct >= 7.56636421937482 AND close_ema_8_daily_volatility_5_daily >= 1.1949164066816405,177,66,111,37.28813559322034,20.6143896523848,16.673745940835538,14.308811641067098,212.6943661739854,0,5.550000000000001,0.958545489935903,169.66255171865484,-6.936684370911476,13.166307479846493,,,,,,,,,,
JYOTISTRUC_MINED_BASE_G0_C1455,,0,3,3,close_ema_3_daily_slope_pct >= 0.2627015027787666 AND close_ema_3_daily_volatility_5_daily >= 2.179806971968742 AND close_ema_13_daily_slope_pct >= 0.145719601926301,174,65,109,37.35632183908046,20.6143896523848,16.741932186695657,14.06628940986257,212.06291341870428,0,5.45,1.2677508284086572,220.58864414310634,-6.408488993877579,13.166307479846493,,,,,,,,,,
JYOTISTRUC_MINED_BASE_G0_C1456,,0,3,3,close_ema_3_daily_slope_pct >= 0.2627015027787666 AND close_ema_3_daily_volatility_5_daily >= 2.179806971968742 AND close_to_close_ema_13_daily_difference_pct >= 0.8582022248527891,174,65,109,37.35632183908046,20.6143896523848,16.741932186695657,14.06628940986257,212.06291341870428,0,5.45,1.2677508284086572,220.58864414310634,-6.408488993877579,13.166307479846493,,,,,,,,,,
JYOTISTRUC_MINED_BASE_G0_C1457,,0,3,3,close_to_close_ema_3_daily_difference_pct >= 0.2529055823789776 AND close_ema_3_daily_volatility_5_daily >= 2.179806971968742 AND close_ema_13_daily_slope_pct >= 0.145719601926301,174,65,109,37.35632183908046,20.6143896523848,16.741932186695657,14.06628940986257,212.06291341870428,0,5.45,1.2677508284086572,220.58864414310634,-6.408488993877579,13.166307479846493,,,,,,,,,,
JYOTISTRUC_MINED_BASE_G0_C1458,,0,3,3,close_to_close_ema_3_daily_difference_pct >= 0.2529055823789776 AND close_ema_3_daily_volatility_5_daily >= 2.179806971968742 AND close_to_close_ema_13_daily_difference_pct >= 0.8582022248527891,174,65,109,37.35632183908046,20.6143896523848,16.741932186695657,14.06628940986257,212.06291341870428,0,5.45,1.2677508284086572,220.58864414310634,-6.408488993877579,13.166307479846493,,,,,,,,,,
JYOTISTRUC_MINED_BASE_G0_C1459,,0,3,3,close_ema_3_daily_volatility_5_daily >= 1.836598276929643 AND close_to_close_ema_8_daily_difference_pct >= 0.5493544276590487 AND close_ema_13_daily_slope_pct >= 0.145719601926301,260,82,178,31.538461538461537,20.6143896523848,10.924071886076735,21.018593371059012,212.0240639471718,0,8.9,0.767901505596048,199.65439145497248,-6.936684370911476,13.166307479846493,,,,,,,,,,
JYOTISTRUC_MINED_BASE_G0_C1460,,0,3,3,close_ema_3_daily_volatility_5_daily >= 1.836598276929643 AND close_to_close_ema_8_daily_difference_pct >= 0.5493544276590487 AND close_to_close_ema_13_daily_difference_pct >= 0.8582022248527891,260,82,178,31.538461538461537,20.6143896523848,10.924071886076735,21.018593371059012,212.0240639471718,0,8.9,0.767901505596048,199.65439145497248,-6.936684370911476,13.166307479846493,,,,,,,,,,
JYOTISTRUC_MINED_BASE_G0_C1461,,0,3,3,close_ema_3_daily_volatility_5_daily >= 1.836598276929643 AND close_ema_8_daily_slope_pct >= 0.15733448182659485 AND close_ema_13_daily_slope_pct >= 0.145719601926301,260,82,178,31.538461538461537,20.6143896523848,10.924071886076735,21.018593371059012,212.0240639471718,0,8.9,0.767901505596048,199.65439145497248,-6.936684370911476,13.166307479846493,,,,,,,,,,
JYOTISTRUC_MINED_BASE_G0_C1462,,0,3,3,close_ema_3_daily_volatility_5_daily >= 1.836598276929643 AND close_ema_8_daily_slope_pct >= 0.15733448182659485 AND close_to_close_ema_13_daily_difference_pct >= 0.8582022248527891,260,82,178,31.538461538461537,20.6143896523848,10.924071886076735,21.018593371059012,212.0240639471718,0,8.9,0.767901505596048,199.65439145497248,-6.936684370911476,13.166307479846493,,,,,,,,,,
JYOTISTRUC_MINED_BASE_G0_C1463,,0,3,3,close_ema_3_daily_range_5_pct >= 7.56636421937482 AND close_ema_13_daily_slope_pct >= 0.145719601926301 AND close_to_close_ema_8_daily_difference_pct >= 2.199870988161985,182,67,115,36.81318681318682,20.6143896523848,16.198797160802016,14.713015359741311,211.77549577747317,0,5.75,0.8438366578210257,153.57827172342667,-6.936684370911476,13.166307479846493,,,,,,,,,,
JYOTISTRUC_MINED_BASE_G0_C1464,,0,3,3,close_ema_3_daily_range_5_pct >= 7.56636421937482 AND close_ema_13_daily_slope_pct >= 0.145719601926301 AND close_ema_8_daily_slope_pct >= 0.6325101127513095,182,67,115,36.81318681318682,20.6143896523848,16.198797160802016,14.713015359741311,211.77549577747317,0,5.75,0.8438366578210257,153.57827172342667,-6.936684370911476,13.166307479846493,,,,,,,,,,
JYOTISTRUC_MINED_BASE_G0_C1465,,0,3,3,close_ema_3_daily_range_5_pct >= 7.56636421937482 AND close_to_close_ema_13_daily_difference_pct >= 0.8582022248527891 AND close_to_close_ema_8_daily_difference_pct >= 2.199870988161985,182,67,115,36.81318681318682,20.6143896523848,16.198797160802016,14.713015359741311,211.77549577747317,0,5.75,0.8438366578210257,153.57827172342667,-6.936684370911476,13.166307479846493,,,,,,,,,,
JYOTISTRUC_MINED_BASE_G0_C1466,,0,3,3,close_ema_3_daily_range_5_pct >= 7.56636421937482 AND close_to_close_ema_13_daily_difference_pct >= 0.8582022248527891 AND close_ema_8_daily_slope_pct >= 0.6325101127513095,182,67,115,36.81318681318682,20.6143896523848,16.198797160802016,14.713015359741311,211.77549577747317,0,5.75,0.8438366578210257,153.57827172342667,-6.936684370911476,13.166307479846493,,,,,,,,,,
JYOTISTRUC_MINED_BASE_G0_C1467,,0,3,3,close_to_close_ema_3_daily_difference_pct >= 1.003098168620758 AND close_ema_3_daily_range_5_pct >= 7.56636421937482 AND close_ema_3_daily_volatility_5_daily >= 2.6021671971237934,121,51,70,42.14876033057851,20.6143896523848,21.53437067819371,9.781729991915926,210.49739237452022,0,3.5,1.4418463278505578,174.46340566991748,-6.408488993877579,13.166307479846493,,,,,,,,,,
JYOTISTRUC_MINED_BASE_G0_C1468,,0,3,3,close_ema_3_daily_slope_pct >= 1.0132621830219937 AND close_ema_3_daily_range_5_pct >= 7.56636421937482 AND close_ema_3_daily_volatility_5_daily >= 2.6021671971237934,121,51,70,42.14876033057851,20.6143896523848,21.53437067819371,9.781729991915926,210.49739237452022,0,3.5,1.4418463278505578,174.46340566991748,-6.408488993877579,13.166307479846493,,,,,,,,,,
JYOTISTRUC_MINED_BASE_G0_C1469,,0,3,3,close_ema_3_daily_volatility_5_daily >= 2.179806971968742 AND close_ema_8_daily_volatility_5_daily >= 1.1949164066816405 AND close_to_close_ema_8_daily_difference_pct >= 2.199870988161985,189,68,121,35.978835978835974,20.6143896523848,15.364446326451173,15.278900565885206,209.77870380831484,0,6.050000000000001,1.002157392019662,189.40774709171612,-6.408488993877579,13.166307479846493,,,,,,,,,,
JYOTISTRUC_MINED_BASE_G0_C1470,,0,3,3,close_ema_3_daily_volatility_5_daily >= 2.179806971968742 AND close_ema_8_daily_volatility_5_daily >= 1.1949164066816405 AND close_ema_8_daily_slope_pct >= 0.6325101127513095,189,68,121,35.978835978835974,20.6143896523848,15.364446326451173,15.278900565885206,209.77870380831484,0,6.050000000000001,1.002157392019662,189.40774709171612,-6.408488993877579,13.166307479846493,,,,,,,,,,
JYOTISTRUC_MINED_BASE_G0_C1471,,0,3,3,close_ema_3_daily_volatility_5_daily >= 1.836598276929643 AND close_to_close_ema_8_daily_difference_pct >= 0.5493544276590487 AND close_ema_8_daily_volatility_5_daily >= 1.1949164066816405,235,77,158,32.76595744680851,20.6143896523848,12.151567794423705,18.997574777687955,209.5559781640995,0,7.9,0.8993797306603328,211.3542367051782,-6.936684370911476,13.166307479846493,,,,,,,,,,
JYOTISTRUC_MINED_BASE_G0_C1472,,0,3,3,close_ema_3_daily_volatility_5_daily >= 1.836598276929643 AND close_ema_8_daily_slope_pct >= 0.15733448182659485 AND close_ema_8_daily_volatility_5_daily >= 1.1949164066816405,235,77,158,32.76595744680851,20.6143896523848,12.151567794423705,18.997574777687955,209.5559781640995,0,7.9,0.8993797306603328,211.3542367051782,-6.936684370911476,13.166307479846493,,,,,,,,,,
JYOTISTRUC_MINED_BASE_G0_C1473,,0,2,2,close_ema_3_daily_volatility_5_daily >= 1.836598276929643 AND close_ema_13_daily_slope_pct >= 0.145719601926301,270,83,187,30.74074074074074,20.6143896523848,10.126351088355939,21.827000808407437,209.22327149420195,0,9.35,0.6471720174740906,174.73644471800446,-6.936684370911476,13.166307479846493,,,,,,,,,,
JYOTISTRUC_MINED_BASE_G0_C1474,,0,2,2,close_ema_3_daily_volatility_5_daily >= 1.836598276929643 AND close_to_close_ema_13_daily_difference_pct >= 0.8582022248527891,270,83,187,30.74074074074074,20.6143896523848,10.126351088355939,21.827000808407437,209.22327149420195,0,9.35,0.6471720174740906,174.73644471800446,-6.936684370911476,13.166307479846493,,,,,,,,,,
JYOTISTRUC_MINED_BASE_G0_C1475,,0,3,3,close_ema_3_daily_volatility_5_daily >= 1.836598276929643 AND close_ema_13_daily_slope_pct >= 0.145719601926301 AND close_to_close_ema_13_daily_difference_pct >= 0.8582022248527891,270,83,187,30.74074074074074,20.6143896523848,10.126351088355939,21.827000808407437,209.22327149420195,0,9.35,0.6471720174740906,174.73644471800446,-6.936684370911476,13.166307479846493,,,,,,,,,,
JYOTISTRUC_MINED_BASE_G0_C1476,,0,3,3,close_ema_3_daily_range_5_pct >= 7.56636421937482 AND close_ema_13_daily_slope_pct >= 0.145719601926301 AND close_ema_8_daily_volatility_5_daily >= 1.1949164066816405,176,65,111,36.93181818181818,20.6143896523848,16.31742852943338,14.227970897332257,208.67354970162708,0,5.550000000000001,0.8788023514867329,154.66921386166499,-6.936684370911476,13.166307479846493,,,,,,,,,,
JYOTISTRUC_MINED_BASE_G0_C1477,,0,3,3,close_ema_3_daily_range_5_pct >= 7.56636421937482 AND close_to_close_ema_13_daily_difference_pct >= 0.8582022248527891 AND close_ema_8_daily_volatility_5_daily >= 1.1949164066816405,176,65,111,36.93181818181818,20.6143896523848,16.31742852943338,14.227970897332257,208.67354970162708,0,5.550000000000001,0.8788023514867329,154.66921386166499,-6.936684370911476,13.166307479846493,,,,,,,,,,
JYOTISTRUC_MINED_BASE_G0_C1478,,0,3,3,close_ema_3_daily_volatility_5_daily >= 2.179806971968742 AND close_ema_13_daily_slope_pct >= 0.145719601926301 AND close_to_close_ema_8_daily_difference_pct >= 2.199870988161985,195,69,126,35.38461538461539,20.6143896523848,14.770225732230585,15.76394502829426,208.60186242239416,0,6.300000000000001,1.0169112537470817,198.29769448068092,-6.408488993877579,13.166307479846493,,,,,,,,,,
JYOTISTRUC_MINED_BASE_G0_C1479,,0,3,3,close_ema_3_daily_volatility_5_daily >= 2.179806971968742 AND close_ema_13_daily_slope_pct >= 0.145719601926301 AND close_ema_8_daily_slope_pct >= 0.6325101127513095,195,69,126,35.38461538461539,20.6143896523848,14.770225732230585,15.76394502829426,208.60186242239416,0,6.300000000000001,1.0169112537470817,198.29769448068092,-6.408488993877579,13.166307479846493,,,,,,,,,,
JYOTISTRUC_MINED_BASE_G0_C1480,,0,3,3,close_ema_3_daily_volatility_5_daily >= 2.179806971968742 AND close_to_close_ema_13_daily_difference_pct >= 0.8582022248527891 AND close_to_close_ema_8_daily_difference_pct >= 2.199870988161985,195,69,126,35.38461538461539,20.6143896523848,14.770225732230585,15.76394502829426,208.60186242239416,0,6.300000000000001,1.0169112537470817,198.29769448068092,-6.408488993877579,13.166307479846493,,,,,,,,,,
JYOTISTRUC_MINED_BASE_G0_C1481,,0,3,3,close_ema_3_daily_volatility_5_daily >= 2.179806971968742 AND close_to_close_ema_13_daily_difference_pct >= 0.8582022248527891 AND close_ema_8_daily_slope_pct >= 0.6325101127513095,195,69,126,35.38461538461539,20.6143896523848,14.770225732230585,15.76394502829426,208.60186242239416,0,6.300000000000001,1.0169112537470817,198.29769448068092,-6.408488993877579,13.166307479846493,,,,,,,,,,
JYOTISTRUC_MINED_BASE_G0_C1482,,0,3,3,close_ema_3_daily_slope_pct >= 0.2627015027787666 AND close_ema_3_daily_range_5_pct >= 6.513413502927244 AND close_ema_3_daily_volatility_5_daily >= 2.6021671971237934,133,54,79,40.6015037593985,20.6143896523848,19.987114107013696,10.751818916734033,208.514068925067,0,3.95,1.5094994633328382,200.7634286232675,-6.408488993877579,13.166307479846493,,,,,,,,,,
JYOTISTRUC_MINED_BASE_G0_C1483,,0,3,3,close_to_close_ema_3_daily_difference_pct >= 0.2529055823789776 AND close_ema_3_daily_range_5_pct >= 6.513413502927244 AND close_ema_3_daily_volatility_5_daily >= 2.6021671971237934,133,54,79,40.6015037593985,20.6143896523848,19.987114107013696,10.751818916734033,208.514068925067,0,3.95,1.5094994633328382,200.7634286232675,-6.408488993877579,13.166307479846493,,,,,,,,,,
JYOTISTRUC_MINED_BASE_G0_C1484,,0,3,3,close_ema_3_daily_volatility_5_daily >= 1.836598276929643 AND close_ema_3_daily_slope_pct >= 0.2627015027787666 AND close_ema_13_daily_slope_pct >= 0.145719601926301,212,72,140,33.9622641509434,20.6143896523848,13.347874498558596,17.13823767178658,206.97258893153796,0,7,1.0777388129149872,228.48062833797727,-6.936684370911476,13.166307479846493,,,,,,,,,,
JYOTISTRUC_MINED_BASE_G0_C1485,,0,3,3,close_ema_3_daily_volatility_5_daily >= 1.836598276929643 AND close_ema_3_daily_slope_pct >= 0.2627015027787666 AND close_to_close_ema_13_daily_difference_pct >= 0.8582022248527891,212,72,140,33.9622641509434,20.6143896523848,13.347874498558596,17.13823767178658,206.97258893153796,0,7,1.0777388129149872,228.48062833797727,-6.936684370911476,13.166307479846493,,,,,,,,,,
JYOTISTRUC_MINED_BASE_G0_C1486,,0,3,3,close_ema_3_daily_volatility_5_daily >= 1.836598276929643 AND close_to_close_ema_3_daily_difference_pct >= 0.2529055823789776 AND close_ema_13_daily_slope_pct >= 0.145719601926301,212,72,140,33.9622641509434,20.6143896523848,13.347874498558596,17.13823767178658,206.97258893153796,0,7,1.0777388129149872,228.48062833797727,-6.936684370911476,13.166307479846493,,,,,,,,,,
JYOTISTRUC_MINED_BASE_G0_C1487,,0,3,3,close_ema_3_daily_volatility_5_daily >= 1.836598276929643 AND close_to_close_ema_3_daily_difference_pct >= 0.2529055823789776 AND close_to_close_ema_13_daily_difference_pct >= 0.8582022248527891,212,72,140,33.9622641509434,20.6143896523848,13.347874498558596,17.13823767178658,206.97258893153796,0,7,1.0777388129149872,228.48062833797727,-6.936684370911476,13.166307479846493,,,,,,,,,,
JYOTISTRUC_MINED_BASE_G0_C1488,,0,3,3,close_ema_3_daily_volatility_5_daily >= 1.836598276929643 AND close_ema_3_daily_range_5_pct >= 7.56636421937482 AND close_to_close_ema_8_daily_difference_pct >= 2.199870988161985,182,66,116,36.26373626373626,20.6143896523848,15.649346611351461,14.713015359741311,206.85674082511886,0,5.800000000000001,0.8033359227871877,146.20713794726817,-6.936684370911476,13.166307479846493,,,,,,,,,,
JYOTISTRUC_MINED_BASE_G0_C1489,,0,3,3,close_ema_3_daily_volatility_5_daily >= 1.836598276929643 AND close_ema_3_daily_range_5_pct >= 7.56636421937482 AND close_ema_8_daily_slope_pct >= 0.6325101127513095,182,66,116,36.26373626373626,20.6143896523848,15.649346611351461,14.713015359741311,206.85674082511886,0,5.800000000000001,0.8033359227871877,146.20713794726817,-6.936684370911476,13.166307479846493,,,,,,,,,,
JYOTISTRUC_MINED_BASE_G0_C1490,,0,3,3,close_ema_3_daily_slope_pct >= -0.28800660038466785 AND close_ema_3_daily_volatility_5_daily >= 1.836598276929643 AND close_ema_13_daily_slope_pct >= 0.145719601926301,228,75,153,32.89473684210527,20.6143896523848,12.280347189720466,18.43168957154406,206.44610426864384,0,7.65,0.8981227733471686,204.77199232315445,-6.936684370911476,13.166307479846493,,,,,,,,,,
JYOTISTRUC_MINED_BASE_G0_C1491,,0,3,3,close_ema_3_daily_slope_pct >= -0.28800660038466785 AND close_ema_3_daily_volatility_5_daily >= 1.836598276929643 AND close_to_close_ema_13_daily_difference_pct >= 0.8582022248527891,228,75,153,32.89473684210527,20.6143896523848,12.280347189720466,18.43168957154406,206.44610426864384,0,7.65,0.8981227733471686,204.77199232315445,-6.936684370911476,13.166307479846493,,,,,,,,,,
JYOTISTRUC_MINED_BASE_G0_C1492,,0,3,3,close_to_close_ema_3_daily_difference_pct >= -0.28338672864249204 AND close_ema_3_daily_volatility_5_daily >= 1.836598276929643 AND close_ema_13_daily_slope_pct >= 0.145719601926301,228,75,153,32.89473684210527,20.6143896523848,12.280347189720466,18.43168957154406,206.44610426864384,0,7.65,0.8981227733471686,204.77199232315445,-6.936684370911476,13.166307479846493,,,,,,,,,,
JYOTISTRUC_MINED_BASE_G0_C1493,,0,3,3,close_to_close_ema_3_daily_difference_pct >= -0.28338672864249204 AND close_ema_3_daily_volatility_5_daily >= 1.836598276929643 AND close_to_close_ema_13_daily_difference_pct >= 0.8582022248527891,228,75,153,32.89473684210527,20.6143896523848,12.280347189720466,18.43168957154406,206.44610426864384,0,7.65,0.8981227733471686,204.77199232315445,-6.936684370911476,13.166307479846493,,,,,,,,,,
JYOTISTRUC_MINED_BASE_G0_C1494,,0,3,3,close_ema_3_daily_volatility_5_daily >= 2.179806971968742 AND close_ema_3_daily_range_5_pct >= 7.56636421937482 AND close_to_close_ema_8_daily_difference_pct >= 2.199870988161985,170,63,107,37.05882352941177,20.6143896523848,16.444433877026967,13.7429264349232,205.6386545273596,0,5.3500000000000005,0.9221617140749206,156.7674913927365,-6.408488993877579,13.166307479846493,,,,,,,,,,
JYOTISTRUC_MINED_BASE_G0_C1495,,0,3,3,close_ema_3_daily_volatility_5_daily >= 2.179806971968742 AND close_ema_3_daily_range_5_pct >= 7.56636421937482 AND close_ema_8_daily_slope_pct >= 0.6325101127513095,170,63,107,37.05882352941177,20.6143896523848,16.444433877026967,13.7429264349232,205.6386545273596,0,5.3500000000000005,0.9221617140749206,156.7674913927365,-6.408488993877579,13.166307479846493,,,,,,,,,,
JYOTISTRUC_MINED_BASE_G0_C1496,,0,3,3,close_ema_3_daily_volatility_5_daily >= 1.836598276929643 AND close_ema_13_daily_slope_pct >= 0.145719601926301 AND close_to_close_ema_8_daily_difference_pct >= 2.199870988161985,237,76,161,32.06751054852321,20.6143896523848,11.453120896138408,19.15925626515764,203.70154617476462,0,8.05,0.8286472313575309,196.38939383173482,-6.936684370911476,13.166307479846493,,,,,,,,,,
JYOTISTRUC_MINED_BASE_G0_C1497,,0,3,3,close_ema_3_daily_volatility_5_daily >= 1.836598276929643 AND close_ema_13_daily_slope_pct >= 0.145719601926301 AND close_ema_8_daily_slope_pct >= 0.6325101127513095,237,76,161,32.06751054852321,20.6143896523848,11.453120896138408,19.15925626515764,203.70154617476462,0,8.05,0.8286472313575309,196.38939383173482,-6.936684370911476,13.166307479846493,,,,,,,,,,
JYOTISTRUC_MINED_BASE_G0_C1498,,0,3,3,close_ema_3_daily_volatility_5_daily >= 1.836598276929643 AND close_to_close_ema_13_daily_difference_pct >= 0.8582022248527891 AND close_to_close_ema_8_daily_difference_pct >= 2.199870988161985,237,76,161,32.06751054852321,20.6143896523848,11.453120896138408,19.15925626515764,203.70154617476462,0,8.05,0.8286472313575309,196.38939383173482,-6.936684370911476,13.166307479846493,,,,,,,,,,
JYOTISTRUC_MINED_BASE_G0_C1499,,0,3,3,close_ema_3_daily_volatility_5_daily >= 1.836598276929643 AND close_to_close_ema_13_daily_difference_pct >= 0.8582022248527891 AND close_ema_8_daily_slope_pct >= 0.6325101127513095,237,76,161,32.06751054852321,20.6143896523848,11.453120896138408,19.15925626515764,203.70154617476462,0,8.05,0.8286472313575309,196.38939383173482,-6.936684370911476,13.166307479846493,,,,,,,,,,
JYOTISTRUC_MINED_BASE_G0_C1500,,0,3,3,close_ema_3_daily_slope_pct >= 0.2627015027787666 AND close_ema_3_daily_range_5_pct >= 7.56636421937482 AND close_ema_3_daily_volatility_5_daily >= 2.6021671971237934,129,52,77,40.310077519379846,20.6143896523848,19.695687866995044,10.428455941794665,202.92380545378714,0,3.85,1.4317887062706287,184.7007431089111,-6.408488993877579,13.166307479846493,,,,,,,,,,
JYOTISTRUC_MINED_BASE_G0_C1501,,0,3,3,close_to_close_ema_3_daily_difference_pct >= 0.2529055823789776 AND close_ema_3_daily_range_5_pct >= 7.56636421937482 AND close_ema_3_daily_volatility_5_daily >= 2.6021671971237934,129,52,77,40.310077519379846,20.6143896523848,19.695687866995044,10.428455941794665,202.92380545378714,0,3.85,1.4317887062706287,184.7007431089111,-6.408488993877579,13.166307479846493,,,,,,,,,,
JYOTISTRUC_MINED_BASE_G0_C1502,,0,3,3,close_to_close_ema_3_daily_difference_pct >= 1.003098168620758 AND close_to_close_ema_8_daily_difference_pct >= 0.5493544276590487 AND close_ema_8_daily_volatility_5_daily >= 1.1949164066816405,199,68,131,34.17085427135678,20.6143896523848,13.55646461897198,16.08730800323363,201.44107718271758,0,6.550000000000001,1.4029180292858967,279.18068782789345,-6.936684370911476,13.166307479846493,,,,,,,,,,
JYOTISTRUC_MINED_BASE_G0_C1503,,0,3,3,close_to_close_ema_3_daily_difference_pct >= 1.003098168620758 AND close_ema_8_daily_slope_pct >= 0.15733448182659485 AND close_ema_8_daily_volatility_5_daily >= 1.1949164066816405,199,68,131,34.17085427135678,20.6143896523848,13.55646461897198,16.08730800323363,201.44107718271758,0,6.550000000000001,1.4029180292858967,279.18068782789345,-6.936684370911476,13.166307479846493,,,,,,,,,,
JYOTISTRUC_MINED_BASE_G0_C1504,,0,3,3,close_ema_3_daily_slope_pct >= 1.0132621830219937 AND close_to_close_ema_8_daily_difference_pct >= 0.5493544276590487 AND close_ema_8_daily_volatility_5_daily >= 1.1949164066816405,199,68,131,34.17085427135678,20.6143896523848,13.55646461897198,16.08730800323363,201.44107718271758,0,6.550000000000001,1.4029180292858967,279.18068782789345,-6.936684370911476,13.166307479846493,,,,,,,,,,
JYOTISTRUC_MINED_BASE_G0_C1505,,0,3,3,close_ema_3_daily_slope_pct >= 1.0132621830219937 AND close_ema_8_daily_slope_pct >= 0.15733448182659485 AND close_ema_8_daily_volatility_5_daily >= 1.1949164066816405,199,68,131,34.17085427135678,20.6143896523848,13.55646461897198,16.08730800323363,201.44107718271758,0,6.550000000000001,1.4029180292858967,279.18068782789345,-6.936684370911476,13.166307479846493,,,,,,,,,,
JYOTISTRUC_MINED_BASE_G0_C1506,,0,3,3,close_ema_3_daily_range_5_pct >= 5.443470843473113 AND close_to_close_ema_8_daily_difference_pct >= 0.5493544276590487 AND close_ema_3_daily_volatility_5_daily >= 2.6021671971237934,153,58,95,37.908496732026144,20.6143896523848,17.294107079641343,12.36863379143088,200.96742396839983,0,4.75,1.0822961900643657,165.59131707984795,-6.408488993877579,13.166307479846493,,,,,,,,,,
JYOTISTRUC_MINED_BASE_G0_C1507,,0,3,3,close_ema_3_daily_range_5_pct >= 5.443470843473113 AND close_ema_8_daily_slope_pct >= 0.15733448182659485 AND close_ema_3_daily_volatility_5_daily >= 2.6021671971237934,153,58,95,37.908496732026144,20.6143896523848,17.294107079641343,12.36863379143088,200.96742396839983,0,4.75,1.0822961900643657,165.59131707984795,-6.408488993877579,13.166307479846493,,,,,,,,,,
JYOTISTRUC_MINED_BASE_G0_C1508,,0,3,3,close_to_close_ema_3_daily_difference_pct >= 1.003098168620758 AND close_to_close_ema_8_daily_difference_pct >= 0.5493544276590487 AND close_ema_3_daily_volatility_5_daily >= 2.6021671971237934,123,50,73,40.65040650406504,20.6143896523848,20.036016851680237,9.943411479385611,200.66038467688904,0,3.6500000000000004,1.3767668061626184,169.34231715800206,-6.408488993877579,13.166307479846493,,,,,,,,,,
JYOTISTRUC_MINED_BASE_G0_C1509,,0,3,3,close_to_close_ema_3_daily_difference_pct >= 1.003098168620758 AND close_ema_8_daily_slope_pct >= 0.15733448182659485 AND close_ema_3_daily_volatility_5_daily >= 2.6021671971237934,123,50,73,40.65040650406504,20.6143896523848,20.036016851680237,9.943411479385611,200.66038467688904,0,3.6500000000000004,1.3767668061626184,169.34231715800206,-6.408488993877579,13.166307479846493,,,,,,,,,,
JYOTISTRUC_MINED_BASE_G0_C1510,,0,3,3,close_ema_3_daily_slope_pct >= 1.0132621830219937 AND close_to_close_ema_8_daily_difference_pct >= 0.5493544276590487 AND close_ema_3_daily_volatility_5_daily >= 2.6021671971237934,123,50,73,40.65040650406504,20.6143896523848,20.036016851680237,9.943411479385611,200.66038467688904,0,3.6500000000000004,1.3767668061626184,169.34231715800206,-6.408488993877579,13.166307479846493,,,,,,,,,,
JYOTISTRUC_MINED_BASE_G0_C1511,,0,3,3,close_ema_3_daily_slope_pct >= 1.0132621830219937 AND close_ema_8_daily_slope_pct >= 0.15733448182659485 AND close_ema_3_daily_volatility_5_daily >= 2.6021671971237934,123,50,73,40.65040650406504,20.6143896523848,20.036016851680237,9.943411479385611,200.66038467688904,0,3.6500000000000004,1.3767668061626184,169.34231715800206,-6.408488993877579,13.166307479846493,,,,,,,,,,
JYOTISTRUC_MINED_BASE_G0_C1512,,0,3,3,close_ema_3_daily_volatility_5_daily >= 2.179806971968742 AND close_ema_13_daily_slope_pct >= 0.145719601926301 AND close_ema_8_daily_volatility_5_daily >= 1.1949164066816405,198,68,130,34.34343434343434,20.6143896523848,13.729044691049538,16.006467259498788,200.58954759230522,0,6.5,0.814774712352518,161.32539304579856,-6.408488993877579,13.166307479846493,,,,,,,,,,
JYOTISTRUC_MINED_BASE_G0_C1513,,0,3,3,close_ema_3_daily_volatility_5_daily >= 2.179806971968742 AND close_to_close_ema_13_daily_difference_pct >= 0.8582022248527891 AND close_ema_8_daily_volatility_5_daily >= 1.1949164066816405,198,68,130,34.34343434343434,20.6143896523848,13.729044691049538,16.006467259498788,200.58954759230522,0,6.5,0.814774712352518,161.32539304579856,-6.408488993877579,13.166307479846493,,,,,,,,,,
JYOTISTRUC_MINED_BASE_G0_C1514,,0,3,3,close_ema_3_daily_range_5_pct >= 7.56636421937482 AND close_ema_8_daily_volatility_5_daily >= 1.1949164066816405 AND close_to_close_ema_8_daily_difference_pct >= 2.199870988161985,170,62,108,36.470588235294116,20.6143896523848,15.856198582909315,13.7429264349232,200.38684453504126,0,5.4,0.8352838734982366,141.99825849470022,-6.936684370911476,13.166307479846493,,,,,,,,,,
JYOTISTRUC_MINED_BASE_G0_C1515,,0,3,3,close_ema_3_daily_range_5_pct >= 7.56636421937482 AND close_ema_8_daily_volatility_5_daily >= 1.1949164066816405 AND close_ema_8_daily_slope_pct >= 0.6325101127513095,170,62,108,36.470588235294116,20.6143896523848,15.856198582909315,13.7429264349232,200.38684453504126,0,5.4,0.8352838734982366,141.99825849470022,-6.936684370911476,13.166307479846493,,,,,,,,,,
JYOTISTRUC_MINED_BASE_G0_C1516,,0,3,3,close_ema_3_daily_volatility_5_daily >= 1.6353580277228665 AND close_to_close_ema_8_daily_difference_pct >= 0.5493544276590487 AND close_ema_8_daily_volatility_5_daily >= 1.1949164066816405,254,78,176,30.708661417322837,20.6143896523848,10.094271764938036,20.53354890864996,200.2347526778946,0,8.8,0.8544646177348036,217.03401290464012,-6.936684370911476,13.166307479846493,,,,,,,,,,
JYOTISTRUC_MINED_BASE_G0_C1517,,0,3,3,close_ema_3_daily_volatility_5_daily >= 1.6353580277228665 AND close_ema_8_daily_slope_pct >= 0.15733448182659485 AND close_ema_8_daily_volatility_5_daily >= 1.1949164066816405,254,78,176,30.708661417322837,20.6143896523848,10.094271764938036,20.53354890864996,200.2347526778946,0,8.8,0.8544646177348036,217.03401290464012,-6.936684370911476,13.166307479846493,,,,,,,,,,
JYOTISTRUC_MINED_BASE_G0_C1518,,0,3,3,close_ema_3_daily_volatility_5_daily >= 1.836598276929643 AND close_ema_8_daily_volatility_5_daily >= 1.1949164066816405 AND close_to_close_ema_8_daily_difference_pct >= 2.199870988161985,215,71,144,33.02325581395349,20.6143896523848,12.408866161568689,17.38075990299111,199.47952401335854,0,7.2,0.8783977351716954,188.8555130619145,-6.936684370911476,13.166307479846493,,,,,,,,,,
JYOTISTRUC_MINED_BASE_G0_C1519,,0,3,3,close_ema_3_daily_volatility_5_daily >= 1.836598276929643 AND close_ema_8_daily_volatility_5_daily >= 1.1949164066816405 AND close_ema_8_daily_slope_pct >= 0.6325101127513095,215,71,144,33.02325581395349,20.6143896523848,12.408866161568689,17.38075990299111,199.47952401335854,0,7.2,0.8783977351716954,188.8555130619145,-6.936684370911476,13.166307479846493,,,,,,,,,,
JYOTISTRUC_MINED_BASE_G0_C1520,,0,3,3,close_ema_3_daily_range_5_pct >= 5.443470843473113 AND close_to_close_ema_8_daily_difference_pct >= 0.5493544276590487 AND close_ema_8_daily_volatility_5_daily >= 1.1949164066816405,234,74,160,31.62393162393162,20.6143896523848,11.00954197154682,18.916734033953112,197.84316256717682,0,8,0.9318175698142389,218.0453113365319,-6.936684370911476,13.166307479846493,,,,,,,,,,
JYOTISTRUC_MINED_BASE_G0_C1521,,0,3,3,close_ema_3_daily_range_5_pct >= 5.443470843473113 AND close_ema_8_daily_slope_pct >= 0.15733448182659485 AND close_ema_8_daily_volatility_5_daily >= 1.1949164066816405,234,74,160,31.62393162393162,20.6143896523848,11.00954197154682,18.916734033953112,197.84316256717682,0,8,0.9318175698142389,218.0453113365319,-6.936684370911476,13.166307479846493,,,,,,,,,,
JYOTISTRUC_MINED_BASE_G0_C1522,,0,3,3,close_to_close_ema_8_daily_difference_pct >= 0.5493544276590487 AND close_ema_8_daily_volatility_5_daily >= 1.1949164066816405 AND close_ema_3_daily_volatility_5_daily >= 2.6021671971237934,156,58,98,37.17948717948718,20.6143896523848,16.56509752710238,12.61115602263541,197.10502991868813,0,4.9,1.0598474277254075,165.33619872516357,-6.408488993877579,13.166307479846493,,,,,,,,,,
JYOTISTRUC_MINED_BASE_G0_C1523,,0,3,3,close_ema_8_daily_slope_pct >= 0.15733448182659485 AND close_ema_8_daily_volatility_5_daily >= 1.1949164066816405 AND close_ema_3_daily_volatility_5_daily >= 2.6021671971237934,156,58,98,37.17948717948718,20.6143896523848,16.56509752710238,12.61115602263541,197.10502991868813,0,4.9,1.0598474277254075,165.33619872516357,-6.408488993877579,13.166307479846493,,,,,,,,,,
JYOTISTRUC_MINED_BASE_G0_C1524,,0,3,3,close_to_close_ema_3_daily_difference_pct >= 1.003098168620758 AND close_ema_8_daily_volatility_5_daily >= 1.1949164066816405 AND close_to_close_ema_8_daily_difference_pct >= 2.199870988161985,195,66,129,33.84615384615385,20.6143896523848,13.231764193769045,15.76394502829426,195.92738728793626,0,6.45,1.4061887730303408,274.20681074091647,-6.936684370911476,13.166307479846493,,,,,,,,,,
JYOTISTRUC_MINED_BASE_G0_C1525,,0,3,3,close_to_close_ema_3_daily_difference_pct >= 1.003098168620758 AND close_ema_8_daily_volatility_5_daily >= 1.1949164066816405 AND close_ema_8_daily_slope_pct >= 0.6325101127513095,195,66,129,33.84615384615385,20.6143896523848,13.231764193769045,15.76394502829426,195.92738728793626,0,6.45,1.4061887730303408,274.20681074091647,-6.936684370911476,13.166307479846493,,,,,,,,,,
JYOTISTRUC_MINED_BASE_G0_C1526,,0,3,3,close_ema_3_daily_slope_pct >= 1.0132621830219937 AND close_ema_8_daily_volatility_5_daily >= 1.1949164066816405 AND close_to_close_ema_8_daily_difference_pct >= 2.199870988161985,195,66,129,33.84615384615385,20.6143896523848,13.231764193769045,15.76394502829426,195.92738728793626,0,6.45,1.4061887730303408,274.20681074091647,-6.936684370911476,13.166307479846493,,,,,,,,,,
JYOTISTRUC_MINED_BASE_G0_C1527,,0,3,3,close_ema_3_daily_slope_pct >= 1.0132621830219937 AND close_ema_8_daily_volatility_5_daily >= 1.1949164066816405 AND close_ema_8_daily_slope_pct >= 0.6325101127513095,195,66,129,33.84615384615385,20.6143896523848,13.231764193769045,15.76394502829426,195.92738728793626,0,6.45,1.4061887730303408,274.20681074091647,-6.936684370911476,13.166307479846493,,,,,,,,,,
JYOTISTRUC_MINED_BASE_G0_C1528,,0,2,2,close_to_close_ema_8_daily_difference_pct >= 0.5493544276590487 AND close_ema_3_daily_volatility_5_daily >= 2.6021671971237934,157,58,99,36.94267515923567,20.6143896523848,16.328285506850868,12.69199676637025,195.79553153588364,0,4.95,1.0347013338764284,162.44810941859924,-6.408488993877579,13.166307479846493,,,,,,,,,,
JYOTISTRUC_MINED_BASE_G0_C1529,,0,2,2,close_ema_8_daily_slope_pct >= 0.15733448182659485 AND close_ema_3_daily_volatility_5_daily >= 2.6021671971237934,157,58,99,36.94267515923567,20.6143896523848,16.328285506850868,12.69199676637025,195.79553153588364,0,4.95,1.0347013338764284,162.44810941859924,-6.408488993877579,13.166307479846493,,,,,,,,,,
JYOTISTRUC_MINED_BASE_G0_C1530,,0,3,3,close_to_close_ema_8_daily_difference_pct >= 0.5493544276590487 AND close_ema_8_daily_slope_pct >= 0.15733448182659485 AND close_ema_3_daily_volatility_5_daily >= 2.6021671971237934,157,58,99,36.94267515923567,20.6143896523848,16.328285506850868,12.69199676637025,195.79553153588364,0,4.95,1.0347013338764284,162.44810941859924,-6.408488993877579,13.166307479846493,,,,,,,,,,
JYOTISTRUC_MINED_BASE_G0_C1531,,0,3,3,close_to_close_ema_3_daily_difference_pct >= 1.003098168620758 AND close_ema_13_daily_slope_pct >= 0.145719601926301 AND close_ema_3_daily_volatility_5_daily >= 2.6021671971237934,116,47,69,40.51724137931034,20.6143896523848,19.90285172692554,9.377526273241713,194.16825894679747,0,3.45,1.3680001040565828,158.68801207056362,-6.408488993877579,13.166307479846493,,,,,,,,,,
JYOTISTRUC_MINED_BASE_G0_C1532,,0,3,3,close_to_close_ema_3_daily_difference_pct >= 1.003098168620758 AND close_to_close_ema_13_daily_difference_pct >= 0.8582022248527891 AND close_ema_3_daily_volatility_5_daily >= 2.6021671971237934,116,47,69,40.51724137931034,20.6143896523848,19.90285172692554,9.377526273241713,194.16825894679747,0,3.45,1.3680001040565828,158.68801207056362,-6.408488993877579,13.166307479846493,,,,,,,,,,
JYOTISTRUC_MINED_BASE_G0_C1533,,0,3,3,close_ema_3_daily_slope_pct >= 1.0132621830219937 AND close_ema_13_daily_slope_pct >= 0.145719601926301 AND close_ema_3_daily_volatility_5_daily >= 2.6021671971237934,116,47,69,40.51724137931034,20.6143896523848,19.90285172692554,9.377526273241713,194.16825894679747,0,3.45,1.3680001040565828,158.68801207056362,-6.408488993877579,13.166307479846493,,,,,,,,,,
JYOTISTRUC_MINED_BASE_G0_C1534,,0,3,3,close_ema_3_daily_slope_pct >= 1.0132621830219937 AND close_to_close_ema_13_daily_difference_pct >= 0.8582022248527891 AND close_ema_3_daily_volatility_5_daily >= 2.6021671971237934,116,47,69,40.51724137931034,20.6143896523848,19.90285172692554,9.377526273241713,194.16825894679747,0,3.45,1.3680001040565828,158.68801207056362,-6.408488993877579,13.166307479846493,,,,,,,,,,
JYOTISTRUC_MINED_BASE_G0_C1535,,0,3,3,close_to_close_ema_3_daily_difference_pct >= 1.003098168620758 AND close_to_close_ema_8_daily_difference_pct >= 2.199870988161985 AND close_ema_3_daily_volatility_5_daily >= 2.6021671971237934,120,48,72,40,20.6143896523848,19.3856103476152,9.700889248181083,193.43726273985163,0,3.6,1.3697370005918765,164.3684400710252,-6.408488993877579,13.166307479846493,,,,,,,,,,
JYOTISTRUC_MINED_BASE_G0_C1536,,0,3,3,close_to_close_ema_3_daily_difference_pct >= 1.003098168620758 AND close_ema_8_daily_slope_pct >= 0.6325101127513095 AND close_ema_3_daily_volatility_5_daily >= 2.6021671971237934,120,48,72,40,20.6143896523848,19.3856103476152,9.700889248181083,193.43726273985163,0,3.6,1.3697370005918765,164.3684400710252,-6.408488993877579,13.166307479846493,,,,,,,,,,
JYOTISTRUC_MINED_BASE_G0_C1537,,0,3,3,close_ema_3_daily_slope_pct >= 1.0132621830219937 AND close_to_close_ema_8_daily_difference_pct >= 2.199870988161985 AND close_ema_3_daily_volatility_5_daily >= 2.6021671971237934,120,48,72,40,20.6143896523848,19.3856103476152,9.700889248181083,193.43726273985163,0,3.6,1.3697370005918765,164.3684400710252,-6.408488993877579,13.166307479846493,,,,,,,,,,
JYOTISTRUC_MINED_BASE_G0_C1538,,0,3,3,close_ema_3_daily_slope_pct >= 1.0132621830219937 AND close_ema_8_daily_slope_pct >= 0.6325101127513095 AND close_ema_3_daily_volatility_5_daily >= 2.6021671971237934,120,48,72,40,20.6143896523848,19.3856103476152,9.700889248181083,193.43726273985163,0,3.6,1.3697370005918765,164.3684400710252,-6.408488993877579,13.166307479846493,,,,,,,,,,
JYOTISTRUC_MINED_BASE_G0_C1539,,0,3,3,close_ema_3_daily_volatility_5_daily >= 1.836598276929643 AND close_ema_13_daily_slope_pct >= 0.145719601926301 AND close_ema_8_daily_volatility_5_daily >= 1.1949164066816405,231,72,159,31.16883116883117,20.6143896523848,10.554441516446367,18.674211802748587,190.89222889108547,0,7.95,0.6900071029512056,159.39164078172848,-6.936684370911476,13.166307479846493,,,,,,,,,,
JYOTISTRUC_MINED_BASE_G0_C1540,,0,3,3,close_ema_3_daily_volatility_5_daily >= 1.836598276929643 AND close_to_close_ema_13_daily_difference_pct >= 0.8582022248527891 AND close_ema_8_daily_volatility_5_daily >= 1.1949164066816405,231,72,159,31.16883116883117,20.6143896523848,10.554441516446367,18.674211802748587,190.89222889108547,0,7.95,0.6900071029512056,159.39164078172848,-6.936684370911476,13.166307479846493,,,,,,,,,,
JYOTISTRUC_MINED_BASE_G0_C1541,,0,3,3,close_ema_3_daily_slope_pct >= -0.28800660038466785 AND close_to_close_ema_8_daily_difference_pct >= 0.5493544276590487 AND close_ema_8_daily_volatility_5_daily >= 1.1949164066816405,245,74,171,30.20408163265306,20.6143896523848,9.58969198026826,19.805982215036376,190.57766213252788,0,8.55,1.0597340770621977,259.63484888023845,-6.936684370911476,13.166307479846493,,,,,,,,,,
JYOTISTRUC_MINED_BASE_G0_C1542,,0,3,3,close_ema_3_daily_slope_pct >= -0.28800660038466785 AND close_ema_8_daily_slope_pct >= 0.15733448182659485 AND close_ema_8_daily_volatility_5_daily >= 1.1949164066816405,245,74,171,30.20408163265306,20.6143896523848,9.58969198026826,19.805982215036376,190.57766213252788,0,8.55,1.0597340770621977,259.63484888023845,-6.936684370911476,13.166307479846493,,,,,,,,,,
JYOTISTRUC_MINED_BASE_G0_C1543,,0,3,3,close_to_close_ema_3_daily_difference_pct >= -0.28338672864249204 AND close_to_close_ema_8_daily_difference_pct >= 0.5493544276590487 AND close_ema_8_daily_volatility_5_daily >= 1.1949164066816405,245,74,171,30.20408163265306,20.6143896523848,9.58969198026826,19.805982215036376,190.57766213252788,0,8.55,1.0597340770621977,259.63484888023845,-6.936684370911476,13.166307479846493,,,,,,,,,,
JYOTISTRUC_MINED_BASE_G0_C1544,,0,3,3,close_to_close_ema_3_daily_difference_pct >= -0.28338672864249204 AND close_ema_8_daily_slope_pct >= 0.15733448182659485 AND close_ema_8_daily_volatility_5_daily >= 1.1949164066816405,245,74,171,30.20408163265306,20.6143896523848,9.58969198026826,19.805982215036376,190.57766213252788,0,8.55,1.0597340770621977,259.63484888023845,-6.936684370911476,13.166307479846493,,,,,,,,,,
JYOTISTRUC_MINED_BASE_G0_C1545,,0,3,3,close_ema_3_daily_slope_pct >= -0.28800660038466785 AND close_to_close_ema_8_daily_difference_pct >= 0.5493544276590487 AND close_ema_3_daily_volatility_5_daily >= 2.6021671971237934,137,52,85,37.95620437956204,20.6143896523848,17.341814727177237,11.075181891673404,190.1819733138396,0,4.25,1.2409665593178023,170.01241862653893,-6.408488993877579,13.166307479846493,,,,,,,,,,
JYOTISTRUC_MINED_BASE_G0_C1546,,0,3,3,close_ema_3_daily_slope_pct >= -0.28800660038466785 AND close_ema_8_daily_slope_pct >= 0.15733448182659485 AND close_ema_3_daily_volatility_5_daily >= 2.6021671971237934,137,52,85,37.95620437956204,20.6143896523848,17.341814727177237,11.075181891673404,190.1819733138396,0,4.25,1.2409665593178023,170.01241862653893,-6.408488993877579,13.166307479846493,,,,,,,,,,
JYOTISTRUC_MINED_BASE_G0_C1547,,0,3,3,close_to_close_ema_3_daily_difference_pct >= -0.28338672864249204 AND close_to_close_ema_8_daily_difference_pct >= 0.5493544276590487 AND close_ema_3_daily_volatility_5_daily >= 2.6021671971237934,137,52,85,37.95620437956204,20.6143896523848,17.341814727177237,11.075181891673404,190.1819733138396,0,4.25,1.2409665593178023,170.01241862653893,-6.408488993877579,13.166307479846493,,,,,,,,,,
JYOTISTRUC_MINED_BASE_G0_C1548,,0,3,3,close_to_close_ema_3_daily_difference_pct >= -0.28338672864249204 AND close_ema_8_daily_slope_pct >= 0.15733448182659485 AND close_ema_3_daily_volatility_5_daily >= 2.6021671971237934,137,52,85,37.95620437956204,20.6143896523848,17.341814727177237,11.075181891673404,190.1819733138396,0,4.25,1.2409665593178023,170.01241862653893,-6.408488993877579,13.166307479846493,,,,,,,,,,
JYOTISTRUC_MINED_BASE_G0_C1549,,0,2,2,close_to_close_ema_8_daily_difference_pct >= 0.5493544276590487 AND close_ema_8_daily_volatility_5_daily >= 1.1949164066816405,284,80,204,28.169014084507044,20.6143896523848,7.554624432122242,22.958771220695233,190.06679154857187,0,10.200000000000001,0.8312231293202201,236.0673687269425,-6.936684370911476,13.166307479846493,,,,,,,,,,
JYOTISTRUC_MINED_BASE_G0_C1550,,0,2,2,close_ema_8_daily_slope_pct >= 0.15733448182659485 AND close_ema_8_daily_volatility_5_daily >= 1.1949164066816405,284,80,204,28.169014084507044,20.6143896523848,7.554624432122242,22.958771220695233,190.06679154857187,0,10.200000000000001,0.8312231293202201,236.0673687269425,-6.936684370911476,13.166307479846493,,,,,,,,,,
JYOTISTRUC_MINED_BASE_G0_C1551,,0,3,3,close_to_close_ema_8_daily_difference_pct >= 0.5493544276590487 AND close_ema_8_daily_slope_pct >= 0.15733448182659485 AND close_ema_8_daily_volatility_5_daily >= 1.1949164066816405,284,80,204,28.169014084507044,20.6143896523848,7.554624432122242,22.958771220695233,190.06679154857187,0,10.200000000000001,0.8312231293202201,236.0673687269425,-6.936684370911476,13.166307479846493,,,,,,,,,,
JYOTISTRUC_MINED_BASE_G0_C1552,,0,3,3,close_ema_3_daily_volatility_5_daily >= 1.6353580277228665 AND close_ema_8_daily_volatility_5_daily >= 1.1949164066816405 AND close_to_close_ema_8_daily_difference_pct >= 2.199870988161985,233,72,161,30.90128755364807,20.6143896523848,10.28689790126327,18.83589329021827,189.93684944336215,0,8.05,0.8507866456819354,198.23328844389096,-6.936684370911476,13.166307479846493,,,,,,,,,,
JYOTISTRUC_MINED_BASE_G0_C1553,,0,3,3,close_ema_3_daily_volatility_5_daily >= 1.6353580277228665 AND close_ema_8_daily_volatility_5_daily >= 1.1949164066816405 AND close_ema_8_daily_slope_pct >= 0.6325101127513095,233,72,161,30.90128755364807,20.6143896523848,10.28689790126327,18.83589329021827,189.93684944336215,0,8.05,0.8507866456819354,198.23328844389096,-6.936684370911476,13.166307479846493,,,,,,,,,,
JYOTISTRUC_MINED_BASE_G0_C1554,,0,3,3,close_ema_3_daily_range_5_pct >= 6.513413502927244 AND close_to_close_ema_8_daily_difference_pct >= 0.5493544276590487 AND close_ema_8_daily_volatility_5_daily >= 1.1949164066816405,211,68,143,32.22748815165877,20.6143896523848,11.613098499273967,17.057396928051737,189.8322914967308,0,7.15,0.9722663334536493,205.14819635872,-6.936684370911476,13.166307479846493,,,,,,,,,,
JYOTISTRUC_MINED_BASE_G0_C1555,,0,3,3,close_ema_3_daily_range_5_pct >= 6.513413502927244 AND close_ema_8_daily_slope_pct >= 0.15733448182659485 AND close_ema_8_daily_volatility_5_daily >= 1.1949164066816405,211,68,143,32.22748815165877,20.6143896523848,11.613098499273967,17.057396928051737,189.8322914967308,0,7.15,0.9722663334536493,205.14819635872,-6.936684370911476,13.166307479846493,,,,,,,,,,
JYOTISTRUC_MINED_BASE_G0_C1556,,0,3,3,close_to_close_ema_8_daily_difference_pct >= 0.5493544276590487 AND close_ema_13_daily_slope_pct >= 0.145719601926301 AND close_ema_3_daily_volatility_5_daily >= 2.6021671971237934,149,55,94,36.91275167785235,20.6143896523848,16.298362025467547,12.045270816491511,189.59927621513975,0,4.7,0.9358220292673354,139.43748236083297,-6.408488993877579,13.166307479846493,,,,,,,,,,
JYOTISTRUC_MINED_BASE_G0_C1557,,0,3,3,close_to_close_ema_8_daily_difference_pct >= 0.5493544276590487 AND close_to_close_ema_13_daily_difference_pct >= 0.8582022248527891 AND close_ema_3_daily_volatility_5_daily >= 2.6021671971237934,149,55,94,36.91275167785235,20.6143896523848,16.298362025467547,12.045270816491511,189.59927621513975,0,4.7,0.9358220292673354,139.43748236083297,-6.408488993877579,13.166307479846493,,,,,,,,,,
JYOTISTRUC_MINED_BASE_G0_C1558,,0,3,3,close_ema_8_daily_slope_pct >= 0.15733448182659485 AND close_ema_13_daily_slope_pct >= 0.145719601926301 AND close_ema_3_daily_volatility_5_daily >= 2.6021671971237934,149,55,94,36.91275167785235,20.6143896523848,16.298362025467547,12.045270816491511,189.59927621513975,0,4.7,0.9358220292673354,139.43748236083297,-6.408488993877579,13.166307479846493,,,,,,,,,,
JYOTISTRUC_MINED_BASE_G0_C1559,,0,3,3,close_ema_8_daily_slope_pct >= 0.15733448182659485 AND close_to_close_ema_13_daily_difference_pct >= 0.8582022248527891 AND close_ema_3_daily_volatility_5_daily >= 2.6021671971237934,149,55,94,36.91275167785235,20.6143896523848,16.298362025467547,12.045270816491511,189.59927621513975,0,4.7,0.9358220292673354,139.43748236083297,-6.408488993877579,13.166307479846493,,,,,,,,,,
JYOTISTRUC_MINED_BASE_G0_C1560,,0,3,3,close_ema_3_daily_range_5_pct >= 5.443470843473113 AND close_ema_13_daily_slope_pct >= 0.145719601926301 AND close_ema_3_daily_volatility_5_daily >= 2.6021671971237934,153,56,97,36.60130718954248,20.6143896523848,15.98691753715768,12.36863379143088,189.57190001137707,0,4.8500000000000005,0.8291041085295504,126.85292860502122,-6.408488993877579,13.166307479846493,,,,,,,,,,
JYOTISTRUC_MINED_BASE_G0_C1561,,0,3,3,close_ema_3_daily_range_5_pct >= 5.443470843473113 AND close_to_close_ema_13_daily_difference_pct >= 0.8582022248527891 AND close_ema_3_daily_volatility_5_daily >= 2.6021671971237934,153,56,97,36.60130718954248,20.6143896523848,15.98691753715768,12.36863379143088,189.57190001137707,0,4.8500000000000005,0.8291041085295504,126.85292860502122,-6.408488993877579,13.166307479846493,,,,,,,,,,
JYOTISTRUC_MINED_BASE_G0_C1562,,0,3,3,close_ema_3_daily_slope_pct >= 0.2627015027787666 AND close_to_close_ema_8_daily_difference_pct >= 0.5493544276590487 AND close_ema_3_daily_volatility_5_daily >= 2.6021671971237934,130,50,80,38.46153846153847,20.6143896523848,17.847148809153666,10.509296685529506,189.21687449818052,0,4,1.3270434841373895,172.51565293786064,-6.408488993877579,13.166307479846493,,,,,,,,,,
JYOTISTRUC_MINED_BASE_G0_C1563,,0,3,3,close_ema_3_daily_slope_pct >= 0.2627015027787666 AND close_ema_8_daily_slope_pct >= 0.15733448182659485 AND close_ema_3_daily_volatility_5_daily >= 2.6021671971237934,130,50,80,38.46153846153847,20.6143896523848,17.847148809153666,10.509296685529506,189.21687449818052,0,4,1.3270434841373895,172.51565293786064,-6.408488993877579,13.166307479846493,,,,,,,,,,
JYOTISTRUC_MINED_BASE_G0_C1564,,0,3,3,close_to_close_ema_3_daily_difference_pct >= 0.2529055823789776 AND close_to_close_ema_8_daily_difference_pct >= 0.5493544276590487 AND close_ema_3_daily_volatility_5_daily >= 2.6021671971237934,130,50,80,38.46153846153847,20.6143896523848,17.847148809153666,10.509296685529506,189.21687449818052,0,4,1.3270434841373895,172.51565293786064,-6.408488993877579,13.166307479846493,,,,,,,,,,
JYOTISTRUC_MINED_BASE_G0_C1565,,0,3,3,close_to_close_ema_3_daily_difference_pct >= 0.2529055823789776 AND close_ema_8_daily_slope_pct >= 0.15733448182659485 AND close_ema_3_daily_volatility_5_daily >= 2.6021671971237934,130,50,80,38.46153846153847,20.6143896523848,17.847148809153666,10.509296685529506,189.21687449818052,0,4,1.3270434841373895,172.51565293786064,-6.408488993877579,13.166307479846493,,,,,,,,,,
JYOTISTRUC_MINED_BASE_G0_C1566,,0,3,3,close_ema_13_daily_slope_pct >= 0.145719601926301 AND close_ema_8_daily_volatility_5_daily >= 1.1949164066816405 AND close_ema_3_daily_volatility_5_daily >= 2.6021671971237934,155,56,99,36.12903225806451,20.6143896523848,15.514642605679711,12.530315278900567,187.15065530112886,0,4.95,0.8424807575767701,130.58451742439937,-6.408488993877579,13.166307479846493,,,,,,,,,,
JYOTISTRUC_MINED_BASE_G0_C1567,,0,3,3,close_to_close_ema_13_daily_difference_pct >= 0.8582022248527891 AND close_ema_8_daily_volatility_5_daily >= 1.1949164066816405 AND close_ema_3_daily_volatility_5_daily >= 2.6021671971237934,155,56,99,36.12903225806451,20.6143896523848,15.514642605679711,12.530315278900567,187.15065530112886,0,4.95,0.8424807575767701,130.58451742439937,-6.408488993877579,13.166307479846493,,,,,,,,,,
JYOTISTRUC_MINED_BASE_G0_C1568,,0,3,3,close_ema_3_daily_slope_pct >= 0.2627015027787666 AND close_to_close_ema_8_daily_difference_pct >= 0.5493544276590487 AND close_ema_8_daily_volatility_5_daily >= 1.1949164066816405,227,70,157,30.837004405286343,20.6143896523848,10.222614752901542,18.350848827809216,186.8648762017379,0,7.8500000000000005,1.2006008124100669,272.5363844170852,-6.936684370911476,13.166307479846493,,,,,,,,,,
JYOTISTRUC_MINED_BASE_G0_C1569,,0,3,3,close_ema_3_daily_slope_pct >= 0.2627015027787666 AND close_ema_8_daily_slope_pct >= 0.15733448182659485 AND close_ema_8_daily_volatility_5_daily >= 1.1949164066816405,227,70,157,30.837004405286343,20.6143896523848,10.222614752901542,18.350848827809216,186.8648762017379,0,7.8500000000000005,1.2006008124100669,272.5363844170852,-6.936684370911476,13.166307479846493,,,,,,,,,,
JYOTISTRUC_MINED_BASE_G0_C1570,,0,3,3,close_to_close_ema_3_daily_difference_pct >= 0.2529055823789776 AND close_to_close_ema_8_daily_difference_pct >= 0.5493544276590487 AND close_ema_8_daily_volatility_5_daily >= 1.1949164066816405,227,70,157,30.837004405286343,20.6143896523848,10.222614752901542,18.350848827809216,186.8648762017379,0,7.8500000000000005,1.2006008124100669,272.5363844170852,-6.936684370911476,13.166307479846493,,,,,,,,,,
JYOTISTRUC_MINED_BASE_G0_C1571,,0,3,3,close_to_close_ema_3_daily_difference_pct >= 0.2529055823789776 AND close_ema_8_daily_slope_pct >= 0.15733448182659485 AND close_ema_8_daily_volatility_5_daily >= 1.1949164066816405,227,70,157,30.837004405286343,20.6143896523848,10.222614752901542,18.350848827809216,186.8648762017379,0,7.8500000000000005,1.2006008124100669,272.5363844170852,-6.936684370911476,13.166307479846493,,,,,,,,,,
JYOTISTRUC_MINED_BASE_G0_C1572,,0,3,3,close_ema_3_daily_range_5_pct >= 6.513413502927244 AND close_ema_13_daily_slope_pct >= 0.145719601926301 AND close_ema_3_daily_volatility_5_daily >= 2.6021671971237934,151,55,96,36.423841059602644,20.6143896523848,15.809451407217843,12.206952303961197,186.76843502387297,0,4.800000000000001,0.8403926625945903,126.89929205178314,-6.408488993877579,13.166307479846493,,,,,,,,,,
JYOTISTRUC_MINED_BASE_G0_C1573,,0,3,3,close_ema_3_daily_range_5_pct >= 6.513413502927244 AND close_to_close_ema_13_daily_difference_pct >= 0.8582022248527891 AND close_ema_3_daily_volatility_5_daily >= 2.6021671971237934,151,55,96,36.423841059602644,20.6143896523848,15.809451407217843,12.206952303961197,186.76843502387297,0,4.800000000000001,0.8403926625945903,126.89929205178314,-6.408488993877579,13.166307479846493,,,,,,,,,,
JYOTISTRUC_MINED_BASE_G0_C1574,,0,3,3,close_ema_3_daily_range_5_pct >= 5.443470843473113 AND close_ema_8_daily_volatility_5_daily >= 1.1949164066816405 AND close_to_close_ema_8_daily_difference_pct >= 2.199870988161985,221,69,152,31.221719457013574,20.6143896523848,10.607329804628773,17.865804365400162,186.05643810145855,0,7.6000000000000005,0.8732630261048894,192.99112876918056,-6.936684370911476,13.166307479846493,,,,,,,,,,
JYOTISTRUC_MINED_BASE_G0_C1575,,0,3,3,close_ema_3_daily_range_5_pct >= 5.443470843473113 AND close_ema_8_daily_volatility_5_daily >= 1.1949164066816405 AND close_ema_8_daily_slope_pct >= 0.6325101127513095,221,69,152,31.221719457013574,20.6143896523848,10.607329804628773,17.865804365400162,186.05643810145855,0,7.6000000000000005,0.8732630261048894,192.99112876918056,-6.936684370911476,13.166307479846493,,,,,,,,,,
JYOTISTRUC_MINED_BASE_G0_C1576,,0,2,2,close_ema_13_daily_slope_pct >= 0.145719601926301 AND close_ema_3_daily_volatility_5_daily >= 2.6021671971237934,156,56,100,35.8974358974359,20.6143896523848,15.283046245051096,12.61115602263541,185.87093176598307,0,5,0.818566846909199,127.69642811783504,-6.408488993877579,13.166307479846493,,,,,,,,,,
JYOTISTRUC_MINED_BASE_G0_C1577,,0,2,2,close_to_close_ema_13_daily_difference_pct >= 0.8582022248527891 AND close_ema_3_daily_volatility_5_daily >= 2.6021671971237934,156,56,100,35.8974358974359,20.6143896523848,15.283046245051096,12.61115602263541,185.87093176598307,0,5,0.818566846909199,127.69642811783504,-6.408488993877579,13.166307479846493,,,,,,,,,,
JYOTISTRUC_MINED_BASE_G0_C1578,,0,3,3,close_ema_13_daily_slope_pct >= 0.145719601926301 AND close_to_close_ema_13_daily_difference_pct >= 0.8582022248527891 AND close_ema_3_daily_volatility_5_daily >= 2.6021671971237934,156,56,100,35.8974358974359,20.6143896523848,15.283046245051096,12.61115602263541,185.87093176598307,0,5,0.818566846909199,127.69642811783504,-6.408488993877579,13.166307479846493,,,,,,,,,,
JYOTISTRUC_MINED_BASE_G0_C1579,,0,3,3,close_ema_3_daily_range_5_pct >= 6.513413502927244 AND close_ema_13_daily_slope_pct >= 0.145719601926301 AND close_ema_8_daily_volatility_5_daily >= 1.1949164066816405,211,67,144,31.753554502369667,20.6143896523848,11.139164849984866,17.057396928051737,184.98385668232535,0,7.2,0.8293441441336756,174.99161441220556,-6.936684370911476,13.166307479846493,,,,,,,,,,
JYOTISTRUC_MINED_BASE_G0_C1580,,0,3,3,close_ema_3_daily_range_5_pct >= 6.513413502927244 AND close_to_close_ema_13_daily_difference_pct >= 0.8582022248527891 AND close_ema_8_daily_volatility_5_daily >= 1.1949164066816405,211,67,144,31.753554502369667,20.6143896523848,11.139164849984866,17.057396928051737,184.98385668232535,0,7.2,0.8293441441336756,174.99161441220556,-6.936684370911476,13.166307479846493,,,,,,,,,,
JYOTISTRUC_MINED_BASE_G0_C1581,,0,3,3,close_ema_3_daily_range_5_pct >= 6.513413502927244 AND close_to_close_ema_8_daily_difference_pct >= 0.5493544276590487 AND close_ema_3_daily_volatility_5_daily >= 2.6021671971237934,149,54,95,36.241610738255034,20.6143896523848,15.627221085870232,12.045270816491511,184.35667986820735,0,4.75,0.9901914796187244,147.53853046318994,-6.408488993877579,13.166307479846493,,,,,,,,,,
JYOTISTRUC_MINED_BASE_G0_C1582,,0,3,3,close_ema_3_daily_range_5_pct >= 6.513413502927244 AND close_ema_8_daily_slope_pct >= 0.15733448182659485 AND close_ema_3_daily_volatility_5_daily >= 2.6021671971237934,149,54,95,36.241610738255034,20.6143896523848,15.627221085870232,12.045270816491511,184.35667986820735,0,4.75,0.9901914796187244,147.53853046318994,-6.408488993877579,13.166307479846493,,,,,,,,,,
JYOTISTRUC_MINED_BASE_G0_C1583,,0,3,3,close_ema_3_daily_slope_pct >= -0.28800660038466785 AND close_ema_13_daily_slope_pct >= 0.145719601926301 AND close_ema_3_daily_volatility_5_daily >= 2.6021671971237934,129,49,80,37.98449612403101,20.6143896523848,17.37010647164621,10.428455941794665,184.2691786737839,0,4,1.1395487718509514,147.00179156877272,-6.408488993877579,13.166307479846493,,,,,,,,,,
JYOTISTRUC_MINED_BASE_G0_C1584,,0,3,3,close_ema_3_daily_slope_pct >= -0.28800660038466785 AND close_to_close_ema_13_daily_difference_pct >= 0.8582022248527891 AND close_ema_3_daily_volatility_5_daily >= 2.6021671971237934,129,49,80,37.98449612403101,20.6143896523848,17.37010647164621,10.428455941794665,184.2691786737839,0,4,1.1395487718509514,147.00179156877272,-6.408488993877579,13.166307479846493,,,,,,,,,,
JYOTISTRUC_MINED_BASE_G0_C1585,,0,3,3,close_to_close_ema_3_daily_difference_pct >= -0.28338672864249204 AND close_ema_13_daily_slope_pct >= 0.145719601926301 AND close_ema_3_daily_volatility_5_daily >= 2.6021671971237934,129,49,80,37.98449612403101,20.6143896523848,17.37010647164621,10.428455941794665,184.2691786737839,0,4,1.1395487718509514,147.00179156877272,-6.408488993877579,13.166307479846493,,,,,,,,,,
JYOTISTRUC_MINED_BASE_G0_C1586,,0,3,3,close_to_close_ema_3_daily_difference_pct >= -0.28338672864249204 AND close_to_close_ema_13_daily_difference_pct >= 0.8582022248527891 AND close_ema_3_daily_volatility_5_daily >= 2.6021671971237934,129,49,80,37.98449612403101,20.6143896523848,17.37010647164621,10.428455941794665,184.2691786737839,0,4,1.1395487718509514,147.00179156877272,-6.408488993877579,13.166307479846493,,,,,,,,,,
JYOTISTRUC_MINED_BASE_G0_C1587,,0,3,3,close_ema_3_daily_slope_pct >= -0.28800660038466785 AND close_to_close_ema_8_daily_difference_pct >= 2.199870988161985 AND close_ema_3_daily_volatility_5_daily >= 2.6021671971237934,133,50,83,37.59398496240601,20.6143896523848,16.97959531002121,10.751818916734033,184.19193639001358,0,4.15,1.147986613302513,152.68221956923423,-6.408488993877579,13.166307479846493,,,,,,,,,,
JYOTISTRUC_MINED_BASE_G0_C1588,,0,3,3,close_ema_3_daily_slope_pct >= -0.28800660038466785 AND close_ema_8_daily_slope_pct >= 0.6325101127513095 AND close_ema_3_daily_volatility_5_daily >= 2.6021671971237934,133,50,83,37.59398496240601,20.6143896523848,16.97959531002121,10.751818916734033,184.19193639001358,0,4.15,1.147986613302513,152.68221956923423,-6.408488993877579,13.166307479846493,,,,,,,,,,
JYOTISTRUC_MINED_BASE_G0_C1589,,0,3,3,close_to_close_ema_3_daily_difference_pct >= -0.28338672864249204 AND close_to_close_ema_8_daily_difference_pct >= 2.199870988161985 AND close_ema_3_daily_volatility_5_daily >= 2.6021671971237934,133,50,83,37.59398496240601,20.6143896523848,16.97959531002121,10.751818916734033,184.19193639001358,0,4.15,1.147986613302513,152.68221956923423,-6.408488993877579,13.166307479846493,,,,,,,,,,
JYOTISTRUC_MINED_BASE_G0_C1590,,0,3,3,close_to_close_ema_3_daily_difference_pct >= -0.28338672864249204 AND close_ema_8_daily_slope_pct >= 0.6325101127513095 AND close_ema_3_daily_volatility_5_daily >= 2.6021671971237934,133,50,83,37.59398496240601,20.6143896523848,16.97959531002121,10.751818916734033,184.19193639001358,0,4.15,1.147986613302513,152.68221956923423,-6.408488993877579,13.166307479846493,,,,,,,,,,
JYOTISTRUC_MINED_BASE_G0_C1591,,0,3,3,close_to_close_ema_8_daily_difference_pct >= 0.5493544276590487 AND close_ema_3_daily_range_5_pct >= 7.56636421937482 AND close_ema_3_daily_volatility_5_daily >= 2.6021671971237934,145,53,92,36.55172413793103,20.6143896523848,15.93733448554623,11.721907841552143,183.8757125289367,0,4.6000000000000005,0.9296800337351891,134.80360489160242,-6.408488993877579,13.166307479846493,,,,,,,,,,
JYOTISTRUC_MINED_BASE_G0_C1592,,0,3,3,close_ema_8_daily_slope_pct >= 0.15733448182659485 AND close_ema_3_daily_range_5_pct >= 7.56636421937482 AND close_ema_3_daily_volatility_5_daily >= 2.6021671971237934,145,53,92,36.55172413793103,20.6143896523848,15.93733448554623,11.721907841552143,183.8757125289367,0,4.6000000000000005,0.9296800337351891,134.80360489160242,-6.408488993877579,13.166307479846493,,,,,,,,,,
JYOTISTRUC_MINED_BASE_G0_C1593,,0,3,3,close_ema_3_daily_range_5_pct >= 7.56636421937482 AND close_ema_13_daily_slope_pct >= 0.145719601926301 AND close_ema_3_daily_volatility_5_daily >= 2.6021671971237934,145,53,92,36.55172413793103,20.6143896523848,15.93733448554623,11.721907841552143,183.66692541898473,0,4.6000000000000005,0.8600843304178662,124.71222791059061,-6.408488993877579,13.166307479846493,,,,,,,,,,
JYOTISTRUC_MINED_BASE_G0_C1594,,0,3,3,close_ema_3_daily_range_5_pct >= 7.56636421937482 AND close_to_close_ema_13_daily_difference_pct >= 0.8582022248527891 AND close_ema_3_daily_volatility_5_daily >= 2.6021671971237934,145,53,92,36.55172413793103,20.6143896523848,15.93733448554623,11.721907841552143,183.66692541898473,0,4.6000000000000005,0.8600843304178662,124.71222791059061,-6.408488993877579,13.166307479846493,,,,,,,,,,
JYOTISTRUC_MINED_BASE_G0_C1595,,0,3,3,close_to_close_ema_3_daily_difference_pct >= 1.003098168620758 AND close_ema_13_daily_slope_pct >= 0.145719601926301 AND close_ema_8_daily_volatility_5_daily >= 1.1949164066816405,188,62,126,32.97872340425532,20.6143896523848,12.364333751870518,15.198059822150364,183.58774362741195,0,6.300000000000001,1.355358289353129,254.80735839838826,-6.936684370911476,13.166307479846493,,,,,,,,,,
JYOTISTRUC_MINED_BASE_G0_C1596,,0,3,3,close_to_close_ema_3_daily_difference_pct >= 1.003098168620758 AND close_to_close_ema_13_daily_difference_pct >= 0.8582022248527891 AND close_ema_8_daily_volatility_5_daily >= 1.1949164066816405,188,62,126,32.97872340425532,20.6143896523848,12.364333751870518,15.198059822150364,183.58774362741195,0,6.300000000000001,1.355358289353129,254.80735839838826,-6.936684370911476,13.166307479846493,,,,,,,,,,
JYOTISTRUC_MINED_BASE_G0_C1597,,0,3,3,close_ema_3_daily_slope_pct >= 1.0132621830219937 AND close_ema_13_daily_slope_pct >= 0.145719601926301 AND close_ema_8_daily_volatility_5_daily >= 1.1949164066816405,188,62,126,32.97872340425532,20.6143896523848,12.364333751870518,15.198059822150364,183.58774362741195,0,6.300000000000001,1.355358289353129,254.80735839838826,-6.936684370911476,13.166307479846493,,,,,,,,,,
JYOTISTRUC_MINED_BASE_G0_C1598,,0,3,3,close_ema_3_daily_slope_pct >= 1.0132621830219937 AND close_to_close_ema_13_daily_difference_pct >= 0.8582022248527891 AND close_ema_8_daily_volatility_5_daily >= 1.1949164066816405,188,62,126,32.97872340425532,20.6143896523848,12.364333751870518,15.198059822150364,183.58774362741195,0,6.300000000000001,1.355358289353129,254.80735839838826,-6.936684370911476,13.166307479846493,,,,,,,,,,
JYOTISTRUC_MINED_BASE_G0_C1599,,0,3,3,close_ema_3_daily_slope_pct >= 0.2627015027787666 AND close_ema_13_daily_slope_pct >= 0.145719601926301 AND close_ema_3_daily_volatility_5_daily >= 2.6021671971237934,122,47,75,38.52459016393443,20.6143896523848,17.910200511549625,9.862570735650769,183.4773556531603,0,3.75,1.2254510318040521,149.50502588009437,-6.408488993877579,13.166307479846493,,,,,,,,,,
JYOTISTRUC_MINED_BASE_G0_C1600,,0,3,3,close_ema_3_daily_slope_pct >= 0.2627015027787666 AND close_to_close_ema_13_daily_difference_pct >= 0.8582022248527891 AND close_ema_3_daily_volatility_5_daily >= 2.6021671971237934,122,47,75,38.52459016393443,20.6143896523848,17.910200511549625,9.862570735650769,183.4773556531603,0,3.75,1.2254510318040521,149.50502588009437,-6.408488993877579,13.166307479846493,,,,,,,,,,
JYOTISTRUC_MINED_BASE_G0_C1601,,0,3,3,close_to_close_ema_3_daily_difference_pct >= 0.2529055823789776 AND close_ema_13_daily_slope_pct >= 0.145719601926301 AND close_ema_3_daily_volatility_5_daily >= 2.6021671971237934,122,47,75,38.52459016393443,20.6143896523848,17.910200511549625,9.862570735650769,183.4773556531603,0,3.75,1.2254510318040521,149.50502588009437,-6.408488993877579,13.166307479846493,,,,,,,,,,
JYOTISTRUC_MINED_BASE_G0_C1602,,0,3,3,close_to_close_ema_3_daily_difference_pct >= 0.2529055823789776 AND close_to_close_ema_13_daily_difference_pct >= 0.8582022248527891 AND close_ema_3_daily_volatility_5_daily >= 2.6021671971237934,122,47,75,38.52459016393443,20.6143896523848,17.910200511549625,9.862570735650769,183.4773556531603,0,3.75,1.2254510318040521,149.50502588009437,-6.408488993877579,13.166307479846493,,,,,,,,,,
JYOTISTRUC_MINED_BASE_G0_C1603,,0,3,3,close_ema_3_daily_slope_pct >= 0.2627015027787666 AND close_to_close_ema_8_daily_difference_pct >= 2.199870988161985 AND close_ema_3_daily_volatility_5_daily >= 2.6021671971237934,126,48,78,38.095238095238095,20.6143896523848,17.480848442853294,10.185933710590138,183.19913397332732,0,3.9000000000000004,1.2316305863536186,155.18545388055594,-6.408488993877579,13.166307479846493,,,,,,,,,,
JYOTISTRUC_MINED_BASE_G0_C1604,,0,3,3,close_ema_3_daily_slope_pct >= 0.2627015027787666 AND close_ema_8_daily_slope_pct >= 0.6325101127513095 AND close_ema_3_daily_volatility_5_daily >= 2.6021671971237934,126,48,78,38.095238095238095,20.6143896523848,17.480848442853294,10.185933710590138,183.19913397332732,0,3.9000000000000004,1.2316305863536186,155.18545388055594,-6.408488993877579,13.166307479846493,,,,,,,,,,
JYOTISTRUC_MINED_BASE_G0_C1605,,0,3,3,close_to_close_ema_3_daily_difference_pct >= 0.2529055823789776 AND close_to_close_ema_8_daily_difference_pct >= 2.199870988161985 AND close_ema_3_daily_volatility_5_daily >= 2.6021671971237934,126,48,78,38.095238095238095,20.6143896523848,17.480848442853294,10.185933710590138,183.19913397332732,0,3.9000000000000004,1.2316305863536186,155.18545388055594,-6.408488993877579,13.166307479846493,,,,,,,,,,
JYOTISTRUC_MINED_BASE_G0_C1606,,0,3,3,close_to_close_ema_3_daily_difference_pct >= 0.2529055823789776 AND close_ema_8_daily_slope_pct >= 0.6325101127513095 AND close_ema_3_daily_volatility_5_daily >= 2.6021671971237934,126,48,78,38.095238095238095,20.6143896523848,17.480848442853294,10.185933710590138,183.19913397332732,0,3.9000000000000004,1.2316305863536186,155.18545388055594,-6.408488993877579,13.166307479846493,,,,,,,,,,
JYOTISTRUC_MINED_BASE_G0_C1607,,0,2,2,close_ema_8_daily_volatility_5_daily >= 1.1949164066816405 AND close_to_close_ema_8_daily_difference_pct >= 2.199870988161985,256,74,182,28.90625,20.6143896523848,8.291860347615199,20.695230396119644,182.96160829141098,0,9.1,0.8674355177783244,222.06349255125104,-6.936684370911476,13.166307479846493,,,,,,,,,,
JYOTISTRUC_MINED_BASE_G0_C1608,,0,2,2,close_ema_8_daily_volatility_5_daily >= 1.1949164066816405 AND close_ema_8_daily_slope_pct >= 0.6325101127513095,256,74,182,28.90625,20.6143896523848,8.291860347615199,20.695230396119644,182.96160829141098,0,9.1,0.8674355177783244,222.06349255125104,-6.936684370911476,13.166307479846493,,,,,,,,,,
JYOTISTRUC_MINED_BASE_G0_C1609,,0,3,3,close_to_close_ema_8_daily_difference_pct >= 0.5493544276590487 AND close_ema_8_daily_volatility_5_daily >= 1.1949164066816405 AND close_ema_8_daily_slope_pct >= 0.6325101127513095,256,74,182,28.90625,20.6143896523848,8.291860347615199,20.695230396119644,182.96160829141098,0,9.1,0.8674355177783244,222.06349255125104,-6.936684370911476,13.166307479846493,,,,,,,,,,
JYOTISTRUC_MINED_BASE_G0_C1610,,0,3,3,close_ema_8_daily_slope_pct >= 0.15733448182659485 AND close_ema_8_daily_volatility_5_daily >= 1.1949164066816405 AND close_to_close_ema_8_daily_difference_pct >= 2.199870988161985,256,74,182,28.90625,20.6143896523848,8.291860347615199,20.695230396119644,182.96160829141098,0,9.1,0.8674355177783244,222.06349255125104,-6.936684370911476,13.166307479846493,,,,,,,,,,
JYOTISTRUC_MINED_BASE_G0_C1611,,0,3,3,close_ema_8_daily_volatility_5_daily >= 1.1949164066816405 AND close_to_close_ema_8_daily_difference_pct >= 2.199870988161985 AND close_ema_8_daily_slope_pct >= 0.6325101127513095,256,74,182,28.90625,20.6143896523848,8.291860347615199,20.695230396119644,182.96160829141098,0,9.1,0.8674355177783244,222.06349255125104,-6.936684370911476,13.166307479846493,,,,,,,,,,
JYOTISTRUC_MINED_BASE_G0_C1612,,0,3,3,close_ema_3_daily_slope_pct >= -0.28800660038466785 AND close_ema_8_daily_volatility_5_daily >= 1.1949164066816405 AND close_to_close_ema_8_daily_difference_pct >= 2.199870988161985,238,71,167,29.831932773109244,20.6143896523848,9.217543120724443,19.24009700889248,182.7467162654125,0,8.35,1.0030002205967599,238.71405250202884,-6.936684370911476,13.166307479846493,,,,,,,,,,
JYOTISTRUC_MINED_BASE_G0_C1613,,0,3,3,close_ema_3_daily_slope_pct >= -0.28800660038466785 AND close_ema_8_daily_volatility_5_daily >= 1.1949164066816405 AND close_ema_8_daily_slope_pct >= 0.6325101127513095,238,71,167,29.831932773109244,20.6143896523848,9.217543120724443,19.24009700889248,182.7467162654125,0,8.35,1.0030002205967599,238.71405250202884,-6.936684370911476,13.166307479846493,,,,,,,,,,
JYOTISTRUC_MINED_BASE_G0_C1614,,0,3,3,close_to_close_ema_3_daily_difference_pct >= -0.28338672864249204 AND close_ema_8_daily_volatility_5_daily >= 1.1949164066816405 AND close_to_close_ema_8_daily_difference_pct >= 2.199870988161985,238,71,167,29.831932773109244,20.6143896523848,9.217543120724443,19.24009700889248,182.7467162654125,0,8.35,1.0030002205967599,238.71405250202884,-6.936684370911476,13.166307479846493,,,,,,,,,,
JYOTISTRUC_MINED_BASE_G0_C1615,,0,3,3,close_to_close_ema_3_daily_difference_pct >= -0.28338672864249204 AND close_ema_8_daily_volatility_5_daily >= 1.1949164066816405 AND close_ema_8_daily_slope_pct >= 0.6325101127513095,238,71,167,29.831932773109244,20.6143896523848,9.217543120724443,19.24009700889248,182.7467162654125,0,8.35,1.0030002205967599,238.71405250202884,-6.936684370911476,13.166307479846493,,,,,,,,,,
JYOTISTRUC_MINED_BASE_G0_C1616,,0,3,3,close_ema_3_daily_range_5_pct >= 5.443470843473113 AND close_to_close_ema_8_daily_difference_pct >= 2.199870988161985 AND close_ema_3_daily_volatility_5_daily >= 2.6021671971237934,146,53,93,36.3013698630137,20.6143896523848,15.686980210628896,11.802748585286984,182.59717483363863,0,4.65,0.9374245934980543,136.86399065071592,-6.408488993877579,13.166307479846493,,,,,,,,,,
JYOTISTRUC_MINED_BASE_G0_C1617,,0,3,3,close_ema_3_daily_range_5_pct >= 5.443470843473113 AND close_ema_8_daily_slope_pct >= 0.6325101127513095 AND close_ema_3_daily_volatility_5_daily >= 2.6021671971237934,146,53,93,36.3013698630137,20.6143896523848,15.686980210628896,11.802748585286984,182.59717483363863,0,4.65,0.9374245934980543,136.86399065071592,-6.408488993877579,13.166307479846493,,,,,,,,,,
JYOTISTRUC_MINED_BASE_G0_C1618,,0,3,3,close_ema_3_daily_slope_pct >= 0.2627015027787666 AND close_ema_8_daily_volatility_5_daily >= 1.1949164066816405 AND close_to_close_ema_8_daily_difference_pct >= 2.199870988161985,222,68,154,30.630630630630627,20.6143896523848,10.016240978245825,17.946645109135005,181.82993712582078,0,7.7,1.149577411530543,255.20618535978056,-6.936684370911476,13.166307479846493,,,,,,,,,,
JYOTISTRUC_MINED_BASE_G0_C1619,,0,3,3,close_ema_3_daily_slope_pct >= 0.2627015027787666 AND close_ema_8_daily_volatility_5_daily >= 1.1949164066816405 AND close_ema_8_daily_slope_pct >= 0.6325101127513095,222,68,154,30.630630630630627,20.6143896523848,10.016240978245825,17.946645109135005,181.82993712582078,0,7.7,1.149577411530543,255.20618535978056,-6.936684370911476,13.166307479846493,,,,,,,,,,
JYOTISTRUC_MINED_BASE_G0_C1620,,0,3,3,close_to_close_ema_3_daily_difference_pct >= 0.2529055823789776 AND close_ema_8_daily_volatility_5_daily >= 1.1949164066816405 AND close_to_close_ema_8_daily_difference_pct >= 2.199870988161985,222,68,154,30.630630630630627,20.6143896523848,10.016240978245825,17.946645109135005,181.82993712582078,0,7.7,1.149577411530543,255.20618535978056,-6.936684370911476,13.166307479846493,,,,,,,,,,
JYOTISTRUC_MINED_BASE_G0_C1621,,0,3,3,close_to_close_ema_3_daily_difference_pct >= 0.2529055823789776 AND close_ema_8_daily_volatility_5_daily >= 1.1949164066816405 AND close_ema_8_daily_slope_pct >= 0.6325101127513095,222,68,154,30.630630630630627,20.6143896523848,10.016240978245825,17.946645109135005,181.82993712582078,0,7.7,1.149577411530543,255.20618535978056,-6.936684370911476,13.166307479846493,,,,,,,,,,
JYOTISTRUC_MINED_BASE_G0_C1622,,0,3,3,close_ema_3_daily_volatility_5_daily >= 1.6353580277228665 AND close_ema_13_daily_slope_pct >= 0.145719601926301 AND close_ema_8_daily_volatility_5_daily >= 1.1949164066816405,251,73,178,29.08366533864542,20.6143896523848,8.46927568626062,20.29102667744543,181.36086189227424,0,8.9,0.6381611536570528,160.17844956792027,-6.936684370911476,13.166307479846493,,,,,,,,,,
JYOTISTRUC_MINED_BASE_G0_C1623,,0,3,3,close_ema_3_daily_volatility_5_daily >= 1.6353580277228665 AND close_to_close_ema_13_daily_difference_pct >= 0.8582022248527891 AND close_ema_8_daily_volatility_5_daily >= 1.1949164066816405,251,73,178,29.08366533864542,20.6143896523848,8.46927568626062,20.29102667744543,181.36086189227424,0,8.9,0.6381611536570528,160.17844956792027,-6.936684370911476,13.166307479846493,,,,,,,,,,
JYOTISTRUC_MINED_BASE_G0_C1624,,0,3,3,close_ema_8_daily_volatility_5_daily >= 1.1949164066816405 AND close_to_close_ema_8_daily_difference_pct >= 2.199870988161985 AND close_ema_3_daily_volatility_5_daily >= 2.6021671971237934,148,53,95,35.810810810810814,20.6143896523848,15.196421158426013,11.96443007275667,180.08201618679414,0,4.75,0.9499701315546906,140.5955794700942,-6.408488993877579,13.166307479846493,,,,,,,,,,
JYOTISTRUC_MINED_BASE_G0_C1625,,0,3,3,close_ema_8_daily_volatility_5_daily >= 1.1949164066816405 AND close_ema_8_daily_slope_pct >= 0.6325101127513095 AND close_ema_3_daily_volatility_5_daily >= 2.6021671971237934,148,53,95,35.810810810810814,20.6143896523848,15.196421158426013,11.96443007275667,180.08201618679414,0,4.75,0.9499701315546906,140.5955794700942,-6.408488993877579,13.166307479846493,,,,,,,,,,
JYOTISTRUC_MINED_BASE_G0_C1626,,0,3,3,close_ema_3_daily_range_5_pct >= 6.513413502927244 AND close_ema_8_daily_volatility_5_daily >= 1.1949164066816405 AND close_to_close_ema_8_daily_difference_pct >= 2.199870988161985,202,64,138,31.683168316831683,20.6143896523848,11.068778664446882,16.329830234438155,179.09655141622542,0,6.9,0.884219364663677,178.61231166206275,-6.936684370911476,13.166307479846493,,,,,,,,,,
JYOTISTRUC_MINED_BASE_G0_C1627,,0,3,3,close_ema_3_daily_range_5_pct >= 6.513413502927244 AND close_ema_8_daily_volatility_5_daily >= 1.1949164066816405 AND close_ema_8_daily_slope_pct >= 0.6325101127513095,202,64,138,31.683168316831683,20.6143896523848,11.068778664446882,16.329830234438155,179.09655141622542,0,6.9,0.884219364663677,178.61231166206275,-6.936684370911476,13.166307479846493,,,,,,,,,,
JYOTISTRUC_MINED_BASE_G0_C1628,,0,2,2,close_to_close_ema_8_daily_difference_pct >= 2.199870988161985 AND close_ema_3_daily_volatility_5_daily >= 2.6021671971237934,149,53,96,35.57046979865772,20.6143896523848,14.956080146272917,12.045270816491511,178.75303476150276,0,4.800000000000001,0.9242113433793946,137.7074901635298,-6.408488993877579,13.166307479846493,,,,,,,,,,
JYOTISTRUC_MINED_BASE_G0_C1629,,0,2,2,close_ema_8_daily_slope_pct >= 0.6325101127513095 AND close_ema_3_daily_volatility_5_daily >= 2.6021671971237934,149,53,96,35.57046979865772,20.6143896523848,14.956080146272917,12.045270816491511,178.75303476150276,0,4.800000000000001,0.9242113433793946,137.7074901635298,-6.408488993877579,13.166307479846493,,,,,,,,,,
JYOTISTRUC_MINED_BASE_G0_C1630,,0,3,3,close_to_close_ema_8_daily_difference_pct >= 0.5493544276590487 AND close_ema_8_daily_slope_pct >= 0.6325101127513095 AND close_ema_3_daily_volatility_5_daily >= 2.6021671971237934,149,53,96,35.57046979865772,20.6143896523848,14.956080146272917,12.045270816491511,178.75303476150276,0,4.800000000000001,0.9242113433793946,137.7074901635298,-6.408488993877579,13.166307479846493,,,,,,,,,,
JYOTISTRUC_MINED_BASE_G0_C1631,,0,3,3,close_ema_8_daily_slope_pct >= 0.15733448182659485 AND close_to_close_ema_8_daily_difference_pct >= 2.199870988161985 AND close_ema_3_daily_volatility_5_daily >= 2.6021671971237934,149,53,96,35.57046979865772,20.6143896523848,14.956080146272917,12.045270816491511,178.75303476150276,0,4.800000000000001,0.9242113433793946,137.7074901635298,-6.408488993877579,13.166307479846493,,,,,,,,,,
JYOTISTRUC_MINED_BASE_G0_C1632,,0,3,3,close_to_close_ema_8_daily_difference_pct >= 2.199870988161985 AND close_ema_8_daily_slope_pct >= 0.6325101127513095 AND close_ema_3_daily_volatility_5_daily >= 2.6021671971237934,149,53,96,35.57046979865772,20.6143896523848,14.956080146272917,12.045270816491511,178.75303476150276,0,4.800000000000001,0.9242113433793946,137.7074901635298,-6.408488993877579,13.166307479846493,,,,,,,,,,
JYOTISTRUC_MINED_BASE_G0_C1633,,0,3,3,close_ema_3_daily_range_5_pct >= 5.443470843473113 AND close_ema_13_daily_slope_pct >= 0.145719601926301 AND close_ema_8_daily_volatility_5_daily >= 1.1949164066816405,231,69,162,29.87012987012987,20.6143896523848,9.255740217745068,18.674211802748587,178.3291932772921,0,8.1,0.7168307295222449,165.58789851963857,-6.936684370911476,13.166307479846493,,,,,,,,,,
JYOTISTRUC_MINED_BASE_G0_C1634,,0,3,3,close_ema_3_daily_range_5_pct >= 5.443470843473113 AND close_to_close_ema_13_daily_difference_pct >= 0.8582022248527891 AND close_ema_8_daily_volatility_5_daily >= 1.1949164066816405,231,69,162,29.87012987012987,20.6143896523848,9.255740217745068,18.674211802748587,178.3291932772921,0,8.1,0.7168307295222449,165.58789851963857,-6.936684370911476,13.166307479846493,,,,,,,,,,
JYOTISTRUC_MINED_BASE_G0_C1635,,0,3,3,close_ema_13_daily_slope_pct >= 0.145719601926301 AND close_to_close_ema_8_daily_difference_pct >= 2.199870988161985 AND close_ema_3_daily_volatility_5_daily >= 2.6021671971237934,144,51,93,35.41666666666667,20.6143896523848,14.80227701428187,11.641067097817299,174.00948992635813,0,4.65,0.882701618316266,127.1090330375423,-6.408488993877579,13.166307479846493,,,,,,,,,,
JYOTISTRUC_MINED_BASE_G0_C1636,,0,3,3,close_ema_13_daily_slope_pct >= 0.145719601926301 AND close_ema_8_daily_slope_pct >= 0.6325101127513095 AND close_ema_3_daily_volatility_5_daily >= 2.6021671971237934,144,51,93,35.41666666666667,20.6143896523848,14.80227701428187,11.641067097817299,174.00948992635813,0,4.65,0.882701618316266,127.1090330375423,-6.408488993877579,13.166307479846493,,,,,,,,,,
JYOTISTRUC_MINED_BASE_G0_C1637,,0,3,3,close_to_close_ema_13_daily_difference_pct >= 0.8582022248527891 AND close_to_close_ema_8_daily_difference_pct >= 2.199870988161985 AND close_ema_3_daily_volatility_5_daily >= 2.6021671971237934,144,51,93,35.41666666666667,20.6143896523848,14.80227701428187,11.641067097817299,174.00948992635813,0,4.65,0.882701618316266,127.1090330375423,-6.408488993877579,13.166307479846493,,,,,,,,,,
JYOTISTRUC_MINED_BASE_G0_C1638,,0,3,3,close_to_close_ema_13_daily_difference_pct >= 0.8582022248527891 AND close_ema_8_daily_slope_pct >= 0.6325101127513095 AND close_ema_3_daily_volatility_5_daily >= 2.6021671971237934,144,51,93,35.41666666666667,20.6143896523848,14.80227701428187,11.641067097817299,174.00948992635813,0,4.65,0.882701618316266,127.1090330375423,-6.408488993877579,13.166307479846493,,,,,,,,,,
JYOTISTRUC_MINED_BASE_G0_C1639,,0,3,3,close_ema_3_daily_slope_pct >= -0.28800660038466785 AND close_ema_13_daily_slope_pct >= 0.145719601926301 AND close_ema_8_daily_volatility_5_daily >= 1.1949164066816405,233,68,165,29.184549356223176,20.6143896523848,8.570159703838375,18.83589329021827,173.4708225210855,0,8.25,0.9566746672978776,222.9051974804055,-6.936684370911476,13.166307479846493,,,,,,,,,,
JYOTISTRUC_MINED_BASE_G0_C1640,,0,3,3,close_ema_3_daily_slope_pct >= -0.28800660038466785 AND close_to_close_ema_13_daily_difference_pct >= 0.8582022248527891 AND close_ema_8_daily_volatility_5_daily >= 1.1949164066816405,233,68,165,29.184549356223176,20.6143896523848,8.570159703838375,18.83589329021827,173.4708225210855,0,8.25,0.9566746672978776,222.9051974804055,-6.936684370911476,13.166307479846493,,,,,,,,,,
JYOTISTRUC_MINED_BASE_G0_C1641,,0,3,3,close_to_close_ema_3_daily_difference_pct >= -0.28338672864249204 AND close_ema_13_daily_slope_pct >= 0.145719601926301 AND close_ema_8_daily_volatility_5_daily >= 1.1949164066816405,233,68,165,29.184549356223176,20.6143896523848,8.570159703838375,18.83589329021827,173.4708225210855,0,8.25,0.9566746672978776,222.9051974804055,-6.936684370911476,13.166307479846493,,,,,,,,,,
JYOTISTRUC_MINED_BASE_G0_C1642,,0,3,3,close_to_close_ema_3_daily_difference_pct >= -0.28338672864249204 AND close_to_close_ema_13_daily_difference_pct >= 0.8582022248527891 AND close_ema_8_daily_volatility_5_daily >= 1.1949164066816405,233,68,165,29.184549356223176,20.6143896523848,8.570159703838375,18.83589329021827,173.4708225210855,0,8.25,0.9566746672978776,222.9051974804055,-6.936684370911476,13.166307479846493,,,,,,,,,,
JYOTISTRUC_MINED_BASE_G0_C1643,,0,3,3,close_to_close_ema_8_daily_difference_pct >= 0.5493544276590487 AND close_ema_13_daily_slope_pct >= 0.145719601926301 AND close_ema_8_daily_volatility_5_daily >= 1.1949164066816405,272,74,198,27.205882352941174,20.6143896523848,6.591492700556373,21.988682295877123,173.2560412674191,0,9.9,0.7328592548790792,199.33771732710954,-6.936684370911476,13.166307479846493,,,,,,,,,,
JYOTISTRUC_MINED_BASE_G0_C1644,,0,3,3,close_to_close_ema_8_daily_difference_pct >= 0.5493544276590487 AND close_to_close_ema_13_daily_difference_pct >= 0.8582022248527891 AND close_ema_8_daily_volatility_5_daily >= 1.1949164066816405,272,74,198,27.205882352941174,20.6143896523848,6.591492700556373,21.988682295877123,173.2560412674191,0,9.9,0.7328592548790792,199.33771732710954,-6.936684370911476,13.166307479846493,,,,,,,,,,
JYOTISTRUC_MINED_BASE_G0_C1645,,0,3,3,close_ema_8_daily_slope_pct >= 0.15733448182659485 AND close_ema_13_daily_slope_pct >= 0.145719601926301 AND close_ema_8_daily_volatility_5_daily >= 1.1949164066816405,272,74,198,27.205882352941174,20.6143896523848,6.591492700556373,21.988682295877123,173.2560412674191,0,9.9,0.7328592548790792,199.33771732710954,-6.936684370911476,13.166307479846493,,,,,,,,,,
JYOTISTRUC_MINED_BASE_G0_C1646,,0,3,3,close_ema_8_daily_slope_pct >= 0.15733448182659485 AND close_to_close_ema_13_daily_difference_pct >= 0.8582022248527891 AND close_ema_8_daily_volatility_5_daily >= 1.1949164066816405,272,74,198,27.205882352941174,20.6143896523848,6.591492700556373,21.988682295877123,173.2560412674191,0,9.9,0.7328592548790792,199.33771732710954,-6.936684370911476,13.166307479846493,,,,,,,,,,
JYOTISTRUC_MINED_BASE_G0_C1647,,0,2,2,close_ema_13_daily_slope_pct >= 0.145719601926301 AND close_ema_8_daily_volatility_5_daily >= 1.1949164066816405,282,75,207,26.595744680851062,20.6143896523848,5.981355028466261,22.797089733225544,171.46294447111734,0,10.350000000000001,0.6353897762620158,179.17991690588843,-6.936684370911476,13.166307479846493,,,,,,,,,,
JYOTISTRUC_MINED_BASE_G0_C1648,,0,2,2,close_to_close_ema_13_daily_difference_pct >= 0.8582022248527891 AND close_ema_8_daily_volatility_5_daily >= 1.1949164066816405,282,75,207,26.595744680851062,20.6143896523848,5.981355028466261,22.797089733225544,171.46294447111734,0,10.350000000000001,0.6353897762620158,179.17991690588843,-6.936684370911476,13.166307479846493,,,,,,,,,,
JYOTISTRUC_MINED_BASE_G0_C1649,,0,3,3,close_ema_13_daily_slope_pct >= 0.145719601926301 AND close_to_close_ema_13_daily_difference_pct >= 0.8582022248527891 AND close_ema_8_daily_volatility_5_daily >= 1.1949164066816405,282,75,207,26.595744680851062,20.6143896523848,5.981355028466261,22.797089733225544,171.46294447111734,0,10.350000000000001,0.6353897762620158,179.17991690588843,-6.936684370911476,13.166307479846493,,,,,,,,,,
JYOTISTRUC_MINED_BASE_G0_C1650,,0,3,3,close_ema_3_daily_range_5_pct >= 6.513413502927244 AND close_to_close_ema_8_daily_difference_pct >= 2.199870988161985 AND close_ema_3_daily_volatility_5_daily >= 2.6021671971237934,143,50,93,34.96503496503497,20.6143896523848,14.350645312650165,11.560226354082458,169.68057815422085,0,4.65,0.8591171969900114,122.85375916957163,-6.408488993877579,13.166307479846493,,,,,,,,,,
JYOTISTRUC_MINED_BASE_G0_C1651,,0,3,3,close_ema_3_daily_range_5_pct >= 6.513413502927244 AND close_ema_8_daily_slope_pct >= 0.6325101127513095 AND close_ema_3_daily_volatility_5_daily >= 2.6021671971237934,143,50,93,34.96503496503497,20.6143896523848,14.350645312650165,11.560226354082458,169.68057815422085,0,4.65,0.8591171969900114,122.85375916957163,-6.408488993877579,13.166307479846493,,,,,,,,,,
JYOTISTRUC_MINED_BASE_G0_C1652,,0,3,3,close_ema_3_daily_slope_pct >= 0.2627015027787666 AND close_ema_13_daily_slope_pct >= 0.145719601926301 AND close_ema_8_daily_volatility_5_daily >= 1.1949164066816405,215,64,151,29.767441860465116,20.6143896523848,9.153052208080315,17.38075990299111,169.50558754761906,0,7.550000000000001,1.0967755024058243,235.80673301725224,-6.936684370911476,13.166307479846493,,,,,,,,,,
JYOTISTRUC_MINED_BASE_G0_C1653,,0,3,3,close_ema_3_daily_slope_pct >= 0.2627015027787666 AND close_to_close_ema_13_daily_difference_pct >= 0.8582022248527891 AND close_ema_8_daily_volatility_5_daily >= 1.1949164066816405,215,64,151,29.767441860465116,20.6143896523848,9.153052208080315,17.38075990299111,169.50558754761906,0,7.550000000000001,1.0967755024058243,235.80673301725224,-6.936684370911476,13.166307479846493,,,,,,,,,,
JYOTISTRUC_MINED_BASE_G0_C1654,,0,3,3,close_to_close_ema_3_daily_difference_pct >= 0.2529055823789776 AND close_ema_13_daily_slope_pct >= 0.145719601926301 AND close_ema_8_daily_volatility_5_daily >= 1.1949164066816405,215,64,151,29.767441860465116,20.6143896523848,9.153052208080315,17.38075990299111,169.50558754761906,0,7.550000000000001,1.0967755024058243,235.80673301725224,-6.936684370911476,13.166307479846493,,,,,,,,,,
JYOTISTRUC_MINED_BASE_G0_C1655,,0,3,3,close_to_close_ema_3_daily_difference_pct >= 0.2529055823789776 AND close_to_close_ema_13_daily_difference_pct >= 0.8582022248527891 AND close_ema_8_daily_volatility_5_daily >= 1.1949164066816405,215,64,151,29.767441860465116,20.6143896523848,9.153052208080315,17.38075990299111,169.50558754761906,0,7.550000000000001,1.0967755024058243,235.80673301725224,-6.936684370911476,13.166307479846493,,,,,,,,,,
JYOTISTRUC_MINED_BASE_G0_C1656,,0,3,3,close_ema_3_daily_range_5_pct >= 7.56636421937482 AND close_to_close_ema_8_daily_difference_pct >= 2.199870988161985 AND close_ema_3_daily_volatility_5_daily >= 2.6021671971237934,139,49,90,35.25179856115108,20.6143896523848,14.637408908766275,11.236863379143088,169.06371001716917,0,4.5,0.7922218244459294,110.11883359798418,-6.408488993877579,13.166307479846493,,,,,,,,,,
JYOTISTRUC_MINED_BASE_G0_C1657,,0,3,3,close_ema_3_daily_range_5_pct >= 7.56636421937482 AND close_ema_8_daily_slope_pct >= 0.6325101127513095 AND close_ema_3_daily_volatility_5_daily >= 2.6021671971237934,139,49,90,35.25179856115108,20.6143896523848,14.637408908766275,11.236863379143088,169.06371001716917,0,4.5,0.7922218244459294,110.11883359798418,-6.408488993877579,13.166307479846493,,,,,,,,,,
JYOTISTRUC_MINED_BASE_G0_C1658,,0,3,3,close_ema_13_daily_slope_pct >= 0.145719601926301 AND close_ema_8_daily_volatility_5_daily >= 1.1949164066816405 AND close_to_close_ema_8_daily_difference_pct >= 2.199870988161985,248,69,179,27.82258064516129,20.6143896523848,7.208190992776487,20.048504446240905,167.4830438076308,0,8.950000000000001,0.7973629479161167,197.74601108319695,-6.936684370911476,13.166307479846493,,,,,,,,,,
JYOTISTRUC_MINED_BASE_G0_C1659,,0,3,3,close_ema_13_daily_slope_pct >= 0.145719601926301 AND close_ema_8_daily_volatility_5_daily >= 1.1949164066816405 AND close_ema_8_daily_slope_pct >= 0.6325101127513095,248,69,179,27.82258064516129,20.6143896523848,7.208190992776487,20.048504446240905,167.4830438076308,0,8.950000000000001,0.7973629479161167,197.74601108319695,-6.936684370911476,13.166307479846493,,,,,,,,,,
JYOTISTRUC_MINED_BASE_G0_C1660,,0,3,3,close_to_close_ema_13_daily_difference_pct >= 0.8582022248527891 AND close_ema_8_daily_volatility_5_daily >= 1.1949164066816405 AND close_to_close_ema_8_daily_difference_pct >= 2.199870988161985,248,69,179,27.82258064516129,20.6143896523848,7.208190992776487,20.048504446240905,167.4830438076308,0,8.950000000000001,0.7973629479161167,197.74601108319695,-6.936684370911476,13.166307479846493,,,,,,,,,,
JYOTISTRUC_MINED_BASE_G0_C1661,,0,3,3,close_to_close_ema_13_daily_difference_pct >= 0.8582022248527891 AND close_ema_8_daily_volatility_5_daily >= 1.1949164066816405 AND close_ema_8_daily_slope_pct >= 0.6325101127513095,248,69,179,27.82258064516129,20.6143896523848,7.208190992776487,20.048504446240905,167.4830438076308,0,8.950000000000001,0.7973629479161167,197.74601108319695,-6.936684370911476,13.166307479846493,,,,,,,,,,