condition,feature,operator,threshold,matched_count,hit_count,non_hit_count,accuracy_pct,coverage_pct,non_hit_leakage_pct
close_to_close_ema_221_daily_difference_pct <= -28.580311467328972,close_to_close_ema_221_daily_difference_pct,<=,-28.580311467328972,86,6,80,6.976744186046512,46.15384615384615,19.32367149758454
close_ema_221_daily_slope_pct <= -0.2591476931768978,close_ema_221_daily_slope_pct,<=,-0.2591476931768978,86,6,80,6.976744186046512,46.15384615384615,19.32367149758454
close_ema_55_daily_range_5_pct <= 0.39577158063669243,close_ema_55_daily_range_5_pct,<=,0.39577158063669243,43,3,40,6.976744186046512,23.076923076923077,9.66183574879227
close_to_close_ema_8_daily_difference_pct >= 8.10160628024314,close_to_close_ema_8_daily_difference_pct,>=,8.10160628024314,44,3,41,6.8181818181818175,23.076923076923077,9.903381642512077
volume_to_volume_ema_8_daily_difference_pct >= 68.87261445183395,volume_to_volume_ema_8_daily_difference_pct,>=,68.87261445183395,44,3,41,6.8181818181818175,23.076923076923077,9.903381642512077
close_ema_8_daily_slope_pct >= 2.369594718506849,close_ema_8_daily_slope_pct,>=,2.369594718506849,44,3,41,6.8181818181818175,23.076923076923077,9.903381642512077
close_ema_3_daily_volatility_5_daily <= 1.646557467545059,close_ema_3_daily_volatility_5_daily,<=,1.646557467545059,86,5,81,5.813953488372093,38.46153846153847,19.565217391304348
volume_to_volume_ema_8_daily_difference_pct >= 32.42084837969619,volume_to_volume_ema_8_daily_difference_pct,>=,32.42084837969619,87,5,82,5.747126436781609,38.46153846153847,19.806763285024154
close_to_close_ema_221_daily_difference_pct <= -19.909623207108947,close_to_close_ema_221_daily_difference_pct,<=,-19.909623207108947,128,7,121,5.46875,53.84615384615385,29.227053140096622
close_ema_221_daily_slope_pct <= -0.18066956887905392,close_ema_221_daily_slope_pct,<=,-0.18066956887905392,128,7,121,5.46875,53.84615384615385,29.227053140096622
volume_to_volume_ema_3_daily_difference_pct >= 9.910326811461047,volume_to_volume_ema_3_daily_difference_pct,>=,9.910326811461047,129,7,122,5.426356589147287,53.84615384615385,29.468599033816425
volume_to_volume_ema_5_daily_difference_pct >= 12.246093773526665,volume_to_volume_ema_5_daily_difference_pct,>=,12.246093773526665,129,7,122,5.426356589147287,53.84615384615385,29.468599033816425
volume_to_volume_ema_8_daily_difference_pct >= 14.300116314123915,volume_to_volume_ema_8_daily_difference_pct,>=,14.300116314123915,129,7,122,5.426356589147287,53.84615384615385,29.468599033816425
close_to_close_ema_144_daily_difference_pct <= -16.086914969938505,close_to_close_ema_144_daily_difference_pct,<=,-16.086914969938505,128,6,122,4.6875,46.15384615384615,29.468599033816425
close_ema_144_daily_slope_pct <= -0.2244867409622573,close_ema_144_daily_slope_pct,<=,-0.2244867409622573,128,6,122,4.6875,46.15384615384615,29.468599033816425
close_to_close_ema_3_daily_difference_pct >= -0.3789681993698641,close_to_close_ema_3_daily_difference_pct,>=,-0.3789681993698641,172,8,164,4.651162790697675,61.53846153846154,39.61352657004831
volume_to_volume_ema_3_daily_difference_pct >= -0.2873583508153718,volume_to_volume_ema_3_daily_difference_pct,>=,-0.2873583508153718,172,8,164,4.651162790697675,61.53846153846154,39.61352657004831
close_ema_3_daily_slope_pct >= -0.3775374524842265,close_ema_3_daily_slope_pct,>=,-0.3775374524842265,172,8,164,4.651162790697675,61.53846153846154,39.61352657004831
volume_to_volume_ema_21_daily_difference_pct >= 21.42866100602857,volume_to_volume_ema_21_daily_difference_pct,>=,21.42866100602857,129,6,123,4.651162790697675,46.15384615384615,29.71014492753623
high_low_ratio_daily >= 1.0694143355500505,high_low_ratio_daily,>=,1.0694143355500505,129,6,123,4.651162790697675,46.15384615384615,29.71014492753623
close_to_close_ema_3_daily_difference_pct <= -3.2159039626685106,close_to_close_ema_3_daily_difference_pct,<=,-3.2159039626685106,86,4,82,4.651162790697675,30.76923076923077,19.806763285024154
close_to_close_ema_8_daily_difference_pct <= -6.762094168206155,close_to_close_ema_8_daily_difference_pct,<=,-6.762094168206155,86,4,82,4.651162790697675,30.76923076923077,19.806763285024154
volume_to_volume_ema_3_daily_difference_pct <= -30.337094910165234,volume_to_volume_ema_3_daily_difference_pct,<=,-30.337094910165234,86,4,82,4.651162790697675,30.76923076923077,19.806763285024154
volume_to_volume_ema_5_daily_difference_pct <= -39.08655790351788,volume_to_volume_ema_5_daily_difference_pct,<=,-39.08655790351788,86,4,82,4.651162790697675,30.76923076923077,19.806763285024154
close_ema_3_daily_slope_pct <= -3.1157058546245455,close_ema_3_daily_slope_pct,<=,-3.1157058546245455,86,4,82,4.651162790697675,30.76923076923077,19.806763285024154
close_ema_8_daily_slope_pct <= -1.8954071294967707,close_ema_8_daily_slope_pct,<=,-1.8954071294967707,86,4,82,4.651162790697675,30.76923076923077,19.806763285024154
close_ema_8_daily_range_5_pct <= 3.5522310682891045,close_ema_8_daily_range_5_pct,<=,3.5522310682891045,86,4,82,4.651162790697675,30.76923076923077,19.806763285024154
close_ema_21_daily_range_5_pct <= 1.39966769335312,close_ema_21_daily_range_5_pct,<=,1.39966769335312,86,4,82,4.651162790697675,30.76923076923077,19.806763285024154
close_ema_55_daily_volatility_5_daily <= 0.19557073360296431,close_ema_55_daily_volatility_5_daily,<=,0.19557073360296431,86,4,82,4.651162790697675,30.76923076923077,19.806763285024154
close_ema_55_daily_range_5_pct <= 0.6584307388118309,close_ema_55_daily_range_5_pct,<=,0.6584307388118309,86,4,82,4.651162790697675,30.76923076923077,19.806763285024154
close_to_close_ema_3_daily_difference_pct <= -4.168792271528552,close_to_close_ema_3_daily_difference_pct,<=,-4.168792271528552,43,2,41,4.651162790697675,15.384615384615385,9.903381642512077
close_to_close_ema_221_daily_difference_pct <= -38.257440459015626,close_to_close_ema_221_daily_difference_pct,<=,-38.257440459015626,43,2,41,4.651162790697675,15.384615384615385,9.903381642512077
volume_to_volume_ema_3_daily_difference_pct <= -47.10305817662055,volume_to_volume_ema_3_daily_difference_pct,<=,-47.10305817662055,43,2,41,4.651162790697675,15.384615384615385,9.903381642512077
volume_to_volume_ema_5_daily_difference_pct <= -54.62104508109377,volume_to_volume_ema_5_daily_difference_pct,<=,-54.62104508109377,43,2,41,4.651162790697675,15.384615384615385,9.903381642512077
volume_to_volume_ema_8_daily_difference_pct <= -59.98404057279322,volume_to_volume_ema_8_daily_difference_pct,<=,-59.98404057279322,43,2,41,4.651162790697675,15.384615384615385,9.903381642512077
volume_to_volume_ema_21_daily_difference_pct <= -64.5426641710278,volume_to_volume_ema_21_daily_difference_pct,<=,-64.5426641710278,43,2,41,4.651162790697675,15.384615384615385,9.903381642512077
volume_to_volume_ema_55_daily_difference_pct <= -66.08125011408653,volume_to_volume_ema_55_daily_difference_pct,<=,-66.08125011408653,43,2,41,4.651162790697675,15.384615384615385,9.903381642512077
volume_to_volume_ema_144_daily_difference_pct <= -62.38294900609696,volume_to_volume_ema_144_daily_difference_pct,<=,-62.38294900609696,43,2,41,4.651162790697675,15.384615384615385,9.903381642512077
close_ema_3_daily_slope_pct <= -4.001958917467423,close_ema_3_daily_slope_pct,<=,-4.001958917467423,43,2,41,4.651162790697675,15.384615384615385,9.903381642512077
close_ema_3_daily_volatility_5_daily <= 1.4412817776401758,close_ema_3_daily_volatility_5_daily,<=,1.4412817776401758,43,2,41,4.651162790697675,15.384615384615385,9.903381642512077
close_ema_13_daily_range_5_pct <= 1.567660165460268,close_ema_13_daily_range_5_pct,<=,1.567660165460268,43,2,41,4.651162790697675,15.384615384615385,9.903381642512077
close_ema_21_daily_range_5_pct <= 0.9769841912081739,close_ema_21_daily_range_5_pct,<=,0.9769841912081739,43,2,41,4.651162790697675,15.384615384615385,9.903381642512077
close_ema_55_daily_volatility_5_daily <= 0.13759939837531637,close_ema_55_daily_volatility_5_daily,<=,0.13759939837531637,43,2,41,4.651162790697675,15.384615384615385,9.903381642512077
close_ema_144_daily_volatility_5_daily <= 0.0757192708638859,close_ema_144_daily_volatility_5_daily,<=,0.0757192708638859,43,2,41,4.651162790697675,15.384615384615385,9.903381642512077
close_ema_144_daily_range_5_pct <= 0.25493100197900664,close_ema_144_daily_range_5_pct,<=,0.25493100197900664,43,2,41,4.651162790697675,15.384615384615385,9.903381642512077
close_ema_221_daily_slope_pct <= -0.3465894926384677,close_ema_221_daily_slope_pct,<=,-0.3465894926384677,43,2,41,4.651162790697675,15.384615384615385,9.903381642512077
close_to_close_ema_8_daily_difference_pct >= 6.142592931228378,close_to_close_ema_8_daily_difference_pct,>=,6.142592931228378,87,4,83,4.597701149425287,30.76923076923077,20.048309178743963
close_to_close_ema_13_daily_difference_pct >= 7.988320371296701,close_to_close_ema_13_daily_difference_pct,>=,7.988320371296701,87,4,83,4.597701149425287,30.76923076923077,20.048309178743963
volume_to_volume_ema_3_daily_difference_pct >= 18.19739784872934,volume_to_volume_ema_3_daily_difference_pct,>=,18.19739784872934,87,4,83,4.597701149425287,30.76923076923077,20.048309178743963
volume_to_volume_ema_5_daily_difference_pct >= 25.35505753675556,volume_to_volume_ema_5_daily_difference_pct,>=,25.35505753675556,87,4,83,4.597701149425287,30.76923076923077,20.048309178743963
volume_to_volume_ema_21_daily_difference_pct >= 48.446865813348836,volume_to_volume_ema_21_daily_difference_pct,>=,48.446865813348836,87,4,83,4.597701149425287,30.76923076923077,20.048309178743963
close_ema_8_daily_slope_pct >= 1.7863779592800457,close_ema_8_daily_slope_pct,>=,1.7863779592800457,87,4,83,4.597701149425287,30.76923076923077,20.048309178743963
close_ema_13_daily_slope_pct >= 1.3493518195970051,close_ema_13_daily_slope_pct,>=,1.3493518195970051,87,4,83,4.597701149425287,30.76923076923077,20.048309178743963
close_to_close_ema_3_daily_difference_pct >= 3.9901416615756546,close_to_close_ema_3_daily_difference_pct,>=,3.9901416615756546,44,2,42,4.545454545454546,15.384615384615385,10.144927536231885
volume_to_volume_ema_3_daily_difference_pct >= 34.04660855226177,volume_to_volume_ema_3_daily_difference_pct,>=,34.04660855226177,44,2,42,4.545454545454546,15.384615384615385,10.144927536231885
volume_to_volume_ema_5_daily_difference_pct >= 51.19691773901079,volume_to_volume_ema_5_daily_difference_pct,>=,51.19691773901079,44,2,42,4.545454545454546,15.384615384615385,10.144927536231885
volume_to_volume_ema_21_daily_difference_pct >= 94.55287460166234,volume_to_volume_ema_21_daily_difference_pct,>=,94.55287460166234,44,2,42,4.545454545454546,15.384615384615385,10.144927536231885
volume_to_volume_ema_55_daily_difference_pct >= 124.19622984120247,volume_to_volume_ema_55_daily_difference_pct,>=,124.19622984120247,44,2,42,4.545454545454546,15.384615384615385,10.144927536231885
volume_to_volume_ema_144_daily_difference_pct >= 178.56708324711732,volume_to_volume_ema_144_daily_difference_pct,>=,178.56708324711732,44,2,42,4.545454545454546,15.384615384615385,10.144927536231885
close_ema_3_daily_slope_pct >= 4.155970783240652,close_ema_3_daily_slope_pct,>=,4.155970783240652,44,2,42,4.545454545454546,15.384615384615385,10.144927536231885
close_ema_8_daily_range_5_pct <= 5.530858482329483,close_ema_8_daily_range_5_pct,<=,5.530858482329483,214,9,205,4.205607476635514,69.23076923076923,49.51690821256038
close_ema_221_daily_volatility_5_daily >= 0.22394424141689778,close_ema_221_daily_volatility_5_daily,>=,0.22394424141689778,214,9,205,4.205607476635514,69.23076923076923,49.51690821256038
close_to_close_ema_144_daily_difference_pct <= -10.696209802703043,close_to_close_ema_144_daily_difference_pct,<=,-10.696209802703043,171,7,164,4.093567251461988,53.84615384615385,39.61352657004831
close_to_close_ema_221_daily_difference_pct <= -11.72562640081017,close_to_close_ema_221_daily_difference_pct,<=,-11.72562640081017,171,7,164,4.093567251461988,53.84615384615385,39.61352657004831
close_ema_8_daily_range_5_pct <= 4.980764146389636,close_ema_8_daily_range_5_pct,<=,4.980764146389636,171,7,164,4.093567251461988,53.84615384615385,39.61352657004831
close_ema_144_daily_slope_pct <= -0.14937388054615627,close_ema_144_daily_slope_pct,<=,-0.14937388054615627,171,7,164,4.093567251461988,53.84615384615385,39.61352657004831
close_ema_221_daily_slope_pct <= -0.10648309627964324,close_ema_221_daily_slope_pct,<=,-0.10648309627964324,171,7,164,4.093567251461988,53.84615384615385,39.61352657004831
close_to_close_ema_8_daily_difference_pct >= 0.08422533518187833,close_to_close_ema_8_daily_difference_pct,>=,0.08422533518187833,172,7,165,4.069767441860465,53.84615384615385,39.85507246376812
volume_to_volume_ema_5_daily_difference_pct >= -0.7121990548424926,volume_to_volume_ema_5_daily_difference_pct,>=,-0.7121990548424926,172,7,165,4.069767441860465,53.84615384615385,39.85507246376812
volume_to_volume_ema_8_daily_difference_pct >= -2.0161352924338205,volume_to_volume_ema_8_daily_difference_pct,>=,-2.0161352924338205,172,7,165,4.069767441860465,53.84615384615385,39.85507246376812
volume_to_volume_ema_21_daily_difference_pct >= -1.4437638630511718,volume_to_volume_ema_21_daily_difference_pct,>=,-1.4437638630511718,172,7,165,4.069767441860465,53.84615384615385,39.85507246376812
volume_to_volume_ema_55_daily_difference_pct >= 9.41977450300579,volume_to_volume_ema_55_daily_difference_pct,>=,9.41977450300579,172,7,165,4.069767441860465,53.84615384615385,39.85507246376812
high_low_ratio_daily >= 1.060869520989017,high_low_ratio_daily,>=,1.060869520989017,172,7,165,4.069767441860465,53.84615384615385,39.85507246376812
close_ema_8_daily_slope_pct >= 0.024070173818978753,close_ema_8_daily_slope_pct,>=,0.024070173818978753,172,7,165,4.069767441860465,53.84615384615385,39.85507246376812
close_to_close_ema_221_daily_difference_pct <= 21.113786336030053,close_to_close_ema_221_daily_difference_pct,<=,21.113786336030053,299,12,287,4.013377926421405,92.3076923076923,69.32367149758454
close_ema_13_daily_volatility_5_daily <= 1.430753377040343,close_ema_13_daily_volatility_5_daily,<=,1.430753377040343,299,12,287,4.013377926421405,92.3076923076923,69.32367149758454
close_ema_221_daily_slope_pct <= 0.19231264378851545,close_ema_221_daily_slope_pct,<=,0.19231264378851545,299,12,287,4.013377926421405,92.3076923076923,69.32367149758454
close_ema_8_daily_volatility_5_daily <= 1.6003979984717625,close_ema_8_daily_volatility_5_daily,<=,1.6003979984717625,256,10,246,3.90625,76.92307692307693,59.42028985507246
close_ema_8_daily_range_5_pct <= 6.578697361483423,close_ema_8_daily_range_5_pct,<=,6.578697361483423,256,10,246,3.90625,76.92307692307693,59.42028985507246
close_ema_13_daily_range_5_pct <= 4.915963004984758,close_ema_13_daily_range_5_pct,<=,4.915963004984758,256,10,246,3.90625,76.92307692307693,59.42028985507246
close_to_close_ema_3_daily_difference_pct <= -2.587394779046657,close_to_close_ema_3_daily_difference_pct,<=,-2.587394779046657,128,5,123,3.90625,38.46153846153847,29.71014492753623
close_to_close_ema_8_daily_difference_pct <= -5.607789106628052,close_to_close_ema_8_daily_difference_pct,<=,-5.607789106628052,128,5,123,3.90625,38.46153846153847,29.71014492753623
close_to_close_ema_13_daily_difference_pct <= -6.9274303848169,close_to_close_ema_13_daily_difference_pct,<=,-6.9274303848169,128,5,123,3.90625,38.46153846153847,29.71014492753623
close_to_close_ema_21_daily_difference_pct <= -8.259378407006071,close_to_close_ema_21_daily_difference_pct,<=,-8.259378407006071,128,5,123,3.90625,38.46153846153847,29.71014492753623
volume_to_volume_ema_5_daily_difference_pct <= -26.472316191351304,volume_to_volume_ema_5_daily_difference_pct,<=,-26.472316191351304,128,5,123,3.90625,38.46153846153847,29.71014492753623
volume_to_volume_ema_8_daily_difference_pct <= -31.176451999538962,volume_to_volume_ema_8_daily_difference_pct,<=,-31.176451999538962,128,5,123,3.90625,38.46153846153847,29.71014492753623
close_ema_3_daily_slope_pct <= -2.5221371345079837,close_ema_3_daily_slope_pct,<=,-2.5221371345079837,128,5,123,3.90625,38.46153846153847,29.71014492753623
close_ema_3_daily_volatility_5_daily <= 1.8049800685930628,close_ema_3_daily_volatility_5_daily,<=,1.8049800685930628,128,5,123,3.90625,38.46153846153847,29.71014492753623
close_ema_8_daily_slope_pct <= -1.5769590201373682,close_ema_8_daily_slope_pct,<=,-1.5769590201373682,128,5,123,3.90625,38.46153846153847,29.71014492753623
close_ema_13_daily_slope_pct <= -1.1413935238393453,close_ema_13_daily_slope_pct,<=,-1.1413935238393453,128,5,123,3.90625,38.46153846153847,29.71014492753623
close_ema_21_daily_slope_pct <= -0.8191719892608773,close_ema_21_daily_slope_pct,<=,-0.8191719892608773,128,5,123,3.90625,38.46153846153847,29.71014492753623
close_ema_55_daily_volatility_5_daily <= 0.24214776346561231,close_ema_55_daily_volatility_5_daily,<=,0.24214776346561231,128,5,123,3.90625,38.46153846153847,29.71014492753623
close_ema_55_daily_range_5_pct <= 0.9741941606106759,close_ema_55_daily_range_5_pct,<=,0.9741941606106759,128,5,123,3.90625,38.46153846153847,29.71014492753623
volume_to_volume_ema_55_daily_difference_pct >= -21.92602043529251,volume_to_volume_ema_55_daily_difference_pct,>=,-21.92602043529251,257,10,247,3.8910505836575875,76.92307692307693,59.66183574879227
volume_to_volume_ema_55_daily_difference_pct >= 29.735072246567107,volume_to_volume_ema_55_daily_difference_pct,>=,29.735072246567107,129,5,124,3.875968992248062,38.46153846153847,29.951690821256037
close_to_close_ema_3_daily_difference_pct >= -1.2756290945983872,close_to_close_ema_3_daily_difference_pct,>=,-1.2756290945983872,214,8,206,3.7383177570093453,61.53846153846154,49.75845410628019
close_to_close_ema_21_daily_difference_pct >= -2.8441701889870066,close_to_close_ema_21_daily_difference_pct,>=,-2.8441701889870066,214,8,206,3.7383177570093453,61.53846153846154,49.75845410628019
close_to_close_ema_55_daily_difference_pct >= -2.500938360464499,close_to_close_ema_55_daily_difference_pct,>=,-2.500938360464499,214,8,206,3.7383177570093453,61.53846153846154,49.75845410628019
close_to_close_ema_144_daily_difference_pct <= -1.9805132071429061,close_to_close_ema_144_daily_difference_pct,<=,-1.9805132071429061,214,8,206,3.7383177570093453,61.53846153846154,49.75845410628019
close_to_close_ema_221_daily_difference_pct <= -3.0566739559991483,close_to_close_ema_221_daily_difference_pct,<=,-3.0566739559991483,214,8,206,3.7383177570093453,61.53846153846154,49.75845410628019
volume_to_volume_ema_3_daily_difference_pct >= -7.047034930623999,volume_to_volume_ema_3_daily_difference_pct,>=,-7.047034930623999,214,8,206,3.7383177570093453,61.53846153846154,49.75845410628019
volume_to_volume_ema_5_daily_difference_pct >= -9.253848938723163,volume_to_volume_ema_5_daily_difference_pct,>=,-9.253848938723163,214,8,206,3.7383177570093453,61.53846153846154,49.75845410628019
volume_to_volume_ema_55_daily_difference_pct >= -8.078197917665012,volume_to_volume_ema_55_daily_difference_pct,>=,-8.078197917665012,214,8,206,3.7383177570093453,61.53846153846154,49.75845410628019
high_low_ratio_daily >= 1.0526316038109653,high_low_ratio_daily,>=,1.0526316038109653,214,8,206,3.7383177570093453,61.53846153846154,49.75845410628019
close_ema_3_daily_slope_pct >= -1.2595617583445096,close_ema_3_daily_slope_pct,>=,-1.2595617583445096,214,8,206,3.7383177570093453,61.53846153846154,49.75845410628019
close_ema_8_daily_volatility_5_daily <= 1.4209688682961192,close_ema_8_daily_volatility_5_daily,<=,1.4209688682961192,214,8,206,3.7383177570093453,61.53846153846154,49.75845410628019
close_ema_21_daily_slope_pct >= -0.28361038270293626,close_ema_21_daily_slope_pct,>=,-0.28361038270293626,214,8,206,3.7383177570093453,61.53846153846154,49.75845410628019
close_ema_55_daily_slope_pct >= -0.09254162782943832,close_ema_55_daily_slope_pct,>=,-0.09254162782943832,214,8,206,3.7383177570093453,61.53846153846154,49.75845410628019
close_ema_55_daily_volatility_5_daily <= 0.4054063366486046,close_ema_55_daily_volatility_5_daily,<=,0.4054063366486046,214,8,206,3.7383177570093453,61.53846153846154,49.75845410628019
close_ema_55_daily_range_5_pct <= 1.6177309125532195,close_ema_55_daily_range_5_pct,<=,1.6177309125532195,214,8,206,3.7383177570093453,61.53846153846154,49.75845410628019
close_ema_144_daily_slope_pct <= -0.027691814924340898,close_ema_144_daily_slope_pct,<=,-0.027691814924340898,214,8,206,3.7383177570093453,61.53846153846154,49.75845410628019
close_ema_221_daily_slope_pct <= -0.02778022550074251,close_ema_221_daily_slope_pct,<=,-0.02778022550074251,214,8,206,3.7383177570093453,61.53846153846154,49.75845410628019
close_ema_221_daily_range_5_pct >= 0.8997476968303111,close_ema_221_daily_range_5_pct,>=,0.8997476968303111,214,8,206,3.7383177570093453,61.53846153846154,49.75845410628019
close_to_close_ema_144_daily_difference_pct <= 13.172519934405113,close_to_close_ema_144_daily_difference_pct,<=,13.172519934405113,299,11,288,3.678929765886288,84.61538461538461,69.56521739130434
close_ema_8_daily_volatility_5_daily <= 1.8243607434446467,close_ema_8_daily_volatility_5_daily,<=,1.8243607434446467,299,11,288,3.678929765886288,84.61538461538461,69.56521739130434
close_ema_8_daily_range_5_pct <= 7.509051093345049,close_ema_8_daily_range_5_pct,<=,7.509051093345049,299,11,288,3.678929765886288,84.61538461538461,69.56521739130434
close_ema_13_daily_range_5_pct <= 6.150360535511837,close_ema_13_daily_range_5_pct,<=,6.150360535511837,299,11,288,3.678929765886288,84.61538461538461,69.56521739130434
close_ema_21_daily_range_5_pct <= 4.3903877319607165,close_ema_21_daily_range_5_pct,<=,4.3903877319607165,299,11,288,3.678929765886288,84.61538461538461,69.56521739130434
close_ema_144_daily_slope_pct <= 0.18457108527840954,close_ema_144_daily_slope_pct,<=,0.18457108527840954,299,11,288,3.678929765886288,84.61538461538461,69.56521739130434
close_to_close_ema_55_daily_difference_pct <= 12.937360423049324,close_to_close_ema_55_daily_difference_pct,<=,12.937360423049324,341,12,329,3.519061583577713,92.3076923076923,79.46859903381642
close_to_close_ema_144_daily_difference_pct <= 22.41090371225823,close_to_close_ema_144_daily_difference_pct,<=,22.41090371225823,341,12,329,3.519061583577713,92.3076923076923,79.46859903381642
close_to_close_ema_221_daily_difference_pct <= 30.411615979451163,close_to_close_ema_221_daily_difference_pct,<=,30.411615979451163,341,12,329,3.519061583577713,92.3076923076923,79.46859903381642
close_ema_3_daily_volatility_5_daily <= 3.1435654003561337,close_ema_3_daily_volatility_5_daily,<=,3.1435654003561337,341,12,329,3.519061583577713,92.3076923076923,79.46859903381642
close_ema_8_daily_volatility_5_daily <= 2.0557834981454137,close_ema_8_daily_volatility_5_daily,<=,2.0557834981454137,341,12,329,3.519061583577713,92.3076923076923,79.46859903381642
close_ema_13_daily_volatility_5_daily <= 1.6752706913645354,close_ema_13_daily_volatility_5_daily,<=,1.6752706913645354,341,12,329,3.519061583577713,92.3076923076923,79.46859903381642
close_ema_13_daily_range_5_pct <= 6.931390548998747,close_ema_13_daily_range_5_pct,<=,6.931390548998747,341,12,329,3.519061583577713,92.3076923076923,79.46859903381642
close_ema_21_daily_volatility_5_daily <= 1.2983986580950149,close_ema_21_daily_volatility_5_daily,<=,1.2983986580950149,341,12,329,3.519061583577713,92.3076923076923,79.46859903381642
close_ema_21_daily_range_5_pct <= 5.507769885135018,close_ema_21_daily_range_5_pct,<=,5.507769885135018,341,12,329,3.519061583577713,92.3076923076923,79.46859903381642
close_ema_55_daily_slope_pct <= 0.4814685088653525,close_ema_55_daily_slope_pct,<=,0.4814685088653525,341,12,329,3.519061583577713,92.3076923076923,79.46859903381642
close_ema_144_daily_slope_pct <= 0.3144247431986655,close_ema_144_daily_slope_pct,<=,0.3144247431986655,341,12,329,3.519061583577713,92.3076923076923,79.46859903381642
close_ema_221_daily_slope_pct <= 0.2772357076200944,close_ema_221_daily_slope_pct,<=,0.2772357076200944,341,12,329,3.519061583577713,92.3076923076923,79.46859903381642
close_to_close_ema_55_daily_difference_pct <= 1.7194748777175601,close_to_close_ema_55_daily_difference_pct,<=,1.7194748777175601,256,9,247,3.515625,69.23076923076923,59.66183574879227
close_to_close_ema_144_daily_difference_pct <= 4.609436958890224,close_to_close_ema_144_daily_difference_pct,<=,4.609436958890224,256,9,247,3.515625,69.23076923076923,59.66183574879227
close_to_close_ema_221_daily_difference_pct <= 9.665461432448938,close_to_close_ema_221_daily_difference_pct,<=,9.665461432448938,256,9,247,3.515625,69.23076923076923,59.66183574879227
close_ema_21_daily_range_5_pct <= 3.629384517420722,close_ema_21_daily_range_5_pct,<=,3.629384517420722,256,9,247,3.515625,69.23076923076923,59.66183574879227
close_ema_55_daily_slope_pct <= 0.06372483741806355,close_ema_55_daily_slope_pct,<=,0.06372483741806355,256,9,247,3.515625,69.23076923076923,59.66183574879227
close_ema_55_daily_volatility_5_daily <= 0.4986677872466565,close_ema_55_daily_volatility_5_daily,<=,0.4986677872466565,256,9,247,3.515625,69.23076923076923,59.66183574879227
close_ema_55_daily_range_5_pct <= 2.056018327326234,close_ema_55_daily_range_5_pct,<=,2.056018327326234,256,9,247,3.515625,69.23076923076923,59.66183574879227
close_ema_144_daily_slope_pct <= 0.06450923736390453,close_ema_144_daily_slope_pct,<=,0.06450923736390453,256,9,247,3.515625,69.23076923076923,59.66183574879227
close_ema_144_daily_volatility_5_daily <= 0.3306000644184194,close_ema_144_daily_volatility_5_daily,<=,0.3306000644184194,256,9,247,3.515625,69.23076923076923,59.66183574879227
close_ema_144_daily_range_5_pct <= 1.329836938083141,close_ema_144_daily_range_5_pct,<=,1.329836938083141,256,9,247,3.515625,69.23076923076923,59.66183574879227
close_ema_221_daily_slope_pct <= 0.08794510666196077,close_ema_221_daily_slope_pct,<=,0.08794510666196077,256,9,247,3.515625,69.23076923076923,59.66183574879227
close_ema_8_daily_volatility_5_daily >= 0.9219679314000728,close_ema_8_daily_volatility_5_daily,>=,0.9219679314000728,342,12,330,3.508771929824561,92.3076923076923,79.71014492753623
close_to_close_ema_8_daily_difference_pct <= -4.60009920258358,close_to_close_ema_8_daily_difference_pct,<=,-4.60009920258358,171,6,165,3.508771929824561,46.15384615384615,39.85507246376812
close_ema_3_daily_range_5_pct <= 7.411118612092806,close_ema_3_daily_range_5_pct,<=,7.411118612092806,171,6,165,3.508771929824561,46.15384615384615,39.85507246376812
close_ema_8_daily_slope_pct <= -1.2972639356075106,close_ema_8_daily_slope_pct,<=,-1.2972639356075106,171,6,165,3.508771929824561,46.15384615384615,39.85507246376812
close_ema_8_daily_volatility_5_daily <= 1.261059049198757,close_ema_8_daily_volatility_5_daily,<=,1.261059049198757,171,6,165,3.508771929824561,46.15384615384615,39.85507246376812
close_ema_55_daily_volatility_5_daily <= 0.31092610895773254,close_ema_55_daily_volatility_5_daily,<=,0.31092610895773254,171,6,165,3.508771929824561,46.15384615384615,39.85507246376812
close_ema_55_daily_range_5_pct <= 1.2221586773448625,close_ema_55_daily_range_5_pct,<=,1.2221586773448625,171,6,165,3.508771929824561,46.15384615384615,39.85507246376812
volume_to_volume_ema_144_daily_difference_pct >= -10.586296511197235,volume_to_volume_ema_144_daily_difference_pct,>=,-10.586296511197235,257,9,248,3.501945525291829,69.23076923076923,59.90338164251207
high_low_ratio_daily >= 1.0460937612340784,high_low_ratio_daily,>=,1.0460937612340784,257,9,248,3.501945525291829,69.23076923076923,59.90338164251207
close_ema_13_daily_volatility_5_daily >= 0.8815312823046918,close_ema_13_daily_volatility_5_daily,>=,0.8815312823046918,257,9,248,3.501945525291829,69.23076923076923,59.90338164251207
close_ema_144_daily_volatility_5_daily >= 0.20766109059510743,close_ema_144_daily_volatility_5_daily,>=,0.20766109059510743,257,9,248,3.501945525291829,69.23076923076923,59.90338164251207
close_ema_221_daily_volatility_5_daily >= 0.18228648531082384,close_ema_221_daily_volatility_5_daily,>=,0.18228648531082384,257,9,248,3.501945525291829,69.23076923076923,59.90338164251207
close_ema_221_daily_range_5_pct >= 0.7456084920605072,close_ema_221_daily_range_5_pct,>=,0.7456084920605072,257,9,248,3.501945525291829,69.23076923076923,59.90338164251207
close_to_close_ema_13_daily_difference_pct >= 0.9378097283289452,close_to_close_ema_13_daily_difference_pct,>=,0.9378097283289452,172,6,166,3.488372093023256,46.15384615384615,40.09661835748793
close_ema_3_daily_volatility_5_daily >= 2.4905720037636483,close_ema_3_daily_volatility_5_daily,>=,2.4905720037636483,172,6,166,3.488372093023256,46.15384615384615,40.09661835748793
close_ema_13_daily_slope_pct >= 0.15654630580235446,close_ema_13_daily_slope_pct,>=,0.15654630580235446,172,6,166,3.488372093023256,46.15384615384615,40.09661835748793
close_ema_221_daily_volatility_5_daily >= 0.266966667507851,close_ema_221_daily_volatility_5_daily,>=,0.266966667507851,172,6,166,3.488372093023256,46.15384615384615,40.09661835748793
close_to_close_ema_13_daily_difference_pct <= -8.87196229713588,close_to_close_ema_13_daily_difference_pct,<=,-8.87196229713588,86,3,83,3.488372093023256,23.076923076923077,20.048309178743963
close_to_close_ema_21_daily_difference_pct <= -11.159892998794113,close_to_close_ema_21_daily_difference_pct,<=,-11.159892998794113,86,3,83,3.488372093023256,23.076923076923077,20.048309178743963
close_to_close_ema_55_daily_difference_pct <= -16.305870122453705,close_to_close_ema_55_daily_difference_pct,<=,-16.305870122453705,86,3,83,3.488372093023256,23.076923076923077,20.048309178743963
close_to_close_ema_144_daily_difference_pct <= -25.366762377330037,close_to_close_ema_144_daily_difference_pct,<=,-25.366762377330037,86,3,83,3.488372093023256,23.076923076923077,20.048309178743963
volume_to_volume_ema_8_daily_difference_pct <= -43.23065402389095,volume_to_volume_ema_8_daily_difference_pct,<=,-43.23065402389095,86,3,83,3.488372093023256,23.076923076923077,20.048309178743963
volume_to_volume_ema_21_daily_difference_pct <= -47.8548008445169,volume_to_volume_ema_21_daily_difference_pct,<=,-47.8548008445169,86,3,83,3.488372093023256,23.076923076923077,20.048309178743963
volume_to_volume_ema_55_daily_difference_pct <= -47.10482424904104,volume_to_volume_ema_55_daily_difference_pct,<=,-47.10482424904104,86,3,83,3.488372093023256,23.076923076923077,20.048309178743963
volume_to_volume_ema_144_daily_difference_pct <= -43.75538215770456,volume_to_volume_ema_144_daily_difference_pct,<=,-43.75538215770456,86,3,83,3.488372093023256,23.076923076923077,20.048309178743963
close_ema_13_daily_slope_pct <= -1.457114606437771,close_ema_13_daily_slope_pct,<=,-1.457114606437771,86,3,83,3.488372093023256,23.076923076923077,20.048309178743963
close_ema_13_daily_range_5_pct <= 2.3817906741838275,close_ema_13_daily_range_5_pct,<=,2.3817906741838275,86,3,83,3.488372093023256,23.076923076923077,20.048309178743963
close_ema_21_daily_slope_pct <= -1.1036724336145438,close_ema_21_daily_slope_pct,<=,-1.1036724336145438,86,3,83,3.488372093023256,23.076923076923077,20.048309178743963
close_ema_55_daily_slope_pct <= -0.6002958025385713,close_ema_55_daily_slope_pct,<=,-0.6002958025385713,86,3,83,3.488372093023256,23.076923076923077,20.048309178743963
close_ema_144_daily_slope_pct <= -0.3535256554457322,close_ema_144_daily_slope_pct,<=,-0.3535256554457322,86,3,83,3.488372093023256,23.076923076923077,20.048309178743963
close_to_close_ema_3_daily_difference_pct >= 2.4289897201673303,close_to_close_ema_3_daily_difference_pct,>=,2.4289897201673303,87,3,84,3.4482758620689653,23.076923076923077,20.28985507246377
volume_to_volume_ema_55_daily_difference_pct >= 59.98112436416982,volume_to_volume_ema_55_daily_difference_pct,>=,59.98112436416982,87,3,84,3.4482758620689653,23.076923076923077,20.28985507246377
volume_to_volume_ema_144_daily_difference_pct >= 85.91949960471445,volume_to_volume_ema_144_daily_difference_pct,>=,85.91949960471445,87,3,84,3.4482758620689653,23.076923076923077,20.28985507246377
high_low_ratio_daily >= 1.080470104510112,high_low_ratio_daily,>=,1.080470104510112,87,3,84,3.4482758620689653,23.076923076923077,20.28985507246377
close_ema_3_daily_slope_pct >= 2.489458409010025,close_ema_3_daily_slope_pct,>=,2.489458409010025,87,3,84,3.4482758620689653,23.076923076923077,20.28985507246377
close_ema_3_daily_range_5_pct >= 12.45800127034124,close_ema_3_daily_range_5_pct,>=,12.45800127034124,87,3,84,3.4482758620689653,23.076923076923077,20.28985507246377
close_ema_55_daily_volatility_5_daily >= 0.8085624609500377,close_ema_55_daily_volatility_5_daily,>=,0.8085624609500377,87,3,84,3.4482758620689653,23.076923076923077,20.28985507246377
close_ema_144_daily_range_5_pct >= 1.9303447289275313,close_ema_144_daily_range_5_pct,>=,1.9303447289275313,87,3,84,3.4482758620689653,23.076923076923077,20.28985507246377
close_ema_8_daily_volatility_5_daily <= 2.5252862133489336,close_ema_8_daily_volatility_5_daily,<=,2.5252862133489336,384,13,371,3.3854166666666665,100,89.61352657004831
close_ema_8_daily_range_5_pct <= 10.53212204163152,close_ema_8_daily_range_5_pct,<=,10.53212204163152,384,13,371,3.3854166666666665,100,89.61352657004831
close_ema_13_daily_volatility_5_daily <= 2.0353748042301034,close_ema_13_daily_volatility_5_daily,<=,2.0353748042301034,384,13,371,3.3854166666666665,100,89.61352657004831
close_ema_13_daily_range_5_pct <= 8.443132969256126,close_ema_13_daily_range_5_pct,<=,8.443132969256126,384,13,371,3.3854166666666665,100,89.61352657004831
close_ema_21_daily_volatility_5_daily <= 1.6162878663229505,close_ema_21_daily_volatility_5_daily,<=,1.6162878663229505,384,13,371,3.3854166666666665,100,89.61352657004831
close_ema_21_daily_range_5_pct <= 6.605535584445911,close_ema_21_daily_range_5_pct,<=,6.605535584445911,384,13,371,3.3854166666666665,100,89.61352657004831
close_ema_55_daily_volatility_5_daily <= 1.013871905466281,close_ema_55_daily_volatility_5_daily,<=,1.013871905466281,384,13,371,3.3854166666666665,100,89.61352657004831
close_ema_55_daily_range_5_pct <= 4.075363160530916,close_ema_55_daily_range_5_pct,<=,4.075363160530916,384,13,371,3.3854166666666665,100,89.61352657004831
close_to_close_ema_21_daily_difference_pct >= -15.032613143198484,close_to_close_ema_21_daily_difference_pct,>=,-15.032613143198484,385,13,372,3.3766233766233764,100,89.85507246376811
close_ema_21_daily_slope_pct >= -1.4809980436636108,close_ema_21_daily_slope_pct,>=,-1.4809980436636108,385,13,372,3.3766233766233764,100,89.85507246376811
close_ema_221_daily_volatility_5_daily >= 0.054803880141826064,close_ema_221_daily_volatility_5_daily,>=,0.054803880141826064,385,13,372,3.3766233766233764,100,89.85507246376811
close_ema_221_daily_range_5_pct >= 0.20284301920176578,close_ema_221_daily_range_5_pct,>=,0.20284301920176578,385,13,372,3.3766233766233764,100,89.85507246376811
volume_to_volume_ema_144_daily_difference_pct <= 41.602687061396374,volume_to_volume_ema_144_daily_difference_pct,<=,41.602687061396374,299,10,289,3.3444816053511706,76.92307692307693,69.80676328502415
close_ema_3_daily_volatility_5_daily <= 2.857216674244907,close_ema_3_daily_volatility_5_daily,<=,2.857216674244907,299,10,289,3.3444816053511706,76.92307692307693,69.80676328502415
close_ema_21_daily_volatility_5_daily <= 1.0468147794343228,close_ema_21_daily_volatility_5_daily,<=,1.0468147794343228,299,10,289,3.3444816053511706,76.92307692307693,69.80676328502415
close_ema_144_daily_range_5_pct <= 1.5995148783622113,close_ema_144_daily_range_5_pct,<=,1.5995148783622113,299,10,289,3.3444816053511706,76.92307692307693,69.80676328502415
close_ema_221_daily_volatility_5_daily <= 0.3086384362804799,close_ema_221_daily_volatility_5_daily,<=,0.3086384362804799,299,10,289,3.3444816053511706,76.92307692307693,69.80676328502415
close_ema_221_daily_range_5_pct <= 1.2389236500850875,close_ema_221_daily_range_5_pct,<=,1.2389236500850875,299,10,289,3.3444816053511706,76.92307692307693,69.80676328502415
volume_to_volume_ema_21_daily_difference_pct >= -34.071142566946506,volume_to_volume_ema_21_daily_difference_pct,>=,-34.071142566946506,300,10,290,3.3333333333333335,76.92307692307693,70.04830917874396
volume_to_volume_ema_55_daily_difference_pct >= -35.67849999042538,volume_to_volume_ema_55_daily_difference_pct,>=,-35.67849999042538,300,10,290,3.3333333333333335,76.92307692307693,70.04830917874396
volume_to_volume_ema_144_daily_difference_pct >= -29.81001366791429,volume_to_volume_ema_144_daily_difference_pct,>=,-29.81001366791429,300,10,290,3.3333333333333335,76.92307692307693,70.04830917874396
close_ema_8_daily_volatility_5_daily >= 1.0775431626808496,close_ema_8_daily_volatility_5_daily,>=,1.0775431626808496,300,10,290,3.3333333333333335,76.92307692307693,70.04830917874396
close_ema_13_daily_volatility_5_daily >= 0.7829017096742026,close_ema_13_daily_volatility_5_daily,>=,0.7829017096742026,300,10,290,3.3333333333333335,76.92307692307693,70.04830917874396
close_ema_21_daily_volatility_5_daily >= 0.5148145587814558,close_ema_21_daily_volatility_5_daily,>=,0.5148145587814558,300,10,290,3.3333333333333335,76.92307692307693,70.04830917874396
close_ema_144_daily_volatility_5_daily >= 0.1550596920011491,close_ema_144_daily_volatility_5_daily,>=,0.1550596920011491,300,10,290,3.3333333333333335,76.92307692307693,70.04830917874396
close_ema_221_daily_volatility_5_daily >= 0.14233641926724427,close_ema_221_daily_volatility_5_daily,>=,0.14233641926724427,300,10,290,3.3333333333333335,76.92307692307693,70.04830917874396
close_ema_221_daily_range_5_pct >= 0.5525058398301452,close_ema_221_daily_range_5_pct,>=,0.5525058398301452,300,10,290,3.3333333333333335,76.92307692307693,70.04830917874396
close_to_close_ema_8_daily_difference_pct >= -3.25717547721667,close_to_close_ema_8_daily_difference_pct,>=,-3.25717547721667,214,7,207,3.2710280373831773,53.84615384615385,50
close_to_close_ema_13_daily_difference_pct >= -3.622455777752884,close_to_close_ema_13_daily_difference_pct,>=,-3.622455777752884,214,7,207,3.2710280373831773,53.84615384615385,50
volume_to_volume_ema_8_daily_difference_pct >= -10.65528392309588,volume_to_volume_ema_8_daily_difference_pct,>=,-10.65528392309588,214,7,207,3.2710280373831773,53.84615384615385,50
volume_to_volume_ema_21_daily_difference_pct >= -13.246375095735461,volume_to_volume_ema_21_daily_difference_pct,>=,-13.246375095735461,214,7,207,3.2710280373831773,53.84615384615385,50
volume_to_volume_ema_144_daily_difference_pct >= 4.753691766849563,volume_to_volume_ema_144_daily_difference_pct,>=,4.753691766849563,214,7,207,3.2710280373831773,53.84615384615385,50
close_ema_3_daily_volatility_5_daily >= 2.2564410549022,close_ema_3_daily_volatility_5_daily,>=,2.2564410549022,214,7,207,3.2710280373831773,53.84615384615385,50
close_ema_3_daily_range_5_pct <= 8.026844815250932,close_ema_3_daily_range_5_pct,<=,8.026844815250932,214,7,207,3.2710280373831773,53.84615384615385,50
close_ema_8_daily_slope_pct >= -0.9220408538953349,close_ema_8_daily_slope_pct,>=,-0.9220408538953349,214,7,207,3.2710280373831773,53.84615384615385,50
close_ema_13_daily_slope_pct >= -0.600119452661095,close_ema_13_daily_slope_pct,>=,-0.600119452661095,214,7,207,3.2710280373831773,53.84615384615385,50
close_ema_13_daily_volatility_5_daily <= 1.0077035336412066,close_ema_13_daily_volatility_5_daily,<=,1.0077035336412066,214,7,207,3.2710280373831773,53.84615384615385,50
close_ema_13_daily_range_5_pct <= 4.1043001703954625,close_ema_13_daily_range_5_pct,<=,4.1043001703954625,214,7,207,3.2710280373831773,53.84615384615385,50
close_ema_21_daily_volatility_5_daily <= 0.7405606740871662,close_ema_21_daily_volatility_5_daily,<=,0.7405606740871662,214,7,207,3.2710280373831773,53.84615384615385,50
close_ema_21_daily_range_5_pct <= 3.0598416907997583,close_ema_21_daily_range_5_pct,<=,3.0598416907997583,214,7,207,3.2710280373831773,53.84615384615385,50
close_ema_144_daily_volatility_5_daily >= 0.25968546548595767,close_ema_144_daily_volatility_5_daily,>=,0.25968546548595767,214,7,207,3.2710280373831773,53.84615384615385,50
close_ema_144_daily_range_5_pct >= 1.035108798575762,close_ema_144_daily_range_5_pct,>=,1.035108798575762,214,7,207,3.2710280373831773,53.84615384615385,50
close_to_close_ema_21_daily_difference_pct <= 9.829880860661195,close_to_close_ema_21_daily_difference_pct,<=,9.829880860661195,341,11,330,3.225806451612903,84.61538461538461,79.71014492753623
close_ema_3_daily_range_5_pct <= 12.45800127034124,close_ema_3_daily_range_5_pct,<=,12.45800127034124,341,11,330,3.225806451612903,84.61538461538461,79.71014492753623
close_ema_8_daily_range_5_pct <= 8.757743385979252,close_ema_8_daily_range_5_pct,<=,8.757743385979252,341,11,330,3.225806451612903,84.61538461538461,79.71014492753623
close_ema_21_daily_slope_pct <= 0.9927466675327852,close_ema_21_daily_slope_pct,<=,0.9927466675327852,341,11,330,3.225806451612903,84.61538461538461,79.71014492753623
close_ema_55_daily_range_5_pct <= 3.277345240994885,close_ema_55_daily_range_5_pct,<=,3.277345240994885,341,11,330,3.225806451612903,84.61538461538461,79.71014492753623
close_ema_144_daily_volatility_5_daily <= 0.4744225348150811,close_ema_144_daily_volatility_5_daily,<=,0.4744225348150811,341,11,330,3.225806451612903,84.61538461538461,79.71014492753623
close_ema_144_daily_range_5_pct <= 1.9303447289275313,close_ema_144_daily_range_5_pct,<=,1.9303447289275313,341,11,330,3.225806451612903,84.61538461538461,79.71014492753623
close_ema_221_daily_volatility_5_daily <= 0.36946572121865767,close_ema_221_daily_volatility_5_daily,<=,0.36946572121865767,341,11,330,3.225806451612903,84.61538461538461,79.71014492753623
close_ema_221_daily_range_5_pct <= 1.4822762045259015,close_ema_221_daily_range_5_pct,<=,1.4822762045259015,341,11,330,3.225806451612903,84.61538461538461,79.71014492753623
high_low_ratio_daily >= 1.0195227627867838,high_low_ratio_daily,>=,1.0195227627867838,342,11,331,3.216374269005848,84.61538461538461,79.95169082125604
close_ema_3_daily_range_5_pct >= 6.389494605998354,close_ema_3_daily_range_5_pct,>=,6.389494605998354,342,11,331,3.216374269005848,84.61538461538461,79.95169082125604
close_ema_13_daily_volatility_5_daily >= 0.6494642574121161,close_ema_13_daily_volatility_5_daily,>=,0.6494642574121161,342,11,331,3.216374269005848,84.61538461538461,79.95169082125604
close_ema_21_daily_volatility_5_daily >= 0.41061763332931617,close_ema_21_daily_volatility_5_daily,>=,0.41061763332931617,342,11,331,3.216374269005848,84.61538461538461,79.95169082125604
close_ema_144_daily_volatility_5_daily >= 0.11587198180830567,close_ema_144_daily_volatility_5_daily,>=,0.11587198180830567,342,11,331,3.216374269005848,84.61538461538461,79.95169082125604
close_ema_144_daily_range_5_pct >= 0.47997715284980125,close_ema_144_daily_range_5_pct,>=,0.47997715284980125,342,11,331,3.216374269005848,84.61538461538461,79.95169082125604
close_ema_221_daily_volatility_5_daily >= 0.10101413502612622,close_ema_221_daily_volatility_5_daily,>=,0.10101413502612622,342,11,331,3.216374269005848,84.61538461538461,79.95169082125604
close_ema_221_daily_range_5_pct >= 0.39720425089193323,close_ema_221_daily_range_5_pct,>=,0.39720425089193323,342,11,331,3.216374269005848,84.61538461538461,79.95169082125604
close_to_close_ema_13_daily_difference_pct <= 10.79321344922158,close_to_close_ema_13_daily_difference_pct,<=,10.79321344922158,384,12,372,3.125,92.3076923076923,89.85507246376811
close_to_close_ema_21_daily_difference_pct <= 14.872657838517513,close_to_close_ema_21_daily_difference_pct,<=,14.872657838517513,384,12,372,3.125,92.3076923076923,89.85507246376811
close_to_close_ema_55_daily_difference_pct <= 23.04250155331074,close_to_close_ema_55_daily_difference_pct,<=,23.04250155331074,384,12,372,3.125,92.3076923076923,89.85507246376811
close_to_close_ema_144_daily_difference_pct <= 39.22848132708574,close_to_close_ema_144_daily_difference_pct,<=,39.22848132708574,384,12,372,3.125,92.3076923076923,89.85507246376811
close_to_close_ema_221_daily_difference_pct <= 45.68194365395895,close_to_close_ema_221_daily_difference_pct,<=,45.68194365395895,384,12,372,3.125,92.3076923076923,89.85507246376811
volume_to_volume_ema_144_daily_difference_pct <= 178.56708324711732,volume_to_volume_ema_144_daily_difference_pct,<=,178.56708324711732,384,12,372,3.125,92.3076923076923,89.85507246376811
high_low_ratio_daily <= 1.0943396192464425,high_low_ratio_daily,<=,1.0943396192464425,384,12,372,3.125,92.3076923076923,89.85507246376811
close_ema_3_daily_volatility_5_daily <= 3.676347469805877,close_ema_3_daily_volatility_5_daily,<=,3.676347469805877,384,12,372,3.125,92.3076923076923,89.85507246376811
close_ema_3_daily_range_5_pct <= 15.207235332703087,close_ema_3_daily_range_5_pct,<=,15.207235332703087,384,12,372,3.125,92.3076923076923,89.85507246376811
close_ema_13_daily_slope_pct <= 1.8318209660151963,close_ema_13_daily_slope_pct,<=,1.8318209660151963,384,12,372,3.125,92.3076923076923,89.85507246376811
close_ema_21_daily_slope_pct <= 1.5097193227715366,close_ema_21_daily_slope_pct,<=,1.5097193227715366,384,12,372,3.125,92.3076923076923,89.85507246376811
close_ema_55_daily_slope_pct <= 0.8607720356666592,close_ema_55_daily_slope_pct,<=,0.8607720356666592,384,12,372,3.125,92.3076923076923,89.85507246376811
close_ema_144_daily_slope_pct <= 0.5516768640937366,close_ema_144_daily_slope_pct,<=,0.5516768640937366,384,12,372,3.125,92.3076923076923,89.85507246376811
close_ema_144_daily_volatility_5_daily <= 0.5961616975823046,close_ema_144_daily_volatility_5_daily,<=,0.5961616975823046,384,12,372,3.125,92.3076923076923,89.85507246376811
close_ema_144_daily_range_5_pct <= 2.3875666974117276,close_ema_144_daily_range_5_pct,<=,2.3875666974117276,384,12,372,3.125,92.3076923076923,89.85507246376811
close_ema_221_daily_slope_pct <= 0.41702225021205364,close_ema_221_daily_slope_pct,<=,0.41702225021205364,384,12,372,3.125,92.3076923076923,89.85507246376811
close_ema_221_daily_volatility_5_daily <= 0.4467341353771691,close_ema_221_daily_volatility_5_daily,<=,0.4467341353771691,384,12,372,3.125,92.3076923076923,89.85507246376811
close_ema_221_daily_range_5_pct <= 1.7979421866922505,close_ema_221_daily_range_5_pct,<=,1.7979421866922505,384,12,372,3.125,92.3076923076923,89.85507246376811
close_to_close_ema_21_daily_difference_pct <= 0.3847873896095213,close_to_close_ema_21_daily_difference_pct,<=,0.3847873896095213,256,8,248,3.125,61.53846153846154,59.90338164251207
volume_to_volume_ema_144_daily_difference_pct <= 21.72779195684218,volume_to_volume_ema_144_daily_difference_pct,<=,21.72779195684218,256,8,248,3.125,61.53846153846154,59.90338164251207
close_ema_3_daily_range_5_pct <= 9.185964089110643,close_ema_3_daily_range_5_pct,<=,9.185964089110643,256,8,248,3.125,61.53846153846154,59.90338164251207
close_ema_13_daily_volatility_5_daily <= 1.1944359918923824,close_ema_13_daily_volatility_5_daily,<=,1.1944359918923824,256,8,248,3.125,61.53846153846154,59.90338164251207
close_ema_21_daily_slope_pct <= 0.03849355079387347,close_ema_21_daily_slope_pct,<=,0.03849355079387347,256,8,248,3.125,61.53846153846154,59.90338164251207
close_ema_21_daily_volatility_5_daily <= 0.8775761006168988,close_ema_21_daily_volatility_5_daily,<=,0.8775761006168988,256,8,248,3.125,61.53846153846154,59.90338164251207
close_ema_221_daily_range_5_pct <= 1.0444978742745838,close_ema_221_daily_range_5_pct,<=,1.0444978742745838,256,8,248,3.125,61.53846153846154,59.90338164251207
close_to_close_ema_55_daily_difference_pct <= -10.553455369090404,close_to_close_ema_55_daily_difference_pct,<=,-10.553455369090404,128,4,124,3.125,30.76923076923077,29.951690821256037
volume_to_volume_ema_3_daily_difference_pct <= -20.808721116642495,volume_to_volume_ema_3_daily_difference_pct,<=,-20.808721116642495,128,4,124,3.125,30.76923076923077,29.951690821256037
high_low_ratio_daily <= 1.0357142857142858,high_low_ratio_daily,<=,1.0357142857142858,128,4,124,3.125,30.76923076923077,29.951690821256037
close_ema_3_daily_range_5_pct <= 6.841785872091938,close_ema_3_daily_range_5_pct,<=,6.841785872091938,128,4,124,3.125,30.76923076923077,29.951690821256037
close_ema_8_daily_range_5_pct <= 4.2039424200534175,close_ema_8_daily_range_5_pct,<=,4.2039424200534175,128,4,124,3.125,30.76923076923077,29.951690821256037
close_ema_13_daily_range_5_pct <= 2.8995826244814706,close_ema_13_daily_range_5_pct,<=,2.8995826244814706,128,4,124,3.125,30.76923076923077,29.951690821256037
close_ema_21_daily_range_5_pct <= 1.8919849515637717,close_ema_21_daily_range_5_pct,<=,1.8919849515637717,128,4,124,3.125,30.76923076923077,29.951690821256037
close_ema_55_daily_slope_pct <= -0.3893468822090862,close_ema_55_daily_slope_pct,<=,-0.3893468822090862,128,4,124,3.125,30.76923076923077,29.951690821256037
close_ema_144_daily_range_5_pct <= 0.636979744050265,close_ema_144_daily_range_5_pct,<=,0.636979744050265,128,4,124,3.125,30.76923076923077,29.951690821256037
close_to_close_ema_8_daily_difference_pct >= -9.163684259020084,close_to_close_ema_8_daily_difference_pct,>=,-9.163684259020084,385,12,373,3.116883116883117,92.3076923076923,90.09661835748793
close_to_close_ema_13_daily_difference_pct >= -11.815331287898111,close_to_close_ema_13_daily_difference_pct,>=,-11.815331287898111,385,12,373,3.116883116883117,92.3076923076923,90.09661835748793
close_to_close_ema_55_daily_difference_pct >= -23.441122907866564,close_to_close_ema_55_daily_difference_pct,>=,-23.441122907866564,385,12,373,3.116883116883117,92.3076923076923,90.09661835748793
close_to_close_ema_144_daily_difference_pct >= -34.3276948592883,close_to_close_ema_144_daily_difference_pct,>=,-34.3276948592883,385,12,373,3.116883116883117,92.3076923076923,90.09661835748793
close_to_close_ema_221_daily_difference_pct >= -38.257440459015626,close_to_close_ema_221_daily_difference_pct,>=,-38.257440459015626,385,12,373,3.116883116883117,92.3076923076923,90.09661835748793
close_ema_3_daily_range_5_pct >= 5.8477626968666065,close_ema_3_daily_range_5_pct,>=,5.8477626968666065,385,12,373,3.116883116883117,92.3076923076923,90.09661835748793
close_ema_8_daily_slope_pct >= -2.5513949936017193,close_ema_8_daily_slope_pct,>=,-2.5513949936017193,385,12,373,3.116883116883117,92.3076923076923,90.09661835748793
close_ema_8_daily_volatility_5_daily >= 0.7964961800786157,close_ema_8_daily_volatility_5_daily,>=,0.7964961800786157,385,12,373,3.116883116883117,92.3076923076923,90.09661835748793
close_ema_8_daily_range_5_pct >= 2.6585554973367147,close_ema_8_daily_range_5_pct,>=,2.6585554973367147,385,12,373,3.116883116883117,92.3076923076923,90.09661835748793
close_ema_13_daily_slope_pct >= -1.9311924176575221,close_ema_13_daily_slope_pct,>=,-1.9311924176575221,385,12,373,3.116883116883117,92.3076923076923,90.09661835748793
close_ema_13_daily_volatility_5_daily >= 0.5013307665591276,close_ema_13_daily_volatility_5_daily,>=,0.5013307665591276,385,12,373,3.116883116883117,92.3076923076923,90.09661835748793
close_ema_21_daily_volatility_5_daily >= 0.32635742057981537,close_ema_21_daily_volatility_5_daily,>=,0.32635742057981537,385,12,373,3.116883116883117,92.3076923076923,90.09661835748793
close_ema_55_daily_slope_pct >= -0.8607170799726332,close_ema_55_daily_slope_pct,>=,-0.8607170799726332,385,12,373,3.116883116883117,92.3076923076923,90.09661835748793
close_ema_144_daily_slope_pct >= -0.47781360090034364,close_ema_144_daily_slope_pct,>=,-0.47781360090034364,385,12,373,3.116883116883117,92.3076923076923,90.09661835748793
close_ema_221_daily_slope_pct >= -0.3465894926384677,close_ema_221_daily_slope_pct,>=,-0.3465894926384677,385,12,373,3.116883116883117,92.3076923076923,90.09661835748793
close_to_close_ema_3_daily_difference_pct >= -1.914549406812547,close_to_close_ema_3_daily_difference_pct,>=,-1.914549406812547,257,8,249,3.11284046692607,61.53846153846154,60.14492753623188
close_to_close_ema_13_daily_difference_pct >= -5.4302316264153685,close_to_close_ema_13_daily_difference_pct,>=,-5.4302316264153685,257,8,249,3.11284046692607,61.53846153846154,60.14492753623188
close_to_close_ema_21_daily_difference_pct >= -5.85092501529306,close_to_close_ema_21_daily_difference_pct,>=,-5.85092501529306,257,8,249,3.11284046692607,61.53846153846154,60.14492753623188
close_to_close_ema_55_daily_difference_pct >= -6.618288314776656,close_to_close_ema_55_daily_difference_pct,>=,-6.618288314776656,257,8,249,3.11284046692607,61.53846153846154,60.14492753623188
volume_to_volume_ema_3_daily_difference_pct >= -13.46433708078104,volume_to_volume_ema_3_daily_difference_pct,>=,-13.46433708078104,257,8,249,3.11284046692607,61.53846153846154,60.14492753623188
volume_to_volume_ema_5_daily_difference_pct >= -18.49666666685596,volume_to_volume_ema_5_daily_difference_pct,>=,-18.49666666685596,257,8,249,3.11284046692607,61.53846153846154,60.14492753623188
volume_to_volume_ema_8_daily_difference_pct >= -22.446229151599194,volume_to_volume_ema_8_daily_difference_pct,>=,-22.446229151599194,257,8,249,3.11284046692607,61.53846153846154,60.14492753623188
volume_to_volume_ema_21_daily_difference_pct >= -24.126030183656454,volume_to_volume_ema_21_daily_difference_pct,>=,-24.126030183656454,257,8,249,3.11284046692607,61.53846153846154,60.14492753623188
close_ema_3_daily_slope_pct >= -1.8785830069956309,close_ema_3_daily_slope_pct,>=,-1.8785830069956309,257,8,249,3.11284046692607,61.53846153846154,60.14492753623188
close_ema_3_daily_volatility_5_daily >= 2.0095327534359195,close_ema_3_daily_volatility_5_daily,>=,2.0095327534359195,257,8,249,3.11284046692607,61.53846153846154,60.14492753623188
close_ema_13_daily_slope_pct >= -0.8969211219974343,close_ema_13_daily_slope_pct,>=,-0.8969211219974343,257,8,249,3.11284046692607,61.53846153846154,60.14492753623188
close_ema_13_daily_range_5_pct >= 3.4735577108060003,close_ema_13_daily_range_5_pct,>=,3.4735577108060003,257,8,249,3.11284046692607,61.53846153846154,60.14492753623188
close_ema_21_daily_slope_pct >= -0.581689082326393,close_ema_21_daily_slope_pct,>=,-0.581689082326393,257,8,249,3.11284046692607,61.53846153846154,60.14492753623188
close_ema_21_daily_volatility_5_daily >= 0.6074293501283264,close_ema_21_daily_volatility_5_daily,>=,0.6074293501283264,257,8,249,3.11284046692607,61.53846153846154,60.14492753623188
close_ema_21_daily_range_5_pct >= 2.4777453646626486,close_ema_21_daily_range_5_pct,>=,2.4777453646626486,257,8,249,3.11284046692607,61.53846153846154,60.14492753623188
close_ema_55_daily_slope_pct >= -0.24452241172497213,close_ema_55_daily_slope_pct,>=,-0.24452241172497213,257,8,249,3.11284046692607,61.53846153846154,60.14492753623188
close_ema_144_daily_range_5_pct >= 0.8422635038290629,close_ema_144_daily_range_5_pct,>=,0.8422635038290629,257,8,249,3.11284046692607,61.53846153846154,60.14492753623188
close_to_close_ema_3_daily_difference_pct >= 1.182642023323341,close_to_close_ema_3_daily_difference_pct,>=,1.182642023323341,129,4,125,3.10077519379845,30.76923076923077,30.193236714975846
close_to_close_ema_8_daily_difference_pct >= 3.8420288715277544,close_to_close_ema_8_daily_difference_pct,>=,3.8420288715277544,129,4,125,3.10077519379845,30.76923076923077,30.193236714975846
close_to_close_ema_13_daily_difference_pct >= 5.0368805716356,close_to_close_ema_13_daily_difference_pct,>=,5.0368805716356,129,4,125,3.10077519379845,30.76923076923077,30.193236714975846
close_to_close_ema_21_daily_difference_pct >= 5.523368922052257,close_to_close_ema_21_daily_difference_pct,>=,5.523368922052257,129,4,125,3.10077519379845,30.76923076923077,30.193236714975846
close_to_close_ema_55_daily_difference_pct >= 6.855736191950296,close_to_close_ema_55_daily_difference_pct,>=,6.855736191950296,129,4,125,3.10077519379845,30.76923076923077,30.193236714975846
close_ema_3_daily_slope_pct >= 1.19679583378709,close_ema_3_daily_slope_pct,>=,1.19679583378709,129,4,125,3.10077519379845,30.76923076923077,30.193236714975846
close_ema_3_daily_range_5_pct >= 10.648425483310712,close_ema_3_daily_range_5_pct,>=,10.648425483310712,129,4,125,3.10077519379845,30.76923076923077,30.193236714975846
close_ema_8_daily_slope_pct >= 1.1099062254735144,close_ema_8_daily_slope_pct,>=,1.1099062254735144,129,4,125,3.10077519379845,30.76923076923077,30.193236714975846
close_ema_13_daily_slope_pct >= 0.8465870248352628,close_ema_13_daily_slope_pct,>=,0.8465870248352628,129,4,125,3.10077519379845,30.76923076923077,30.193236714975846
close_ema_21_daily_slope_pct >= 0.5554045966937713,close_ema_21_daily_slope_pct,>=,0.5554045966937713,129,4,125,3.10077519379845,30.76923076923077,30.193236714975846
close_ema_55_daily_slope_pct >= 0.2545625306479667,close_ema_55_daily_slope_pct,>=,0.2545625306479667,129,4,125,3.10077519379845,30.76923076923077,30.193236714975846
close_ema_55_daily_volatility_5_daily >= 0.6251870412571879,close_ema_55_daily_volatility_5_daily,>=,0.6251870412571879,129,4,125,3.10077519379845,30.76923076923077,30.193236714975846
close_ema_55_daily_range_5_pct >= 2.614513267422869,close_ema_55_daily_range_5_pct,>=,2.614513267422869,129,4,125,3.10077519379845,30.76923076923077,30.193236714975846
close_ema_144_daily_volatility_5_daily >= 0.3995723929172462,close_ema_144_daily_volatility_5_daily,>=,0.3995723929172462,129,4,125,3.10077519379845,30.76923076923077,30.193236714975846
high_low_ratio_daily >= 1,high_low_ratio_daily,>=,1,427,13,414,3.0444964871194378,100,100
close_to_close_ema_3_daily_difference_pct <= 1.182642023323341,close_to_close_ema_3_daily_difference_pct,<=,1.182642023323341,299,9,290,3.0100334448160537,69.23076923076923,70.04830917874396
close_to_close_ema_8_daily_difference_pct <= 3.8420288715277544,close_to_close_ema_8_daily_difference_pct,<=,3.8420288715277544,299,9,290,3.0100334448160537,69.23076923076923,70.04830917874396
close_to_close_ema_13_daily_difference_pct <= 5.0368805716356,close_to_close_ema_13_daily_difference_pct,<=,5.0368805716356,299,9,290,3.0100334448160537,69.23076923076923,70.04830917874396
close_to_close_ema_21_daily_difference_pct <= 5.523368922052257,close_to_close_ema_21_daily_difference_pct,<=,5.523368922052257,299,9,290,3.0100334448160537,69.23076923076923,70.04830917874396
close_to_close_ema_55_daily_difference_pct <= 6.855736191950296,close_to_close_ema_55_daily_difference_pct,<=,6.855736191950296,299,9,290,3.0100334448160537,69.23076923076923,70.04830917874396
close_ema_3_daily_slope_pct <= 1.19679583378709,close_ema_3_daily_slope_pct,<=,1.19679583378709,299,9,290,3.0100334448160537,69.23076923076923,70.04830917874396
close_ema_3_daily_range_5_pct <= 10.648425483310712,close_ema_3_daily_range_5_pct,<=,10.648425483310712,299,9,290,3.0100334448160537,69.23076923076923,70.04830917874396
close_ema_8_daily_slope_pct <= 1.1099062254735144,close_ema_8_daily_slope_pct,<=,1.1099062254735144,299,9,290,3.0100334448160537,69.23076923076923,70.04830917874396
close_ema_13_daily_slope_pct <= 0.8465870248352628,close_ema_13_daily_slope_pct,<=,0.8465870248352628,299,9,290,3.0100334448160537,69.23076923076923,70.04830917874396
close_ema_21_daily_slope_pct <= 0.5554045966937713,close_ema_21_daily_slope_pct,<=,0.5554045966937713,299,9,290,3.0100334448160537,69.23076923076923,70.04830917874396
close_ema_55_daily_slope_pct <= 0.2545625306479667,close_ema_55_daily_slope_pct,<=,0.2545625306479667,299,9,290,3.0100334448160537,69.23076923076923,70.04830917874396
close_ema_55_daily_volatility_5_daily <= 0.6251870412571879,close_ema_55_daily_volatility_5_daily,<=,0.6251870412571879,299,9,290,3.0100334448160537,69.23076923076923,70.04830917874396
close_ema_55_daily_range_5_pct <= 2.614513267422869,close_ema_55_daily_range_5_pct,<=,2.614513267422869,299,9,290,3.0100334448160537,69.23076923076923,70.04830917874396
close_ema_144_daily_volatility_5_daily <= 0.3995723929172462,close_ema_144_daily_volatility_5_daily,<=,0.3995723929172462,299,9,290,3.0100334448160537,69.23076923076923,70.04830917874396
close_to_close_ema_55_daily_difference_pct >= -10.553455369090404,close_to_close_ema_55_daily_difference_pct,>=,-10.553455369090404,300,9,291,3,69.23076923076923,70.28985507246377
volume_to_volume_ema_3_daily_difference_pct >= -20.808721116642495,volume_to_volume_ema_3_daily_difference_pct,>=,-20.808721116642495,300,9,291,3,69.23076923076923,70.28985507246377
high_low_ratio_daily >= 1.0357142857142858,high_low_ratio_daily,>=,1.0357142857142858,300,9,291,3,69.23076923076923,70.28985507246377
close_ema_3_daily_range_5_pct >= 6.841785872091938,close_ema_3_daily_range_5_pct,>=,6.841785872091938,300,9,291,3,69.23076923076923,70.28985507246377
close_ema_8_daily_range_5_pct >= 4.2039424200534175,close_ema_8_daily_range_5_pct,>=,4.2039424200534175,300,9,291,3,69.23076923076923,70.28985507246377
close_ema_13_daily_range_5_pct >= 2.8995826244814706,close_ema_13_daily_range_5_pct,>=,2.8995826244814706,300,9,291,3,69.23076923076923,70.28985507246377
close_ema_21_daily_range_5_pct >= 1.8919849515637717,close_ema_21_daily_range_5_pct,>=,1.8919849515637717,300,9,291,3,69.23076923076923,70.28985507246377
close_ema_55_daily_slope_pct >= -0.3893468822090862,close_ema_55_daily_slope_pct,>=,-0.3893468822090862,300,9,291,3,69.23076923076923,70.28985507246377
close_ema_144_daily_range_5_pct >= 0.636979744050265,close_ema_144_daily_range_5_pct,>=,0.636979744050265,300,9,291,3,69.23076923076923,70.28985507246377
close_to_close_ema_3_daily_difference_pct <= 2.4289897201673303,close_to_close_ema_3_daily_difference_pct,<=,2.4289897201673303,341,10,331,2.932551319648094,76.92307692307693,79.95169082125604
volume_to_volume_ema_55_daily_difference_pct <= 59.98112436416982,volume_to_volume_ema_55_daily_difference_pct,<=,59.98112436416982,341,10,331,2.932551319648094,76.92307692307693,79.95169082125604
volume_to_volume_ema_144_daily_difference_pct <= 85.91949960471445,volume_to_volume_ema_144_daily_difference_pct,<=,85.91949960471445,341,10,331,2.932551319648094,76.92307692307693,79.95169082125604
high_low_ratio_daily <= 1.080470104510112,high_low_ratio_daily,<=,1.080470104510112,341,10,331,2.932551319648094,76.92307692307693,79.95169082125604
close_ema_3_daily_slope_pct <= 2.489458409010025,close_ema_3_daily_slope_pct,<=,2.489458409010025,341,10,331,2.932551319648094,76.92307692307693,79.95169082125604
close_ema_55_daily_volatility_5_daily <= 0.8085624609500377,close_ema_55_daily_volatility_5_daily,<=,0.8085624609500377,341,10,331,2.932551319648094,76.92307692307693,79.95169082125604
close_to_close_ema_13_daily_difference_pct >= -8.87196229713588,close_to_close_ema_13_daily_difference_pct,>=,-8.87196229713588,342,10,332,2.923976608187134,76.92307692307693,80.19323671497585
close_to_close_ema_21_daily_difference_pct >= -11.159892998794113,close_to_close_ema_21_daily_difference_pct,>=,-11.159892998794113,342,10,332,2.923976608187134,76.92307692307693,80.19323671497585
close_to_close_ema_55_daily_difference_pct >= -16.305870122453705,close_to_close_ema_55_daily_difference_pct,>=,-16.305870122453705,342,10,332,2.923976608187134,76.92307692307693,80.19323671497585
close_to_close_ema_144_daily_difference_pct >= -25.366762377330037,close_to_close_ema_144_daily_difference_pct,>=,-25.366762377330037,342,10,332,2.923976608187134,76.92307692307693,80.19323671497585
volume_to_volume_ema_8_daily_difference_pct >= -43.23065402389095,volume_to_volume_ema_8_daily_difference_pct,>=,-43.23065402389095,342,10,332,2.923976608187134,76.92307692307693,80.19323671497585
volume_to_volume_ema_21_daily_difference_pct >= -47.8548008445169,volume_to_volume_ema_21_daily_difference_pct,>=,-47.8548008445169,342,10,332,2.923976608187134,76.92307692307693,80.19323671497585
volume_to_volume_ema_55_daily_difference_pct >= -47.10482424904104,volume_to_volume_ema_55_daily_difference_pct,>=,-47.10482424904104,342,10,332,2.923976608187134,76.92307692307693,80.19323671497585
volume_to_volume_ema_144_daily_difference_pct >= -43.75538215770456,volume_to_volume_ema_144_daily_difference_pct,>=,-43.75538215770456,342,10,332,2.923976608187134,76.92307692307693,80.19323671497585
close_ema_13_daily_slope_pct >= -1.457114606437771,close_ema_13_daily_slope_pct,>=,-1.457114606437771,342,10,332,2.923976608187134,76.92307692307693,80.19323671497585
close_ema_13_daily_range_5_pct >= 2.3817906741838275,close_ema_13_daily_range_5_pct,>=,2.3817906741838275,342,10,332,2.923976608187134,76.92307692307693,80.19323671497585
close_ema_21_daily_slope_pct >= -1.1036724336145438,close_ema_21_daily_slope_pct,>=,-1.1036724336145438,342,10,332,2.923976608187134,76.92307692307693,80.19323671497585
close_ema_55_daily_slope_pct >= -0.6002958025385713,close_ema_55_daily_slope_pct,>=,-0.6002958025385713,342,10,332,2.923976608187134,76.92307692307693,80.19323671497585
close_ema_144_daily_slope_pct >= -0.3535256554457322,close_ema_144_daily_slope_pct,>=,-0.3535256554457322,342,10,332,2.923976608187134,76.92307692307693,80.19323671497585
close_to_close_ema_3_daily_difference_pct <= -1.914549406812547,close_to_close_ema_3_daily_difference_pct,<=,-1.914549406812547,171,5,166,2.923976608187134,38.46153846153847,40.09661835748793
close_to_close_ema_13_daily_difference_pct <= -5.4302316264153685,close_to_close_ema_13_daily_difference_pct,<=,-5.4302316264153685,171,5,166,2.923976608187134,38.46153846153847,40.09661835748793
close_to_close_ema_21_daily_difference_pct <= -5.85092501529306,close_to_close_ema_21_daily_difference_pct,<=,-5.85092501529306,171,5,166,2.923976608187134,38.46153846153847,40.09661835748793
close_to_close_ema_55_daily_difference_pct <= -6.618288314776656,close_to_close_ema_55_daily_difference_pct,<=,-6.618288314776656,171,5,166,2.923976608187134,38.46153846153847,40.09661835748793
volume_to_volume_ema_3_daily_difference_pct <= -13.46433708078104,volume_to_volume_ema_3_daily_difference_pct,<=,-13.46433708078104,171,5,166,2.923976608187134,38.46153846153847,40.09661835748793
volume_to_volume_ema_5_daily_difference_pct <= -18.49666666685596,volume_to_volume_ema_5_daily_difference_pct,<=,-18.49666666685596,171,5,166,2.923976608187134,38.46153846153847,40.09661835748793
volume_to_volume_ema_8_daily_difference_pct <= -22.446229151599194,volume_to_volume_ema_8_daily_difference_pct,<=,-22.446229151599194,171,5,166,2.923976608187134,38.46153846153847,40.09661835748793
volume_to_volume_ema_21_daily_difference_pct <= -24.126030183656454,volume_to_volume_ema_21_daily_difference_pct,<=,-24.126030183656454,171,5,166,2.923976608187134,38.46153846153847,40.09661835748793
close_ema_3_daily_slope_pct <= -1.8785830069956309,close_ema_3_daily_slope_pct,<=,-1.8785830069956309,171,5,166,2.923976608187134,38.46153846153847,40.09661835748793
close_ema_3_daily_volatility_5_daily <= 2.0095327534359195,close_ema_3_daily_volatility_5_daily,<=,2.0095327534359195,171,5,166,2.923976608187134,38.46153846153847,40.09661835748793
close_ema_13_daily_slope_pct <= -0.8969211219974343,close_ema_13_daily_slope_pct,<=,-0.8969211219974343,171,5,166,2.923976608187134,38.46153846153847,40.09661835748793
close_ema_13_daily_range_5_pct <= 3.4735577108060003,close_ema_13_daily_range_5_pct,<=,3.4735577108060003,171,5,166,2.923976608187134,38.46153846153847,40.09661835748793
close_ema_21_daily_slope_pct <= -0.581689082326393,close_ema_21_daily_slope_pct,<=,-0.581689082326393,171,5,166,2.923976608187134,38.46153846153847,40.09661835748793
close_ema_21_daily_volatility_5_daily <= 0.6074293501283264,close_ema_21_daily_volatility_5_daily,<=,0.6074293501283264,171,5,166,2.923976608187134,38.46153846153847,40.09661835748793
close_ema_21_daily_range_5_pct <= 2.4777453646626486,close_ema_21_daily_range_5_pct,<=,2.4777453646626486,171,5,166,2.923976608187134,38.46153846153847,40.09661835748793
close_ema_55_daily_slope_pct <= -0.24452241172497213,close_ema_55_daily_slope_pct,<=,-0.24452241172497213,171,5,166,2.923976608187134,38.46153846153847,40.09661835748793
close_ema_144_daily_range_5_pct <= 0.8422635038290629,close_ema_144_daily_range_5_pct,<=,0.8422635038290629,171,5,166,2.923976608187134,38.46153846153847,40.09661835748793
close_to_close_ema_21_daily_difference_pct >= 0.3847873896095213,close_to_close_ema_21_daily_difference_pct,>=,0.3847873896095213,172,5,167,2.9069767441860463,38.46153846153847,40.33816425120773
volume_to_volume_ema_144_daily_difference_pct >= 21.72779195684218,volume_to_volume_ema_144_daily_difference_pct,>=,21.72779195684218,172,5,167,2.9069767441860463,38.46153846153847,40.33816425120773
close_ema_3_daily_range_5_pct >= 9.185964089110643,close_ema_3_daily_range_5_pct,>=,9.185964089110643,172,5,167,2.9069767441860463,38.46153846153847,40.33816425120773
close_ema_13_daily_volatility_5_daily >= 1.1944359918923824,close_ema_13_daily_volatility_5_daily,>=,1.1944359918923824,172,5,167,2.9069767441860463,38.46153846153847,40.33816425120773
close_ema_21_daily_slope_pct >= 0.03849355079387347,close_ema_21_daily_slope_pct,>=,0.03849355079387347,172,5,167,2.9069767441860463,38.46153846153847,40.33816425120773
close_ema_21_daily_volatility_5_daily >= 0.8775761006168988,close_ema_21_daily_volatility_5_daily,>=,0.8775761006168988,172,5,167,2.9069767441860463,38.46153846153847,40.33816425120773
close_ema_221_daily_range_5_pct >= 1.0444978742745838,close_ema_221_daily_range_5_pct,>=,1.0444978742745838,172,5,167,2.9069767441860463,38.46153846153847,40.33816425120773
close_to_close_ema_3_daily_difference_pct <= 3.9901416615756546,close_to_close_ema_3_daily_difference_pct,<=,3.9901416615756546,384,11,373,2.864583333333333,84.61538461538461,90.09661835748793
close_to_close_ema_8_daily_difference_pct <= 8.10160628024314,close_to_close_ema_8_daily_difference_pct,<=,8.10160628024314,384,11,373,2.864583333333333,84.61538461538461,90.09661835748793
volume_to_volume_ema_3_daily_difference_pct <= 34.04660855226177,volume_to_volume_ema_3_daily_difference_pct,<=,34.04660855226177,384,11,373,2.864583333333333,84.61538461538461,90.09661835748793
volume_to_volume_ema_5_daily_difference_pct <= 51.19691773901079,volume_to_volume_ema_5_daily_difference_pct,<=,51.19691773901079,384,11,373,2.864583333333333,84.61538461538461,90.09661835748793
volume_to_volume_ema_21_daily_difference_pct <= 94.55287460166234,volume_to_volume_ema_21_daily_difference_pct,<=,94.55287460166234,384,11,373,2.864583333333333,84.61538461538461,90.09661835748793
volume_to_volume_ema_55_daily_difference_pct <= 124.19622984120247,volume_to_volume_ema_55_daily_difference_pct,<=,124.19622984120247,384,11,373,2.864583333333333,84.61538461538461,90.09661835748793
close_ema_3_daily_slope_pct <= 4.155970783240652,close_ema_3_daily_slope_pct,<=,4.155970783240652,384,11,373,2.864583333333333,84.61538461538461,90.09661835748793
close_ema_8_daily_slope_pct <= 2.369594718506849,close_ema_8_daily_slope_pct,<=,2.369594718506849,384,11,373,2.864583333333333,84.61538461538461,90.09661835748793
close_to_close_ema_3_daily_difference_pct >= -4.168792271528552,close_to_close_ema_3_daily_difference_pct,>=,-4.168792271528552,385,11,374,2.857142857142857,84.61538461538461,90.33816425120773
volume_to_volume_ema_3_daily_difference_pct >= -47.10305817662055,volume_to_volume_ema_3_daily_difference_pct,>=,-47.10305817662055,385,11,374,2.857142857142857,84.61538461538461,90.33816425120773
volume_to_volume_ema_5_daily_difference_pct >= -54.62104508109377,volume_to_volume_ema_5_daily_difference_pct,>=,-54.62104508109377,385,11,374,2.857142857142857,84.61538461538461,90.33816425120773
volume_to_volume_ema_8_daily_difference_pct >= -59.98404057279322,volume_to_volume_ema_8_daily_difference_pct,>=,-59.98404057279322,385,11,374,2.857142857142857,84.61538461538461,90.33816425120773
volume_to_volume_ema_21_daily_difference_pct >= -64.5426641710278,volume_to_volume_ema_21_daily_difference_pct,>=,-64.5426641710278,385,11,374,2.857142857142857,84.61538461538461,90.33816425120773
volume_to_volume_ema_55_daily_difference_pct >= -66.08125011408653,volume_to_volume_ema_55_daily_difference_pct,>=,-66.08125011408653,385,11,374,2.857142857142857,84.61538461538461,90.33816425120773
volume_to_volume_ema_144_daily_difference_pct >= -62.38294900609696,volume_to_volume_ema_144_daily_difference_pct,>=,-62.38294900609696,385,11,374,2.857142857142857,84.61538461538461,90.33816425120773
close_ema_3_daily_slope_pct >= -4.001958917467423,close_ema_3_daily_slope_pct,>=,-4.001958917467423,385,11,374,2.857142857142857,84.61538461538461,90.33816425120773
close_ema_3_daily_volatility_5_daily >= 1.4412817776401758,close_ema_3_daily_volatility_5_daily,>=,1.4412817776401758,385,11,374,2.857142857142857,84.61538461538461,90.33816425120773
close_ema_13_daily_range_5_pct >= 1.567660165460268,close_ema_13_daily_range_5_pct,>=,1.567660165460268,385,11,374,2.857142857142857,84.61538461538461,90.33816425120773
close_ema_21_daily_range_5_pct >= 0.9769841912081739,close_ema_21_daily_range_5_pct,>=,0.9769841912081739,385,11,374,2.857142857142857,84.61538461538461,90.33816425120773
close_ema_55_daily_volatility_5_daily >= 0.13759939837531637,close_ema_55_daily_volatility_5_daily,>=,0.13759939837531637,385,11,374,2.857142857142857,84.61538461538461,90.33816425120773
close_ema_144_daily_volatility_5_daily >= 0.0757192708638859,close_ema_144_daily_volatility_5_daily,>=,0.0757192708638859,385,11,374,2.857142857142857,84.61538461538461,90.33816425120773
close_ema_144_daily_range_5_pct >= 0.25493100197900664,close_ema_144_daily_range_5_pct,>=,0.25493100197900664,385,11,374,2.857142857142857,84.61538461538461,90.33816425120773
high_low_ratio_daily <= 1,high_low_ratio_daily,<=,1,70,2,68,2.857142857142857,15.384615384615385,16.425120772946862
close_to_close_ema_8_daily_difference_pct <= -3.25717547721667,close_to_close_ema_8_daily_difference_pct,<=,-3.25717547721667,214,6,208,2.803738317757009,46.15384615384615,50.24154589371981
close_to_close_ema_13_daily_difference_pct <= -3.622455777752884,close_to_close_ema_13_daily_difference_pct,<=,-3.622455777752884,214,6,208,2.803738317757009,46.15384615384615,50.24154589371981
volume_to_volume_ema_8_daily_difference_pct <= -10.65528392309588,volume_to_volume_ema_8_daily_difference_pct,<=,-10.65528392309588,214,6,208,2.803738317757009,46.15384615384615,50.24154589371981
volume_to_volume_ema_21_daily_difference_pct <= -13.246375095735461,volume_to_volume_ema_21_daily_difference_pct,<=,-13.246375095735461,214,6,208,2.803738317757009,46.15384615384615,50.24154589371981
volume_to_volume_ema_55_daily_difference_pct <= -8.078197917665012,volume_to_volume_ema_55_daily_difference_pct,<=,-8.078197917665012,214,6,208,2.803738317757009,46.15384615384615,50.24154589371981
volume_to_volume_ema_144_daily_difference_pct <= 4.753691766849563,volume_to_volume_ema_144_daily_difference_pct,<=,4.753691766849563,214,6,208,2.803738317757009,46.15384615384615,50.24154589371981
close_ema_3_daily_volatility_5_daily <= 2.2564410549022,close_ema_3_daily_volatility_5_daily,<=,2.2564410549022,214,6,208,2.803738317757009,46.15384615384615,50.24154589371981
close_ema_3_daily_range_5_pct >= 8.026844815250932,close_ema_3_daily_range_5_pct,>=,8.026844815250932,214,6,208,2.803738317757009,46.15384615384615,50.24154589371981
close_ema_8_daily_slope_pct <= -0.9220408538953349,close_ema_8_daily_slope_pct,<=,-0.9220408538953349,214,6,208,2.803738317757009,46.15384615384615,50.24154589371981
close_ema_13_daily_slope_pct <= -0.600119452661095,close_ema_13_daily_slope_pct,<=,-0.600119452661095,214,6,208,2.803738317757009,46.15384615384615,50.24154589371981
close_ema_13_daily_volatility_5_daily >= 1.0077035336412066,close_ema_13_daily_volatility_5_daily,>=,1.0077035336412066,214,6,208,2.803738317757009,46.15384615384615,50.24154589371981
close_ema_13_daily_range_5_pct >= 4.1043001703954625,close_ema_13_daily_range_5_pct,>=,4.1043001703954625,214,6,208,2.803738317757009,46.15384615384615,50.24154589371981
close_ema_21_daily_volatility_5_daily >= 0.7405606740871662,close_ema_21_daily_volatility_5_daily,>=,0.7405606740871662,214,6,208,2.803738317757009,46.15384615384615,50.24154589371981
close_ema_21_daily_range_5_pct >= 3.0598416907997583,close_ema_21_daily_range_5_pct,>=,3.0598416907997583,214,6,208,2.803738317757009,46.15384615384615,50.24154589371981
close_ema_144_daily_volatility_5_daily <= 0.25968546548595767,close_ema_144_daily_volatility_5_daily,<=,0.25968546548595767,214,6,208,2.803738317757009,46.15384615384615,50.24154589371981
close_ema_144_daily_range_5_pct <= 1.035108798575762,close_ema_144_daily_range_5_pct,<=,1.035108798575762,214,6,208,2.803738317757009,46.15384615384615,50.24154589371981
close_to_close_ema_13_daily_difference_pct <= 0.9378097283289452,close_to_close_ema_13_daily_difference_pct,<=,0.9378097283289452,256,7,249,2.734375,53.84615384615385,60.14492753623188
close_ema_3_daily_volatility_5_daily <= 2.4905720037636483,close_ema_3_daily_volatility_5_daily,<=,2.4905720037636483,256,7,249,2.734375,53.84615384615385,60.14492753623188
close_ema_13_daily_slope_pct <= 0.15654630580235446,close_ema_13_daily_slope_pct,<=,0.15654630580235446,256,7,249,2.734375,53.84615384615385,60.14492753623188
close_ema_221_daily_volatility_5_daily <= 0.266966667507851,close_ema_221_daily_volatility_5_daily,<=,0.266966667507851,256,7,249,2.734375,53.84615384615385,60.14492753623188
close_to_close_ema_8_daily_difference_pct >= -4.60009920258358,close_to_close_ema_8_daily_difference_pct,>=,-4.60009920258358,257,7,250,2.7237354085603114,53.84615384615385,60.38647342995169
close_ema_3_daily_range_5_pct >= 7.411118612092806,close_ema_3_daily_range_5_pct,>=,7.411118612092806,257,7,250,2.7237354085603114,53.84615384615385,60.38647342995169
close_ema_8_daily_slope_pct >= -1.2972639356075106,close_ema_8_daily_slope_pct,>=,-1.2972639356075106,257,7,250,2.7237354085603114,53.84615384615385,60.38647342995169
close_ema_8_daily_volatility_5_daily >= 1.261059049198757,close_ema_8_daily_volatility_5_daily,>=,1.261059049198757,257,7,250,2.7237354085603114,53.84615384615385,60.38647342995169
close_ema_55_daily_volatility_5_daily >= 0.31092610895773254,close_ema_55_daily_volatility_5_daily,>=,0.31092610895773254,257,7,250,2.7237354085603114,53.84615384615385,60.38647342995169
close_ema_55_daily_range_5_pct >= 1.2221586773448625,close_ema_55_daily_range_5_pct,>=,1.2221586773448625,257,7,250,2.7237354085603114,53.84615384615385,60.38647342995169
volume_to_volume_ema_55_daily_difference_pct <= 29.735072246567107,volume_to_volume_ema_55_daily_difference_pct,<=,29.735072246567107,299,8,291,2.6755852842809364,61.53846153846154,70.28985507246377
close_to_close_ema_3_daily_difference_pct >= -2.587394779046657,close_to_close_ema_3_daily_difference_pct,>=,-2.587394779046657,300,8,292,2.666666666666667,61.53846153846154,70.53140096618358
close_to_close_ema_8_daily_difference_pct >= -5.607789106628052,close_to_close_ema_8_daily_difference_pct,>=,-5.607789106628052,300,8,292,2.666666666666667,61.53846153846154,70.53140096618358
close_to_close_ema_13_daily_difference_pct >= -6.9274303848169,close_to_close_ema_13_daily_difference_pct,>=,-6.9274303848169,300,8,292,2.666666666666667,61.53846153846154,70.53140096618358
close_to_close_ema_21_daily_difference_pct >= -8.259378407006071,close_to_close_ema_21_daily_difference_pct,>=,-8.259378407006071,300,8,292,2.666666666666667,61.53846153846154,70.53140096618358
volume_to_volume_ema_5_daily_difference_pct >= -26.472316191351304,volume_to_volume_ema_5_daily_difference_pct,>=,-26.472316191351304,300,8,292,2.666666666666667,61.53846153846154,70.53140096618358
volume_to_volume_ema_8_daily_difference_pct >= -31.176451999538962,volume_to_volume_ema_8_daily_difference_pct,>=,-31.176451999538962,300,8,292,2.666666666666667,61.53846153846154,70.53140096618358
close_ema_3_daily_slope_pct >= -2.5221371345079837,close_ema_3_daily_slope_pct,>=,-2.5221371345079837,300,8,292,2.666666666666667,61.53846153846154,70.53140096618358
close_ema_3_daily_volatility_5_daily >= 1.8049800685930628,close_ema_3_daily_volatility_5_daily,>=,1.8049800685930628,300,8,292,2.666666666666667,61.53846153846154,70.53140096618358
close_ema_8_daily_slope_pct >= -1.5769590201373682,close_ema_8_daily_slope_pct,>=,-1.5769590201373682,300,8,292,2.666666666666667,61.53846153846154,70.53140096618358
close_ema_13_daily_slope_pct >= -1.1413935238393453,close_ema_13_daily_slope_pct,>=,-1.1413935238393453,300,8,292,2.666666666666667,61.53846153846154,70.53140096618358
close_ema_21_daily_slope_pct >= -0.8191719892608773,close_ema_21_daily_slope_pct,>=,-0.8191719892608773,300,8,292,2.666666666666667,61.53846153846154,70.53140096618358
close_ema_55_daily_volatility_5_daily >= 0.24214776346561231,close_ema_55_daily_volatility_5_daily,>=,0.24214776346561231,300,8,292,2.666666666666667,61.53846153846154,70.53140096618358
close_ema_55_daily_range_5_pct >= 0.9741941606106759,close_ema_55_daily_range_5_pct,>=,0.9741941606106759,300,8,292,2.666666666666667,61.53846153846154,70.53140096618358
close_to_close_ema_8_daily_difference_pct <= 6.142592931228378,close_to_close_ema_8_daily_difference_pct,<=,6.142592931228378,341,9,332,2.6392961876832843,69.23076923076923,80.19323671497585
close_to_close_ema_13_daily_difference_pct <= 7.988320371296701,close_to_close_ema_13_daily_difference_pct,<=,7.988320371296701,341,9,332,2.6392961876832843,69.23076923076923,80.19323671497585
volume_to_volume_ema_3_daily_difference_pct <= 18.19739784872934,volume_to_volume_ema_3_daily_difference_pct,<=,18.19739784872934,341,9,332,2.6392961876832843,69.23076923076923,80.19323671497585
volume_to_volume_ema_5_daily_difference_pct <= 25.35505753675556,volume_to_volume_ema_5_daily_difference_pct,<=,25.35505753675556,341,9,332,2.6392961876832843,69.23076923076923,80.19323671497585
volume_to_volume_ema_21_daily_difference_pct <= 48.446865813348836,volume_to_volume_ema_21_daily_difference_pct,<=,48.446865813348836,341,9,332,2.6392961876832843,69.23076923076923,80.19323671497585
close_ema_8_daily_slope_pct <= 1.7863779592800457,close_ema_8_daily_slope_pct,<=,1.7863779592800457,341,9,332,2.6392961876832843,69.23076923076923,80.19323671497585
close_ema_13_daily_slope_pct <= 1.3493518195970051,close_ema_13_daily_slope_pct,<=,1.3493518195970051,341,9,332,2.6392961876832843,69.23076923076923,80.19323671497585
close_to_close_ema_3_daily_difference_pct >= -3.2159039626685106,close_to_close_ema_3_daily_difference_pct,>=,-3.2159039626685106,342,9,333,2.631578947368421,69.23076923076923,80.43478260869566
close_to_close_ema_8_daily_difference_pct >= -6.762094168206155,close_to_close_ema_8_daily_difference_pct,>=,-6.762094168206155,342,9,333,2.631578947368421,69.23076923076923,80.43478260869566
volume_to_volume_ema_3_daily_difference_pct >= -30.337094910165234,volume_to_volume_ema_3_daily_difference_pct,>=,-30.337094910165234,342,9,333,2.631578947368421,69.23076923076923,80.43478260869566
volume_to_volume_ema_5_daily_difference_pct >= -39.08655790351788,volume_to_volume_ema_5_daily_difference_pct,>=,-39.08655790351788,342,9,333,2.631578947368421,69.23076923076923,80.43478260869566
close_ema_3_daily_slope_pct >= -3.1157058546245455,close_ema_3_daily_slope_pct,>=,-3.1157058546245455,342,9,333,2.631578947368421,69.23076923076923,80.43478260869566
close_ema_8_daily_slope_pct >= -1.8954071294967707,close_ema_8_daily_slope_pct,>=,-1.8954071294967707,342,9,333,2.631578947368421,69.23076923076923,80.43478260869566
close_ema_8_daily_range_5_pct >= 3.5522310682891045,close_ema_8_daily_range_5_pct,>=,3.5522310682891045,342,9,333,2.631578947368421,69.23076923076923,80.43478260869566
close_ema_21_daily_range_5_pct >= 1.39966769335312,close_ema_21_daily_range_5_pct,>=,1.39966769335312,342,9,333,2.631578947368421,69.23076923076923,80.43478260869566
close_ema_55_daily_volatility_5_daily >= 0.19557073360296431,close_ema_55_daily_volatility_5_daily,>=,0.19557073360296431,342,9,333,2.631578947368421,69.23076923076923,80.43478260869566
close_ema_55_daily_range_5_pct >= 0.6584307388118309,close_ema_55_daily_range_5_pct,>=,0.6584307388118309,342,9,333,2.631578947368421,69.23076923076923,80.43478260869566
volume_to_volume_ema_8_daily_difference_pct <= 68.87261445183395,volume_to_volume_ema_8_daily_difference_pct,<=,68.87261445183395,384,10,374,2.604166666666667,76.92307692307693,90.33816425120773
close_ema_55_daily_range_5_pct >= 0.39577158063669243,close_ema_55_daily_range_5_pct,>=,0.39577158063669243,385,10,375,2.5974025974025974,76.92307692307693,90.57971014492753
volume_to_volume_ema_8_daily_difference_pct <= 32.42084837969619,volume_to_volume_ema_8_daily_difference_pct,<=,32.42084837969619,341,8,333,2.346041055718475,61.53846153846154,80.43478260869566
close_to_close_ema_8_daily_difference_pct <= 0.08422533518187833,close_to_close_ema_8_daily_difference_pct,<=,0.08422533518187833,256,6,250,2.34375,46.15384615384615,60.38647342995169
volume_to_volume_ema_5_daily_difference_pct <= -0.7121990548424926,volume_to_volume_ema_5_daily_difference_pct,<=,-0.7121990548424926,256,6,250,2.34375,46.15384615384615,60.38647342995169
volume_to_volume_ema_8_daily_difference_pct <= -2.0161352924338205,volume_to_volume_ema_8_daily_difference_pct,<=,-2.0161352924338205,256,6,250,2.34375,46.15384615384615,60.38647342995169
volume_to_volume_ema_21_daily_difference_pct <= -1.4437638630511718,volume_to_volume_ema_21_daily_difference_pct,<=,-1.4437638630511718,256,6,250,2.34375,46.15384615384615,60.38647342995169
volume_to_volume_ema_55_daily_difference_pct <= 9.41977450300579,volume_to_volume_ema_55_daily_difference_pct,<=,9.41977450300579,256,6,250,2.34375,46.15384615384615,60.38647342995169
high_low_ratio_daily <= 1.060869520989017,high_low_ratio_daily,<=,1.060869520989017,256,6,250,2.34375,46.15384615384615,60.38647342995169
close_ema_8_daily_slope_pct <= 0.024070173818978753,close_ema_8_daily_slope_pct,<=,0.024070173818978753,256,6,250,2.34375,46.15384615384615,60.38647342995169
volume_to_volume_ema_21_daily_difference_pct <= -34.071142566946506,volume_to_volume_ema_21_daily_difference_pct,<=,-34.071142566946506,128,3,125,2.34375,23.076923076923077,30.193236714975846
volume_to_volume_ema_55_daily_difference_pct <= -35.67849999042538,volume_to_volume_ema_55_daily_difference_pct,<=,-35.67849999042538,128,3,125,2.34375,23.076923076923077,30.193236714975846
volume_to_volume_ema_144_daily_difference_pct <= -29.81001366791429,volume_to_volume_ema_144_daily_difference_pct,<=,-29.81001366791429,128,3,125,2.34375,23.076923076923077,30.193236714975846
close_ema_8_daily_volatility_5_daily <= 1.0775431626808496,close_ema_8_daily_volatility_5_daily,<=,1.0775431626808496,128,3,125,2.34375,23.076923076923077,30.193236714975846
close_ema_13_daily_volatility_5_daily <= 0.7829017096742026,close_ema_13_daily_volatility_5_daily,<=,0.7829017096742026,128,3,125,2.34375,23.076923076923077,30.193236714975846
close_ema_21_daily_volatility_5_daily <= 0.5148145587814558,close_ema_21_daily_volatility_5_daily,<=,0.5148145587814558,128,3,125,2.34375,23.076923076923077,30.193236714975846
close_ema_144_daily_volatility_5_daily <= 0.1550596920011491,close_ema_144_daily_volatility_5_daily,<=,0.1550596920011491,128,3,125,2.34375,23.076923076923077,30.193236714975846
close_ema_221_daily_volatility_5_daily <= 0.14233641926724427,close_ema_221_daily_volatility_5_daily,<=,0.14233641926724427,128,3,125,2.34375,23.076923076923077,30.193236714975846
close_ema_221_daily_range_5_pct <= 0.5525058398301452,close_ema_221_daily_range_5_pct,<=,0.5525058398301452,128,3,125,2.34375,23.076923076923077,30.193236714975846
volume_to_volume_ema_21_daily_difference_pct <= 21.42866100602857,volume_to_volume_ema_21_daily_difference_pct,<=,21.42866100602857,299,7,292,2.341137123745819,53.84615384615385,70.53140096618358
high_low_ratio_daily <= 1.0694143355500505,high_low_ratio_daily,<=,1.0694143355500505,299,7,292,2.341137123745819,53.84615384615385,70.53140096618358
close_ema_3_daily_volatility_5_daily >= 1.646557467545059,close_ema_3_daily_volatility_5_daily,>=,1.646557467545059,342,8,334,2.3391812865497075,61.53846153846154,80.67632850241546
volume_to_volume_ema_144_daily_difference_pct <= -10.586296511197235,volume_to_volume_ema_144_daily_difference_pct,<=,-10.586296511197235,171,4,167,2.3391812865497075,30.76923076923077,40.33816425120773
high_low_ratio_daily <= 1.0460937612340784,high_low_ratio_daily,<=,1.0460937612340784,171,4,167,2.3391812865497075,30.76923076923077,40.33816425120773
close_ema_13_daily_volatility_5_daily <= 0.8815312823046918,close_ema_13_daily_volatility_5_daily,<=,0.8815312823046918,171,4,167,2.3391812865497075,30.76923076923077,40.33816425120773
close_ema_144_daily_volatility_5_daily <= 0.20766109059510743,close_ema_144_daily_volatility_5_daily,<=,0.20766109059510743,171,4,167,2.3391812865497075,30.76923076923077,40.33816425120773
close_ema_221_daily_volatility_5_daily <= 0.18228648531082384,close_ema_221_daily_volatility_5_daily,<=,0.18228648531082384,171,4,167,2.3391812865497075,30.76923076923077,40.33816425120773
close_ema_221_daily_range_5_pct <= 0.7456084920605072,close_ema_221_daily_range_5_pct,<=,0.7456084920605072,171,4,167,2.3391812865497075,30.76923076923077,40.33816425120773
close_to_close_ema_3_daily_difference_pct <= -1.2756290945983872,close_to_close_ema_3_daily_difference_pct,<=,-1.2756290945983872,214,5,209,2.336448598130841,38.46153846153847,50.48309178743962
close_to_close_ema_21_daily_difference_pct <= -2.8441701889870066,close_to_close_ema_21_daily_difference_pct,<=,-2.8441701889870066,214,5,209,2.336448598130841,38.46153846153847,50.48309178743962
close_to_close_ema_55_daily_difference_pct <= -2.500938360464499,close_to_close_ema_55_daily_difference_pct,<=,-2.500938360464499,214,5,209,2.336448598130841,38.46153846153847,50.48309178743962
close_to_close_ema_144_daily_difference_pct >= -1.9805132071429061,close_to_close_ema_144_daily_difference_pct,>=,-1.9805132071429061,214,5,209,2.336448598130841,38.46153846153847,50.48309178743962
close_to_close_ema_221_daily_difference_pct >= -3.0566739559991483,close_to_close_ema_221_daily_difference_pct,>=,-3.0566739559991483,214,5,209,2.336448598130841,38.46153846153847,50.48309178743962
volume_to_volume_ema_3_daily_difference_pct <= -7.047034930623999,volume_to_volume_ema_3_daily_difference_pct,<=,-7.047034930623999,214,5,209,2.336448598130841,38.46153846153847,50.48309178743962
volume_to_volume_ema_5_daily_difference_pct <= -9.253848938723163,volume_to_volume_ema_5_daily_difference_pct,<=,-9.253848938723163,214,5,209,2.336448598130841,38.46153846153847,50.48309178743962
high_low_ratio_daily <= 1.0526316038109653,high_low_ratio_daily,<=,1.0526316038109653,214,5,209,2.336448598130841,38.46153846153847,50.48309178743962
close_ema_3_daily_slope_pct <= -1.2595617583445096,close_ema_3_daily_slope_pct,<=,-1.2595617583445096,214,5,209,2.336448598130841,38.46153846153847,50.48309178743962
close_ema_8_daily_volatility_5_daily >= 1.4209688682961192,close_ema_8_daily_volatility_5_daily,>=,1.4209688682961192,214,5,209,2.336448598130841,38.46153846153847,50.48309178743962
close_ema_21_daily_slope_pct <= -0.28361038270293626,close_ema_21_daily_slope_pct,<=,-0.28361038270293626,214,5,209,2.336448598130841,38.46153846153847,50.48309178743962
close_ema_55_daily_slope_pct <= -0.09254162782943832,close_ema_55_daily_slope_pct,<=,-0.09254162782943832,214,5,209,2.336448598130841,38.46153846153847,50.48309178743962
close_ema_55_daily_volatility_5_daily >= 0.4054063366486046,close_ema_55_daily_volatility_5_daily,>=,0.4054063366486046,214,5,209,2.336448598130841,38.46153846153847,50.48309178743962
close_ema_55_daily_range_5_pct >= 1.6177309125532195,close_ema_55_daily_range_5_pct,>=,1.6177309125532195,214,5,209,2.336448598130841,38.46153846153847,50.48309178743962
close_ema_144_daily_slope_pct >= -0.027691814924340898,close_ema_144_daily_slope_pct,>=,-0.027691814924340898,214,5,209,2.336448598130841,38.46153846153847,50.48309178743962
close_ema_221_daily_slope_pct >= -0.02778022550074251,close_ema_221_daily_slope_pct,>=,-0.02778022550074251,214,5,209,2.336448598130841,38.46153846153847,50.48309178743962
close_ema_221_daily_range_5_pct <= 0.8997476968303111,close_ema_221_daily_range_5_pct,<=,0.8997476968303111,214,5,209,2.336448598130841,38.46153846153847,50.48309178743962
close_to_close_ema_144_daily_difference_pct >= -10.696209802703043,close_to_close_ema_144_daily_difference_pct,>=,-10.696209802703043,257,6,251,2.3346303501945527,46.15384615384615,60.6280193236715
close_to_close_ema_221_daily_difference_pct >= -11.72562640081017,close_to_close_ema_221_daily_difference_pct,>=,-11.72562640081017,257,6,251,2.3346303501945527,46.15384615384615,60.6280193236715
close_ema_8_daily_range_5_pct >= 4.980764146389636,close_ema_8_daily_range_5_pct,>=,4.980764146389636,257,6,251,2.3346303501945527,46.15384615384615,60.6280193236715
close_ema_144_daily_slope_pct >= -0.14937388054615627,close_ema_144_daily_slope_pct,>=,-0.14937388054615627,257,6,251,2.3346303501945527,46.15384615384615,60.6280193236715
close_ema_221_daily_slope_pct >= -0.10648309627964324,close_ema_221_daily_slope_pct,>=,-0.10648309627964324,257,6,251,2.3346303501945527,46.15384615384615,60.6280193236715
close_to_close_ema_144_daily_difference_pct >= -16.086914969938505,close_to_close_ema_144_daily_difference_pct,>=,-16.086914969938505,300,7,293,2.3333333333333335,53.84615384615385,70.77294685990339
close_ema_144_daily_slope_pct >= -0.2244867409622573,close_ema_144_daily_slope_pct,>=,-0.2244867409622573,300,7,293,2.3333333333333335,53.84615384615385,70.77294685990339
close_to_close_ema_55_daily_difference_pct >= 1.7194748777175601,close_to_close_ema_55_daily_difference_pct,>=,1.7194748777175601,172,4,168,2.3255813953488373,30.76923076923077,40.57971014492754
close_to_close_ema_144_daily_difference_pct >= 4.609436958890224,close_to_close_ema_144_daily_difference_pct,>=,4.609436958890224,172,4,168,2.3255813953488373,30.76923076923077,40.57971014492754
close_to_close_ema_221_daily_difference_pct >= 9.665461432448938,close_to_close_ema_221_daily_difference_pct,>=,9.665461432448938,172,4,168,2.3255813953488373,30.76923076923077,40.57971014492754
close_ema_21_daily_range_5_pct >= 3.629384517420722,close_ema_21_daily_range_5_pct,>=,3.629384517420722,172,4,168,2.3255813953488373,30.76923076923077,40.57971014492754
close_ema_55_daily_slope_pct >= 0.06372483741806355,close_ema_55_daily_slope_pct,>=,0.06372483741806355,172,4,168,2.3255813953488373,30.76923076923077,40.57971014492754
close_ema_55_daily_volatility_5_daily >= 0.4986677872466565,close_ema_55_daily_volatility_5_daily,>=,0.4986677872466565,172,4,168,2.3255813953488373,30.76923076923077,40.57971014492754
close_ema_55_daily_range_5_pct >= 2.056018327326234,close_ema_55_daily_range_5_pct,>=,2.056018327326234,172,4,168,2.3255813953488373,30.76923076923077,40.57971014492754
close_ema_144_daily_slope_pct >= 0.06450923736390453,close_ema_144_daily_slope_pct,>=,0.06450923736390453,172,4,168,2.3255813953488373,30.76923076923077,40.57971014492754
close_ema_144_daily_volatility_5_daily >= 0.3306000644184194,close_ema_144_daily_volatility_5_daily,>=,0.3306000644184194,172,4,168,2.3255813953488373,30.76923076923077,40.57971014492754
close_ema_144_daily_range_5_pct >= 1.329836938083141,close_ema_144_daily_range_5_pct,>=,1.329836938083141,172,4,168,2.3255813953488373,30.76923076923077,40.57971014492754
close_ema_221_daily_slope_pct >= 0.08794510666196077,close_ema_221_daily_slope_pct,>=,0.08794510666196077,172,4,168,2.3255813953488373,30.76923076923077,40.57971014492754
close_to_close_ema_144_daily_difference_pct >= 13.172519934405113,close_to_close_ema_144_daily_difference_pct,>=,13.172519934405113,129,3,126,2.3255813953488373,23.076923076923077,30.434782608695656
volume_to_volume_ema_144_daily_difference_pct >= 41.602687061396374,volume_to_volume_ema_144_daily_difference_pct,>=,41.602687061396374,129,3,126,2.3255813953488373,23.076923076923077,30.434782608695656
close_ema_3_daily_volatility_5_daily >= 2.857216674244907,close_ema_3_daily_volatility_5_daily,>=,2.857216674244907,129,3,126,2.3255813953488373,23.076923076923077,30.434782608695656
close_ema_21_daily_volatility_5_daily >= 1.0468147794343228,close_ema_21_daily_volatility_5_daily,>=,1.0468147794343228,129,3,126,2.3255813953488373,23.076923076923077,30.434782608695656
close_ema_144_daily_slope_pct >= 0.18457108527840954,close_ema_144_daily_slope_pct,>=,0.18457108527840954,129,3,126,2.3255813953488373,23.076923076923077,30.434782608695656
close_ema_144_daily_range_5_pct >= 1.5995148783622113,close_ema_144_daily_range_5_pct,>=,1.5995148783622113,129,3,126,2.3255813953488373,23.076923076923077,30.434782608695656
close_ema_221_daily_volatility_5_daily >= 0.3086384362804799,close_ema_221_daily_volatility_5_daily,>=,0.3086384362804799,129,3,126,2.3255813953488373,23.076923076923077,30.434782608695656
close_ema_221_daily_range_5_pct >= 1.2389236500850875,close_ema_221_daily_range_5_pct,>=,1.2389236500850875,129,3,126,2.3255813953488373,23.076923076923077,30.434782608695656
high_low_ratio_daily <= 1.0195227627867838,high_low_ratio_daily,<=,1.0195227627867838,86,2,84,2.3255813953488373,15.384615384615385,20.28985507246377
close_ema_3_daily_range_5_pct <= 6.389494605998354,close_ema_3_daily_range_5_pct,<=,6.389494605998354,86,2,84,2.3255813953488373,15.384615384615385,20.28985507246377
close_ema_13_daily_volatility_5_daily <= 0.6494642574121161,close_ema_13_daily_volatility_5_daily,<=,0.6494642574121161,86,2,84,2.3255813953488373,15.384615384615385,20.28985507246377
close_ema_21_daily_volatility_5_daily <= 0.41061763332931617,close_ema_21_daily_volatility_5_daily,<=,0.41061763332931617,86,2,84,2.3255813953488373,15.384615384615385,20.28985507246377
close_ema_144_daily_volatility_5_daily <= 0.11587198180830567,close_ema_144_daily_volatility_5_daily,<=,0.11587198180830567,86,2,84,2.3255813953488373,15.384615384615385,20.28985507246377
close_ema_144_daily_range_5_pct <= 0.47997715284980125,close_ema_144_daily_range_5_pct,<=,0.47997715284980125,86,2,84,2.3255813953488373,15.384615384615385,20.28985507246377
close_ema_221_daily_volatility_5_daily <= 0.10101413502612622,close_ema_221_daily_volatility_5_daily,<=,0.10101413502612622,86,2,84,2.3255813953488373,15.384615384615385,20.28985507246377
close_ema_221_daily_range_5_pct <= 0.39720425089193323,close_ema_221_daily_range_5_pct,<=,0.39720425089193323,86,2,84,2.3255813953488373,15.384615384615385,20.28985507246377
close_to_close_ema_8_daily_difference_pct <= -9.163684259020084,close_to_close_ema_8_daily_difference_pct,<=,-9.163684259020084,43,1,42,2.3255813953488373,7.6923076923076925,10.144927536231885
close_to_close_ema_13_daily_difference_pct <= -11.815331287898111,close_to_close_ema_13_daily_difference_pct,<=,-11.815331287898111,43,1,42,2.3255813953488373,7.6923076923076925,10.144927536231885
close_to_close_ema_55_daily_difference_pct <= -23.441122907866564,close_to_close_ema_55_daily_difference_pct,<=,-23.441122907866564,43,1,42,2.3255813953488373,7.6923076923076925,10.144927536231885
close_to_close_ema_144_daily_difference_pct <= -34.3276948592883,close_to_close_ema_144_daily_difference_pct,<=,-34.3276948592883,43,1,42,2.3255813953488373,7.6923076923076925,10.144927536231885
close_ema_3_daily_range_5_pct <= 5.8477626968666065,close_ema_3_daily_range_5_pct,<=,5.8477626968666065,43,1,42,2.3255813953488373,7.6923076923076925,10.144927536231885
close_ema_8_daily_slope_pct <= -2.5513949936017193,close_ema_8_daily_slope_pct,<=,-2.5513949936017193,43,1,42,2.3255813953488373,7.6923076923076925,10.144927536231885
close_ema_8_daily_volatility_5_daily <= 0.7964961800786157,close_ema_8_daily_volatility_5_daily,<=,0.7964961800786157,43,1,42,2.3255813953488373,7.6923076923076925,10.144927536231885
close_ema_8_daily_range_5_pct <= 2.6585554973367147,close_ema_8_daily_range_5_pct,<=,2.6585554973367147,43,1,42,2.3255813953488373,7.6923076923076925,10.144927536231885
close_ema_13_daily_slope_pct <= -1.9311924176575221,close_ema_13_daily_slope_pct,<=,-1.9311924176575221,43,1,42,2.3255813953488373,7.6923076923076925,10.144927536231885
close_ema_13_daily_volatility_5_daily <= 0.5013307665591276,close_ema_13_daily_volatility_5_daily,<=,0.5013307665591276,43,1,42,2.3255813953488373,7.6923076923076925,10.144927536231885
close_ema_21_daily_volatility_5_daily <= 0.32635742057981537,close_ema_21_daily_volatility_5_daily,<=,0.32635742057981537,43,1,42,2.3255813953488373,7.6923076923076925,10.144927536231885
close_ema_55_daily_slope_pct <= -0.8607170799726332,close_ema_55_daily_slope_pct,<=,-0.8607170799726332,43,1,42,2.3255813953488373,7.6923076923076925,10.144927536231885
close_ema_144_daily_slope_pct <= -0.47781360090034364,close_ema_144_daily_slope_pct,<=,-0.47781360090034364,43,1,42,2.3255813953488373,7.6923076923076925,10.144927536231885
close_to_close_ema_21_daily_difference_pct >= 9.829880860661195,close_to_close_ema_21_daily_difference_pct,>=,9.829880860661195,87,2,85,2.2988505747126435,15.384615384615385,20.531400966183575
close_ema_8_daily_range_5_pct >= 8.757743385979252,close_ema_8_daily_range_5_pct,>=,8.757743385979252,87,2,85,2.2988505747126435,15.384615384615385,20.531400966183575
close_ema_21_daily_slope_pct >= 0.9927466675327852,close_ema_21_daily_slope_pct,>=,0.9927466675327852,87,2,85,2.2988505747126435,15.384615384615385,20.531400966183575
close_ema_55_daily_range_5_pct >= 3.277345240994885,close_ema_55_daily_range_5_pct,>=,3.277345240994885,87,2,85,2.2988505747126435,15.384615384615385,20.531400966183575
close_ema_144_daily_volatility_5_daily >= 0.4744225348150811,close_ema_144_daily_volatility_5_daily,>=,0.4744225348150811,87,2,85,2.2988505747126435,15.384615384615385,20.531400966183575
close_ema_221_daily_volatility_5_daily >= 0.36946572121865767,close_ema_221_daily_volatility_5_daily,>=,0.36946572121865767,87,2,85,2.2988505747126435,15.384615384615385,20.531400966183575
close_ema_221_daily_range_5_pct >= 1.4822762045259015,close_ema_221_daily_range_5_pct,>=,1.4822762045259015,87,2,85,2.2988505747126435,15.384615384615385,20.531400966183575
close_to_close_ema_13_daily_difference_pct >= 10.79321344922158,close_to_close_ema_13_daily_difference_pct,>=,10.79321344922158,44,1,43,2.272727272727273,7.6923076923076925,10.38647342995169
close_to_close_ema_21_daily_difference_pct >= 14.872657838517513,close_to_close_ema_21_daily_difference_pct,>=,14.872657838517513,44,1,43,2.272727272727273,7.6923076923076925,10.38647342995169
close_to_close_ema_55_daily_difference_pct >= 23.04250155331074,close_to_close_ema_55_daily_difference_pct,>=,23.04250155331074,44,1,43,2.272727272727273,7.6923076923076925,10.38647342995169
close_to_close_ema_144_daily_difference_pct >= 39.22848132708574,close_to_close_ema_144_daily_difference_pct,>=,39.22848132708574,44,1,43,2.272727272727273,7.6923076923076925,10.38647342995169
close_to_close_ema_221_daily_difference_pct >= 45.68194365395895,close_to_close_ema_221_daily_difference_pct,>=,45.68194365395895,44,1,43,2.272727272727273,7.6923076923076925,10.38647342995169
high_low_ratio_daily >= 1.0943396192464425,high_low_ratio_daily,>=,1.0943396192464425,44,1,43,2.272727272727273,7.6923076923076925,10.38647342995169
close_ema_3_daily_volatility_5_daily >= 3.676347469805877,close_ema_3_daily_volatility_5_daily,>=,3.676347469805877,44,1,43,2.272727272727273,7.6923076923076925,10.38647342995169
close_ema_3_daily_range_5_pct >= 15.207235332703087,close_ema_3_daily_range_5_pct,>=,15.207235332703087,44,1,43,2.272727272727273,7.6923076923076925,10.38647342995169
close_ema_13_daily_slope_pct >= 1.8318209660151963,close_ema_13_daily_slope_pct,>=,1.8318209660151963,44,1,43,2.272727272727273,7.6923076923076925,10.38647342995169
close_ema_21_daily_slope_pct >= 1.5097193227715366,close_ema_21_daily_slope_pct,>=,1.5097193227715366,44,1,43,2.272727272727273,7.6923076923076925,10.38647342995169
close_ema_55_daily_slope_pct >= 0.8607720356666592,close_ema_55_daily_slope_pct,>=,0.8607720356666592,44,1,43,2.272727272727273,7.6923076923076925,10.38647342995169
close_ema_144_daily_slope_pct >= 0.5516768640937366,close_ema_144_daily_slope_pct,>=,0.5516768640937366,44,1,43,2.272727272727273,7.6923076923076925,10.38647342995169
close_ema_144_daily_volatility_5_daily >= 0.5961616975823046,close_ema_144_daily_volatility_5_daily,>=,0.5961616975823046,44,1,43,2.272727272727273,7.6923076923076925,10.38647342995169
close_ema_144_daily_range_5_pct >= 2.3875666974117276,close_ema_144_daily_range_5_pct,>=,2.3875666974117276,44,1,43,2.272727272727273,7.6923076923076925,10.38647342995169
close_ema_221_daily_slope_pct >= 0.41702225021205364,close_ema_221_daily_slope_pct,>=,0.41702225021205364,44,1,43,2.272727272727273,7.6923076923076925,10.38647342995169
close_ema_221_daily_volatility_5_daily >= 0.4467341353771691,close_ema_221_daily_volatility_5_daily,>=,0.4467341353771691,44,1,43,2.272727272727273,7.6923076923076925,10.38647342995169
close_ema_221_daily_range_5_pct >= 1.7979421866922505,close_ema_221_daily_range_5_pct,>=,1.7979421866922505,44,1,43,2.272727272727273,7.6923076923076925,10.38647342995169
close_to_close_ema_221_daily_difference_pct >= -28.580311467328972,close_to_close_ema_221_daily_difference_pct,>=,-28.580311467328972,342,7,335,2.046783625730994,53.84615384615385,80.91787439613528
close_ema_221_daily_slope_pct >= -0.2591476931768978,close_ema_221_daily_slope_pct,>=,-0.2591476931768978,342,7,335,2.046783625730994,53.84615384615385,80.91787439613528
volume_to_volume_ema_3_daily_difference_pct <= 9.910326811461047,volume_to_volume_ema_3_daily_difference_pct,<=,9.910326811461047,299,6,293,2.0066889632107023,46.15384615384615,70.77294685990339
volume_to_volume_ema_5_daily_difference_pct <= 12.246093773526665,volume_to_volume_ema_5_daily_difference_pct,<=,12.246093773526665,299,6,293,2.0066889632107023,46.15384615384615,70.77294685990339
volume_to_volume_ema_8_daily_difference_pct <= 14.300116314123915,volume_to_volume_ema_8_daily_difference_pct,<=,14.300116314123915,299,6,293,2.0066889632107023,46.15384615384615,70.77294685990339
close_to_close_ema_221_daily_difference_pct >= -19.909623207108947,close_to_close_ema_221_daily_difference_pct,>=,-19.909623207108947,300,6,294,2,46.15384615384615,71.01449275362319
close_ema_221_daily_slope_pct >= -0.18066956887905392,close_ema_221_daily_slope_pct,>=,-0.18066956887905392,300,6,294,2,46.15384615384615,71.01449275362319
close_to_close_ema_3_daily_difference_pct <= -0.3789681993698641,close_to_close_ema_3_daily_difference_pct,<=,-0.3789681993698641,256,5,251,1.953125,38.46153846153847,60.6280193236715
volume_to_volume_ema_3_daily_difference_pct <= -0.2873583508153718,volume_to_volume_ema_3_daily_difference_pct,<=,-0.2873583508153718,256,5,251,1.953125,38.46153846153847,60.6280193236715
close_ema_3_daily_slope_pct <= -0.3775374524842265,close_ema_3_daily_slope_pct,<=,-0.3775374524842265,256,5,251,1.953125,38.46153846153847,60.6280193236715
close_ema_8_daily_range_5_pct >= 5.530858482329483,close_ema_8_daily_range_5_pct,>=,5.530858482329483,214,4,210,1.8691588785046727,30.76923076923077,50.72463768115942
close_ema_221_daily_volatility_5_daily <= 0.22394424141689778,close_ema_221_daily_volatility_5_daily,<=,0.22394424141689778,214,4,210,1.8691588785046727,30.76923076923077,50.72463768115942
volume_to_volume_ema_55_daily_difference_pct <= -21.92602043529251,volume_to_volume_ema_55_daily_difference_pct,<=,-21.92602043529251,171,3,168,1.7543859649122806,23.076923076923077,40.57971014492754
close_ema_8_daily_volatility_5_daily >= 1.6003979984717625,close_ema_8_daily_volatility_5_daily,>=,1.6003979984717625,172,3,169,1.744186046511628,23.076923076923077,40.82125603864734
close_ema_8_daily_range_5_pct >= 6.578697361483423,close_ema_8_daily_range_5_pct,>=,6.578697361483423,172,3,169,1.744186046511628,23.076923076923077,40.82125603864734
close_ema_13_daily_range_5_pct >= 4.915963004984758,close_ema_13_daily_range_5_pct,>=,4.915963004984758,172,3,169,1.744186046511628,23.076923076923077,40.82125603864734
close_to_close_ema_221_daily_difference_pct >= 21.113786336030053,close_to_close_ema_221_daily_difference_pct,>=,21.113786336030053,129,2,127,1.550387596899225,15.384615384615385,30.676328502415455
close_ema_8_daily_volatility_5_daily >= 1.8243607434446467,close_ema_8_daily_volatility_5_daily,>=,1.8243607434446467,129,2,127,1.550387596899225,15.384615384615385,30.676328502415455
close_ema_8_daily_range_5_pct >= 7.509051093345049,close_ema_8_daily_range_5_pct,>=,7.509051093345049,129,2,127,1.550387596899225,15.384615384615385,30.676328502415455
close_ema_13_daily_range_5_pct >= 6.150360535511837,close_ema_13_daily_range_5_pct,>=,6.150360535511837,129,2,127,1.550387596899225,15.384615384615385,30.676328502415455
close_ema_21_daily_range_5_pct >= 4.3903877319607165,close_ema_21_daily_range_5_pct,>=,4.3903877319607165,129,2,127,1.550387596899225,15.384615384615385,30.676328502415455
close_ema_221_daily_slope_pct >= 0.19231264378851545,close_ema_221_daily_slope_pct,>=,0.19231264378851545,129,2,127,1.550387596899225,15.384615384615385,30.676328502415455
close_ema_8_daily_volatility_5_daily <= 0.9219679314000728,close_ema_8_daily_volatility_5_daily,<=,0.9219679314000728,86,1,85,1.1627906976744187,7.6923076923076925,20.531400966183575
close_to_close_ema_55_daily_difference_pct >= 12.937360423049324,close_to_close_ema_55_daily_difference_pct,>=,12.937360423049324,87,1,86,1.1494252873563218,7.6923076923076925,20.77294685990338
close_to_close_ema_144_daily_difference_pct >= 22.41090371225823,close_to_close_ema_144_daily_difference_pct,>=,22.41090371225823,87,1,86,1.1494252873563218,7.6923076923076925,20.77294685990338
close_to_close_ema_221_daily_difference_pct >= 30.411615979451163,close_to_close_ema_221_daily_difference_pct,>=,30.411615979451163,87,1,86,1.1494252873563218,7.6923076923076925,20.77294685990338
close_ema_3_daily_volatility_5_daily >= 3.1435654003561337,close_ema_3_daily_volatility_5_daily,>=,3.1435654003561337,87,1,86,1.1494252873563218,7.6923076923076925,20.77294685990338
close_ema_8_daily_volatility_5_daily >= 2.0557834981454137,close_ema_8_daily_volatility_5_daily,>=,2.0557834981454137,87,1,86,1.1494252873563218,7.6923076923076925,20.77294685990338
close_ema_13_daily_volatility_5_daily >= 1.6752706913645354,close_ema_13_daily_volatility_5_daily,>=,1.6752706913645354,87,1,86,1.1494252873563218,7.6923076923076925,20.77294685990338
close_ema_13_daily_range_5_pct >= 6.931390548998747,close_ema_13_daily_range_5_pct,>=,6.931390548998747,87,1,86,1.1494252873563218,7.6923076923076925,20.77294685990338
close_ema_21_daily_volatility_5_daily >= 1.2983986580950149,close_ema_21_daily_volatility_5_daily,>=,1.2983986580950149,87,1,86,1.1494252873563218,7.6923076923076925,20.77294685990338
close_ema_21_daily_range_5_pct >= 5.507769885135018,close_ema_21_daily_range_5_pct,>=,5.507769885135018,87,1,86,1.1494252873563218,7.6923076923076925,20.77294685990338
close_ema_55_daily_slope_pct >= 0.4814685088653525,close_ema_55_daily_slope_pct,>=,0.4814685088653525,87,1,86,1.1494252873563218,7.6923076923076925,20.77294685990338
close_ema_144_daily_slope_pct >= 0.3144247431986655,close_ema_144_daily_slope_pct,>=,0.3144247431986655,87,1,86,1.1494252873563218,7.6923076923076925,20.77294685990338
close_ema_221_daily_slope_pct >= 0.2772357076200944,close_ema_221_daily_slope_pct,>=,0.2772357076200944,87,1,86,1.1494252873563218,7.6923076923076925,20.77294685990338
close_ema_13_daily_volatility_5_daily >= 1.430753377040343,close_ema_13_daily_volatility_5_daily,>=,1.430753377040343,129,1,128,0.7751937984496124,7.6923076923076925,30.917874396135264