condition,feature,operator,threshold,matched_count,miss_count,hit_count,miss_accuracy_pct,miss_coverage_pct,hit_leakage_pct
close_ema_3_daily_volatility_5_daily >= 3.1435654003561337,close_ema_3_daily_volatility_5_daily,>=,3.1435654003561337,87,60,27,68.96551724137932,25.210084033613445,14.285714285714285
close_to_close_ema_3_daily_difference_pct <= -3.2159039626685106,close_to_close_ema_3_daily_difference_pct,<=,-3.2159039626685106,86,56,30,65.11627906976744,23.52941176470588,15.873015873015872
close_ema_3_daily_slope_pct <= -3.1157058546245455,close_ema_3_daily_slope_pct,<=,-3.1157058546245455,86,56,30,65.11627906976744,23.52941176470588,15.873015873015872
close_ema_21_daily_volatility_5_daily <= 0.32635742057981537,close_ema_21_daily_volatility_5_daily,<=,0.32635742057981537,43,28,15,65.11627906976744,11.76470588235294,7.936507936507936
close_ema_55_daily_volatility_5_daily <= 0.13759939837531637,close_ema_55_daily_volatility_5_daily,<=,0.13759939837531637,43,28,15,65.11627906976744,11.76470588235294,7.936507936507936
close_ema_3_daily_volatility_5_daily >= 3.676347469805877,close_ema_3_daily_volatility_5_daily,>=,3.676347469805877,44,28,16,63.63636363636363,11.76470588235294,8.465608465608465
close_ema_8_daily_range_5_pct >= 10.53212204163152,close_ema_8_daily_range_5_pct,>=,10.53212204163152,44,28,16,63.63636363636363,11.76470588235294,8.465608465608465
close_ema_55_daily_range_5_pct >= 4.075363160530916,close_ema_55_daily_range_5_pct,>=,4.075363160530916,44,28,16,63.63636363636363,11.76470588235294,8.465608465608465
close_ema_221_daily_volatility_5_daily >= 0.4467341353771691,close_ema_221_daily_volatility_5_daily,>=,0.4467341353771691,44,28,16,63.63636363636363,11.76470588235294,8.465608465608465
close_ema_3_daily_range_5_pct >= 10.648425483310712,close_ema_3_daily_range_5_pct,>=,10.648425483310712,129,82,47,63.565891472868216,34.45378151260504,24.867724867724867
close_to_close_ema_3_daily_difference_pct <= -1.2756290945983872,close_to_close_ema_3_daily_difference_pct,<=,-1.2756290945983872,214,136,78,63.55140186915887,57.14285714285714,41.269841269841265
close_ema_3_daily_slope_pct <= -1.2595617583445096,close_ema_3_daily_slope_pct,<=,-1.2595617583445096,214,136,78,63.55140186915887,57.14285714285714,41.269841269841265
close_to_close_ema_3_daily_difference_pct <= -0.3789681993698641,close_to_close_ema_3_daily_difference_pct,<=,-0.3789681993698641,256,162,94,63.28125,68.0672268907563,49.735449735449734
close_ema_3_daily_slope_pct <= -0.3775374524842265,close_ema_3_daily_slope_pct,<=,-0.3775374524842265,256,162,94,63.28125,68.0672268907563,49.735449735449734
close_to_close_ema_8_daily_difference_pct <= -3.25717547721667,close_to_close_ema_8_daily_difference_pct,<=,-3.25717547721667,214,134,80,62.616822429906534,56.30252100840336,42.32804232804233
close_ema_8_daily_slope_pct <= -0.9220408538953349,close_ema_8_daily_slope_pct,<=,-0.9220408538953349,214,134,80,62.616822429906534,56.30252100840336,42.32804232804233
close_to_close_ema_3_daily_difference_pct <= -1.914549406812547,close_to_close_ema_3_daily_difference_pct,<=,-1.914549406812547,171,107,64,62.57309941520468,44.957983193277315,33.86243386243386
close_ema_3_daily_slope_pct <= -1.8785830069956309,close_ema_3_daily_slope_pct,<=,-1.8785830069956309,171,107,64,62.57309941520468,44.957983193277315,33.86243386243386
close_to_close_ema_3_daily_difference_pct <= 1.182642023323341,close_to_close_ema_3_daily_difference_pct,<=,1.182642023323341,299,186,113,62.207357859531776,78.15126050420169,59.78835978835979
close_ema_3_daily_slope_pct <= 1.19679583378709,close_ema_3_daily_slope_pct,<=,1.19679583378709,299,186,113,62.207357859531776,78.15126050420169,59.78835978835979
close_to_close_ema_8_daily_difference_pct <= -4.60009920258358,close_to_close_ema_8_daily_difference_pct,<=,-4.60009920258358,171,105,66,61.40350877192983,44.11764705882353,34.92063492063492
close_ema_8_daily_slope_pct <= -1.2972639356075106,close_ema_8_daily_slope_pct,<=,-1.2972639356075106,171,105,66,61.40350877192983,44.11764705882353,34.92063492063492
close_to_close_ema_13_daily_difference_pct >= 10.79321344922158,close_to_close_ema_13_daily_difference_pct,>=,10.79321344922158,44,27,17,61.36363636363637,11.344537815126051,8.994708994708994
close_to_close_ema_221_daily_difference_pct >= 45.68194365395895,close_to_close_ema_221_daily_difference_pct,>=,45.68194365395895,44,27,17,61.36363636363637,11.344537815126051,8.994708994708994
close_ema_3_daily_range_5_pct >= 15.207235332703087,close_ema_3_daily_range_5_pct,>=,15.207235332703087,44,27,17,61.36363636363637,11.344537815126051,8.994708994708994
close_ema_13_daily_slope_pct >= 1.8318209660151963,close_ema_13_daily_slope_pct,>=,1.8318209660151963,44,27,17,61.36363636363637,11.344537815126051,8.994708994708994
close_ema_144_daily_volatility_5_daily >= 0.5961616975823046,close_ema_144_daily_volatility_5_daily,>=,0.5961616975823046,44,27,17,61.36363636363637,11.344537815126051,8.994708994708994
close_ema_144_daily_range_5_pct >= 2.3875666974117276,close_ema_144_daily_range_5_pct,>=,2.3875666974117276,44,27,17,61.36363636363637,11.344537815126051,8.994708994708994
close_ema_221_daily_slope_pct >= 0.41702225021205364,close_ema_221_daily_slope_pct,>=,0.41702225021205364,44,27,17,61.36363636363637,11.344537815126051,8.994708994708994
close_to_close_ema_8_daily_difference_pct <= 0.08422533518187833,close_to_close_ema_8_daily_difference_pct,<=,0.08422533518187833,256,157,99,61.328125,65.96638655462185,52.38095238095239
close_ema_8_daily_slope_pct <= 0.024070173818978753,close_ema_8_daily_slope_pct,<=,0.024070173818978753,256,157,99,61.328125,65.96638655462185,52.38095238095239
close_ema_8_daily_volatility_5_daily >= 1.8243607434446467,close_ema_8_daily_volatility_5_daily,>=,1.8243607434446467,129,79,50,61.240310077519375,33.193277310924366,26.455026455026452
close_ema_8_daily_range_5_pct >= 7.509051093345049,close_ema_8_daily_range_5_pct,>=,7.509051093345049,129,79,50,61.240310077519375,33.193277310924366,26.455026455026452
high_low_ratio_daily >= 1.060869520989017,high_low_ratio_daily,>=,1.060869520989017,172,105,67,61.04651162790697,44.11764705882353,35.44973544973545
close_to_close_ema_3_daily_difference_pct <= -2.587394779046657,close_to_close_ema_3_daily_difference_pct,<=,-2.587394779046657,128,78,50,60.9375,32.773109243697476,26.455026455026452
close_to_close_ema_8_daily_difference_pct <= -5.607789106628052,close_to_close_ema_8_daily_difference_pct,<=,-5.607789106628052,128,78,50,60.9375,32.773109243697476,26.455026455026452
close_ema_3_daily_slope_pct <= -2.5221371345079837,close_ema_3_daily_slope_pct,<=,-2.5221371345079837,128,78,50,60.9375,32.773109243697476,26.455026455026452
close_ema_8_daily_slope_pct <= -1.5769590201373682,close_ema_8_daily_slope_pct,<=,-1.5769590201373682,128,78,50,60.9375,32.773109243697476,26.455026455026452
close_ema_55_daily_volatility_5_daily >= 0.8085624609500377,close_ema_55_daily_volatility_5_daily,>=,0.8085624609500377,87,53,34,60.91954022988506,22.268907563025213,17.989417989417987
close_ema_3_daily_range_5_pct >= 9.185964089110643,close_ema_3_daily_range_5_pct,>=,9.185964089110643,172,104,68,60.46511627906976,43.69747899159664,35.978835978835974
close_ema_8_daily_volatility_5_daily >= 1.6003979984717625,close_ema_8_daily_volatility_5_daily,>=,1.6003979984717625,172,104,68,60.46511627906976,43.69747899159664,35.978835978835974
close_ema_3_daily_volatility_5_daily >= 2.857216674244907,close_ema_3_daily_volatility_5_daily,>=,2.857216674244907,129,78,51,60.46511627906976,32.773109243697476,26.984126984126984
close_to_close_ema_8_daily_difference_pct <= -6.762094168206155,close_to_close_ema_8_daily_difference_pct,<=,-6.762094168206155,86,52,34,60.46511627906976,21.84873949579832,17.989417989417987
close_to_close_ema_13_daily_difference_pct <= -8.87196229713588,close_to_close_ema_13_daily_difference_pct,<=,-8.87196229713588,86,52,34,60.46511627906976,21.84873949579832,17.989417989417987
close_ema_8_daily_slope_pct <= -1.8954071294967707,close_ema_8_daily_slope_pct,<=,-1.8954071294967707,86,52,34,60.46511627906976,21.84873949579832,17.989417989417987
close_ema_13_daily_slope_pct <= -1.457114606437771,close_ema_13_daily_slope_pct,<=,-1.457114606437771,86,52,34,60.46511627906976,21.84873949579832,17.989417989417987
close_to_close_ema_3_daily_difference_pct <= -4.168792271528552,close_to_close_ema_3_daily_difference_pct,<=,-4.168792271528552,43,26,17,60.46511627906976,10.92436974789916,8.994708994708994
close_to_close_ema_8_daily_difference_pct <= -9.163684259020084,close_to_close_ema_8_daily_difference_pct,<=,-9.163684259020084,43,26,17,60.46511627906976,10.92436974789916,8.994708994708994
close_to_close_ema_21_daily_difference_pct <= -15.032613143198484,close_to_close_ema_21_daily_difference_pct,<=,-15.032613143198484,43,26,17,60.46511627906976,10.92436974789916,8.994708994708994
close_ema_3_daily_slope_pct <= -4.001958917467423,close_ema_3_daily_slope_pct,<=,-4.001958917467423,43,26,17,60.46511627906976,10.92436974789916,8.994708994708994
close_ema_8_daily_slope_pct <= -2.5513949936017193,close_ema_8_daily_slope_pct,<=,-2.5513949936017193,43,26,17,60.46511627906976,10.92436974789916,8.994708994708994
close_ema_13_daily_volatility_5_daily <= 0.5013307665591276,close_ema_13_daily_volatility_5_daily,<=,0.5013307665591276,43,26,17,60.46511627906976,10.92436974789916,8.994708994708994
close_ema_21_daily_slope_pct <= -1.4809980436636108,close_ema_21_daily_slope_pct,<=,-1.4809980436636108,43,26,17,60.46511627906976,10.92436974789916,8.994708994708994
close_ema_221_daily_volatility_5_daily <= 0.054803880141826064,close_ema_221_daily_volatility_5_daily,<=,0.054803880141826064,43,26,17,60.46511627906976,10.92436974789916,8.994708994708994
close_ema_221_daily_range_5_pct <= 0.20284301920176578,close_ema_221_daily_range_5_pct,<=,0.20284301920176578,43,26,17,60.46511627906976,10.92436974789916,8.994708994708994
close_to_close_ema_3_daily_difference_pct <= 2.4289897201673303,close_to_close_ema_3_daily_difference_pct,<=,2.4289897201673303,341,206,135,60.410557184750736,86.5546218487395,71.42857142857143
close_ema_3_daily_slope_pct <= 2.489458409010025,close_ema_3_daily_slope_pct,<=,2.489458409010025,341,206,135,60.410557184750736,86.5546218487395,71.42857142857143
close_ema_3_daily_range_5_pct >= 8.026844815250932,close_ema_3_daily_range_5_pct,>=,8.026844815250932,214,129,85,60.280373831775705,54.20168067226891,44.97354497354497
close_to_close_ema_13_daily_difference_pct <= 0.9378097283289452,close_to_close_ema_13_daily_difference_pct,<=,0.9378097283289452,256,154,102,60.15625,64.70588235294117,53.96825396825397
close_ema_13_daily_slope_pct <= 0.15654630580235446,close_ema_13_daily_slope_pct,<=,0.15654630580235446,256,154,102,60.15625,64.70588235294117,53.96825396825397
close_ema_55_daily_range_5_pct >= 3.277345240994885,close_ema_55_daily_range_5_pct,>=,3.277345240994885,87,52,35,59.77011494252874,21.84873949579832,18.51851851851852
volume_to_volume_ema_5_daily_difference_pct <= -18.49666666685596,volume_to_volume_ema_5_daily_difference_pct,<=,-18.49666666685596,171,102,69,59.64912280701754,42.857142857142854,36.507936507936506
close_to_close_ema_21_daily_difference_pct <= 0.3847873896095213,close_to_close_ema_21_daily_difference_pct,<=,0.3847873896095213,256,152,104,59.375,63.86554621848739,55.026455026455025
volume_to_volume_ema_3_daily_difference_pct <= -0.2873583508153718,volume_to_volume_ema_3_daily_difference_pct,<=,-0.2873583508153718,256,152,104,59.375,63.86554621848739,55.026455026455025
close_ema_21_daily_slope_pct <= 0.03849355079387347,close_ema_21_daily_slope_pct,<=,0.03849355079387347,256,152,104,59.375,63.86554621848739,55.026455026455025
volume_to_volume_ema_3_daily_difference_pct <= -20.808721116642495,volume_to_volume_ema_3_daily_difference_pct,<=,-20.808721116642495,128,76,52,59.375,31.932773109243694,27.513227513227513
close_to_close_ema_13_daily_difference_pct <= -3.622455777752884,close_to_close_ema_13_daily_difference_pct,<=,-3.622455777752884,214,127,87,59.345794392523366,53.36134453781513,46.03174603174603
volume_to_volume_ema_3_daily_difference_pct <= -7.047034930623999,volume_to_volume_ema_3_daily_difference_pct,<=,-7.047034930623999,214,127,87,59.345794392523366,53.36134453781513,46.03174603174603
close_ema_13_daily_slope_pct <= -0.600119452661095,close_ema_13_daily_slope_pct,<=,-0.600119452661095,214,127,87,59.345794392523366,53.36134453781513,46.03174603174603
high_low_ratio_daily >= 1.0357142857142858,high_low_ratio_daily,>=,1.0357142857142858,300,178,122,59.333333333333336,74.78991596638656,64.55026455026454
close_ema_8_daily_range_5_pct >= 6.578697361483423,close_ema_8_daily_range_5_pct,>=,6.578697361483423,172,102,70,59.30232558139535,42.857142857142854,37.03703703703704
volume_to_volume_ema_5_daily_difference_pct >= 51.19691773901079,volume_to_volume_ema_5_daily_difference_pct,>=,51.19691773901079,44,26,18,59.09090909090909,10.92436974789916,9.523809523809524
close_ema_8_daily_volatility_5_daily >= 2.5252862133489336,close_ema_8_daily_volatility_5_daily,>=,2.5252862133489336,44,26,18,59.09090909090909,10.92436974789916,9.523809523809524
close_ema_13_daily_range_5_pct >= 8.443132969256126,close_ema_13_daily_range_5_pct,>=,8.443132969256126,44,26,18,59.09090909090909,10.92436974789916,9.523809523809524
close_ema_21_daily_volatility_5_daily >= 1.6162878663229505,close_ema_21_daily_volatility_5_daily,>=,1.6162878663229505,44,26,18,59.09090909090909,10.92436974789916,9.523809523809524
close_ema_21_daily_range_5_pct >= 6.605535584445911,close_ema_21_daily_range_5_pct,>=,6.605535584445911,44,26,18,59.09090909090909,10.92436974789916,9.523809523809524
close_ema_221_daily_range_5_pct >= 1.7979421866922505,close_ema_221_daily_range_5_pct,>=,1.7979421866922505,44,26,18,59.09090909090909,10.92436974789916,9.523809523809524
close_to_close_ema_13_daily_difference_pct <= -5.4302316264153685,close_to_close_ema_13_daily_difference_pct,<=,-5.4302316264153685,171,101,70,59.06432748538012,42.436974789915965,37.03703703703704
volume_to_volume_ema_3_daily_difference_pct <= -13.46433708078104,volume_to_volume_ema_3_daily_difference_pct,<=,-13.46433708078104,171,101,70,59.06432748538012,42.436974789915965,37.03703703703704
close_ema_13_daily_slope_pct <= -0.8969211219974343,close_ema_13_daily_slope_pct,<=,-0.8969211219974343,171,101,70,59.06432748538012,42.436974789915965,37.03703703703704
close_ema_8_daily_range_5_pct >= 4.2039424200534175,close_ema_8_daily_range_5_pct,>=,4.2039424200534175,300,177,123,59,74.36974789915966,65.07936507936508
volume_to_volume_ema_8_daily_difference_pct <= -2.0161352924338205,volume_to_volume_ema_8_daily_difference_pct,<=,-2.0161352924338205,256,151,105,58.984375,63.4453781512605,55.55555555555556
close_to_close_ema_21_daily_difference_pct <= -2.8441701889870066,close_to_close_ema_21_daily_difference_pct,<=,-2.8441701889870066,214,126,88,58.87850467289719,52.94117647058824,46.56084656084656
volume_to_volume_ema_5_daily_difference_pct <= -9.253848938723163,volume_to_volume_ema_5_daily_difference_pct,<=,-9.253848938723163,214,126,88,58.87850467289719,52.94117647058824,46.56084656084656
high_low_ratio_daily >= 1.0526316038109653,high_low_ratio_daily,>=,1.0526316038109653,214,126,88,58.87850467289719,52.94117647058824,46.56084656084656
close_ema_21_daily_slope_pct <= -0.28361038270293626,close_ema_21_daily_slope_pct,<=,-0.28361038270293626,214,126,88,58.87850467289719,52.94117647058824,46.56084656084656
high_low_ratio_daily >= 1.0460937612340784,high_low_ratio_daily,>=,1.0460937612340784,257,151,106,58.754863813229576,63.4453781512605,56.08465608465608
close_ema_8_daily_range_5_pct >= 4.980764146389636,close_ema_8_daily_range_5_pct,>=,4.980764146389636,257,151,106,58.754863813229576,63.4453781512605,56.08465608465608
volume_to_volume_ema_55_daily_difference_pct >= -35.67849999042538,volume_to_volume_ema_55_daily_difference_pct,>=,-35.67849999042538,300,176,124,58.666666666666664,73.94957983193278,65.60846560846561
close_to_close_ema_8_daily_difference_pct <= 6.142592931228378,close_to_close_ema_8_daily_difference_pct,<=,6.142592931228378,341,200,141,58.65102639296188,84.03361344537815,74.60317460317461
close_ema_8_daily_slope_pct <= 1.7863779592800457,close_ema_8_daily_slope_pct,<=,1.7863779592800457,341,200,141,58.65102639296188,84.03361344537815,74.60317460317461
high_low_ratio_daily >= 1.080470104510112,high_low_ratio_daily,>=,1.080470104510112,87,51,36,58.620689655172406,21.428571428571427,19.047619047619047
close_ema_3_daily_range_5_pct >= 12.45800127034124,close_ema_3_daily_range_5_pct,>=,12.45800127034124,87,51,36,58.620689655172406,21.428571428571427,19.047619047619047
close_ema_8_daily_volatility_5_daily >= 2.0557834981454137,close_ema_8_daily_volatility_5_daily,>=,2.0557834981454137,87,51,36,58.620689655172406,21.428571428571427,19.047619047619047
close_ema_21_daily_range_5_pct >= 5.507769885135018,close_ema_21_daily_range_5_pct,>=,5.507769885135018,87,51,36,58.620689655172406,21.428571428571427,19.047619047619047
close_ema_221_daily_range_5_pct >= 1.4822762045259015,close_ema_221_daily_range_5_pct,>=,1.4822762045259015,87,51,36,58.620689655172406,21.428571428571427,19.047619047619047
close_ema_55_daily_range_5_pct <= 0.9741941606106759,close_ema_55_daily_range_5_pct,<=,0.9741941606106759,128,75,53,58.59375,31.512605042016805,28.04232804232804
close_ema_221_daily_volatility_5_daily <= 0.14233641926724427,close_ema_221_daily_volatility_5_daily,<=,0.14233641926724427,128,75,53,58.59375,31.512605042016805,28.04232804232804
close_to_close_ema_8_daily_difference_pct <= 3.8420288715277544,close_to_close_ema_8_daily_difference_pct,<=,3.8420288715277544,299,175,124,58.52842809364549,73.52941176470588,65.60846560846561
close_ema_8_daily_slope_pct <= 1.1099062254735144,close_ema_8_daily_slope_pct,<=,1.1099062254735144,299,175,124,58.52842809364549,73.52941176470588,65.60846560846561
close_ema_13_daily_range_5_pct >= 4.1043001703954625,close_ema_13_daily_range_5_pct,>=,4.1043001703954625,214,125,89,58.41121495327103,52.52100840336135,47.08994708994709
volume_to_volume_ema_5_daily_difference_pct <= -0.7121990548424926,volume_to_volume_ema_5_daily_difference_pct,<=,-0.7121990548424926,256,149,107,58.203125,62.60504201680672,56.613756613756614
close_to_close_ema_13_daily_difference_pct <= 5.0368805716356,close_to_close_ema_13_daily_difference_pct,<=,5.0368805716356,299,174,125,58.19397993311036,73.10924369747899,66.13756613756614
close_ema_13_daily_slope_pct <= 0.8465870248352628,close_ema_13_daily_slope_pct,<=,0.8465870248352628,299,174,125,58.19397993311036,73.10924369747899,66.13756613756614
high_low_ratio_daily >= 1.0694143355500505,high_low_ratio_daily,>=,1.0694143355500505,129,75,54,58.139534883720934,31.512605042016805,28.57142857142857
close_ema_13_daily_volatility_5_daily >= 1.430753377040343,close_ema_13_daily_volatility_5_daily,>=,1.430753377040343,129,75,54,58.139534883720934,31.512605042016805,28.57142857142857
close_ema_13_daily_volatility_5_daily <= 0.6494642574121161,close_ema_13_daily_volatility_5_daily,<=,0.6494642574121161,86,50,36,58.139534883720934,21.008403361344538,19.047619047619047
close_ema_55_daily_volatility_5_daily <= 0.19557073360296431,close_ema_55_daily_volatility_5_daily,<=,0.19557073360296431,86,50,36,58.139534883720934,21.008403361344538,19.047619047619047
close_to_close_ema_55_daily_difference_pct <= -23.441122907866564,close_to_close_ema_55_daily_difference_pct,<=,-23.441122907866564,43,25,18,58.139534883720934,10.504201680672269,9.523809523809524
close_ema_8_daily_volatility_5_daily <= 0.7964961800786157,close_ema_8_daily_volatility_5_daily,<=,0.7964961800786157,43,25,18,58.139534883720934,10.504201680672269,9.523809523809524
close_ema_21_daily_range_5_pct <= 0.9769841912081739,close_ema_21_daily_range_5_pct,<=,0.9769841912081739,43,25,18,58.139534883720934,10.504201680672269,9.523809523809524
close_ema_55_daily_slope_pct <= -0.8607170799726332,close_ema_55_daily_slope_pct,<=,-0.8607170799726332,43,25,18,58.139534883720934,10.504201680672269,9.523809523809524
volume_to_volume_ema_144_daily_difference_pct >= -29.81001366791429,volume_to_volume_ema_144_daily_difference_pct,>=,-29.81001366791429,300,174,126,57.99999999999999,73.10924369747899,66.66666666666666
volume_to_volume_ema_8_daily_difference_pct <= -10.65528392309588,volume_to_volume_ema_8_daily_difference_pct,<=,-10.65528392309588,214,124,90,57.943925233644855,52.10084033613446,47.61904761904761
close_ema_8_daily_volatility_5_daily >= 1.4209688682961192,close_ema_8_daily_volatility_5_daily,>=,1.4209688682961192,214,124,90,57.943925233644855,52.10084033613446,47.61904761904761
close_ema_8_daily_range_5_pct >= 5.530858482329483,close_ema_8_daily_range_5_pct,>=,5.530858482329483,214,124,90,57.943925233644855,52.10084033613446,47.61904761904761
close_ema_13_daily_volatility_5_daily >= 1.0077035336412066,close_ema_13_daily_volatility_5_daily,>=,1.0077035336412066,214,124,90,57.943925233644855,52.10084033613446,47.61904761904761
volume_to_volume_ema_144_daily_difference_pct >= -43.75538215770456,volume_to_volume_ema_144_daily_difference_pct,>=,-43.75538215770456,342,198,144,57.89473684210527,83.19327731092437,76.19047619047619
high_low_ratio_daily >= 1.0195227627867838,high_low_ratio_daily,>=,1.0195227627867838,342,198,144,57.89473684210527,83.19327731092437,76.19047619047619
close_ema_8_daily_range_5_pct >= 3.5522310682891045,close_ema_8_daily_range_5_pct,>=,3.5522310682891045,342,198,144,57.89473684210527,83.19327731092437,76.19047619047619
close_ema_221_daily_volatility_5_daily <= 0.18228648531082384,close_ema_221_daily_volatility_5_daily,<=,0.18228648531082384,171,99,72,57.89473684210527,41.596638655462186,38.095238095238095
volume_to_volume_ema_21_daily_difference_pct <= -1.4437638630511718,volume_to_volume_ema_21_daily_difference_pct,<=,-1.4437638630511718,256,148,108,57.8125,62.18487394957983,57.14285714285714
close_to_close_ema_13_daily_difference_pct <= 7.988320371296701,close_to_close_ema_13_daily_difference_pct,<=,7.988320371296701,341,197,144,57.77126099706745,82.77310924369748,76.19047619047619
close_ema_13_daily_slope_pct <= 1.3493518195970051,close_ema_13_daily_slope_pct,<=,1.3493518195970051,341,197,144,57.77126099706745,82.77310924369748,76.19047619047619
close_ema_8_daily_range_5_pct >= 2.6585554973367147,close_ema_8_daily_range_5_pct,>=,2.6585554973367147,385,222,163,57.66233766233766,93.27731092436974,86.24338624338624
close_ema_8_daily_volatility_5_daily >= 1.261059049198757,close_ema_8_daily_volatility_5_daily,>=,1.261059049198757,257,148,109,57.58754863813229,62.18487394957983,57.67195767195767
volume_to_volume_ema_144_daily_difference_pct >= 21.72779195684218,volume_to_volume_ema_144_daily_difference_pct,>=,21.72779195684218,172,99,73,57.55813953488372,41.596638655462186,38.62433862433862
close_ema_13_daily_volatility_5_daily >= 1.1944359918923824,close_ema_13_daily_volatility_5_daily,>=,1.1944359918923824,172,99,73,57.55813953488372,41.596638655462186,38.62433862433862
close_ema_55_daily_range_5_pct <= 1.6177309125532195,close_ema_55_daily_range_5_pct,<=,1.6177309125532195,214,123,91,57.476635514018696,51.68067226890757,48.148148148148145
close_ema_8_daily_range_5_pct >= 8.757743385979252,close_ema_8_daily_range_5_pct,>=,8.757743385979252,87,50,37,57.47126436781609,21.008403361344538,19.576719576719576
close_ema_21_daily_volatility_5_daily >= 1.2983986580950149,close_ema_21_daily_volatility_5_daily,>=,1.2983986580950149,87,50,37,57.47126436781609,21.008403361344538,19.576719576719576
close_ema_21_daily_volatility_5_daily <= 0.8775761006168988,close_ema_21_daily_volatility_5_daily,<=,0.8775761006168988,256,147,109,57.421875,61.76470588235294,57.67195767195767
close_ema_55_daily_range_5_pct <= 2.056018327326234,close_ema_55_daily_range_5_pct,<=,2.056018327326234,256,147,109,57.421875,61.76470588235294,57.67195767195767
close_to_close_ema_144_daily_difference_pct >= 13.172519934405113,close_to_close_ema_144_daily_difference_pct,>=,13.172519934405113,129,74,55,57.36434108527132,31.092436974789916,29.100529100529098
close_to_close_ema_221_daily_difference_pct >= 21.113786336030053,close_to_close_ema_221_daily_difference_pct,>=,21.113786336030053,129,74,55,57.36434108527132,31.092436974789916,29.100529100529098
close_ema_13_daily_range_5_pct >= 6.150360535511837,close_ema_13_daily_range_5_pct,>=,6.150360535511837,129,74,55,57.36434108527132,31.092436974789916,29.100529100529098
close_ema_144_daily_slope_pct >= 0.18457108527840954,close_ema_144_daily_slope_pct,>=,0.18457108527840954,129,74,55,57.36434108527132,31.092436974789916,29.100529100529098
close_ema_221_daily_slope_pct >= 0.19231264378851545,close_ema_221_daily_slope_pct,>=,0.19231264378851545,129,74,55,57.36434108527132,31.092436974789916,29.100529100529098
close_ema_221_daily_volatility_5_daily >= 0.3086384362804799,close_ema_221_daily_volatility_5_daily,>=,0.3086384362804799,129,74,55,57.36434108527132,31.092436974789916,29.100529100529098
close_ema_221_daily_range_5_pct >= 1.2389236500850875,close_ema_221_daily_range_5_pct,>=,1.2389236500850875,129,74,55,57.36434108527132,31.092436974789916,29.100529100529098
volume_to_volume_ema_21_daily_difference_pct >= -34.071142566946506,volume_to_volume_ema_21_daily_difference_pct,>=,-34.071142566946506,300,172,128,57.333333333333336,72.26890756302521,67.72486772486772
close_ema_8_daily_volatility_5_daily >= 1.0775431626808496,close_ema_8_daily_volatility_5_daily,>=,1.0775431626808496,300,172,128,57.333333333333336,72.26890756302521,67.72486772486772
close_ema_21_daily_volatility_5_daily <= 0.6074293501283264,close_ema_21_daily_volatility_5_daily,<=,0.6074293501283264,171,98,73,57.30994152046783,41.17647058823529,38.62433862433862
close_ema_221_daily_range_5_pct <= 0.7456084920605072,close_ema_221_daily_range_5_pct,<=,0.7456084920605072,171,98,73,57.30994152046783,41.17647058823529,38.62433862433862
close_to_close_ema_3_daily_difference_pct <= 3.9901416615756546,close_to_close_ema_3_daily_difference_pct,<=,3.9901416615756546,384,220,164,57.291666666666664,92.43697478991596,86.77248677248677
close_ema_3_daily_slope_pct <= 4.155970783240652,close_ema_3_daily_slope_pct,<=,4.155970783240652,384,220,164,57.291666666666664,92.43697478991596,86.77248677248677
volume_to_volume_ema_144_daily_difference_pct >= -10.586296511197235,volume_to_volume_ema_144_daily_difference_pct,>=,-10.586296511197235,257,147,110,57.19844357976653,61.76470588235294,58.201058201058196
close_ema_3_daily_volatility_5_daily >= 2.0095327534359195,close_ema_3_daily_volatility_5_daily,>=,2.0095327534359195,257,147,110,57.19844357976653,61.76470588235294,58.201058201058196
close_ema_3_daily_range_5_pct >= 7.411118612092806,close_ema_3_daily_range_5_pct,>=,7.411118612092806,257,147,110,57.19844357976653,61.76470588235294,58.201058201058196
close_ema_13_daily_range_5_pct >= 3.4735577108060003,close_ema_13_daily_range_5_pct,>=,3.4735577108060003,257,147,110,57.19844357976653,61.76470588235294,58.201058201058196
close_to_close_ema_21_daily_difference_pct <= 5.523368922052257,close_to_close_ema_21_daily_difference_pct,<=,5.523368922052257,299,171,128,57.19063545150501,71.84873949579831,67.72486772486772
volume_to_volume_ema_5_daily_difference_pct <= 12.246093773526665,volume_to_volume_ema_5_daily_difference_pct,<=,12.246093773526665,299,171,128,57.19063545150501,71.84873949579831,67.72486772486772
close_ema_21_daily_slope_pct <= 0.5554045966937713,close_ema_21_daily_slope_pct,<=,0.5554045966937713,299,171,128,57.19063545150501,71.84873949579831,67.72486772486772
close_ema_55_daily_volatility_5_daily <= 0.6251870412571879,close_ema_55_daily_volatility_5_daily,<=,0.6251870412571879,299,171,128,57.19063545150501,71.84873949579831,67.72486772486772
close_ema_55_daily_range_5_pct <= 2.614513267422869,close_ema_55_daily_range_5_pct,<=,2.614513267422869,299,171,128,57.19063545150501,71.84873949579831,67.72486772486772
close_to_close_ema_144_daily_difference_pct <= -1.9805132071429061,close_to_close_ema_144_daily_difference_pct,<=,-1.9805132071429061,214,122,92,57.009345794392516,51.26050420168067,48.67724867724868
close_to_close_ema_221_daily_difference_pct <= -3.0566739559991483,close_to_close_ema_221_daily_difference_pct,<=,-3.0566739559991483,214,122,92,57.009345794392516,51.26050420168067,48.67724867724868
volume_to_volume_ema_144_daily_difference_pct >= 4.753691766849563,volume_to_volume_ema_144_daily_difference_pct,>=,4.753691766849563,214,122,92,57.009345794392516,51.26050420168067,48.67724867724868
close_ema_3_daily_volatility_5_daily >= 2.2564410549022,close_ema_3_daily_volatility_5_daily,>=,2.2564410549022,214,122,92,57.009345794392516,51.26050420168067,48.67724867724868
close_ema_55_daily_volatility_5_daily <= 0.4054063366486046,close_ema_55_daily_volatility_5_daily,<=,0.4054063366486046,214,122,92,57.009345794392516,51.26050420168067,48.67724867724868
close_ema_144_daily_slope_pct <= -0.027691814924340898,close_ema_144_daily_slope_pct,<=,-0.027691814924340898,214,122,92,57.009345794392516,51.26050420168067,48.67724867724868
close_ema_144_daily_range_5_pct >= 1.035108798575762,close_ema_144_daily_range_5_pct,>=,1.035108798575762,214,122,92,57.009345794392516,51.26050420168067,48.67724867724868
close_ema_221_daily_slope_pct <= -0.02778022550074251,close_ema_221_daily_slope_pct,<=,-0.02778022550074251,214,122,92,57.009345794392516,51.26050420168067,48.67724867724868
close_ema_3_daily_range_5_pct >= 6.841785872091938,close_ema_3_daily_range_5_pct,>=,6.841785872091938,300,171,129,56.99999999999999,71.84873949579831,68.25396825396825
close_ema_221_daily_volatility_5_daily >= 0.266966667507851,close_ema_221_daily_volatility_5_daily,>=,0.266966667507851,172,98,74,56.97674418604651,41.17647058823529,39.15343915343915
close_ema_221_daily_range_5_pct >= 1.0444978742745838,close_ema_221_daily_range_5_pct,>=,1.0444978742745838,172,98,74,56.97674418604651,41.17647058823529,39.15343915343915
close_to_close_ema_144_daily_difference_pct <= -25.366762377330037,close_to_close_ema_144_daily_difference_pct,<=,-25.366762377330037,86,49,37,56.97674418604651,20.588235294117645,19.576719576719576
volume_to_volume_ema_3_daily_difference_pct <= -30.337094910165234,volume_to_volume_ema_3_daily_difference_pct,<=,-30.337094910165234,86,49,37,56.97674418604651,20.588235294117645,19.576719576719576
close_ema_8_daily_volatility_5_daily <= 0.9219679314000728,close_ema_8_daily_volatility_5_daily,<=,0.9219679314000728,86,49,37,56.97674418604651,20.588235294117645,19.576719576719576
close_ema_144_daily_slope_pct <= -0.3535256554457322,close_ema_144_daily_slope_pct,<=,-0.3535256554457322,86,49,37,56.97674418604651,20.588235294117645,19.576719576719576
close_ema_221_daily_range_5_pct <= 0.39720425089193323,close_ema_221_daily_range_5_pct,<=,0.39720425089193323,86,49,37,56.97674418604651,20.588235294117645,19.576719576719576
volume_to_volume_ema_144_daily_difference_pct >= -62.38294900609696,volume_to_volume_ema_144_daily_difference_pct,>=,-62.38294900609696,385,219,166,56.88311688311688,92.01680672268907,87.83068783068782
close_ema_3_daily_range_5_pct >= 5.8477626968666065,close_ema_3_daily_range_5_pct,>=,5.8477626968666065,385,219,166,56.88311688311688,92.01680672268907,87.83068783068782
close_ema_144_daily_range_5_pct >= 0.25493100197900664,close_ema_144_daily_range_5_pct,>=,0.25493100197900664,385,219,166,56.88311688311688,92.01680672268907,87.83068783068782
volume_to_volume_ema_3_daily_difference_pct <= 9.910326811461047,volume_to_volume_ema_3_daily_difference_pct,<=,9.910326811461047,299,170,129,56.85618729096989,71.42857142857143,68.25396825396825
volume_to_volume_ema_21_daily_difference_pct <= 21.42866100602857,volume_to_volume_ema_21_daily_difference_pct,<=,21.42866100602857,299,170,129,56.85618729096989,71.42857142857143,68.25396825396825
volume_to_volume_ema_144_daily_difference_pct <= 41.602687061396374,volume_to_volume_ema_144_daily_difference_pct,<=,41.602687061396374,299,170,129,56.85618729096989,71.42857142857143,68.25396825396825
close_to_close_ema_21_daily_difference_pct >= 14.872657838517513,close_to_close_ema_21_daily_difference_pct,>=,14.872657838517513,44,25,19,56.81818181818182,10.504201680672269,10.052910052910052
close_to_close_ema_144_daily_difference_pct >= 39.22848132708574,close_to_close_ema_144_daily_difference_pct,>=,39.22848132708574,44,25,19,56.81818181818182,10.504201680672269,10.052910052910052
close_ema_13_daily_volatility_5_daily >= 2.0353748042301034,close_ema_13_daily_volatility_5_daily,>=,2.0353748042301034,44,25,19,56.81818181818182,10.504201680672269,10.052910052910052
close_ema_21_daily_slope_pct >= 1.5097193227715366,close_ema_21_daily_slope_pct,>=,1.5097193227715366,44,25,19,56.81818181818182,10.504201680672269,10.052910052910052
close_ema_55_daily_volatility_5_daily >= 1.013871905466281,close_ema_55_daily_volatility_5_daily,>=,1.013871905466281,44,25,19,56.81818181818182,10.504201680672269,10.052910052910052
close_ema_144_daily_slope_pct >= 0.5516768640937366,close_ema_144_daily_slope_pct,>=,0.5516768640937366,44,25,19,56.81818181818182,10.504201680672269,10.052910052910052
close_to_close_ema_55_daily_difference_pct >= -6.618288314776656,close_to_close_ema_55_daily_difference_pct,>=,-6.618288314776656,257,146,111,56.809338521400775,61.34453781512605,58.730158730158735
close_ema_55_daily_slope_pct >= -0.24452241172497213,close_ema_55_daily_slope_pct,>=,-0.24452241172497213,257,146,111,56.809338521400775,61.34453781512605,58.730158730158735
close_to_close_ema_55_daily_difference_pct >= -16.305870122453705,close_to_close_ema_55_daily_difference_pct,>=,-16.305870122453705,342,194,148,56.72514619883041,81.5126050420168,78.3068783068783
volume_to_volume_ema_21_daily_difference_pct >= -47.8548008445169,volume_to_volume_ema_21_daily_difference_pct,>=,-47.8548008445169,342,194,148,56.72514619883041,81.5126050420168,78.3068783068783
volume_to_volume_ema_55_daily_difference_pct >= -47.10482424904104,volume_to_volume_ema_55_daily_difference_pct,>=,-47.10482424904104,342,194,148,56.72514619883041,81.5126050420168,78.3068783068783
close_ema_3_daily_volatility_5_daily >= 1.646557467545059,close_ema_3_daily_volatility_5_daily,>=,1.646557467545059,342,194,148,56.72514619883041,81.5126050420168,78.3068783068783
close_ema_55_daily_slope_pct >= -0.6002958025385713,close_ema_55_daily_slope_pct,>=,-0.6002958025385713,342,194,148,56.72514619883041,81.5126050420168,78.3068783068783
close_ema_144_daily_range_5_pct >= 0.47997715284980125,close_ema_144_daily_range_5_pct,>=,0.47997715284980125,342,194,148,56.72514619883041,81.5126050420168,78.3068783068783
close_to_close_ema_21_daily_difference_pct <= -5.85092501529306,close_to_close_ema_21_daily_difference_pct,<=,-5.85092501529306,171,97,74,56.72514619883041,40.7563025210084,39.15343915343915
volume_to_volume_ema_8_daily_difference_pct <= -22.446229151599194,volume_to_volume_ema_8_daily_difference_pct,<=,-22.446229151599194,171,97,74,56.72514619883041,40.7563025210084,39.15343915343915
close_ema_21_daily_slope_pct <= -0.581689082326393,close_ema_21_daily_slope_pct,<=,-0.581689082326393,171,97,74,56.72514619883041,40.7563025210084,39.15343915343915
close_ema_21_daily_range_5_pct <= 2.4777453646626486,close_ema_21_daily_range_5_pct,<=,2.4777453646626486,171,97,74,56.72514619883041,40.7563025210084,39.15343915343915
close_to_close_ema_55_daily_difference_pct >= -10.553455369090404,close_to_close_ema_55_daily_difference_pct,>=,-10.553455369090404,300,170,130,56.666666666666664,71.42857142857143,68.78306878306879
close_to_close_ema_144_daily_difference_pct >= -16.086914969938505,close_to_close_ema_144_daily_difference_pct,>=,-16.086914969938505,300,170,130,56.666666666666664,71.42857142857143,68.78306878306879
volume_to_volume_ema_8_daily_difference_pct >= -31.176451999538962,volume_to_volume_ema_8_daily_difference_pct,>=,-31.176451999538962,300,170,130,56.666666666666664,71.42857142857143,68.78306878306879
close_ema_3_daily_volatility_5_daily >= 1.8049800685930628,close_ema_3_daily_volatility_5_daily,>=,1.8049800685930628,300,170,130,56.666666666666664,71.42857142857143,68.78306878306879
close_ema_13_daily_range_5_pct >= 2.8995826244814706,close_ema_13_daily_range_5_pct,>=,2.8995826244814706,300,170,130,56.666666666666664,71.42857142857143,68.78306878306879
close_ema_21_daily_range_5_pct >= 1.8919849515637717,close_ema_21_daily_range_5_pct,>=,1.8919849515637717,300,170,130,56.666666666666664,71.42857142857143,68.78306878306879
close_ema_55_daily_slope_pct >= -0.3893468822090862,close_ema_55_daily_slope_pct,>=,-0.3893468822090862,300,170,130,56.666666666666664,71.42857142857143,68.78306878306879
close_ema_144_daily_slope_pct >= -0.2244867409622573,close_ema_144_daily_slope_pct,>=,-0.2244867409622573,300,170,130,56.666666666666664,71.42857142857143,68.78306878306879
close_ema_144_daily_volatility_5_daily >= 0.1550596920011491,close_ema_144_daily_volatility_5_daily,>=,0.1550596920011491,300,170,130,56.666666666666664,71.42857142857143,68.78306878306879
close_ema_144_daily_range_5_pct >= 0.636979744050265,close_ema_144_daily_range_5_pct,>=,0.636979744050265,300,170,130,56.666666666666664,71.42857142857143,68.78306878306879
volume_to_volume_ema_55_daily_difference_pct <= 9.41977450300579,volume_to_volume_ema_55_daily_difference_pct,<=,9.41977450300579,256,145,111,56.640625,60.924369747899156,58.730158730158735
close_ema_13_daily_range_5_pct >= 1.567660165460268,close_ema_13_daily_range_5_pct,>=,1.567660165460268,385,218,167,56.62337662337662,91.59663865546219,88.35978835978835
close_to_close_ema_21_daily_difference_pct <= 9.829880860661195,close_to_close_ema_21_daily_difference_pct,<=,9.829880860661195,341,193,148,56.598240469208214,81.09243697478992,78.3068783068783
close_to_close_ema_55_daily_difference_pct <= 12.937360423049324,close_to_close_ema_55_daily_difference_pct,<=,12.937360423049324,341,193,148,56.598240469208214,81.09243697478992,78.3068783068783
volume_to_volume_ema_3_daily_difference_pct <= 18.19739784872934,volume_to_volume_ema_3_daily_difference_pct,<=,18.19739784872934,341,193,148,56.598240469208214,81.09243697478992,78.3068783068783
close_ema_21_daily_slope_pct <= 0.9927466675327852,close_ema_21_daily_slope_pct,<=,0.9927466675327852,341,193,148,56.598240469208214,81.09243697478992,78.3068783068783
close_ema_55_daily_slope_pct <= 0.4814685088653525,close_ema_55_daily_slope_pct,<=,0.4814685088653525,341,193,148,56.598240469208214,81.09243697478992,78.3068783068783
close_ema_21_daily_volatility_5_daily >= 1.0468147794343228,close_ema_21_daily_volatility_5_daily,>=,1.0468147794343228,129,73,56,56.58914728682171,30.672268907563026,29.629629629629626
close_ema_144_daily_volatility_5_daily >= 0.3995723929172462,close_ema_144_daily_volatility_5_daily,>=,0.3995723929172462,129,73,56,56.58914728682171,30.672268907563026,29.629629629629626
volume_to_volume_ema_21_daily_difference_pct <= -13.246375095735461,volume_to_volume_ema_21_daily_difference_pct,<=,-13.246375095735461,214,121,93,56.54205607476636,50.84033613445378,49.2063492063492
close_ema_21_daily_volatility_5_daily <= 0.7405606740871662,close_ema_21_daily_volatility_5_daily,<=,0.7405606740871662,214,121,93,56.54205607476636,50.84033613445378,49.2063492063492
close_ema_21_daily_range_5_pct <= 3.0598416907997583,close_ema_21_daily_range_5_pct,<=,3.0598416907997583,214,121,93,56.54205607476636,50.84033613445378,49.2063492063492
close_to_close_ema_55_daily_difference_pct <= 6.855736191950296,close_to_close_ema_55_daily_difference_pct,<=,6.855736191950296,299,169,130,56.52173913043478,71.00840336134453,68.78306878306879
volume_to_volume_ema_8_daily_difference_pct <= 14.300116314123915,volume_to_volume_ema_8_daily_difference_pct,<=,14.300116314123915,299,169,130,56.52173913043478,71.00840336134453,68.78306878306879
volume_to_volume_ema_55_daily_difference_pct <= 29.735072246567107,volume_to_volume_ema_55_daily_difference_pct,<=,29.735072246567107,299,169,130,56.52173913043478,71.00840336134453,68.78306878306879
close_ema_55_daily_slope_pct <= 0.2545625306479667,close_ema_55_daily_slope_pct,<=,0.2545625306479667,299,169,130,56.52173913043478,71.00840336134453,68.78306878306879
volume_to_volume_ema_5_daily_difference_pct >= -39.08655790351788,volume_to_volume_ema_5_daily_difference_pct,>=,-39.08655790351788,342,193,149,56.4327485380117,81.09243697478992,78.83597883597884
volume_to_volume_ema_8_daily_difference_pct >= -43.23065402389095,volume_to_volume_ema_8_daily_difference_pct,>=,-43.23065402389095,342,193,149,56.4327485380117,81.09243697478992,78.83597883597884
close_ema_21_daily_volatility_5_daily >= 0.41061763332931617,close_ema_21_daily_volatility_5_daily,>=,0.41061763332931617,342,193,149,56.4327485380117,81.09243697478992,78.83597883597884
close_ema_144_daily_volatility_5_daily >= 0.11587198180830567,close_ema_144_daily_volatility_5_daily,>=,0.11587198180830567,342,193,149,56.4327485380117,81.09243697478992,78.83597883597884
close_ema_221_daily_volatility_5_daily >= 0.10101413502612622,close_ema_221_daily_volatility_5_daily,>=,0.10101413502612622,342,193,149,56.4327485380117,81.09243697478992,78.83597883597884
volume_to_volume_ema_55_daily_difference_pct >= -21.92602043529251,volume_to_volume_ema_55_daily_difference_pct,>=,-21.92602043529251,257,145,112,56.42023346303502,60.924369747899156,59.25925925925925
close_ema_144_daily_range_5_pct >= 0.8422635038290629,close_ema_144_daily_range_5_pct,>=,0.8422635038290629,257,145,112,56.42023346303502,60.924369747899156,59.25925925925925
close_ema_13_daily_range_5_pct >= 4.915963004984758,close_ema_13_daily_range_5_pct,>=,4.915963004984758,172,97,75,56.395348837209305,40.7563025210084,39.682539682539684
close_ema_144_daily_volatility_5_daily >= 0.3306000644184194,close_ema_144_daily_volatility_5_daily,>=,0.3306000644184194,172,97,75,56.395348837209305,40.7563025210084,39.682539682539684
close_ema_144_daily_range_5_pct >= 1.329836938083141,close_ema_144_daily_range_5_pct,>=,1.329836938083141,172,97,75,56.395348837209305,40.7563025210084,39.682539682539684
close_to_close_ema_221_daily_difference_pct >= -38.257440459015626,close_to_close_ema_221_daily_difference_pct,>=,-38.257440459015626,385,217,168,56.36363636363636,91.17647058823529,88.88888888888889
volume_to_volume_ema_21_daily_difference_pct >= -64.5426641710278,volume_to_volume_ema_21_daily_difference_pct,>=,-64.5426641710278,385,217,168,56.36363636363636,91.17647058823529,88.88888888888889
volume_to_volume_ema_55_daily_difference_pct >= -66.08125011408653,volume_to_volume_ema_55_daily_difference_pct,>=,-66.08125011408653,385,217,168,56.36363636363636,91.17647058823529,88.88888888888889
close_ema_221_daily_slope_pct >= -0.3465894926384677,close_ema_221_daily_slope_pct,>=,-0.3465894926384677,385,217,168,56.36363636363636,91.17647058823529,88.88888888888889
close_to_close_ema_221_daily_difference_pct >= 30.411615979451163,close_to_close_ema_221_daily_difference_pct,>=,30.411615979451163,87,49,38,56.32183908045977,20.588235294117645,20.105820105820104
volume_to_volume_ema_8_daily_difference_pct >= 32.42084837969619,volume_to_volume_ema_8_daily_difference_pct,>=,32.42084837969619,87,49,38,56.32183908045977,20.588235294117645,20.105820105820104
close_ema_221_daily_slope_pct >= 0.2772357076200944,close_ema_221_daily_slope_pct,>=,0.2772357076200944,87,49,38,56.32183908045977,20.588235294117645,20.105820105820104
close_ema_221_daily_volatility_5_daily >= 0.36946572121865767,close_ema_221_daily_volatility_5_daily,>=,0.36946572121865767,87,49,38,56.32183908045977,20.588235294117645,20.105820105820104
close_to_close_ema_144_daily_difference_pct <= 22.41090371225823,close_to_close_ema_144_daily_difference_pct,<=,22.41090371225823,341,192,149,56.30498533724341,80.67226890756302,78.83597883597884
volume_to_volume_ema_5_daily_difference_pct <= 25.35505753675556,volume_to_volume_ema_5_daily_difference_pct,<=,25.35505753675556,341,192,149,56.30498533724341,80.67226890756302,78.83597883597884
volume_to_volume_ema_21_daily_difference_pct <= 48.446865813348836,volume_to_volume_ema_21_daily_difference_pct,<=,48.446865813348836,341,192,149,56.30498533724341,80.67226890756302,78.83597883597884
volume_to_volume_ema_144_daily_difference_pct <= 85.91949960471445,volume_to_volume_ema_144_daily_difference_pct,<=,85.91949960471445,341,192,149,56.30498533724341,80.67226890756302,78.83597883597884
close_ema_144_daily_slope_pct <= 0.3144247431986655,close_ema_144_daily_slope_pct,<=,0.3144247431986655,341,192,149,56.30498533724341,80.67226890756302,78.83597883597884
close_to_close_ema_8_daily_difference_pct <= 8.10160628024314,close_to_close_ema_8_daily_difference_pct,<=,8.10160628024314,384,216,168,56.25,90.75630252100841,88.88888888888889
close_ema_8_daily_slope_pct <= 2.369594718506849,close_ema_8_daily_slope_pct,<=,2.369594718506849,384,216,168,56.25,90.75630252100841,88.88888888888889
close_to_close_ema_221_daily_difference_pct <= 9.665461432448938,close_to_close_ema_221_daily_difference_pct,<=,9.665461432448938,256,144,112,56.25,60.50420168067227,59.25925925925925
close_ema_21_daily_range_5_pct <= 3.629384517420722,close_ema_21_daily_range_5_pct,<=,3.629384517420722,256,144,112,56.25,60.50420168067227,59.25925925925925
close_ema_221_daily_slope_pct <= 0.08794510666196077,close_ema_221_daily_slope_pct,<=,0.08794510666196077,256,144,112,56.25,60.50420168067227,59.25925925925925
close_to_close_ema_13_daily_difference_pct <= -6.9274303848169,close_to_close_ema_13_daily_difference_pct,<=,-6.9274303848169,128,72,56,56.25,30.252100840336134,29.629629629629626
close_ema_13_daily_slope_pct <= -1.1413935238393453,close_ema_13_daily_slope_pct,<=,-1.1413935238393453,128,72,56,56.25,30.252100840336134,29.629629629629626
close_ema_13_daily_volatility_5_daily <= 0.7829017096742026,close_ema_13_daily_volatility_5_daily,<=,0.7829017096742026,128,72,56,56.25,30.252100840336134,29.629629629629626
close_ema_21_daily_volatility_5_daily <= 0.5148145587814558,close_ema_21_daily_volatility_5_daily,<=,0.5148145587814558,128,72,56,56.25,30.252100840336134,29.629629629629626
close_ema_55_daily_volatility_5_daily <= 0.24214776346561231,close_ema_55_daily_volatility_5_daily,<=,0.24214776346561231,128,72,56,56.25,30.252100840336134,29.629629629629626
close_ema_21_daily_range_5_pct <= 4.3903877319607165,close_ema_21_daily_range_5_pct,<=,4.3903877319607165,299,168,131,56.187290969899664,70.58823529411765,69.31216931216932
close_to_close_ema_21_daily_difference_pct >= -11.159892998794113,close_to_close_ema_21_daily_difference_pct,>=,-11.159892998794113,342,192,150,56.14035087719298,80.67226890756302,79.36507936507937
close_to_close_ema_221_daily_difference_pct >= -28.580311467328972,close_to_close_ema_221_daily_difference_pct,>=,-28.580311467328972,342,192,150,56.14035087719298,80.67226890756302,79.36507936507937
close_ema_3_daily_range_5_pct >= 6.389494605998354,close_ema_3_daily_range_5_pct,>=,6.389494605998354,342,192,150,56.14035087719298,80.67226890756302,79.36507936507937
close_ema_13_daily_range_5_pct >= 2.3817906741838275,close_ema_13_daily_range_5_pct,>=,2.3817906741838275,342,192,150,56.14035087719298,80.67226890756302,79.36507936507937
close_ema_21_daily_slope_pct >= -1.1036724336145438,close_ema_21_daily_slope_pct,>=,-1.1036724336145438,342,192,150,56.14035087719298,80.67226890756302,79.36507936507937
close_ema_55_daily_range_5_pct >= 0.6584307388118309,close_ema_55_daily_range_5_pct,>=,0.6584307388118309,342,192,150,56.14035087719298,80.67226890756302,79.36507936507937
close_ema_221_daily_slope_pct >= -0.2591476931768978,close_ema_221_daily_slope_pct,>=,-0.2591476931768978,342,192,150,56.14035087719298,80.67226890756302,79.36507936507937
close_to_close_ema_144_daily_difference_pct <= -10.696209802703043,close_to_close_ema_144_daily_difference_pct,<=,-10.696209802703043,171,96,75,56.14035087719298,40.33613445378151,39.682539682539684
close_to_close_ema_221_daily_difference_pct <= -11.72562640081017,close_to_close_ema_221_daily_difference_pct,<=,-11.72562640081017,171,96,75,56.14035087719298,40.33613445378151,39.682539682539684
close_ema_55_daily_range_5_pct <= 1.2221586773448625,close_ema_55_daily_range_5_pct,<=,1.2221586773448625,171,96,75,56.14035087719298,40.33613445378151,39.682539682539684
close_ema_144_daily_slope_pct <= -0.14937388054615627,close_ema_144_daily_slope_pct,<=,-0.14937388054615627,171,96,75,56.14035087719298,40.33613445378151,39.682539682539684
close_ema_144_daily_volatility_5_daily <= 0.20766109059510743,close_ema_144_daily_volatility_5_daily,<=,0.20766109059510743,171,96,75,56.14035087719298,40.33613445378151,39.682539682539684
close_ema_221_daily_slope_pct <= -0.10648309627964324,close_ema_221_daily_slope_pct,<=,-0.10648309627964324,171,96,75,56.14035087719298,40.33613445378151,39.682539682539684
close_to_close_ema_13_daily_difference_pct >= -11.815331287898111,close_to_close_ema_13_daily_difference_pct,>=,-11.815331287898111,385,216,169,56.1038961038961,90.75630252100841,89.41798941798942
close_to_close_ema_144_daily_difference_pct >= -34.3276948592883,close_to_close_ema_144_daily_difference_pct,>=,-34.3276948592883,385,216,169,56.1038961038961,90.75630252100841,89.41798941798942
volume_to_volume_ema_8_daily_difference_pct >= -59.98404057279322,volume_to_volume_ema_8_daily_difference_pct,>=,-59.98404057279322,385,216,169,56.1038961038961,90.75630252100841,89.41798941798942
close_ema_3_daily_volatility_5_daily >= 1.4412817776401758,close_ema_3_daily_volatility_5_daily,>=,1.4412817776401758,385,216,169,56.1038961038961,90.75630252100841,89.41798941798942
close_ema_13_daily_slope_pct >= -1.9311924176575221,close_ema_13_daily_slope_pct,>=,-1.9311924176575221,385,216,169,56.1038961038961,90.75630252100841,89.41798941798942
close_ema_144_daily_slope_pct >= -0.47781360090034364,close_ema_144_daily_slope_pct,>=,-0.47781360090034364,385,216,169,56.1038961038961,90.75630252100841,89.41798941798942
close_ema_144_daily_volatility_5_daily >= 0.0757192708638859,close_ema_144_daily_volatility_5_daily,>=,0.0757192708638859,385,216,169,56.1038961038961,90.75630252100841,89.41798941798942
close_to_close_ema_55_daily_difference_pct <= -2.500938360464499,close_to_close_ema_55_daily_difference_pct,<=,-2.500938360464499,214,120,94,56.074766355140184,50.42016806722689,49.735449735449734
close_ema_55_daily_slope_pct <= -0.09254162782943832,close_ema_55_daily_slope_pct,<=,-0.09254162782943832,214,120,94,56.074766355140184,50.42016806722689,49.735449735449734
close_ema_144_daily_volatility_5_daily <= 0.25968546548595767,close_ema_144_daily_volatility_5_daily,<=,0.25968546548595767,214,120,94,56.074766355140184,50.42016806722689,49.735449735449734
close_ema_221_daily_volatility_5_daily <= 0.22394424141689778,close_ema_221_daily_volatility_5_daily,<=,0.22394424141689778,214,120,94,56.074766355140184,50.42016806722689,49.735449735449734
close_ema_221_daily_range_5_pct >= 0.8997476968303111,close_ema_221_daily_range_5_pct,>=,0.8997476968303111,214,120,94,56.074766355140184,50.42016806722689,49.735449735449734
close_ema_13_daily_volatility_5_daily >= 0.8815312823046918,close_ema_13_daily_volatility_5_daily,>=,0.8815312823046918,257,144,113,56.03112840466926,60.50420168067227,59.78835978835979
close_ema_55_daily_volatility_5_daily >= 0.31092610895773254,close_ema_55_daily_volatility_5_daily,>=,0.31092610895773254,257,144,113,56.03112840466926,60.50420168067227,59.78835978835979
volume_to_volume_ema_55_daily_difference_pct <= 59.98112436416982,volume_to_volume_ema_55_daily_difference_pct,<=,59.98112436416982,341,191,150,56.01173020527859,80.25210084033614,79.36507936507937
close_ema_13_daily_volatility_5_daily <= 1.6752706913645354,close_ema_13_daily_volatility_5_daily,<=,1.6752706913645354,341,191,150,56.01173020527859,80.25210084033614,79.36507936507937
close_ema_13_daily_range_5_pct <= 6.931390548998747,close_ema_13_daily_range_5_pct,<=,6.931390548998747,341,191,150,56.01173020527859,80.25210084033614,79.36507936507937
close_ema_144_daily_volatility_5_daily <= 0.4744225348150811,close_ema_144_daily_volatility_5_daily,<=,0.4744225348150811,341,191,150,56.01173020527859,80.25210084033614,79.36507936507937
close_ema_144_daily_range_5_pct <= 1.9303447289275313,close_ema_144_daily_range_5_pct,<=,1.9303447289275313,341,191,150,56.01173020527859,80.25210084033614,79.36507936507937
close_to_close_ema_21_daily_difference_pct >= -8.259378407006071,close_to_close_ema_21_daily_difference_pct,>=,-8.259378407006071,300,168,132,56.00000000000001,70.58823529411765,69.84126984126983
close_to_close_ema_221_daily_difference_pct >= -19.909623207108947,close_to_close_ema_221_daily_difference_pct,>=,-19.909623207108947,300,168,132,56.00000000000001,70.58823529411765,69.84126984126983
volume_to_volume_ema_5_daily_difference_pct >= -26.472316191351304,volume_to_volume_ema_5_daily_difference_pct,>=,-26.472316191351304,300,168,132,56.00000000000001,70.58823529411765,69.84126984126983
close_ema_21_daily_slope_pct >= -0.8191719892608773,close_ema_21_daily_slope_pct,>=,-0.8191719892608773,300,168,132,56.00000000000001,70.58823529411765,69.84126984126983
close_ema_221_daily_slope_pct >= -0.18066956887905392,close_ema_221_daily_slope_pct,>=,-0.18066956887905392,300,168,132,56.00000000000001,70.58823529411765,69.84126984126983
close_ema_221_daily_range_5_pct >= 0.5525058398301452,close_ema_221_daily_range_5_pct,>=,0.5525058398301452,300,168,132,56.00000000000001,70.58823529411765,69.84126984126983
close_to_close_ema_55_daily_difference_pct <= 23.04250155331074,close_to_close_ema_55_daily_difference_pct,<=,23.04250155331074,384,215,169,55.989583333333336,90.33613445378151,89.41798941798942
volume_to_volume_ema_3_daily_difference_pct <= 34.04660855226177,volume_to_volume_ema_3_daily_difference_pct,<=,34.04660855226177,384,215,169,55.989583333333336,90.33613445378151,89.41798941798942
volume_to_volume_ema_55_daily_difference_pct <= 124.19622984120247,volume_to_volume_ema_55_daily_difference_pct,<=,124.19622984120247,384,215,169,55.989583333333336,90.33613445378151,89.41798941798942
high_low_ratio_daily <= 1.0943396192464425,high_low_ratio_daily,<=,1.0943396192464425,384,215,169,55.989583333333336,90.33613445378151,89.41798941798942
close_ema_55_daily_slope_pct <= 0.8607720356666592,close_ema_55_daily_slope_pct,<=,0.8607720356666592,384,215,169,55.989583333333336,90.33613445378151,89.41798941798942
close_to_close_ema_55_daily_difference_pct <= 1.7194748777175601,close_to_close_ema_55_daily_difference_pct,<=,1.7194748777175601,256,143,113,55.859375,60.08403361344538,59.78835978835979
close_ema_3_daily_volatility_5_daily <= 2.4905720037636483,close_ema_3_daily_volatility_5_daily,<=,2.4905720037636483,256,143,113,55.859375,60.08403361344538,59.78835978835979
close_ema_55_daily_slope_pct <= 0.06372483741806355,close_ema_55_daily_slope_pct,<=,0.06372483741806355,256,143,113,55.859375,60.08403361344538,59.78835978835979
close_ema_55_daily_volatility_5_daily <= 0.4986677872466565,close_ema_55_daily_volatility_5_daily,<=,0.4986677872466565,256,143,113,55.859375,60.08403361344538,59.78835978835979
close_ema_144_daily_range_5_pct <= 1.5995148783622113,close_ema_144_daily_range_5_pct,<=,1.5995148783622113,299,167,132,55.852842809364546,70.16806722689076,69.84126984126983
close_ema_21_daily_range_5_pct >= 1.39966769335312,close_ema_21_daily_range_5_pct,>=,1.39966769335312,342,191,151,55.84795321637427,80.25210084033614,79.8941798941799
volume_to_volume_ema_3_daily_difference_pct >= -47.10305817662055,volume_to_volume_ema_3_daily_difference_pct,>=,-47.10305817662055,385,215,170,55.84415584415584,90.33613445378151,89.94708994708994
close_ema_55_daily_range_5_pct >= 0.39577158063669243,close_ema_55_daily_range_5_pct,>=,0.39577158063669243,385,215,170,55.84415584415584,90.33613445378151,89.94708994708994
close_to_close_ema_55_daily_difference_pct >= 1.7194748777175601,close_to_close_ema_55_daily_difference_pct,>=,1.7194748777175601,172,96,76,55.81395348837209,40.33613445378151,40.21164021164021
close_to_close_ema_144_daily_difference_pct >= 4.609436958890224,close_to_close_ema_144_daily_difference_pct,>=,4.609436958890224,172,96,76,55.81395348837209,40.33613445378151,40.21164021164021
close_ema_3_daily_volatility_5_daily >= 2.4905720037636483,close_ema_3_daily_volatility_5_daily,>=,2.4905720037636483,172,96,76,55.81395348837209,40.33613445378151,40.21164021164021
close_ema_55_daily_slope_pct >= 0.06372483741806355,close_ema_55_daily_slope_pct,>=,0.06372483741806355,172,96,76,55.81395348837209,40.33613445378151,40.21164021164021
close_ema_55_daily_volatility_5_daily >= 0.4986677872466565,close_ema_55_daily_volatility_5_daily,>=,0.4986677872466565,172,96,76,55.81395348837209,40.33613445378151,40.21164021164021
close_ema_144_daily_slope_pct >= 0.06450923736390453,close_ema_144_daily_slope_pct,>=,0.06450923736390453,172,96,76,55.81395348837209,40.33613445378151,40.21164021164021
close_ema_144_daily_range_5_pct >= 1.5995148783622113,close_ema_144_daily_range_5_pct,>=,1.5995148783622113,129,72,57,55.81395348837209,30.252100840336134,30.158730158730158
close_ema_21_daily_range_5_pct <= 1.39966769335312,close_ema_21_daily_range_5_pct,<=,1.39966769335312,86,48,38,55.81395348837209,20.168067226890756,20.105820105820104
volume_to_volume_ema_3_daily_difference_pct <= -47.10305817662055,volume_to_volume_ema_3_daily_difference_pct,<=,-47.10305817662055,43,24,19,55.81395348837209,10.084033613445378,10.052910052910052
volume_to_volume_ema_5_daily_difference_pct <= -54.62104508109377,volume_to_volume_ema_5_daily_difference_pct,<=,-54.62104508109377,43,24,19,55.81395348837209,10.084033613445378,10.052910052910052
high_low_ratio_daily >= 1,high_low_ratio_daily,>=,1,427,238,189,55.73770491803278,100,100
close_to_close_ema_21_daily_difference_pct <= 14.872657838517513,close_to_close_ema_21_daily_difference_pct,<=,14.872657838517513,384,214,170,55.729166666666664,89.91596638655463,89.94708994708994
volume_to_volume_ema_8_daily_difference_pct <= 68.87261445183395,volume_to_volume_ema_8_daily_difference_pct,<=,68.87261445183395,384,214,170,55.729166666666664,89.91596638655463,89.94708994708994
volume_to_volume_ema_21_daily_difference_pct <= 94.55287460166234,volume_to_volume_ema_21_daily_difference_pct,<=,94.55287460166234,384,214,170,55.729166666666664,89.91596638655463,89.94708994708994
volume_to_volume_ema_144_daily_difference_pct <= 178.56708324711732,volume_to_volume_ema_144_daily_difference_pct,<=,178.56708324711732,384,214,170,55.729166666666664,89.91596638655463,89.94708994708994
close_ema_21_daily_slope_pct <= 1.5097193227715366,close_ema_21_daily_slope_pct,<=,1.5097193227715366,384,214,170,55.729166666666664,89.91596638655463,89.94708994708994
close_ema_55_daily_volatility_5_daily <= 1.013871905466281,close_ema_55_daily_volatility_5_daily,<=,1.013871905466281,384,214,170,55.729166666666664,89.91596638655463,89.94708994708994
close_to_close_ema_221_daily_difference_pct <= 30.411615979451163,close_to_close_ema_221_daily_difference_pct,<=,30.411615979451163,341,190,151,55.718475073313776,79.83193277310924,79.8941798941799
volume_to_volume_ema_8_daily_difference_pct <= 32.42084837969619,volume_to_volume_ema_8_daily_difference_pct,<=,32.42084837969619,341,190,151,55.718475073313776,79.83193277310924,79.8941798941799
close_ema_221_daily_slope_pct <= 0.2772357076200944,close_ema_221_daily_slope_pct,<=,0.2772357076200944,341,190,151,55.718475073313776,79.83193277310924,79.8941798941799
close_ema_221_daily_volatility_5_daily <= 0.36946572121865767,close_ema_221_daily_volatility_5_daily,<=,0.36946572121865767,341,190,151,55.718475073313776,79.83193277310924,79.8941798941799
close_to_close_ema_13_daily_difference_pct >= -6.9274303848169,close_to_close_ema_13_daily_difference_pct,>=,-6.9274303848169,300,167,133,55.666666666666664,70.16806722689076,70.37037037037037
close_ema_13_daily_slope_pct >= -1.1413935238393453,close_ema_13_daily_slope_pct,>=,-1.1413935238393453,300,167,133,55.666666666666664,70.16806722689076,70.37037037037037
close_ema_21_daily_volatility_5_daily >= 0.5148145587814558,close_ema_21_daily_volatility_5_daily,>=,0.5148145587814558,300,167,133,55.666666666666664,70.16806722689076,70.37037037037037
close_ema_55_daily_volatility_5_daily >= 0.24214776346561231,close_ema_55_daily_volatility_5_daily,>=,0.24214776346561231,300,167,133,55.666666666666664,70.16806722689076,70.37037037037037
close_to_close_ema_221_daily_difference_pct >= -11.72562640081017,close_to_close_ema_221_daily_difference_pct,>=,-11.72562640081017,257,143,114,55.6420233463035,60.08403361344538,60.317460317460316
volume_to_volume_ema_21_daily_difference_pct >= -24.126030183656454,volume_to_volume_ema_21_daily_difference_pct,>=,-24.126030183656454,257,143,114,55.6420233463035,60.08403361344538,60.317460317460316
close_ema_55_daily_range_5_pct >= 1.2221586773448625,close_ema_55_daily_range_5_pct,>=,1.2221586773448625,257,143,114,55.6420233463035,60.08403361344538,60.317460317460316
close_ema_221_daily_slope_pct >= -0.10648309627964324,close_ema_221_daily_slope_pct,>=,-0.10648309627964324,257,143,114,55.6420233463035,60.08403361344538,60.317460317460316
volume_to_volume_ema_55_daily_difference_pct >= -8.078197917665012,volume_to_volume_ema_55_daily_difference_pct,>=,-8.078197917665012,214,119,95,55.60747663551402,50,50.264550264550266
volume_to_volume_ema_55_daily_difference_pct <= -8.078197917665012,volume_to_volume_ema_55_daily_difference_pct,<=,-8.078197917665012,214,119,95,55.60747663551402,50,50.264550264550266
close_ema_221_daily_volatility_5_daily >= 0.22394424141689778,close_ema_221_daily_volatility_5_daily,>=,0.22394424141689778,214,119,95,55.60747663551402,50,50.264550264550266
volume_to_volume_ema_5_daily_difference_pct >= -54.62104508109377,volume_to_volume_ema_5_daily_difference_pct,>=,-54.62104508109377,385,214,171,55.58441558441558,89.91596638655463,90.47619047619048
close_to_close_ema_144_daily_difference_pct >= -25.366762377330037,close_to_close_ema_144_daily_difference_pct,>=,-25.366762377330037,342,190,152,55.55555555555556,79.83193277310924,80.42328042328042
close_ema_144_daily_slope_pct >= -0.3535256554457322,close_ema_144_daily_slope_pct,>=,-0.3535256554457322,342,190,152,55.55555555555556,79.83193277310924,80.42328042328042
close_ema_221_daily_range_5_pct >= 0.39720425089193323,close_ema_221_daily_range_5_pct,>=,0.39720425089193323,342,190,152,55.55555555555556,79.83193277310924,80.42328042328042
volume_to_volume_ema_21_daily_difference_pct <= -24.126030183656454,volume_to_volume_ema_21_daily_difference_pct,<=,-24.126030183656454,171,95,76,55.55555555555556,39.91596638655462,40.21164021164021
close_ema_55_daily_volatility_5_daily <= 0.31092610895773254,close_ema_55_daily_volatility_5_daily,<=,0.31092610895773254,171,95,76,55.55555555555556,39.91596638655462,40.21164021164021
close_ema_144_daily_volatility_5_daily <= 0.3995723929172462,close_ema_144_daily_volatility_5_daily,<=,0.3995723929172462,299,166,133,55.51839464882943,69.74789915966386,70.37037037037037
close_to_close_ema_144_daily_difference_pct <= 39.22848132708574,close_to_close_ema_144_daily_difference_pct,<=,39.22848132708574,384,213,171,55.46875,89.49579831932773,90.47619047619048
close_ema_8_daily_volatility_5_daily <= 2.5252862133489336,close_ema_8_daily_volatility_5_daily,<=,2.5252862133489336,384,213,171,55.46875,89.49579831932773,90.47619047619048
close_ema_13_daily_volatility_5_daily <= 2.0353748042301034,close_ema_13_daily_volatility_5_daily,<=,2.0353748042301034,384,213,171,55.46875,89.49579831932773,90.47619047619048
close_ema_13_daily_range_5_pct <= 8.443132969256126,close_ema_13_daily_range_5_pct,<=,8.443132969256126,384,213,171,55.46875,89.49579831932773,90.47619047619048
close_ema_21_daily_range_5_pct <= 6.605535584445911,close_ema_21_daily_range_5_pct,<=,6.605535584445911,384,213,171,55.46875,89.49579831932773,90.47619047619048
close_ema_144_daily_slope_pct <= 0.5516768640937366,close_ema_144_daily_slope_pct,<=,0.5516768640937366,384,213,171,55.46875,89.49579831932773,90.47619047619048
close_to_close_ema_144_daily_difference_pct <= 4.609436958890224,close_to_close_ema_144_daily_difference_pct,<=,4.609436958890224,256,142,114,55.46875,59.66386554621849,60.317460317460316
close_ema_144_daily_slope_pct <= 0.06450923736390453,close_ema_144_daily_slope_pct,<=,0.06450923736390453,256,142,114,55.46875,59.66386554621849,60.317460317460316
close_ema_144_daily_range_5_pct <= 1.329836938083141,close_ema_144_daily_range_5_pct,<=,1.329836938083141,256,142,114,55.46875,59.66386554621849,60.317460317460316
close_to_close_ema_21_daily_difference_pct <= -8.259378407006071,close_to_close_ema_21_daily_difference_pct,<=,-8.259378407006071,128,71,57,55.46875,29.831932773109244,30.158730158730158
close_to_close_ema_221_daily_difference_pct <= -19.909623207108947,close_to_close_ema_221_daily_difference_pct,<=,-19.909623207108947,128,71,57,55.46875,29.831932773109244,30.158730158730158
volume_to_volume_ema_5_daily_difference_pct <= -26.472316191351304,volume_to_volume_ema_5_daily_difference_pct,<=,-26.472316191351304,128,71,57,55.46875,29.831932773109244,30.158730158730158
close_ema_21_daily_slope_pct <= -0.8191719892608773,close_ema_21_daily_slope_pct,<=,-0.8191719892608773,128,71,57,55.46875,29.831932773109244,30.158730158730158
close_ema_221_daily_slope_pct <= -0.18066956887905392,close_ema_221_daily_slope_pct,<=,-0.18066956887905392,128,71,57,55.46875,29.831932773109244,30.158730158730158
close_ema_221_daily_range_5_pct <= 0.5525058398301452,close_ema_221_daily_range_5_pct,<=,0.5525058398301452,128,71,57,55.46875,29.831932773109244,30.158730158730158
close_ema_21_daily_volatility_5_daily <= 1.2983986580950149,close_ema_21_daily_volatility_5_daily,<=,1.2983986580950149,341,189,152,55.42521994134897,79.41176470588235,80.42328042328042
close_ema_13_daily_volatility_5_daily >= 0.7829017096742026,close_ema_13_daily_volatility_5_daily,>=,0.7829017096742026,300,166,134,55.333333333333336,69.74789915966386,70.8994708994709
close_to_close_ema_3_daily_difference_pct >= -4.168792271528552,close_to_close_ema_3_daily_difference_pct,>=,-4.168792271528552,385,213,172,55.32467532467532,89.49579831932773,91.005291005291
close_to_close_ema_8_daily_difference_pct >= -9.163684259020084,close_to_close_ema_8_daily_difference_pct,>=,-9.163684259020084,385,213,172,55.32467532467532,89.49579831932773,91.005291005291
close_to_close_ema_21_daily_difference_pct >= -15.032613143198484,close_to_close_ema_21_daily_difference_pct,>=,-15.032613143198484,385,213,172,55.32467532467532,89.49579831932773,91.005291005291
close_to_close_ema_55_daily_difference_pct >= -23.441122907866564,close_to_close_ema_55_daily_difference_pct,>=,-23.441122907866564,385,213,172,55.32467532467532,89.49579831932773,91.005291005291
close_ema_3_daily_slope_pct >= -4.001958917467423,close_ema_3_daily_slope_pct,>=,-4.001958917467423,385,213,172,55.32467532467532,89.49579831932773,91.005291005291
close_ema_8_daily_slope_pct >= -2.5513949936017193,close_ema_8_daily_slope_pct,>=,-2.5513949936017193,385,213,172,55.32467532467532,89.49579831932773,91.005291005291
close_ema_8_daily_volatility_5_daily >= 0.7964961800786157,close_ema_8_daily_volatility_5_daily,>=,0.7964961800786157,385,213,172,55.32467532467532,89.49579831932773,91.005291005291
close_ema_13_daily_volatility_5_daily >= 0.5013307665591276,close_ema_13_daily_volatility_5_daily,>=,0.5013307665591276,385,213,172,55.32467532467532,89.49579831932773,91.005291005291
close_ema_21_daily_slope_pct >= -1.4809980436636108,close_ema_21_daily_slope_pct,>=,-1.4809980436636108,385,213,172,55.32467532467532,89.49579831932773,91.005291005291
close_ema_21_daily_range_5_pct >= 0.9769841912081739,close_ema_21_daily_range_5_pct,>=,0.9769841912081739,385,213,172,55.32467532467532,89.49579831932773,91.005291005291
close_ema_55_daily_slope_pct >= -0.8607170799726332,close_ema_55_daily_slope_pct,>=,-0.8607170799726332,385,213,172,55.32467532467532,89.49579831932773,91.005291005291
close_ema_221_daily_range_5_pct >= 0.20284301920176578,close_ema_221_daily_range_5_pct,>=,0.20284301920176578,385,213,172,55.32467532467532,89.49579831932773,91.005291005291
volume_to_volume_ema_3_daily_difference_pct >= -30.337094910165234,volume_to_volume_ema_3_daily_difference_pct,>=,-30.337094910165234,342,189,153,55.26315789473685,79.41176470588235,80.95238095238095
close_ema_8_daily_volatility_5_daily >= 0.9219679314000728,close_ema_8_daily_volatility_5_daily,>=,0.9219679314000728,342,189,153,55.26315789473685,79.41176470588235,80.95238095238095
close_ema_55_daily_volatility_5_daily >= 0.19557073360296431,close_ema_55_daily_volatility_5_daily,>=,0.19557073360296431,342,189,153,55.26315789473685,79.41176470588235,80.95238095238095
close_to_close_ema_144_daily_difference_pct >= -10.696209802703043,close_to_close_ema_144_daily_difference_pct,>=,-10.696209802703043,257,142,115,55.252918287937746,59.66386554621849,60.84656084656085
volume_to_volume_ema_8_daily_difference_pct >= -22.446229151599194,volume_to_volume_ema_8_daily_difference_pct,>=,-22.446229151599194,257,142,115,55.252918287937746,59.66386554621849,60.84656084656085
close_ema_21_daily_range_5_pct >= 2.4777453646626486,close_ema_21_daily_range_5_pct,>=,2.4777453646626486,257,142,115,55.252918287937746,59.66386554621849,60.84656084656085
close_ema_144_daily_slope_pct >= -0.14937388054615627,close_ema_144_daily_slope_pct,>=,-0.14937388054615627,257,142,115,55.252918287937746,59.66386554621849,60.84656084656085
close_ema_144_daily_volatility_5_daily >= 0.20766109059510743,close_ema_144_daily_volatility_5_daily,>=,0.20766109059510743,257,142,115,55.252918287937746,59.66386554621849,60.84656084656085
close_to_close_ema_221_daily_difference_pct >= 9.665461432448938,close_to_close_ema_221_daily_difference_pct,>=,9.665461432448938,172,95,77,55.23255813953488,39.91596638655462,40.74074074074074
close_ema_21_daily_range_5_pct >= 3.629384517420722,close_ema_21_daily_range_5_pct,>=,3.629384517420722,172,95,77,55.23255813953488,39.91596638655462,40.74074074074074
close_ema_221_daily_slope_pct >= 0.08794510666196077,close_ema_221_daily_slope_pct,>=,0.08794510666196077,172,95,77,55.23255813953488,39.91596638655462,40.74074074074074
close_to_close_ema_13_daily_difference_pct <= 10.79321344922158,close_to_close_ema_13_daily_difference_pct,<=,10.79321344922158,384,212,172,55.208333333333336,89.07563025210085,91.005291005291
close_to_close_ema_221_daily_difference_pct <= 45.68194365395895,close_to_close_ema_221_daily_difference_pct,<=,45.68194365395895,384,212,172,55.208333333333336,89.07563025210085,91.005291005291
volume_to_volume_ema_5_daily_difference_pct <= 51.19691773901079,volume_to_volume_ema_5_daily_difference_pct,<=,51.19691773901079,384,212,172,55.208333333333336,89.07563025210085,91.005291005291
close_ema_3_daily_range_5_pct <= 15.207235332703087,close_ema_3_daily_range_5_pct,<=,15.207235332703087,384,212,172,55.208333333333336,89.07563025210085,91.005291005291
close_ema_13_daily_slope_pct <= 1.8318209660151963,close_ema_13_daily_slope_pct,<=,1.8318209660151963,384,212,172,55.208333333333336,89.07563025210085,91.005291005291
close_ema_21_daily_volatility_5_daily <= 1.6162878663229505,close_ema_21_daily_volatility_5_daily,<=,1.6162878663229505,384,212,172,55.208333333333336,89.07563025210085,91.005291005291
close_ema_144_daily_volatility_5_daily <= 0.5961616975823046,close_ema_144_daily_volatility_5_daily,<=,0.5961616975823046,384,212,172,55.208333333333336,89.07563025210085,91.005291005291
close_ema_221_daily_slope_pct <= 0.41702225021205364,close_ema_221_daily_slope_pct,<=,0.41702225021205364,384,212,172,55.208333333333336,89.07563025210085,91.005291005291
close_ema_221_daily_range_5_pct <= 1.7979421866922505,close_ema_221_daily_range_5_pct,<=,1.7979421866922505,384,212,172,55.208333333333336,89.07563025210085,91.005291005291
close_ema_21_daily_volatility_5_daily <= 1.0468147794343228,close_ema_21_daily_volatility_5_daily,<=,1.0468147794343228,299,165,134,55.18394648829431,69.32773109243698,70.8994708994709
close_ema_221_daily_range_5_pct <= 1.2389236500850875,close_ema_221_daily_range_5_pct,<=,1.2389236500850875,299,165,134,55.18394648829431,69.32773109243698,70.8994708994709
close_ema_13_daily_range_5_pct >= 6.931390548998747,close_ema_13_daily_range_5_pct,>=,6.931390548998747,87,48,39,55.172413793103445,20.168067226890756,20.634920634920633
close_ema_144_daily_volatility_5_daily >= 0.4744225348150811,close_ema_144_daily_volatility_5_daily,>=,0.4744225348150811,87,48,39,55.172413793103445,20.168067226890756,20.634920634920633
close_to_close_ema_55_daily_difference_pct >= -2.500938360464499,close_to_close_ema_55_daily_difference_pct,>=,-2.500938360464499,214,118,96,55.140186915887845,49.57983193277311,50.79365079365079
volume_to_volume_ema_21_daily_difference_pct >= -13.246375095735461,volume_to_volume_ema_21_daily_difference_pct,>=,-13.246375095735461,214,118,96,55.140186915887845,49.57983193277311,50.79365079365079
close_ema_21_daily_volatility_5_daily >= 0.7405606740871662,close_ema_21_daily_volatility_5_daily,>=,0.7405606740871662,214,118,96,55.140186915887845,49.57983193277311,50.79365079365079
close_ema_55_daily_slope_pct >= -0.09254162782943832,close_ema_55_daily_slope_pct,>=,-0.09254162782943832,214,118,96,55.140186915887845,49.57983193277311,50.79365079365079
close_ema_144_daily_volatility_5_daily >= 0.25968546548595767,close_ema_144_daily_volatility_5_daily,>=,0.25968546548595767,214,118,96,55.140186915887845,49.57983193277311,50.79365079365079
close_ema_221_daily_range_5_pct <= 0.8997476968303111,close_ema_221_daily_range_5_pct,<=,0.8997476968303111,214,118,96,55.140186915887845,49.57983193277311,50.79365079365079
high_low_ratio_daily <= 1.080470104510112,high_low_ratio_daily,<=,1.080470104510112,341,188,153,55.13196480938416,78.99159663865547,80.95238095238095
close_ema_8_daily_range_5_pct <= 8.757743385979252,close_ema_8_daily_range_5_pct,<=,8.757743385979252,341,188,153,55.13196480938416,78.99159663865547,80.95238095238095
close_ema_221_daily_range_5_pct <= 1.4822762045259015,close_ema_221_daily_range_5_pct,<=,1.4822762045259015,341,188,153,55.13196480938416,78.99159663865547,80.95238095238095
close_ema_13_daily_range_5_pct <= 4.915963004984758,close_ema_13_daily_range_5_pct,<=,4.915963004984758,256,141,115,55.078125,59.2436974789916,60.84656084656085
close_ema_144_daily_volatility_5_daily <= 0.3306000644184194,close_ema_144_daily_volatility_5_daily,<=,0.3306000644184194,256,141,115,55.078125,59.2436974789916,60.84656084656085
close_ema_221_daily_volatility_5_daily <= 0.266966667507851,close_ema_221_daily_volatility_5_daily,<=,0.266966667507851,256,141,115,55.078125,59.2436974789916,60.84656084656085
close_ema_221_daily_range_5_pct <= 1.0444978742745838,close_ema_221_daily_range_5_pct,<=,1.0444978742745838,256,141,115,55.078125,59.2436974789916,60.84656084656085
close_ema_221_daily_volatility_5_daily >= 0.054803880141826064,close_ema_221_daily_volatility_5_daily,>=,0.054803880141826064,385,212,173,55.064935064935064,89.07563025210085,91.53439153439153
close_ema_13_daily_volatility_5_daily >= 0.6494642574121161,close_ema_13_daily_volatility_5_daily,>=,0.6494642574121161,342,188,154,54.97076023391813,78.99159663865547,81.48148148148148
volume_to_volume_ema_55_daily_difference_pct <= -21.92602043529251,volume_to_volume_ema_55_daily_difference_pct,<=,-21.92602043529251,171,94,77,54.97076023391813,39.49579831932773,40.74074074074074
close_ema_13_daily_volatility_5_daily <= 0.8815312823046918,close_ema_13_daily_volatility_5_daily,<=,0.8815312823046918,171,94,77,54.97076023391813,39.49579831932773,40.74074074074074
close_ema_144_daily_range_5_pct <= 0.8422635038290629,close_ema_144_daily_range_5_pct,<=,0.8422635038290629,171,94,77,54.97076023391813,39.49579831932773,40.74074074074074
close_ema_3_daily_volatility_5_daily <= 3.676347469805877,close_ema_3_daily_volatility_5_daily,<=,3.676347469805877,384,211,173,54.947916666666664,88.65546218487394,91.53439153439153
close_ema_8_daily_range_5_pct <= 10.53212204163152,close_ema_8_daily_range_5_pct,<=,10.53212204163152,384,211,173,54.947916666666664,88.65546218487394,91.53439153439153
close_ema_144_daily_range_5_pct <= 2.3875666974117276,close_ema_144_daily_range_5_pct,<=,2.3875666974117276,384,211,173,54.947916666666664,88.65546218487394,91.53439153439153
close_to_close_ema_21_daily_difference_pct >= -5.85092501529306,close_to_close_ema_21_daily_difference_pct,>=,-5.85092501529306,257,141,116,54.86381322957199,59.2436974789916,61.37566137566137
close_ema_21_daily_slope_pct >= -0.581689082326393,close_ema_21_daily_slope_pct,>=,-0.581689082326393,257,141,116,54.86381322957199,59.2436974789916,61.37566137566137
close_ema_21_daily_volatility_5_daily >= 0.6074293501283264,close_ema_21_daily_volatility_5_daily,>=,0.6074293501283264,257,141,116,54.86381322957199,59.2436974789916,61.37566137566137
close_ema_221_daily_range_5_pct >= 0.7456084920605072,close_ema_221_daily_range_5_pct,>=,0.7456084920605072,257,141,116,54.86381322957199,59.2436974789916,61.37566137566137
close_to_close_ema_144_daily_difference_pct <= 13.172519934405113,close_to_close_ema_144_daily_difference_pct,<=,13.172519934405113,299,164,135,54.84949832775919,68.90756302521008,71.42857142857143
close_to_close_ema_221_daily_difference_pct <= 21.113786336030053,close_to_close_ema_221_daily_difference_pct,<=,21.113786336030053,299,164,135,54.84949832775919,68.90756302521008,71.42857142857143
high_low_ratio_daily <= 1.0694143355500505,high_low_ratio_daily,<=,1.0694143355500505,299,164,135,54.84949832775919,68.90756302521008,71.42857142857143
close_ema_13_daily_volatility_5_daily <= 1.430753377040343,close_ema_13_daily_volatility_5_daily,<=,1.430753377040343,299,164,135,54.84949832775919,68.90756302521008,71.42857142857143
close_ema_13_daily_range_5_pct <= 6.150360535511837,close_ema_13_daily_range_5_pct,<=,6.150360535511837,299,164,135,54.84949832775919,68.90756302521008,71.42857142857143
close_ema_144_daily_slope_pct <= 0.18457108527840954,close_ema_144_daily_slope_pct,<=,0.18457108527840954,299,164,135,54.84949832775919,68.90756302521008,71.42857142857143
close_ema_221_daily_slope_pct <= 0.19231264378851545,close_ema_221_daily_slope_pct,<=,0.19231264378851545,299,164,135,54.84949832775919,68.90756302521008,71.42857142857143
close_ema_221_daily_volatility_5_daily <= 0.3086384362804799,close_ema_221_daily_volatility_5_daily,<=,0.3086384362804799,299,164,135,54.84949832775919,68.90756302521008,71.42857142857143
close_ema_3_daily_range_5_pct <= 12.45800127034124,close_ema_3_daily_range_5_pct,<=,12.45800127034124,341,187,154,54.83870967741935,78.57142857142857,81.48148148148148
close_ema_8_daily_volatility_5_daily <= 2.0557834981454137,close_ema_8_daily_volatility_5_daily,<=,2.0557834981454137,341,187,154,54.83870967741935,78.57142857142857,81.48148148148148
close_ema_21_daily_range_5_pct <= 5.507769885135018,close_ema_21_daily_range_5_pct,<=,5.507769885135018,341,187,154,54.83870967741935,78.57142857142857,81.48148148148148
close_ema_21_daily_volatility_5_daily >= 0.32635742057981537,close_ema_21_daily_volatility_5_daily,>=,0.32635742057981537,385,211,174,54.8051948051948,88.65546218487394,92.06349206349206
close_ema_55_daily_range_5_pct <= 4.075363160530916,close_ema_55_daily_range_5_pct,<=,4.075363160530916,384,210,174,54.6875,88.23529411764706,92.06349206349206
close_ema_221_daily_volatility_5_daily <= 0.4467341353771691,close_ema_221_daily_volatility_5_daily,<=,0.4467341353771691,384,210,174,54.6875,88.23529411764706,92.06349206349206
volume_to_volume_ema_144_daily_difference_pct <= 21.72779195684218,volume_to_volume_ema_144_daily_difference_pct,<=,21.72779195684218,256,140,116,54.6875,58.82352941176471,61.37566137566137
close_ema_13_daily_volatility_5_daily <= 1.1944359918923824,close_ema_13_daily_volatility_5_daily,<=,1.1944359918923824,256,140,116,54.6875,58.82352941176471,61.37566137566137
close_to_close_ema_8_daily_difference_pct >= -6.762094168206155,close_to_close_ema_8_daily_difference_pct,>=,-6.762094168206155,342,187,155,54.67836257309941,78.57142857142857,82.01058201058201
close_to_close_ema_13_daily_difference_pct >= -8.87196229713588,close_to_close_ema_13_daily_difference_pct,>=,-8.87196229713588,342,187,155,54.67836257309941,78.57142857142857,82.01058201058201
close_ema_8_daily_slope_pct >= -1.8954071294967707,close_ema_8_daily_slope_pct,>=,-1.8954071294967707,342,187,155,54.67836257309941,78.57142857142857,82.01058201058201
close_ema_13_daily_slope_pct >= -1.457114606437771,close_ema_13_daily_slope_pct,>=,-1.457114606437771,342,187,155,54.67836257309941,78.57142857142857,82.01058201058201
close_to_close_ema_144_daily_difference_pct >= -1.9805132071429061,close_to_close_ema_144_daily_difference_pct,>=,-1.9805132071429061,214,117,97,54.67289719626168,49.159663865546214,51.32275132275132
close_to_close_ema_221_daily_difference_pct >= -3.0566739559991483,close_to_close_ema_221_daily_difference_pct,>=,-3.0566739559991483,214,117,97,54.67289719626168,49.159663865546214,51.32275132275132
volume_to_volume_ema_144_daily_difference_pct <= 4.753691766849563,volume_to_volume_ema_144_daily_difference_pct,<=,4.753691766849563,214,117,97,54.67289719626168,49.159663865546214,51.32275132275132
close_ema_21_daily_range_5_pct >= 3.0598416907997583,close_ema_21_daily_range_5_pct,>=,3.0598416907997583,214,117,97,54.67289719626168,49.159663865546214,51.32275132275132
close_ema_144_daily_slope_pct >= -0.027691814924340898,close_ema_144_daily_slope_pct,>=,-0.027691814924340898,214,117,97,54.67289719626168,49.159663865546214,51.32275132275132
close_ema_221_daily_slope_pct >= -0.02778022550074251,close_ema_221_daily_slope_pct,>=,-0.02778022550074251,214,117,97,54.67289719626168,49.159663865546214,51.32275132275132
close_ema_55_daily_range_5_pct >= 0.9741941606106759,close_ema_55_daily_range_5_pct,>=,0.9741941606106759,300,164,136,54.666666666666664,68.90756302521008,71.95767195767195
close_ema_221_daily_volatility_5_daily >= 0.14233641926724427,close_ema_221_daily_volatility_5_daily,>=,0.14233641926724427,300,164,136,54.666666666666664,68.90756302521008,71.95767195767195
volume_to_volume_ema_55_daily_difference_pct >= 9.41977450300579,volume_to_volume_ema_55_daily_difference_pct,>=,9.41977450300579,172,94,78,54.65116279069767,39.49579831932773,41.269841269841265
close_to_close_ema_21_daily_difference_pct <= -11.159892998794113,close_to_close_ema_21_daily_difference_pct,<=,-11.159892998794113,86,47,39,54.65116279069767,19.747899159663866,20.634920634920633
close_ema_21_daily_slope_pct <= -1.1036724336145438,close_ema_21_daily_slope_pct,<=,-1.1036724336145438,86,47,39,54.65116279069767,19.747899159663866,20.634920634920633
close_ema_55_daily_range_5_pct <= 0.6584307388118309,close_ema_55_daily_range_5_pct,<=,0.6584307388118309,86,47,39,54.65116279069767,19.747899159663866,20.634920634920633
close_ema_55_daily_volatility_5_daily >= 0.13759939837531637,close_ema_55_daily_volatility_5_daily,>=,0.13759939837531637,385,210,175,54.54545454545454,88.23529411764706,92.5925925925926
close_ema_55_daily_range_5_pct <= 3.277345240994885,close_ema_55_daily_range_5_pct,<=,3.277345240994885,341,186,155,54.54545454545454,78.15126050420169,82.01058201058201
volume_to_volume_ema_3_daily_difference_pct >= 34.04660855226177,volume_to_volume_ema_3_daily_difference_pct,>=,34.04660855226177,44,24,20,54.54545454545454,10.084033613445378,10.582010582010582
volume_to_volume_ema_8_daily_difference_pct >= 68.87261445183395,volume_to_volume_ema_8_daily_difference_pct,>=,68.87261445183395,44,24,20,54.54545454545454,10.084033613445378,10.582010582010582
volume_to_volume_ema_21_daily_difference_pct >= 94.55287460166234,volume_to_volume_ema_21_daily_difference_pct,>=,94.55287460166234,44,24,20,54.54545454545454,10.084033613445378,10.582010582010582
volume_to_volume_ema_144_daily_difference_pct >= 178.56708324711732,volume_to_volume_ema_144_daily_difference_pct,>=,178.56708324711732,44,24,20,54.54545454545454,10.084033613445378,10.582010582010582
high_low_ratio_daily >= 1.0943396192464425,high_low_ratio_daily,>=,1.0943396192464425,44,24,20,54.54545454545454,10.084033613445378,10.582010582010582
volume_to_volume_ema_3_daily_difference_pct >= -20.808721116642495,volume_to_volume_ema_3_daily_difference_pct,>=,-20.808721116642495,300,163,137,54.333333333333336,68.4873949579832,72.4867724867725
close_to_close_ema_55_daily_difference_pct >= 6.855736191950296,close_to_close_ema_55_daily_difference_pct,>=,6.855736191950296,129,70,59,54.263565891472865,29.411764705882355,31.216931216931215
volume_to_volume_ema_8_daily_difference_pct >= 14.300116314123915,volume_to_volume_ema_8_daily_difference_pct,>=,14.300116314123915,129,70,59,54.263565891472865,29.411764705882355,31.216931216931215
volume_to_volume_ema_55_daily_difference_pct >= 29.735072246567107,volume_to_volume_ema_55_daily_difference_pct,>=,29.735072246567107,129,70,59,54.263565891472865,29.411764705882355,31.216931216931215
close_ema_21_daily_range_5_pct >= 4.3903877319607165,close_ema_21_daily_range_5_pct,>=,4.3903877319607165,129,70,59,54.263565891472865,29.411764705882355,31.216931216931215
close_ema_55_daily_slope_pct >= 0.2545625306479667,close_ema_55_daily_slope_pct,>=,0.2545625306479667,129,70,59,54.263565891472865,29.411764705882355,31.216931216931215
close_ema_55_daily_volatility_5_daily <= 0.8085624609500377,close_ema_55_daily_volatility_5_daily,<=,0.8085624609500377,341,185,156,54.252199413489734,77.73109243697479,82.53968253968253
close_ema_3_daily_volatility_5_daily <= 2.2564410549022,close_ema_3_daily_volatility_5_daily,<=,2.2564410549022,214,116,98,54.20560747663551,48.739495798319325,51.85185185185185
close_ema_55_daily_volatility_5_daily >= 0.4054063366486046,close_ema_55_daily_volatility_5_daily,>=,0.4054063366486046,214,116,98,54.20560747663551,48.739495798319325,51.85185185185185
close_ema_55_daily_range_5_pct >= 1.6177309125532195,close_ema_55_daily_range_5_pct,>=,1.6177309125532195,214,116,98,54.20560747663551,48.739495798319325,51.85185185185185
close_ema_144_daily_range_5_pct <= 1.035108798575762,close_ema_144_daily_range_5_pct,<=,1.035108798575762,214,116,98,54.20560747663551,48.739495798319325,51.85185185185185
close_ema_221_daily_volatility_5_daily >= 0.18228648531082384,close_ema_221_daily_volatility_5_daily,>=,0.18228648531082384,257,139,118,54.08560311284047,58.40336134453782,62.43386243386243
close_to_close_ema_144_daily_difference_pct >= 22.41090371225823,close_to_close_ema_144_daily_difference_pct,>=,22.41090371225823,87,47,40,54.02298850574713,19.747899159663866,21.164021164021165
volume_to_volume_ema_5_daily_difference_pct >= 25.35505753675556,volume_to_volume_ema_5_daily_difference_pct,>=,25.35505753675556,87,47,40,54.02298850574713,19.747899159663866,21.164021164021165
volume_to_volume_ema_55_daily_difference_pct >= 59.98112436416982,volume_to_volume_ema_55_daily_difference_pct,>=,59.98112436416982,87,47,40,54.02298850574713,19.747899159663866,21.164021164021165
close_ema_13_daily_volatility_5_daily >= 1.6752706913645354,close_ema_13_daily_volatility_5_daily,>=,1.6752706913645354,87,47,40,54.02298850574713,19.747899159663866,21.164021164021165
close_ema_144_daily_slope_pct >= 0.3144247431986655,close_ema_144_daily_slope_pct,>=,0.3144247431986655,87,47,40,54.02298850574713,19.747899159663866,21.164021164021165
close_ema_144_daily_range_5_pct >= 1.9303447289275313,close_ema_144_daily_range_5_pct,>=,1.9303447289275313,87,47,40,54.02298850574713,19.747899159663866,21.164021164021165
close_to_close_ema_55_daily_difference_pct <= -10.553455369090404,close_to_close_ema_55_daily_difference_pct,<=,-10.553455369090404,128,69,59,53.90625,28.991596638655466,31.216931216931215
close_to_close_ema_144_daily_difference_pct <= -16.086914969938505,close_to_close_ema_144_daily_difference_pct,<=,-16.086914969938505,128,69,59,53.90625,28.991596638655466,31.216931216931215
volume_to_volume_ema_8_daily_difference_pct <= -31.176451999538962,volume_to_volume_ema_8_daily_difference_pct,<=,-31.176451999538962,128,69,59,53.90625,28.991596638655466,31.216931216931215
close_ema_3_daily_volatility_5_daily <= 1.8049800685930628,close_ema_3_daily_volatility_5_daily,<=,1.8049800685930628,128,69,59,53.90625,28.991596638655466,31.216931216931215
close_ema_13_daily_range_5_pct <= 2.8995826244814706,close_ema_13_daily_range_5_pct,<=,2.8995826244814706,128,69,59,53.90625,28.991596638655466,31.216931216931215
close_ema_21_daily_range_5_pct <= 1.8919849515637717,close_ema_21_daily_range_5_pct,<=,1.8919849515637717,128,69,59,53.90625,28.991596638655466,31.216931216931215
close_ema_55_daily_slope_pct <= -0.3893468822090862,close_ema_55_daily_slope_pct,<=,-0.3893468822090862,128,69,59,53.90625,28.991596638655466,31.216931216931215
close_ema_144_daily_slope_pct <= -0.2244867409622573,close_ema_144_daily_slope_pct,<=,-0.2244867409622573,128,69,59,53.90625,28.991596638655466,31.216931216931215
close_ema_144_daily_volatility_5_daily <= 0.1550596920011491,close_ema_144_daily_volatility_5_daily,<=,0.1550596920011491,128,69,59,53.90625,28.991596638655466,31.216931216931215
close_to_close_ema_55_daily_difference_pct <= -6.618288314776656,close_to_close_ema_55_daily_difference_pct,<=,-6.618288314776656,171,92,79,53.80116959064327,38.655462184873954,41.7989417989418
volume_to_volume_ema_144_daily_difference_pct <= -10.586296511197235,volume_to_volume_ema_144_daily_difference_pct,<=,-10.586296511197235,171,92,79,53.80116959064327,38.655462184873954,41.7989417989418
close_ema_55_daily_slope_pct <= -0.24452241172497213,close_ema_55_daily_slope_pct,<=,-0.24452241172497213,171,92,79,53.80116959064327,38.655462184873954,41.7989417989418
close_ema_8_daily_volatility_5_daily <= 1.4209688682961192,close_ema_8_daily_volatility_5_daily,<=,1.4209688682961192,214,115,99,53.73831775700935,48.319327731092436,52.38095238095239
close_ema_8_daily_range_5_pct <= 5.530858482329483,close_ema_8_daily_range_5_pct,<=,5.530858482329483,214,115,99,53.73831775700935,48.319327731092436,52.38095238095239
close_ema_13_daily_volatility_5_daily <= 1.0077035336412066,close_ema_13_daily_volatility_5_daily,<=,1.0077035336412066,214,115,99,53.73831775700935,48.319327731092436,52.38095238095239
close_to_close_ema_3_daily_difference_pct >= -2.587394779046657,close_to_close_ema_3_daily_difference_pct,>=,-2.587394779046657,300,161,139,53.666666666666664,67.64705882352942,73.54497354497354
close_to_close_ema_8_daily_difference_pct >= -5.607789106628052,close_to_close_ema_8_daily_difference_pct,>=,-5.607789106628052,300,161,139,53.666666666666664,67.64705882352942,73.54497354497354
close_ema_3_daily_slope_pct >= -2.5221371345079837,close_ema_3_daily_slope_pct,>=,-2.5221371345079837,300,161,139,53.666666666666664,67.64705882352942,73.54497354497354
close_ema_8_daily_slope_pct >= -1.5769590201373682,close_ema_8_daily_slope_pct,>=,-1.5769590201373682,300,161,139,53.666666666666664,67.64705882352942,73.54497354497354
close_ema_8_daily_range_5_pct <= 6.578697361483423,close_ema_8_daily_range_5_pct,<=,6.578697361483423,256,137,119,53.515625,57.56302521008403,62.96296296296296
close_ema_3_daily_volatility_5_daily <= 2.857216674244907,close_ema_3_daily_volatility_5_daily,<=,2.857216674244907,299,160,139,53.51170568561873,67.22689075630252,73.54497354497354
close_ema_8_daily_volatility_5_daily <= 1.8243607434446467,close_ema_8_daily_volatility_5_daily,<=,1.8243607434446467,299,160,139,53.51170568561873,67.22689075630252,73.54497354497354
close_to_close_ema_3_daily_difference_pct >= -3.2159039626685106,close_to_close_ema_3_daily_difference_pct,>=,-3.2159039626685106,342,183,159,53.50877192982456,76.89075630252101,84.12698412698413
close_ema_3_daily_slope_pct >= -3.1157058546245455,close_ema_3_daily_slope_pct,>=,-3.1157058546245455,342,183,159,53.50877192982456,76.89075630252101,84.12698412698413
volume_to_volume_ema_3_daily_difference_pct >= 9.910326811461047,volume_to_volume_ema_3_daily_difference_pct,>=,9.910326811461047,129,69,60,53.48837209302325,28.991596638655466,31.746031746031743
volume_to_volume_ema_144_daily_difference_pct >= 41.602687061396374,volume_to_volume_ema_144_daily_difference_pct,>=,41.602687061396374,129,69,60,53.48837209302325,28.991596638655466,31.746031746031743
close_to_close_ema_221_daily_difference_pct <= -28.580311467328972,close_to_close_ema_221_daily_difference_pct,<=,-28.580311467328972,86,46,40,53.48837209302325,19.327731092436977,21.164021164021165
volume_to_volume_ema_8_daily_difference_pct <= -43.23065402389095,volume_to_volume_ema_8_daily_difference_pct,<=,-43.23065402389095,86,46,40,53.48837209302325,19.327731092436977,21.164021164021165
close_ema_3_daily_range_5_pct <= 6.389494605998354,close_ema_3_daily_range_5_pct,<=,6.389494605998354,86,46,40,53.48837209302325,19.327731092436977,21.164021164021165
close_ema_13_daily_range_5_pct <= 2.3817906741838275,close_ema_13_daily_range_5_pct,<=,2.3817906741838275,86,46,40,53.48837209302325,19.327731092436977,21.164021164021165
close_ema_21_daily_volatility_5_daily <= 0.41061763332931617,close_ema_21_daily_volatility_5_daily,<=,0.41061763332931617,86,46,40,53.48837209302325,19.327731092436977,21.164021164021165
close_ema_221_daily_slope_pct <= -0.2591476931768978,close_ema_221_daily_slope_pct,<=,-0.2591476931768978,86,46,40,53.48837209302325,19.327731092436977,21.164021164021165
close_ema_221_daily_volatility_5_daily <= 0.10101413502612622,close_ema_221_daily_volatility_5_daily,<=,0.10101413502612622,86,46,40,53.48837209302325,19.327731092436977,21.164021164021165
close_to_close_ema_13_daily_difference_pct <= -11.815331287898111,close_to_close_ema_13_daily_difference_pct,<=,-11.815331287898111,43,23,20,53.48837209302325,9.663865546218489,10.582010582010582
close_ema_13_daily_slope_pct <= -1.9311924176575221,close_ema_13_daily_slope_pct,<=,-1.9311924176575221,43,23,20,53.48837209302325,9.663865546218489,10.582010582010582
close_ema_55_daily_range_5_pct <= 0.39577158063669243,close_ema_55_daily_range_5_pct,<=,0.39577158063669243,43,23,20,53.48837209302325,9.663865546218489,10.582010582010582
close_ema_144_daily_volatility_5_daily <= 0.0757192708638859,close_ema_144_daily_volatility_5_daily,<=,0.0757192708638859,43,23,20,53.48837209302325,9.663865546218489,10.582010582010582
close_to_close_ema_13_daily_difference_pct >= -5.4302316264153685,close_to_close_ema_13_daily_difference_pct,>=,-5.4302316264153685,257,137,120,53.30739299610895,57.56302521008403,63.49206349206349
volume_to_volume_ema_3_daily_difference_pct >= -13.46433708078104,volume_to_volume_ema_3_daily_difference_pct,>=,-13.46433708078104,257,137,120,53.30739299610895,57.56302521008403,63.49206349206349
volume_to_volume_ema_5_daily_difference_pct >= -18.49666666685596,volume_to_volume_ema_5_daily_difference_pct,>=,-18.49666666685596,257,137,120,53.30739299610895,57.56302521008403,63.49206349206349
close_ema_13_daily_slope_pct >= -0.8969211219974343,close_ema_13_daily_slope_pct,>=,-0.8969211219974343,257,137,120,53.30739299610895,57.56302521008403,63.49206349206349
volume_to_volume_ema_8_daily_difference_pct >= -10.65528392309588,volume_to_volume_ema_8_daily_difference_pct,>=,-10.65528392309588,214,114,100,53.271028037383175,47.89915966386555,52.910052910052904
close_ema_13_daily_range_5_pct <= 4.1043001703954625,close_ema_13_daily_range_5_pct,<=,4.1043001703954625,214,114,100,53.271028037383175,47.89915966386555,52.910052910052904
close_ema_3_daily_volatility_5_daily <= 2.0095327534359195,close_ema_3_daily_volatility_5_daily,<=,2.0095327534359195,171,91,80,53.216374269005854,38.23529411764706,42.32804232804233
close_ema_3_daily_range_5_pct <= 7.411118612092806,close_ema_3_daily_range_5_pct,<=,7.411118612092806,171,91,80,53.216374269005854,38.23529411764706,42.32804232804233
close_ema_8_daily_volatility_5_daily <= 1.261059049198757,close_ema_8_daily_volatility_5_daily,<=,1.261059049198757,171,91,80,53.216374269005854,38.23529411764706,42.32804232804233
close_ema_13_daily_range_5_pct <= 3.4735577108060003,close_ema_13_daily_range_5_pct,<=,3.4735577108060003,171,91,80,53.216374269005854,38.23529411764706,42.32804232804233
close_ema_8_daily_range_5_pct <= 7.509051093345049,close_ema_8_daily_range_5_pct,<=,7.509051093345049,299,159,140,53.17725752508361,66.80672268907563,74.07407407407408
close_ema_3_daily_range_5_pct <= 6.841785872091938,close_ema_3_daily_range_5_pct,<=,6.841785872091938,128,68,60,53.125,28.57142857142857,31.746031746031743
close_ema_144_daily_range_5_pct <= 0.636979744050265,close_ema_144_daily_range_5_pct,<=,0.636979744050265,128,68,60,53.125,28.57142857142857,31.746031746031743
volume_to_volume_ema_21_daily_difference_pct >= -1.4437638630511718,volume_to_volume_ema_21_daily_difference_pct,>=,-1.4437638630511718,172,91,81,52.90697674418605,38.23529411764706,42.857142857142854
close_ema_21_daily_volatility_5_daily >= 0.8775761006168988,close_ema_21_daily_volatility_5_daily,>=,0.8775761006168988,172,91,81,52.90697674418605,38.23529411764706,42.857142857142854
close_ema_55_daily_range_5_pct >= 2.056018327326234,close_ema_55_daily_range_5_pct,>=,2.056018327326234,172,91,81,52.90697674418605,38.23529411764706,42.857142857142854
close_to_close_ema_21_daily_difference_pct >= 9.829880860661195,close_to_close_ema_21_daily_difference_pct,>=,9.829880860661195,87,46,41,52.87356321839081,19.327731092436977,21.693121693121693
volume_to_volume_ema_3_daily_difference_pct >= 18.19739784872934,volume_to_volume_ema_3_daily_difference_pct,>=,18.19739784872934,87,46,41,52.87356321839081,19.327731092436977,21.693121693121693
volume_to_volume_ema_21_daily_difference_pct >= 48.446865813348836,volume_to_volume_ema_21_daily_difference_pct,>=,48.446865813348836,87,46,41,52.87356321839081,19.327731092436977,21.693121693121693
volume_to_volume_ema_144_daily_difference_pct >= 85.91949960471445,volume_to_volume_ema_144_daily_difference_pct,>=,85.91949960471445,87,46,41,52.87356321839081,19.327731092436977,21.693121693121693
close_ema_21_daily_slope_pct >= 0.9927466675327852,close_ema_21_daily_slope_pct,>=,0.9927466675327852,87,46,41,52.87356321839081,19.327731092436977,21.693121693121693
close_to_close_ema_21_daily_difference_pct >= -2.8441701889870066,close_to_close_ema_21_daily_difference_pct,>=,-2.8441701889870066,214,113,101,52.80373831775701,47.47899159663865,53.43915343915344
close_ema_21_daily_slope_pct >= -0.28361038270293626,close_ema_21_daily_slope_pct,>=,-0.28361038270293626,214,113,101,52.80373831775701,47.47899159663865,53.43915343915344
close_ema_3_daily_range_5_pct <= 9.185964089110643,close_ema_3_daily_range_5_pct,<=,9.185964089110643,256,135,121,52.734375,56.72268907563025,64.02116402116403
close_ema_8_daily_volatility_5_daily <= 1.6003979984717625,close_ema_8_daily_volatility_5_daily,<=,1.6003979984717625,256,135,121,52.734375,56.72268907563025,64.02116402116403
close_to_close_ema_21_daily_difference_pct >= 5.523368922052257,close_to_close_ema_21_daily_difference_pct,>=,5.523368922052257,129,68,61,52.71317829457365,28.57142857142857,32.27513227513227
volume_to_volume_ema_21_daily_difference_pct >= 21.42866100602857,volume_to_volume_ema_21_daily_difference_pct,>=,21.42866100602857,129,68,61,52.71317829457365,28.57142857142857,32.27513227513227
close_ema_21_daily_slope_pct >= 0.5554045966937713,close_ema_21_daily_slope_pct,>=,0.5554045966937713,129,68,61,52.71317829457365,28.57142857142857,32.27513227513227
close_ema_3_daily_range_5_pct <= 10.648425483310712,close_ema_3_daily_range_5_pct,<=,10.648425483310712,299,157,142,52.508361204013376,65.96638655462185,75.13227513227513
high_low_ratio_daily <= 1.060869520989017,high_low_ratio_daily,<=,1.060869520989017,256,134,122,52.34375,56.30252100840336,64.55026455026454
volume_to_volume_ema_21_daily_difference_pct <= -34.071142566946506,volume_to_volume_ema_21_daily_difference_pct,<=,-34.071142566946506,128,67,61,52.34375,28.15126050420168,32.27513227513227
close_ema_8_daily_volatility_5_daily <= 1.0775431626808496,close_ema_8_daily_volatility_5_daily,<=,1.0775431626808496,128,67,61,52.34375,28.15126050420168,32.27513227513227
close_to_close_ema_13_daily_difference_pct >= -3.622455777752884,close_to_close_ema_13_daily_difference_pct,>=,-3.622455777752884,214,112,102,52.336448598130836,47.05882352941176,53.96825396825397
volume_to_volume_ema_5_daily_difference_pct >= -9.253848938723163,volume_to_volume_ema_5_daily_difference_pct,>=,-9.253848938723163,214,112,102,52.336448598130836,47.05882352941176,53.96825396825397
high_low_ratio_daily <= 1.0526316038109653,high_low_ratio_daily,<=,1.0526316038109653,214,112,102,52.336448598130836,47.05882352941176,53.96825396825397
close_ema_13_daily_slope_pct >= -0.600119452661095,close_ema_13_daily_slope_pct,>=,-0.600119452661095,214,112,102,52.336448598130836,47.05882352941176,53.96825396825397
close_to_close_ema_55_daily_difference_pct <= -16.305870122453705,close_to_close_ema_55_daily_difference_pct,<=,-16.305870122453705,86,45,41,52.32558139534884,18.907563025210084,21.693121693121693
volume_to_volume_ema_5_daily_difference_pct <= -39.08655790351788,volume_to_volume_ema_5_daily_difference_pct,<=,-39.08655790351788,86,45,41,52.32558139534884,18.907563025210084,21.693121693121693
close_ema_3_daily_volatility_5_daily <= 1.646557467545059,close_ema_3_daily_volatility_5_daily,<=,1.646557467545059,86,45,41,52.32558139534884,18.907563025210084,21.693121693121693
close_ema_55_daily_slope_pct <= -0.6002958025385713,close_ema_55_daily_slope_pct,<=,-0.6002958025385713,86,45,41,52.32558139534884,18.907563025210084,21.693121693121693
close_ema_144_daily_volatility_5_daily <= 0.11587198180830567,close_ema_144_daily_volatility_5_daily,<=,0.11587198180830567,86,45,41,52.32558139534884,18.907563025210084,21.693121693121693
close_ema_144_daily_range_5_pct <= 0.47997715284980125,close_ema_144_daily_range_5_pct,<=,0.47997715284980125,86,45,41,52.32558139534884,18.907563025210084,21.693121693121693
close_to_close_ema_55_daily_difference_pct >= 23.04250155331074,close_to_close_ema_55_daily_difference_pct,>=,23.04250155331074,44,23,21,52.27272727272727,9.663865546218489,11.11111111111111
volume_to_volume_ema_55_daily_difference_pct >= 124.19622984120247,volume_to_volume_ema_55_daily_difference_pct,>=,124.19622984120247,44,23,21,52.27272727272727,9.663865546218489,11.11111111111111
close_ema_55_daily_slope_pct >= 0.8607720356666592,close_ema_55_daily_slope_pct,>=,0.8607720356666592,44,23,21,52.27272727272727,9.663865546218489,11.11111111111111
close_ema_3_daily_volatility_5_daily <= 3.1435654003561337,close_ema_3_daily_volatility_5_daily,<=,3.1435654003561337,341,178,163,52.19941348973607,74.78991596638656,86.24338624338624
close_to_close_ema_8_daily_difference_pct >= -4.60009920258358,close_to_close_ema_8_daily_difference_pct,>=,-4.60009920258358,257,134,123,52.14007782101168,56.30252100840336,65.07936507936508
close_ema_8_daily_slope_pct >= -1.2972639356075106,close_ema_8_daily_slope_pct,>=,-1.2972639356075106,257,134,123,52.14007782101168,56.30252100840336,65.07936507936508
volume_to_volume_ema_5_daily_difference_pct >= 12.246093773526665,volume_to_volume_ema_5_daily_difference_pct,>=,12.246093773526665,129,67,62,51.93798449612403,28.15126050420168,32.804232804232804
close_ema_55_daily_volatility_5_daily >= 0.6251870412571879,close_ema_55_daily_volatility_5_daily,>=,0.6251870412571879,129,67,62,51.93798449612403,28.15126050420168,32.804232804232804
close_ema_55_daily_range_5_pct >= 2.614513267422869,close_ema_55_daily_range_5_pct,>=,2.614513267422869,129,67,62,51.93798449612403,28.15126050420168,32.804232804232804
volume_to_volume_ema_3_daily_difference_pct >= -7.047034930623999,volume_to_volume_ema_3_daily_difference_pct,>=,-7.047034930623999,214,111,103,51.86915887850467,46.63865546218487,54.4973544973545
volume_to_volume_ema_5_daily_difference_pct >= -0.7121990548424926,volume_to_volume_ema_5_daily_difference_pct,>=,-0.7121990548424926,172,89,83,51.74418604651163,37.39495798319328,43.91534391534391
close_to_close_ema_55_daily_difference_pct >= 12.937360423049324,close_to_close_ema_55_daily_difference_pct,>=,12.937360423049324,87,45,42,51.724137931034484,18.907563025210084,22.22222222222222
close_ema_55_daily_slope_pct >= 0.4814685088653525,close_ema_55_daily_slope_pct,>=,0.4814685088653525,87,45,42,51.724137931034484,18.907563025210084,22.22222222222222
high_low_ratio_daily <= 1.0460937612340784,high_low_ratio_daily,<=,1.0460937612340784,171,88,83,51.461988304093566,36.97478991596639,43.91534391534391
close_ema_3_daily_range_5_pct <= 8.026844815250932,close_ema_3_daily_range_5_pct,<=,8.026844815250932,214,110,104,51.4018691588785,46.21848739495798,55.026455026455025
close_to_close_ema_3_daily_difference_pct >= -1.914549406812547,close_to_close_ema_3_daily_difference_pct,>=,-1.914549406812547,257,132,125,51.36186770428015,55.46218487394958,66.13756613756614
close_ema_3_daily_slope_pct >= -1.8785830069956309,close_ema_3_daily_slope_pct,>=,-1.8785830069956309,257,132,125,51.36186770428015,55.46218487394958,66.13756613756614
volume_to_volume_ema_8_daily_difference_pct >= -2.0161352924338205,volume_to_volume_ema_8_daily_difference_pct,>=,-2.0161352924338205,172,88,84,51.162790697674424,36.97478991596639,44.44444444444444
volume_to_volume_ema_21_daily_difference_pct <= -47.8548008445169,volume_to_volume_ema_21_daily_difference_pct,<=,-47.8548008445169,86,44,42,51.162790697674424,18.487394957983195,22.22222222222222
volume_to_volume_ema_55_daily_difference_pct <= -47.10482424904104,volume_to_volume_ema_55_daily_difference_pct,<=,-47.10482424904104,86,44,42,51.162790697674424,18.487394957983195,22.22222222222222
close_to_close_ema_144_daily_difference_pct <= -34.3276948592883,close_to_close_ema_144_daily_difference_pct,<=,-34.3276948592883,43,22,21,51.162790697674424,9.243697478991598,11.11111111111111
volume_to_volume_ema_8_daily_difference_pct <= -59.98404057279322,volume_to_volume_ema_8_daily_difference_pct,<=,-59.98404057279322,43,22,21,51.162790697674424,9.243697478991598,11.11111111111111
volume_to_volume_ema_55_daily_difference_pct <= -66.08125011408653,volume_to_volume_ema_55_daily_difference_pct,<=,-66.08125011408653,43,22,21,51.162790697674424,9.243697478991598,11.11111111111111
close_ema_3_daily_volatility_5_daily <= 1.4412817776401758,close_ema_3_daily_volatility_5_daily,<=,1.4412817776401758,43,22,21,51.162790697674424,9.243697478991598,11.11111111111111
close_ema_144_daily_slope_pct <= -0.47781360090034364,close_ema_144_daily_slope_pct,<=,-0.47781360090034364,43,22,21,51.162790697674424,9.243697478991598,11.11111111111111
close_ema_8_daily_range_5_pct <= 4.980764146389636,close_ema_8_daily_range_5_pct,<=,4.980764146389636,171,87,84,50.877192982456144,36.554621848739494,44.44444444444444
close_to_close_ema_21_daily_difference_pct >= 0.3847873896095213,close_to_close_ema_21_daily_difference_pct,>=,0.3847873896095213,172,87,85,50.58139534883721,36.554621848739494,44.97354497354497
volume_to_volume_ema_3_daily_difference_pct >= -0.2873583508153718,volume_to_volume_ema_3_daily_difference_pct,>=,-0.2873583508153718,172,87,85,50.58139534883721,36.554621848739494,44.97354497354497
close_ema_21_daily_slope_pct >= 0.03849355079387347,close_ema_21_daily_slope_pct,>=,0.03849355079387347,172,87,85,50.58139534883721,36.554621848739494,44.97354497354497
close_to_close_ema_13_daily_difference_pct >= 5.0368805716356,close_to_close_ema_13_daily_difference_pct,>=,5.0368805716356,129,65,64,50.3875968992248,27.310924369747898,33.86243386243386
close_ema_13_daily_slope_pct >= 0.8465870248352628,close_ema_13_daily_slope_pct,>=,0.8465870248352628,129,65,64,50.3875968992248,27.310924369747898,33.86243386243386
volume_to_volume_ema_144_daily_difference_pct <= -29.81001366791429,volume_to_volume_ema_144_daily_difference_pct,<=,-29.81001366791429,128,64,64,50,26.89075630252101,33.86243386243386
close_to_close_ema_8_daily_difference_pct >= 8.10160628024314,close_to_close_ema_8_daily_difference_pct,>=,8.10160628024314,44,22,22,50,9.243697478991598,11.64021164021164
close_ema_8_daily_slope_pct >= 2.369594718506849,close_ema_8_daily_slope_pct,>=,2.369594718506849,44,22,22,50,9.243697478991598,11.64021164021164
close_to_close_ema_8_daily_difference_pct >= -3.25717547721667,close_to_close_ema_8_daily_difference_pct,>=,-3.25717547721667,214,105,109,49.06542056074766,44.11764705882353,57.67195767195767
close_ema_8_daily_slope_pct >= -0.9220408538953349,close_ema_8_daily_slope_pct,>=,-0.9220408538953349,214,105,109,49.06542056074766,44.11764705882353,57.67195767195767
close_to_close_ema_13_daily_difference_pct >= 0.9378097283289452,close_to_close_ema_13_daily_difference_pct,>=,0.9378097283289452,172,84,88,48.837209302325576,35.294117647058826,46.56084656084656
close_ema_13_daily_slope_pct >= 0.15654630580235446,close_ema_13_daily_slope_pct,>=,0.15654630580235446,172,84,88,48.837209302325576,35.294117647058826,46.56084656084656
close_to_close_ema_8_daily_difference_pct >= 3.8420288715277544,close_to_close_ema_8_daily_difference_pct,>=,3.8420288715277544,129,63,66,48.837209302325576,26.47058823529412,34.92063492063492
close_ema_8_daily_slope_pct >= 1.1099062254735144,close_ema_8_daily_slope_pct,>=,1.1099062254735144,129,63,66,48.837209302325576,26.47058823529412,34.92063492063492
close_to_close_ema_221_daily_difference_pct <= -38.257440459015626,close_to_close_ema_221_daily_difference_pct,<=,-38.257440459015626,43,21,22,48.837209302325576,8.823529411764707,11.64021164021164
volume_to_volume_ema_21_daily_difference_pct <= -64.5426641710278,volume_to_volume_ema_21_daily_difference_pct,<=,-64.5426641710278,43,21,22,48.837209302325576,8.823529411764707,11.64021164021164
close_ema_13_daily_range_5_pct <= 1.567660165460268,close_ema_13_daily_range_5_pct,<=,1.567660165460268,43,21,22,48.837209302325576,8.823529411764707,11.64021164021164
close_ema_221_daily_slope_pct <= -0.3465894926384677,close_ema_221_daily_slope_pct,<=,-0.3465894926384677,43,21,22,48.837209302325576,8.823529411764707,11.64021164021164
high_low_ratio_daily <= 1,high_low_ratio_daily,<=,1,70,34,36,48.57142857142857,14.285714285714285,19.047619047619047
volume_to_volume_ema_55_daily_difference_pct <= -35.67849999042538,volume_to_volume_ema_55_daily_difference_pct,<=,-35.67849999042538,128,62,66,48.4375,26.05042016806723,34.92063492063492
close_to_close_ema_3_daily_difference_pct >= -1.2756290945983872,close_to_close_ema_3_daily_difference_pct,>=,-1.2756290945983872,214,103,111,48.13084112149533,43.27731092436975,58.730158730158735
close_ema_3_daily_slope_pct >= -1.2595617583445096,close_ema_3_daily_slope_pct,>=,-1.2595617583445096,214,103,111,48.13084112149533,43.27731092436975,58.730158730158735
close_to_close_ema_8_daily_difference_pct >= 0.08422533518187833,close_to_close_ema_8_daily_difference_pct,>=,0.08422533518187833,172,82,90,47.674418604651166,34.45378151260504,47.61904761904761
close_ema_8_daily_slope_pct >= 0.024070173818978753,close_ema_8_daily_slope_pct,>=,0.024070173818978753,172,82,90,47.674418604651166,34.45378151260504,47.61904761904761
volume_to_volume_ema_144_daily_difference_pct <= -43.75538215770456,volume_to_volume_ema_144_daily_difference_pct,<=,-43.75538215770456,86,41,45,47.674418604651166,17.22689075630252,23.809523809523807
high_low_ratio_daily <= 1.0195227627867838,high_low_ratio_daily,<=,1.0195227627867838,86,41,45,47.674418604651166,17.22689075630252,23.809523809523807
high_low_ratio_daily <= 1.0357142857142858,high_low_ratio_daily,<=,1.0357142857142858,128,61,67,47.65625,25.630252100840334,35.44973544973545
close_ema_8_daily_range_5_pct <= 4.2039424200534175,close_ema_8_daily_range_5_pct,<=,4.2039424200534175,128,61,67,47.65625,25.630252100840334,35.44973544973545
close_to_close_ema_13_daily_difference_pct >= 7.988320371296701,close_to_close_ema_13_daily_difference_pct,>=,7.988320371296701,87,41,46,47.12643678160919,17.22689075630252,24.33862433862434
close_ema_13_daily_slope_pct >= 1.3493518195970051,close_ema_13_daily_slope_pct,>=,1.3493518195970051,87,41,46,47.12643678160919,17.22689075630252,24.33862433862434
close_ema_8_daily_range_5_pct <= 3.5522310682891045,close_ema_8_daily_range_5_pct,<=,3.5522310682891045,86,40,46,46.51162790697674,16.80672268907563,24.33862433862434
volume_to_volume_ema_144_daily_difference_pct <= -62.38294900609696,volume_to_volume_ema_144_daily_difference_pct,<=,-62.38294900609696,43,20,23,46.51162790697674,8.403361344537815,12.16931216931217
close_ema_3_daily_range_5_pct <= 5.8477626968666065,close_ema_3_daily_range_5_pct,<=,5.8477626968666065,43,20,23,46.51162790697674,8.403361344537815,12.16931216931217
close_ema_144_daily_range_5_pct <= 0.25493100197900664,close_ema_144_daily_range_5_pct,<=,0.25493100197900664,43,20,23,46.51162790697674,8.403361344537815,12.16931216931217
close_to_close_ema_8_daily_difference_pct >= 6.142592931228378,close_to_close_ema_8_daily_difference_pct,>=,6.142592931228378,87,39,48,44.827586206896555,16.386554621848738,25.396825396825395
close_ema_8_daily_slope_pct >= 1.7863779592800457,close_ema_8_daily_slope_pct,>=,1.7863779592800457,87,39,48,44.827586206896555,16.386554621848738,25.396825396825395
close_to_close_ema_3_daily_difference_pct >= -0.3789681993698641,close_to_close_ema_3_daily_difference_pct,>=,-0.3789681993698641,172,76,96,44.18604651162791,31.932773109243694,50.79365079365079
close_ema_3_daily_slope_pct >= -0.3775374524842265,close_ema_3_daily_slope_pct,>=,-0.3775374524842265,172,76,96,44.18604651162791,31.932773109243694,50.79365079365079
close_to_close_ema_3_daily_difference_pct >= 3.9901416615756546,close_to_close_ema_3_daily_difference_pct,>=,3.9901416615756546,44,18,26,40.909090909090914,7.563025210084033,13.756613756613756
close_ema_3_daily_slope_pct >= 4.155970783240652,close_ema_3_daily_slope_pct,>=,4.155970783240652,44,18,26,40.909090909090914,7.563025210084033,13.756613756613756
close_to_close_ema_3_daily_difference_pct >= 1.182642023323341,close_to_close_ema_3_daily_difference_pct,>=,1.182642023323341,129,52,77,40.310077519379846,21.84873949579832,40.74074074074074
close_ema_3_daily_slope_pct >= 1.19679583378709,close_ema_3_daily_slope_pct,>=,1.19679583378709,129,52,77,40.310077519379846,21.84873949579832,40.74074074074074
close_to_close_ema_3_daily_difference_pct >= 2.4289897201673303,close_to_close_ema_3_daily_difference_pct,>=,2.4289897201673303,87,33,54,37.93103448275862,13.865546218487395,28.57142857142857
close_ema_3_daily_slope_pct >= 2.489458409010025,close_ema_3_daily_slope_pct,>=,2.489458409010025,87,33,54,37.93103448275862,13.865546218487395,28.57142857142857
close_ema_8_daily_range_5_pct <= 2.6585554973367147,close_ema_8_daily_range_5_pct,<=,2.6585554973367147,43,16,27,37.2093023255814,6.722689075630252,14.285714285714285