rule_id,parent_rule_id,generation,depth,condition_count,rule_text,matched_count,win_count,loss_count,win_rate_pct,baseline_win_rate_pct,win_rate_lift_pct,match_rate_pct,base_score,broadness_penalty,loss_penalty,average_return_pct,total_return_pct,max_loss_pct,max_gain_pct,strategy_trade_count,strategy_accuracy_pct,strategy_avg_return_per_annum_pct,strategy_avg_return_per_month_pct,strategy_max_loss_pct,dominant_exit_reason,dominant_exit_count,entry_occurrence_count,exit_occurrence_count,base_occurrence_score
LLOYDSENGG_MINED_BASE_G0_C1,,0,2,2,close_to_close_ema_3_daily_difference_pct >= 3.6112616349206315 AND close_ema_21_daily_range_5_pct >= 6.280967301429598,52,39,13,75,16.895715440582055,58.10428455941795,4.203718674211803,376.7668744227241,0,0.65,2.965150541878109,154.18782817766166,-9.254259760270903,9.980229451236628,29,65.51724137931035,28.26026763893769,2.3550223032448074,-9.395963899259856,max_holding_days,27,52,27,79
LLOYDSENGG_MINED_BASE_G0_C2,,0,2,2,close_ema_3_daily_slope_pct >= 3.7465597082957087 AND close_ema_21_daily_range_5_pct >= 6.280967301429598,52,39,13,75,16.895715440582055,58.10428455941795,4.203718674211803,376.7668744227241,0,0.65,2.965150541878109,154.18782817766166,-9.254259760270903,9.980229451236628,29,65.51724137931035,28.26026763893769,2.3550223032448074,-9.395963899259856,max_holding_days,27,52,27,79
LLOYDSENGG_MINED_BASE_G0_C3,,0,3,3,close_ema_3_daily_volatility_5_daily >= 2.1517313552241197 AND close_to_close_ema_3_daily_difference_pct >= 3.6112616349206315 AND close_ema_21_daily_range_5_pct >= 6.280967301429598,52,39,13,75,16.895715440582055,58.10428455941795,4.203718674211803,376.7668744227241,0,0.65,2.965150541878109,154.18782817766166,-9.254259760270903,9.980229451236628,29,65.51724137931035,28.26026763893769,2.3550223032448074,-9.395963899259856,max_holding_days,27,52,27,79
LLOYDSENGG_MINED_BASE_G0_C4,,0,3,3,close_ema_3_daily_volatility_5_daily >= 2.1517313552241197 AND close_ema_3_daily_slope_pct >= 3.7465597082957087 AND close_ema_21_daily_range_5_pct >= 6.280967301429598,52,39,13,75,16.895715440582055,58.10428455941795,4.203718674211803,376.7668744227241,0,0.65,2.965150541878109,154.18782817766166,-9.254259760270903,9.980229451236628,29,65.51724137931035,28.26026763893769,2.3550223032448074,-9.395963899259856,max_holding_days,27,52,27,79
LLOYDSENGG_MINED_BASE_G0_C5,,0,3,3,close_ema_3_daily_slope_pct >= 2.1777186239842106 AND close_to_close_ema_3_daily_difference_pct >= 3.6112616349206315 AND close_ema_21_daily_range_5_pct >= 6.280967301429598,52,39,13,75,16.895715440582055,58.10428455941795,4.203718674211803,376.7668744227241,0,0.65,2.965150541878109,154.18782817766166,-9.254259760270903,9.980229451236628,29,65.51724137931035,28.26026763893769,2.3550223032448074,-9.395963899259856,max_holding_days,27,52,27,79
LLOYDSENGG_MINED_BASE_G0_C6,,0,3,3,close_to_close_ema_3_daily_difference_pct >= 2.1306145320817853 AND close_ema_3_daily_slope_pct >= 3.7465597082957087 AND close_ema_21_daily_range_5_pct >= 6.280967301429598,52,39,13,75,16.895715440582055,58.10428455941795,4.203718674211803,376.7668744227241,0,0.65,2.965150541878109,154.18782817766166,-9.254259760270903,9.980229451236628,29,65.51724137931035,28.26026763893769,2.3550223032448074,-9.395963899259856,max_holding_days,27,52,27,79
LLOYDSENGG_MINED_BASE_G0_C7,,0,3,3,close_ema_3_daily_range_5_pct >= 4.683096254230115 AND close_to_close_ema_3_daily_difference_pct >= 3.6112616349206315 AND close_ema_21_daily_range_5_pct >= 6.280967301429598,52,39,13,75,16.895715440582055,58.10428455941795,4.203718674211803,376.7668744227241,0,0.65,2.965150541878109,154.18782817766166,-9.254259760270903,9.980229451236628,29,65.51724137931035,28.26026763893769,2.3550223032448074,-9.395963899259856,max_holding_days,27,52,27,79
LLOYDSENGG_MINED_BASE_G0_C8,,0,3,3,close_ema_3_daily_range_5_pct >= 4.683096254230115 AND close_ema_3_daily_slope_pct >= 3.7465597082957087 AND close_ema_21_daily_range_5_pct >= 6.280967301429598,52,39,13,75,16.895715440582055,58.10428455941795,4.203718674211803,376.7668744227241,0,0.65,2.965150541878109,154.18782817766166,-9.254259760270903,9.980229451236628,29,65.51724137931035,28.26026763893769,2.3550223032448074,-9.395963899259856,max_holding_days,27,52,27,79
LLOYDSENGG_MINED_BASE_G0_C9,,0,3,3,close_ema_3_daily_volatility_5_daily >= 1.4807591382075385 AND close_to_close_ema_3_daily_difference_pct >= 3.6112616349206315 AND close_ema_21_daily_range_5_pct >= 6.280967301429598,52,39,13,75,16.895715440582055,58.10428455941795,4.203718674211803,376.7668744227241,0,0.65,2.965150541878109,154.18782817766166,-9.254259760270903,9.980229451236628,29,65.51724137931035,28.26026763893769,2.3550223032448074,-9.395963899259856,max_holding_days,27,52,27,79
LLOYDSENGG_MINED_BASE_G0_C10,,0,3,3,close_ema_3_daily_volatility_5_daily >= 1.4807591382075385 AND close_ema_3_daily_slope_pct >= 3.7465597082957087 AND close_ema_21_daily_range_5_pct >= 6.280967301429598,52,39,13,75,16.895715440582055,58.10428455941795,4.203718674211803,376.7668744227241,0,0.65,2.965150541878109,154.18782817766166,-9.254259760270903,9.980229451236628,29,65.51724137931035,28.26026763893769,2.3550223032448074,-9.395963899259856,max_holding_days,27,52,27,79
LLOYDSENGG_MINED_BASE_G0_C11,,0,3,3,close_to_close_ema_3_daily_difference_pct >= 3.6112616349206315 AND close_ema_3_daily_slope_pct >= 3.7465597082957087 AND close_ema_21_daily_range_5_pct >= 6.280967301429598,52,39,13,75,16.895715440582055,58.10428455941795,4.203718674211803,376.7668744227241,0,0.65,2.965150541878109,154.18782817766166,-9.254259760270903,9.980229451236628,29,65.51724137931035,28.26026763893769,2.3550223032448074,-9.395963899259856,max_holding_days,27,52,27,79
LLOYDSENGG_MINED_BASE_G0_C12,,0,3,3,close_to_close_ema_3_daily_difference_pct >= 3.6112616349206315 AND close_ema_8_daily_volatility_5_daily >= 0.8645495401600428 AND close_ema_21_daily_range_5_pct >= 6.280967301429598,52,39,13,75,16.895715440582055,58.10428455941795,4.203718674211803,376.7668744227241,0,0.65,2.965150541878109,154.18782817766166,-9.254259760270903,9.980229451236628,29,65.51724137931035,28.26026763893769,2.3550223032448074,-9.395963899259856,max_holding_days,27,52,27,79
LLOYDSENGG_MINED_BASE_G0_C13,,0,3,3,close_to_close_ema_3_daily_difference_pct >= 3.6112616349206315 AND close_ema_3_daily_volatility_5_daily >= 1.8141316287340417 AND close_ema_21_daily_range_5_pct >= 6.280967301429598,52,39,13,75,16.895715440582055,58.10428455941795,4.203718674211803,376.7668744227241,0,0.65,2.965150541878109,154.18782817766166,-9.254259760270903,9.980229451236628,29,65.51724137931035,28.26026763893769,2.3550223032448074,-9.395963899259856,max_holding_days,27,52,27,79
LLOYDSENGG_MINED_BASE_G0_C14,,0,3,3,close_to_close_ema_3_daily_difference_pct >= 3.6112616349206315 AND close_ema_8_daily_range_5_pct >= 3.117710901412895 AND close_ema_21_daily_range_5_pct >= 6.280967301429598,52,39,13,75,16.895715440582055,58.10428455941795,4.203718674211803,376.7668744227241,0,0.65,2.965150541878109,154.18782817766166,-9.254259760270903,9.980229451236628,29,65.51724137931035,28.26026763893769,2.3550223032448074,-9.395963899259856,max_holding_days,27,52,27,79
LLOYDSENGG_MINED_BASE_G0_C15,,0,3,3,close_to_close_ema_3_daily_difference_pct >= 3.6112616349206315 AND close_ema_3_daily_range_5_pct >= 5.878821482298 AND close_ema_21_daily_range_5_pct >= 6.280967301429598,52,39,13,75,16.895715440582055,58.10428455941795,4.203718674211803,376.7668744227241,0,0.65,2.965150541878109,154.18782817766166,-9.254259760270903,9.980229451236628,29,65.51724137931035,28.26026763893769,2.3550223032448074,-9.395963899259856,max_holding_days,27,52,27,79
LLOYDSENGG_MINED_BASE_G0_C16,,0,3,3,close_to_close_ema_3_daily_difference_pct >= 3.6112616349206315 AND close_ema_21_daily_range_5_pct >= 6.280967301429598 AND close_ema_21_daily_volatility_5_daily >= 0.5048951676587204,52,39,13,75,16.895715440582055,58.10428455941795,4.203718674211803,376.7668744227241,0,0.65,2.965150541878109,154.18782817766166,-9.254259760270903,9.980229451236628,29,65.51724137931035,28.26026763893769,2.3550223032448074,-9.395963899259856,max_holding_days,27,52,27,79
LLOYDSENGG_MINED_BASE_G0_C17,,0,3,3,close_to_close_ema_3_daily_difference_pct >= 3.6112616349206315 AND close_ema_21_daily_range_5_pct >= 6.280967301429598 AND close_ema_8_daily_volatility_5_daily >= 1.0367159490053137,52,39,13,75,16.895715440582055,58.10428455941795,4.203718674211803,376.7668744227241,0,0.65,2.965150541878109,154.18782817766166,-9.254259760270903,9.980229451236628,29,65.51724137931035,28.26026763893769,2.3550223032448074,-9.395963899259856,max_holding_days,27,52,27,79
LLOYDSENGG_MINED_BASE_G0_C18,,0,3,3,close_to_close_ema_3_daily_difference_pct >= 3.6112616349206315 AND close_ema_21_daily_range_5_pct >= 6.280967301429598 AND close_ema_3_daily_range_5_pct >= 7.091176553732353,52,39,13,75,16.895715440582055,58.10428455941795,4.203718674211803,376.7668744227241,0,0.65,2.965150541878109,154.18782817766166,-9.254259760270903,9.980229451236628,29,65.51724137931035,28.26026763893769,2.3550223032448074,-9.395963899259856,max_holding_days,27,52,27,79
LLOYDSENGG_MINED_BASE_G0_C19,,0,3,3,close_to_close_ema_3_daily_difference_pct >= 3.6112616349206315 AND close_ema_21_daily_range_5_pct >= 6.280967301429598 AND close_ema_3_daily_slope_pct >= 1.1401997467767693,52,39,13,75,16.895715440582055,58.10428455941795,4.203718674211803,376.7668744227241,0,0.65,2.965150541878109,154.18782817766166,-9.254259760270903,9.980229451236628,29,65.51724137931035,28.26026763893769,2.3550223032448074,-9.395963899259856,max_holding_days,27,52,27,79
LLOYDSENGG_MINED_BASE_G0_C20,,0,3,3,close_to_close_ema_3_daily_difference_pct >= 3.6112616349206315 AND close_ema_21_daily_range_5_pct >= 6.280967301429598 AND close_ema_8_daily_volatility_5_daily >= 1.2672772609808338,52,39,13,75,16.895715440582055,58.10428455941795,4.203718674211803,376.7668744227241,0,0.65,2.965150541878109,154.18782817766166,-9.254259760270903,9.980229451236628,29,65.51724137931035,28.26026763893769,2.3550223032448074,-9.395963899259856,max_holding_days,27,52,27,79
LLOYDSENGG_MINED_BASE_G0_C21,,0,3,3,close_to_close_ema_3_daily_difference_pct >= 3.6112616349206315 AND close_ema_21_daily_range_5_pct >= 6.280967301429598 AND close_ema_13_daily_volatility_5_daily >= 0.6665343015434868,52,39,13,75,16.895715440582055,58.10428455941795,4.203718674211803,376.7668744227241,0,0.65,2.965150541878109,154.18782817766166,-9.254259760270903,9.980229451236628,29,65.51724137931035,28.26026763893769,2.3550223032448074,-9.395963899259856,max_holding_days,27,52,27,79
LLOYDSENGG_MINED_BASE_G0_C22,,0,3,3,close_to_close_ema_3_daily_difference_pct >= 3.6112616349206315 AND close_ema_21_daily_range_5_pct >= 6.280967301429598 AND close_ema_3_daily_slope_pct >= 0.3776715879064552,52,39,13,75,16.895715440582055,58.10428455941795,4.203718674211803,376.7668744227241,0,0.65,2.965150541878109,154.18782817766166,-9.254259760270903,9.980229451236628,29,65.51724137931035,28.26026763893769,2.3550223032448074,-9.395963899259856,max_holding_days,27,52,27,79
LLOYDSENGG_MINED_BASE_G0_C23,,0,3,3,close_to_close_ema_3_daily_difference_pct >= 3.6112616349206315 AND close_ema_21_daily_range_5_pct >= 6.280967301429598 AND close_ema_13_daily_volatility_5_daily >= 0.8014195041727374,52,39,13,75,16.895715440582055,58.10428455941795,4.203718674211803,376.7668744227241,0,0.65,2.965150541878109,154.18782817766166,-9.254259760270903,9.980229451236628,29,65.51724137931035,28.26026763893769,2.3550223032448074,-9.395963899259856,max_holding_days,27,52,27,79
LLOYDSENGG_MINED_BASE_G0_C24,,0,3,3,close_ema_3_daily_slope_pct >= 3.7465597082957087 AND close_ema_8_daily_volatility_5_daily >= 0.8645495401600428 AND close_ema_21_daily_range_5_pct >= 6.280967301429598,52,39,13,75,16.895715440582055,58.10428455941795,4.203718674211803,376.7668744227241,0,0.65,2.965150541878109,154.18782817766166,-9.254259760270903,9.980229451236628,29,65.51724137931035,28.26026763893769,2.3550223032448074,-9.395963899259856,max_holding_days,27,52,27,79
LLOYDSENGG_MINED_BASE_G0_C25,,0,3,3,close_ema_3_daily_slope_pct >= 3.7465597082957087 AND close_ema_3_daily_volatility_5_daily >= 1.8141316287340417 AND close_ema_21_daily_range_5_pct >= 6.280967301429598,52,39,13,75,16.895715440582055,58.10428455941795,4.203718674211803,376.7668744227241,0,0.65,2.965150541878109,154.18782817766166,-9.254259760270903,9.980229451236628,29,65.51724137931035,28.26026763893769,2.3550223032448074,-9.395963899259856,max_holding_days,27,52,27,79
LLOYDSENGG_MINED_BASE_G0_C26,,0,3,3,close_ema_3_daily_slope_pct >= 3.7465597082957087 AND close_ema_8_daily_range_5_pct >= 3.117710901412895 AND close_ema_21_daily_range_5_pct >= 6.280967301429598,52,39,13,75,16.895715440582055,58.10428455941795,4.203718674211803,376.7668744227241,0,0.65,2.965150541878109,154.18782817766166,-9.254259760270903,9.980229451236628,29,65.51724137931035,28.26026763893769,2.3550223032448074,-9.395963899259856,max_holding_days,27,52,27,79
LLOYDSENGG_MINED_BASE_G0_C27,,0,3,3,close_ema_3_daily_slope_pct >= 3.7465597082957087 AND close_ema_3_daily_range_5_pct >= 5.878821482298 AND close_ema_21_daily_range_5_pct >= 6.280967301429598,52,39,13,75,16.895715440582055,58.10428455941795,4.203718674211803,376.7668744227241,0,0.65,2.965150541878109,154.18782817766166,-9.254259760270903,9.980229451236628,29,65.51724137931035,28.26026763893769,2.3550223032448074,-9.395963899259856,max_holding_days,27,52,27,79
LLOYDSENGG_MINED_BASE_G0_C28,,0,3,3,close_ema_3_daily_slope_pct >= 3.7465597082957087 AND close_ema_21_daily_range_5_pct >= 6.280967301429598 AND close_ema_21_daily_volatility_5_daily >= 0.5048951676587204,52,39,13,75,16.895715440582055,58.10428455941795,4.203718674211803,376.7668744227241,0,0.65,2.965150541878109,154.18782817766166,-9.254259760270903,9.980229451236628,29,65.51724137931035,28.26026763893769,2.3550223032448074,-9.395963899259856,max_holding_days,27,52,27,79
LLOYDSENGG_MINED_BASE_G0_C29,,0,3,3,close_ema_3_daily_slope_pct >= 3.7465597082957087 AND close_ema_21_daily_range_5_pct >= 6.280967301429598 AND close_ema_8_daily_volatility_5_daily >= 1.0367159490053137,52,39,13,75,16.895715440582055,58.10428455941795,4.203718674211803,376.7668744227241,0,0.65,2.965150541878109,154.18782817766166,-9.254259760270903,9.980229451236628,29,65.51724137931035,28.26026763893769,2.3550223032448074,-9.395963899259856,max_holding_days,27,52,27,79
LLOYDSENGG_MINED_BASE_G0_C30,,0,3,3,close_ema_3_daily_slope_pct >= 3.7465597082957087 AND close_ema_21_daily_range_5_pct >= 6.280967301429598 AND close_ema_3_daily_range_5_pct >= 7.091176553732353,52,39,13,75,16.895715440582055,58.10428455941795,4.203718674211803,376.7668744227241,0,0.65,2.965150541878109,154.18782817766166,-9.254259760270903,9.980229451236628,29,65.51724137931035,28.26026763893769,2.3550223032448074,-9.395963899259856,max_holding_days,27,52,27,79
LLOYDSENGG_MINED_BASE_G0_C31,,0,3,3,close_ema_3_daily_slope_pct >= 3.7465597082957087 AND close_ema_21_daily_range_5_pct >= 6.280967301429598 AND close_to_close_ema_3_daily_difference_pct >= 1.127345753351754,52,39,13,75,16.895715440582055,58.10428455941795,4.203718674211803,376.7668744227241,0,0.65,2.965150541878109,154.18782817766166,-9.254259760270903,9.980229451236628,,,,,,,,,,
LLOYDSENGG_MINED_BASE_G0_C32,,0,3,3,close_ema_3_daily_slope_pct >= 3.7465597082957087 AND close_ema_21_daily_range_5_pct >= 6.280967301429598 AND close_ema_8_daily_volatility_5_daily >= 1.2672772609808338,52,39,13,75,16.895715440582055,58.10428455941795,4.203718674211803,376.7668744227241,0,0.65,2.965150541878109,154.18782817766166,-9.254259760270903,9.980229451236628,,,,,,,,,,
LLOYDSENGG_MINED_BASE_G0_C33,,0,3,3,close_ema_3_daily_slope_pct >= 3.7465597082957087 AND close_ema_21_daily_range_5_pct >= 6.280967301429598 AND close_ema_13_daily_volatility_5_daily >= 0.6665343015434868,52,39,13,75,16.895715440582055,58.10428455941795,4.203718674211803,376.7668744227241,0,0.65,2.965150541878109,154.18782817766166,-9.254259760270903,9.980229451236628,,,,,,,,,,
LLOYDSENGG_MINED_BASE_G0_C34,,0,3,3,close_ema_3_daily_slope_pct >= 3.7465597082957087 AND close_ema_21_daily_range_5_pct >= 6.280967301429598 AND close_to_close_ema_3_daily_difference_pct >= 0.37388545459352607,52,39,13,75,16.895715440582055,58.10428455941795,4.203718674211803,376.7668744227241,0,0.65,2.965150541878109,154.18782817766166,-9.254259760270903,9.980229451236628,,,,,,,,,,
LLOYDSENGG_MINED_BASE_G0_C35,,0,3,3,close_ema_3_daily_slope_pct >= 3.7465597082957087 AND close_ema_21_daily_range_5_pct >= 6.280967301429598 AND close_ema_13_daily_volatility_5_daily >= 0.8014195041727374,52,39,13,75,16.895715440582055,58.10428455941795,4.203718674211803,376.7668744227241,0,0.65,2.965150541878109,154.18782817766166,-9.254259760270903,9.980229451236628,,,,,,,,,,
LLOYDSENGG_MINED_BASE_G0_C36,,0,3,3,close_to_close_ema_3_daily_difference_pct >= 3.6112616349206315 AND close_ema_3_daily_volatility_5_daily >= 2.551529495595912 AND close_ema_21_daily_range_5_pct >= 6.280967301429598,51,38,13,74.50980392156863,16.895715440582055,57.61408848098658,4.12287793047696,372.20659998831957,0,0.65,2.9287191944621997,149.36467891757218,-9.254259760270903,9.980229451236628,,,,,,,,,,
LLOYDSENGG_MINED_BASE_G0_C37,,0,3,3,close_ema_3_daily_slope_pct >= 3.7465597082957087 AND close_ema_3_daily_volatility_5_daily >= 2.551529495595912 AND close_ema_21_daily_range_5_pct >= 6.280967301429598,51,38,13,74.50980392156863,16.895715440582055,57.61408848098658,4.12287793047696,372.20659998831957,0,0.65,2.9287191944621997,149.36467891757218,-9.254259760270903,9.980229451236628,,,,,,,,,,
LLOYDSENGG_MINED_BASE_G0_C38,,0,2,2,close_ema_3_daily_slope_pct >= 2.1777186239842106 AND close_ema_21_daily_range_5_pct >= 6.280967301429598,68,48,20,70.58823529411765,16.895715440582055,53.6925198535356,5.497170573969281,371.74044916983433,0,1,2.759283300718781,187.6312644488771,-9.254259760270903,9.980229451236628,,,,,,,,,,
LLOYDSENGG_MINED_BASE_G0_C39,,0,2,2,close_to_close_ema_3_daily_difference_pct >= 2.1306145320817853 AND close_ema_21_daily_range_5_pct >= 6.280967301429598,68,48,20,70.58823529411765,16.895715440582055,53.6925198535356,5.497170573969281,371.74044916983433,0,1,2.759283300718781,187.6312644488771,-9.254259760270903,9.980229451236628,,,,,,,,,,
LLOYDSENGG_MINED_BASE_G0_C40,,0,3,3,close_ema_3_daily_volatility_5_daily >= 2.1517313552241197 AND close_ema_3_daily_slope_pct >= 2.1777186239842106 AND close_ema_21_daily_range_5_pct >= 6.280967301429598,68,48,20,70.58823529411765,16.895715440582055,53.6925198535356,5.497170573969281,371.74044916983433,0,1,2.759283300718781,187.6312644488771,-9.254259760270903,9.980229451236628,,,,,,,,,,
LLOYDSENGG_MINED_BASE_G0_C41,,0,3,3,close_ema_3_daily_volatility_5_daily >= 2.1517313552241197 AND close_to_close_ema_3_daily_difference_pct >= 2.1306145320817853 AND close_ema_21_daily_range_5_pct >= 6.280967301429598,68,48,20,70.58823529411765,16.895715440582055,53.6925198535356,5.497170573969281,371.74044916983433,0,1,2.759283300718781,187.6312644488771,-9.254259760270903,9.980229451236628,,,,,,,,,,
LLOYDSENGG_MINED_BASE_G0_C42,,0,3,3,close_ema_3_daily_slope_pct >= 2.1777186239842106 AND close_to_close_ema_3_daily_difference_pct >= 2.1306145320817853 AND close_ema_21_daily_range_5_pct >= 6.280967301429598,68,48,20,70.58823529411765,16.895715440582055,53.6925198535356,5.497170573969281,371.74044916983433,0,1,2.759283300718781,187.6312644488771,-9.254259760270903,9.980229451236628,,,,,,,,,,
LLOYDSENGG_MINED_BASE_G0_C43,,0,3,3,close_ema_3_daily_slope_pct >= 2.1777186239842106 AND close_ema_3_daily_volatility_5_daily >= 1.4807591382075385 AND close_ema_21_daily_range_5_pct >= 6.280967301429598,68,48,20,70.58823529411765,16.895715440582055,53.6925198535356,5.497170573969281,371.74044916983433,0,1,2.759283300718781,187.6312644488771,-9.254259760270903,9.980229451236628,,,,,,,,,,
LLOYDSENGG_MINED_BASE_G0_C44,,0,3,3,close_ema_3_daily_slope_pct >= 2.1777186239842106 AND close_ema_8_daily_volatility_5_daily >= 0.8645495401600428 AND close_ema_21_daily_range_5_pct >= 6.280967301429598,68,48,20,70.58823529411765,16.895715440582055,53.6925198535356,5.497170573969281,371.74044916983433,0,1,2.759283300718781,187.6312644488771,-9.254259760270903,9.980229451236628,,,,,,,,,,
LLOYDSENGG_MINED_BASE_G0_C45,,0,3,3,close_ema_3_daily_slope_pct >= 2.1777186239842106 AND close_ema_3_daily_volatility_5_daily >= 1.8141316287340417 AND close_ema_21_daily_range_5_pct >= 6.280967301429598,68,48,20,70.58823529411765,16.895715440582055,53.6925198535356,5.497170573969281,371.74044916983433,0,1,2.759283300718781,187.6312644488771,-9.254259760270903,9.980229451236628,,,,,,,,,,
LLOYDSENGG_MINED_BASE_G0_C46,,0,3,3,close_ema_3_daily_slope_pct >= 2.1777186239842106 AND close_ema_8_daily_range_5_pct >= 3.117710901412895 AND close_ema_21_daily_range_5_pct >= 6.280967301429598,68,48,20,70.58823529411765,16.895715440582055,53.6925198535356,5.497170573969281,371.74044916983433,0,1,2.759283300718781,187.6312644488771,-9.254259760270903,9.980229451236628,,,,,,,,,,
LLOYDSENGG_MINED_BASE_G0_C47,,0,3,3,close_ema_3_daily_slope_pct >= 2.1777186239842106 AND close_ema_21_daily_range_5_pct >= 6.280967301429598 AND close_ema_21_daily_volatility_5_daily >= 0.5048951676587204,68,48,20,70.58823529411765,16.895715440582055,53.6925198535356,5.497170573969281,371.74044916983433,0,1,2.759283300718781,187.6312644488771,-9.254259760270903,9.980229451236628,,,,,,,,,,
LLOYDSENGG_MINED_BASE_G0_C48,,0,3,3,close_ema_3_daily_slope_pct >= 2.1777186239842106 AND close_ema_21_daily_range_5_pct >= 6.280967301429598 AND close_ema_8_daily_volatility_5_daily >= 1.0367159490053137,68,48,20,70.58823529411765,16.895715440582055,53.6925198535356,5.497170573969281,371.74044916983433,0,1,2.759283300718781,187.6312644488771,-9.254259760270903,9.980229451236628,,,,,,,,,,
LLOYDSENGG_MINED_BASE_G0_C49,,0,3,3,close_ema_3_daily_slope_pct >= 2.1777186239842106 AND close_ema_21_daily_range_5_pct >= 6.280967301429598 AND close_to_close_ema_3_daily_difference_pct >= 1.127345753351754,68,48,20,70.58823529411765,16.895715440582055,53.6925198535356,5.497170573969281,371.74044916983433,0,1,2.759283300718781,187.6312644488771,-9.254259760270903,9.980229451236628,,,,,,,,,,
LLOYDSENGG_MINED_BASE_G0_C50,,0,3,3,close_ema_3_daily_slope_pct >= 2.1777186239842106 AND close_ema_21_daily_range_5_pct >= 6.280967301429598 AND close_ema_13_daily_volatility_5_daily >= 0.6665343015434868,68,48,20,70.58823529411765,16.895715440582055,53.6925198535356,5.497170573969281,371.74044916983433,0,1,2.759283300718781,187.6312644488771,-9.254259760270903,9.980229451236628,,,,,,,,,,
LLOYDSENGG_MINED_BASE_G0_C51,,0,3,3,close_ema_3_daily_slope_pct >= 2.1777186239842106 AND close_ema_21_daily_range_5_pct >= 6.280967301429598 AND close_to_close_ema_3_daily_difference_pct >= 0.37388545459352607,68,48,20,70.58823529411765,16.895715440582055,53.6925198535356,5.497170573969281,371.74044916983433,0,1,2.759283300718781,187.6312644488771,-9.254259760270903,9.980229451236628,,,,,,,,,,
LLOYDSENGG_MINED_BASE_G0_C52,,0,3,3,close_ema_3_daily_slope_pct >= 2.1777186239842106 AND close_ema_21_daily_range_5_pct >= 6.280967301429598 AND close_ema_13_daily_volatility_5_daily >= 0.8014195041727374,68,48,20,70.58823529411765,16.895715440582055,53.6925198535356,5.497170573969281,371.74044916983433,0,1,2.759283300718781,187.6312644488771,-9.254259760270903,9.980229451236628,,,,,,,,,,
LLOYDSENGG_MINED_BASE_G0_C53,,0,3,3,close_to_close_ema_3_daily_difference_pct >= 2.1306145320817853 AND close_ema_3_daily_volatility_5_daily >= 1.4807591382075385 AND close_ema_21_daily_range_5_pct >= 6.280967301429598,68,48,20,70.58823529411765,16.895715440582055,53.6925198535356,5.497170573969281,371.74044916983433,0,1,2.759283300718781,187.6312644488771,-9.254259760270903,9.980229451236628,,,,,,,,,,
LLOYDSENGG_MINED_BASE_G0_C54,,0,3,3,close_to_close_ema_3_daily_difference_pct >= 2.1306145320817853 AND close_ema_8_daily_volatility_5_daily >= 0.8645495401600428 AND close_ema_21_daily_range_5_pct >= 6.280967301429598,68,48,20,70.58823529411765,16.895715440582055,53.6925198535356,5.497170573969281,371.74044916983433,0,1,2.759283300718781,187.6312644488771,-9.254259760270903,9.980229451236628,,,,,,,,,,
LLOYDSENGG_MINED_BASE_G0_C55,,0,3,3,close_to_close_ema_3_daily_difference_pct >= 2.1306145320817853 AND close_ema_3_daily_volatility_5_daily >= 1.8141316287340417 AND close_ema_21_daily_range_5_pct >= 6.280967301429598,68,48,20,70.58823529411765,16.895715440582055,53.6925198535356,5.497170573969281,371.74044916983433,0,1,2.759283300718781,187.6312644488771,-9.254259760270903,9.980229451236628,,,,,,,,,,
LLOYDSENGG_MINED_BASE_G0_C56,,0,3,3,close_to_close_ema_3_daily_difference_pct >= 2.1306145320817853 AND close_ema_8_daily_range_5_pct >= 3.117710901412895 AND close_ema_21_daily_range_5_pct >= 6.280967301429598,68,48,20,70.58823529411765,16.895715440582055,53.6925198535356,5.497170573969281,371.74044916983433,0,1,2.759283300718781,187.6312644488771,-9.254259760270903,9.980229451236628,,,,,,,,,,
LLOYDSENGG_MINED_BASE_G0_C57,,0,3,3,close_to_close_ema_3_daily_difference_pct >= 2.1306145320817853 AND close_ema_21_daily_range_5_pct >= 6.280967301429598 AND close_ema_21_daily_volatility_5_daily >= 0.5048951676587204,68,48,20,70.58823529411765,16.895715440582055,53.6925198535356,5.497170573969281,371.74044916983433,0,1,2.759283300718781,187.6312644488771,-9.254259760270903,9.980229451236628,,,,,,,,,,
LLOYDSENGG_MINED_BASE_G0_C58,,0,3,3,close_to_close_ema_3_daily_difference_pct >= 2.1306145320817853 AND close_ema_21_daily_range_5_pct >= 6.280967301429598 AND close_ema_8_daily_volatility_5_daily >= 1.0367159490053137,68,48,20,70.58823529411765,16.895715440582055,53.6925198535356,5.497170573969281,371.74044916983433,0,1,2.759283300718781,187.6312644488771,-9.254259760270903,9.980229451236628,,,,,,,,,,
LLOYDSENGG_MINED_BASE_G0_C59,,0,3,3,close_to_close_ema_3_daily_difference_pct >= 2.1306145320817853 AND close_ema_21_daily_range_5_pct >= 6.280967301429598 AND close_ema_3_daily_slope_pct >= 1.1401997467767693,68,48,20,70.58823529411765,16.895715440582055,53.6925198535356,5.497170573969281,371.74044916983433,0,1,2.759283300718781,187.6312644488771,-9.254259760270903,9.980229451236628,,,,,,,,,,
LLOYDSENGG_MINED_BASE_G0_C60,,0,3,3,close_to_close_ema_3_daily_difference_pct >= 2.1306145320817853 AND close_ema_21_daily_range_5_pct >= 6.280967301429598 AND close_ema_13_daily_volatility_5_daily >= 0.6665343015434868,68,48,20,70.58823529411765,16.895715440582055,53.6925198535356,5.497170573969281,371.74044916983433,0,1,2.759283300718781,187.6312644488771,-9.254259760270903,9.980229451236628,,,,,,,,,,
LLOYDSENGG_MINED_BASE_G0_C61,,0,3,3,close_to_close_ema_3_daily_difference_pct >= 2.1306145320817853 AND close_ema_21_daily_range_5_pct >= 6.280967301429598 AND close_ema_3_daily_slope_pct >= 0.3776715879064552,68,48,20,70.58823529411765,16.895715440582055,53.6925198535356,5.497170573969281,371.74044916983433,0,1,2.759283300718781,187.6312644488771,-9.254259760270903,9.980229451236628,,,,,,,,,,
LLOYDSENGG_MINED_BASE_G0_C62,,0,3,3,close_to_close_ema_3_daily_difference_pct >= 2.1306145320817853 AND close_ema_21_daily_range_5_pct >= 6.280967301429598 AND close_ema_13_daily_volatility_5_daily >= 0.8014195041727374,68,48,20,70.58823529411765,16.895715440582055,53.6925198535356,5.497170573969281,371.74044916983433,0,1,2.759283300718781,187.6312644488771,-9.254259760270903,9.980229451236628,,,,,,,,,,
LLOYDSENGG_MINED_BASE_G0_C63,,0,3,3,close_ema_3_daily_slope_pct >= 2.1777186239842106 AND close_ema_21_daily_range_5_pct >= 6.280967301429598 AND close_ema_8_daily_volatility_5_daily >= 1.2672772609808338,67,47,20,70.1492537313433,16.895715440582055,53.25353829076124,5.416329830234439,367.46709386902927,0,1,2.7331341384076944,183.11998727331553,-9.254259760270903,9.980229451236628,,,,,,,,,,
LLOYDSENGG_MINED_BASE_G0_C64,,0,3,3,close_to_close_ema_3_daily_difference_pct >= 2.1306145320817853 AND close_ema_21_daily_range_5_pct >= 6.280967301429598 AND close_ema_8_daily_volatility_5_daily >= 1.2672772609808338,67,47,20,70.1492537313433,16.895715440582055,53.25353829076124,5.416329830234439,367.46709386902927,0,1,2.7331341384076944,183.11998727331553,-9.254259760270903,9.980229451236628,,,,,,,,,,
LLOYDSENGG_MINED_BASE_G0_C65,,0,3,3,close_ema_3_daily_slope_pct >= 2.1777186239842106 AND close_ema_3_daily_range_5_pct >= 4.683096254230115 AND close_ema_21_daily_range_5_pct >= 6.280967301429598,66,46,20,69.6969696969697,16.895715440582055,52.80125425638765,5.335489086499596,363.1019354030182,0,1,2.698554707026649,178.10461066375882,-9.254259760270903,9.980229451236628,,,,,,,,,,
LLOYDSENGG_MINED_BASE_G0_C66,,0,3,3,close_ema_3_daily_slope_pct >= 2.1777186239842106 AND close_ema_3_daily_range_5_pct >= 5.878821482298 AND close_ema_21_daily_range_5_pct >= 6.280967301429598,66,46,20,69.6969696969697,16.895715440582055,52.80125425638765,5.335489086499596,363.1019354030182,0,1,2.698554707026649,178.10461066375882,-9.254259760270903,9.980229451236628,,,,,,,,,,
LLOYDSENGG_MINED_BASE_G0_C67,,0,3,3,close_to_close_ema_3_daily_difference_pct >= 2.1306145320817853 AND close_ema_3_daily_range_5_pct >= 4.683096254230115 AND close_ema_21_daily_range_5_pct >= 6.280967301429598,66,46,20,69.6969696969697,16.895715440582055,52.80125425638765,5.335489086499596,363.1019354030182,0,1,2.698554707026649,178.10461066375882,-9.254259760270903,9.980229451236628,,,,,,,,,,
LLOYDSENGG_MINED_BASE_G0_C68,,0,3,3,close_to_close_ema_3_daily_difference_pct >= 2.1306145320817853 AND close_ema_3_daily_range_5_pct >= 5.878821482298 AND close_ema_21_daily_range_5_pct >= 6.280967301429598,66,46,20,69.6969696969697,16.895715440582055,52.80125425638765,5.335489086499596,363.1019354030182,0,1,2.698554707026649,178.10461066375882,-9.254259760270903,9.980229451236628,,,,,,,,,,
LLOYDSENGG_MINED_BASE_G0_C69,,0,3,3,close_ema_3_daily_slope_pct >= 2.1777186239842106 AND close_ema_21_daily_range_5_pct >= 6.280967301429598 AND close_ema_3_daily_range_5_pct >= 7.091176553732353,65,45,20,69.23076923076923,16.895715440582055,52.335053790187175,5.254648342764753,358.68726895808345,0,1,2.6706666690491887,173.59333348819726,-9.254259760270903,9.980229451236628,,,,,,,,,,
LLOYDSENGG_MINED_BASE_G0_C70,,0,3,3,close_to_close_ema_3_daily_difference_pct >= 2.1306145320817853 AND close_ema_21_daily_range_5_pct >= 6.280967301429598 AND close_ema_3_daily_range_5_pct >= 7.091176553732353,65,45,20,69.23076923076923,16.895715440582055,52.335053790187175,5.254648342764753,358.68726895808345,0,1,2.6706666690491887,173.59333348819726,-9.254259760270903,9.980229451236628,,,,,,,,,,
LLOYDSENGG_MINED_BASE_G0_C71,,0,3,3,close_ema_3_daily_slope_pct >= 2.1777186239842106 AND close_ema_3_daily_volatility_5_daily >= 2.551529495595912 AND close_ema_21_daily_range_5_pct >= 6.280967301429598,65,45,20,69.23076923076923,16.895715440582055,52.335053790187175,5.254648342764753,358.6867933266601,0,1,2.670508125241398,173.58302814069089,-9.254259760270903,9.980229451236628,,,,,,,,,,
LLOYDSENGG_MINED_BASE_G0_C72,,0,3,3,close_to_close_ema_3_daily_difference_pct >= 2.1306145320817853 AND close_ema_3_daily_volatility_5_daily >= 2.551529495595912 AND close_ema_21_daily_range_5_pct >= 6.280967301429598,65,45,20,69.23076923076923,16.895715440582055,52.335053790187175,5.254648342764753,358.6867933266601,0,1,2.670508125241398,173.58302814069089,-9.254259760270903,9.980229451236628,,,,,,,,,,
LLOYDSENGG_MINED_BASE_G0_C73,,0,3,3,close_ema_3_daily_volatility_5_daily >= 2.1517313552241197 AND close_ema_21_daily_range_5_pct >= 6.280967301429598 AND close_to_close_ema_3_daily_difference_pct >= 1.127345753351754,72,48,24,66.66666666666666,16.895715440582055,49.770951226084605,5.820533548908649,351.8986191312582,0,1.2000000000000002,2.747954333611732,197.8527120200447,-9.254259760270903,10.000014739437525,,,,,,,,,,
LLOYDSENGG_MINED_BASE_G0_C74,,0,3,3,close_ema_3_daily_volatility_5_daily >= 2.1517313552241197 AND close_ema_21_daily_range_5_pct >= 6.280967301429598 AND close_ema_3_daily_slope_pct >= 1.1401997467767693,72,48,24,66.66666666666666,16.895715440582055,49.770951226084605,5.820533548908649,351.8986191312582,0,1.2000000000000002,2.747954333611732,197.8527120200447,-9.254259760270903,10.000014739437525,,,,,,,,,,
LLOYDSENGG_MINED_BASE_G0_C75,,0,3,3,close_ema_3_daily_volatility_5_daily >= 1.4807591382075385 AND close_ema_21_daily_range_5_pct >= 6.280967301429598 AND close_to_close_ema_3_daily_difference_pct >= 1.127345753351754,72,48,24,66.66666666666666,16.895715440582055,49.770951226084605,5.820533548908649,351.8986191312582,0,1.2000000000000002,2.747954333611732,197.8527120200447,-9.254259760270903,10.000014739437525,,,,,,,,,,
LLOYDSENGG_MINED_BASE_G0_C76,,0,3,3,close_ema_3_daily_volatility_5_daily >= 1.4807591382075385 AND close_ema_21_daily_range_5_pct >= 6.280967301429598 AND close_ema_3_daily_slope_pct >= 1.1401997467767693,72,48,24,66.66666666666666,16.895715440582055,49.770951226084605,5.820533548908649,351.8986191312582,0,1.2000000000000002,2.747954333611732,197.8527120200447,-9.254259760270903,10.000014739437525,,,,,,,,,,
LLOYDSENGG_MINED_BASE_G0_C77,,0,3,3,close_ema_3_daily_volatility_5_daily >= 1.8141316287340417 AND close_ema_21_daily_range_5_pct >= 6.280967301429598 AND close_to_close_ema_3_daily_difference_pct >= 1.127345753351754,72,48,24,66.66666666666666,16.895715440582055,49.770951226084605,5.820533548908649,351.8986191312582,0,1.2000000000000002,2.747954333611732,197.8527120200447,-9.254259760270903,10.000014739437525,,,,,,,,,,
LLOYDSENGG_MINED_BASE_G0_C78,,0,3,3,close_ema_3_daily_volatility_5_daily >= 1.8141316287340417 AND close_ema_21_daily_range_5_pct >= 6.280967301429598 AND close_ema_3_daily_slope_pct >= 1.1401997467767693,72,48,24,66.66666666666666,16.895715440582055,49.770951226084605,5.820533548908649,351.8986191312582,0,1.2000000000000002,2.747954333611732,197.8527120200447,-9.254259760270903,10.000014739437525,,,,,,,,,,
LLOYDSENGG_MINED_BASE_G0_C79,,0,3,3,close_to_close_ema_3_daily_difference_pct >= 3.6112616349206315 AND close_ema_3_daily_volatility_5_daily >= 2.551529495595912 AND close_ema_21_daily_range_5_pct >= 1.8831689286059863,78,51,27,65.38461538461539,16.895715440582055,48.488899944033335,6.305578011317705,350.34546655589264,0,1.35,2.416988945242005,188.5251377288764,-12.931024875082281,9.980229451236628,,,,,,,,,,
LLOYDSENGG_MINED_BASE_G0_C80,,0,3,3,close_ema_3_daily_slope_pct >= 3.7465597082957087 AND close_ema_3_daily_volatility_5_daily >= 2.551529495595912 AND close_ema_21_daily_range_5_pct >= 1.8831689286059863,78,51,27,65.38461538461539,16.895715440582055,48.488899944033335,6.305578011317705,350.34546655589264,0,1.35,2.416988945242005,188.5251377288764,-12.931024875082281,9.980229451236628,,,,,,,,,,
LLOYDSENGG_MINED_BASE_G0_C81,,0,3,3,close_ema_3_daily_volatility_5_daily >= 2.551529495595912 AND close_ema_21_daily_range_5_pct >= 6.280967301429598 AND close_to_close_ema_3_daily_difference_pct >= 1.127345753351754,67,45,22,67.16417910447761,16.895715440582055,50.26846366389556,5.416329830234439,348.25419361376333,0,1.1,2.6706250980951864,178.93188157237748,-9.254259760270903,10.000014739437525,,,,,,,,,,
LLOYDSENGG_MINED_BASE_G0_C82,,0,3,3,close_ema_3_daily_volatility_5_daily >= 2.551529495595912 AND close_ema_21_daily_range_5_pct >= 6.280967301429598 AND close_ema_3_daily_slope_pct >= 1.1401997467767693,67,45,22,67.16417910447761,16.895715440582055,50.26846366389556,5.416329830234439,348.25419361376333,0,1.1,2.6706250980951864,178.93188157237748,-9.254259760270903,10.000014739437525,,,,,,,,,,
LLOYDSENGG_MINED_BASE_G0_C83,,0,2,2,close_ema_21_daily_range_5_pct >= 6.280967301429598 AND close_to_close_ema_3_daily_difference_pct >= 1.127345753351754,73,48,25,65.75342465753424,16.895715440582055,48.85770921695219,5.901374292643492,347.05434006381034,0,1.25,2.671931326349809,195.05098682353605,-9.254259760270903,10.000014739437525,,,,,,,,,,
LLOYDSENGG_MINED_BASE_G0_C84,,0,2,2,close_ema_21_daily_range_5_pct >= 6.280967301429598 AND close_ema_3_daily_slope_pct >= 1.1401997467767693,73,48,25,65.75342465753424,16.895715440582055,48.85770921695219,5.901374292643492,347.05434006381034,0,1.25,2.671931326349809,195.05098682353605,-9.254259760270903,10.000014739437525,,,,,,,,,,
LLOYDSENGG_MINED_BASE_G0_C85,,0,3,3,close_ema_8_daily_volatility_5_daily >= 0.8645495401600428 AND close_ema_21_daily_range_5_pct >= 6.280967301429598 AND close_to_close_ema_3_daily_difference_pct >= 1.127345753351754,73,48,25,65.75342465753424,16.895715440582055,48.85770921695219,5.901374292643492,347.05434006381034,0,1.25,2.671931326349809,195.05098682353605,-9.254259760270903,10.000014739437525,,,,,,,,,,
LLOYDSENGG_MINED_BASE_G0_C86,,0,3,3,close_ema_8_daily_volatility_5_daily >= 0.8645495401600428 AND close_ema_21_daily_range_5_pct >= 6.280967301429598 AND close_ema_3_daily_slope_pct >= 1.1401997467767693,73,48,25,65.75342465753424,16.895715440582055,48.85770921695219,5.901374292643492,347.05434006381034,0,1.25,2.671931326349809,195.05098682353605,-9.254259760270903,10.000014739437525,,,,,,,,,,
LLOYDSENGG_MINED_BASE_G0_C87,,0,3,3,close_ema_8_daily_range_5_pct >= 3.117710901412895 AND close_ema_21_daily_range_5_pct >= 6.280967301429598 AND close_to_close_ema_3_daily_difference_pct >= 1.127345753351754,73,48,25,65.75342465753424,16.895715440582055,48.85770921695219,5.901374292643492,347.05434006381034,0,1.25,2.671931326349809,195.05098682353605,-9.254259760270903,10.000014739437525,,,,,,,,,,
LLOYDSENGG_MINED_BASE_G0_C88,,0,3,3,close_ema_8_daily_range_5_pct >= 3.117710901412895 AND close_ema_21_daily_range_5_pct >= 6.280967301429598 AND close_ema_3_daily_slope_pct >= 1.1401997467767693,73,48,25,65.75342465753424,16.895715440582055,48.85770921695219,5.901374292643492,347.05434006381034,0,1.25,2.671931326349809,195.05098682353605,-9.254259760270903,10.000014739437525,,,,,,,,,,
LLOYDSENGG_MINED_BASE_G0_C89,,0,3,3,close_ema_21_daily_range_5_pct >= 6.280967301429598 AND close_ema_21_daily_volatility_5_daily >= 0.5048951676587204 AND close_to_close_ema_3_daily_difference_pct >= 1.127345753351754,73,48,25,65.75342465753424,16.895715440582055,48.85770921695219,5.901374292643492,347.05434006381034,0,1.25,2.671931326349809,195.05098682353605,-9.254259760270903,10.000014739437525,,,,,,,,,,
LLOYDSENGG_MINED_BASE_G0_C90,,0,3,3,close_ema_21_daily_range_5_pct >= 6.280967301429598 AND close_ema_21_daily_volatility_5_daily >= 0.5048951676587204 AND close_ema_3_daily_slope_pct >= 1.1401997467767693,73,48,25,65.75342465753424,16.895715440582055,48.85770921695219,5.901374292643492,347.05434006381034,0,1.25,2.671931326349809,195.05098682353605,-9.254259760270903,10.000014739437525,,,,,,,,,,
LLOYDSENGG_MINED_BASE_G0_C91,,0,3,3,close_ema_21_daily_range_5_pct >= 6.280967301429598 AND close_ema_8_daily_volatility_5_daily >= 1.0367159490053137 AND close_to_close_ema_3_daily_difference_pct >= 1.127345753351754,73,48,25,65.75342465753424,16.895715440582055,48.85770921695219,5.901374292643492,347.05434006381034,0,1.25,2.671931326349809,195.05098682353605,-9.254259760270903,10.000014739437525,,,,,,,,,,
LLOYDSENGG_MINED_BASE_G0_C92,,0,3,3,close_ema_21_daily_range_5_pct >= 6.280967301429598 AND close_ema_8_daily_volatility_5_daily >= 1.0367159490053137 AND close_ema_3_daily_slope_pct >= 1.1401997467767693,73,48,25,65.75342465753424,16.895715440582055,48.85770921695219,5.901374292643492,347.05434006381034,0,1.25,2.671931326349809,195.05098682353605,-9.254259760270903,10.000014739437525,,,,,,,,,,
LLOYDSENGG_MINED_BASE_G0_C93,,0,3,3,close_ema_21_daily_range_5_pct >= 6.280967301429598 AND close_to_close_ema_3_daily_difference_pct >= 1.127345753351754 AND close_ema_3_daily_slope_pct >= 1.1401997467767693,73,48,25,65.75342465753424,16.895715440582055,48.85770921695219,5.901374292643492,347.05434006381034,0,1.25,2.671931326349809,195.05098682353605,-9.254259760270903,10.000014739437525,,,,,,,,,,
LLOYDSENGG_MINED_BASE_G0_C94,,0,3,3,close_ema_21_daily_range_5_pct >= 6.280967301429598 AND close_to_close_ema_3_daily_difference_pct >= 1.127345753351754 AND close_ema_13_daily_volatility_5_daily >= 0.6665343015434868,73,48,25,65.75342465753424,16.895715440582055,48.85770921695219,5.901374292643492,347.05434006381034,0,1.25,2.671931326349809,195.05098682353605,-9.254259760270903,10.000014739437525,,,,,,,,,,
LLOYDSENGG_MINED_BASE_G0_C95,,0,3,3,close_ema_21_daily_range_5_pct >= 6.280967301429598 AND close_to_close_ema_3_daily_difference_pct >= 1.127345753351754 AND close_ema_3_daily_slope_pct >= 0.3776715879064552,73,48,25,65.75342465753424,16.895715440582055,48.85770921695219,5.901374292643492,347.05434006381034,0,1.25,2.671931326349809,195.05098682353605,-9.254259760270903,10.000014739437525,,,,,,,,,,
LLOYDSENGG_MINED_BASE_G0_C96,,0,3,3,close_ema_21_daily_range_5_pct >= 6.280967301429598 AND close_to_close_ema_3_daily_difference_pct >= 1.127345753351754 AND close_ema_13_daily_volatility_5_daily >= 0.8014195041727374,73,48,25,65.75342465753424,16.895715440582055,48.85770921695219,5.901374292643492,347.05434006381034,0,1.25,2.671931326349809,195.05098682353605,-9.254259760270903,10.000014739437525,,,,,,,,,,
LLOYDSENGG_MINED_BASE_G0_C97,,0,3,3,close_ema_21_daily_range_5_pct >= 6.280967301429598 AND close_ema_3_daily_slope_pct >= 1.1401997467767693 AND close_ema_13_daily_volatility_5_daily >= 0.6665343015434868,73,48,25,65.75342465753424,16.895715440582055,48.85770921695219,5.901374292643492,347.05434006381034,0,1.25,2.671931326349809,195.05098682353605,-9.254259760270903,10.000014739437525,,,,,,,,,,
LLOYDSENGG_MINED_BASE_G0_C98,,0,3,3,close_ema_21_daily_range_5_pct >= 6.280967301429598 AND close_ema_3_daily_slope_pct >= 1.1401997467767693 AND close_to_close_ema_3_daily_difference_pct >= 0.37388545459352607,73,48,25,65.75342465753424,16.895715440582055,48.85770921695219,5.901374292643492,347.05434006381034,0,1.25,2.671931326349809,195.05098682353605,-9.254259760270903,10.000014739437525,,,,,,,,,,
LLOYDSENGG_MINED_BASE_G0_C99,,0,3,3,close_ema_21_daily_range_5_pct >= 6.280967301429598 AND close_ema_3_daily_slope_pct >= 1.1401997467767693 AND close_ema_13_daily_volatility_5_daily >= 0.8014195041727374,73,48,25,65.75342465753424,16.895715440582055,48.85770921695219,5.901374292643492,347.05434006381034,0,1.25,2.671931326349809,195.05098682353605,-9.254259760270903,10.000014739437525,,,,,,,,,,
LLOYDSENGG_MINED_BASE_G0_C100,,0,3,3,close_to_close_ema_3_daily_difference_pct >= 3.6112616349206315 AND close_ema_3_daily_volatility_5_daily >= 2.551529495595912 AND close_ema_13_daily_volatility_5_daily >= 0.8014195041727374,85,54,31,63.52941176470588,16.895715440582055,46.63369632412382,6.8714632174616,346.92689150065354,0,1.55,2.4361366266781515,207.07161326764287,-12.931024875082281,10.000015661015443,,,,,,,,,,
LLOYDSENGG_MINED_BASE_G0_C101,,0,3,3,close_ema_3_daily_slope_pct >= 3.7465597082957087 AND close_ema_3_daily_volatility_5_daily >= 2.551529495595912 AND close_ema_13_daily_volatility_5_daily >= 0.8014195041727374,85,54,31,63.52941176470588,16.895715440582055,46.63369632412382,6.8714632174616,346.92689150065354,0,1.55,2.4361366266781515,207.07161326764287,-12.931024875082281,10.000015661015443,,,,,,,,,,
LLOYDSENGG_MINED_BASE_G0_C102,,0,3,3,close_ema_3_daily_volatility_5_daily >= 2.1517313552241197 AND close_ema_21_daily_range_5_pct >= 6.280967301429598 AND close_ema_3_daily_slope_pct >= 0.3776715879064552,79,51,28,64.55696202531645,16.895715440582055,47.6612465847344,6.386418755052546,346.5931296824235,0,1.4000000000000001,2.5622989195838337,202.42161464712288,-9.254259760270903,10.000014739437525,,,,,,,,,,
LLOYDSENGG_MINED_BASE_G0_C103,,0,3,3,close_ema_3_daily_volatility_5_daily >= 2.1517313552241197 AND close_ema_21_daily_range_5_pct >= 6.280967301429598 AND close_to_close_ema_3_daily_difference_pct >= 0.37388545459352607,79,51,28,64.55696202531645,16.895715440582055,47.6612465847344,6.386418755052546,346.5931296824235,0,1.4000000000000001,2.5622989195838337,202.42161464712288,-9.254259760270903,10.000014739437525,,,,,,,,,,
LLOYDSENGG_MINED_BASE_G0_C104,,0,3,3,close_ema_3_daily_volatility_5_daily >= 1.8141316287340417 AND close_ema_21_daily_range_5_pct >= 6.280967301429598 AND close_ema_3_daily_slope_pct >= 0.3776715879064552,79,51,28,64.55696202531645,16.895715440582055,47.6612465847344,6.386418755052546,346.5931296824235,0,1.4000000000000001,2.5622989195838337,202.42161464712288,-9.254259760270903,10.000014739437525,,,,,,,,,,
LLOYDSENGG_MINED_BASE_G0_C105,,0,3,3,close_ema_3_daily_volatility_5_daily >= 1.8141316287340417 AND close_ema_21_daily_range_5_pct >= 6.280967301429598 AND close_to_close_ema_3_daily_difference_pct >= 0.37388545459352607,79,51,28,64.55696202531645,16.895715440582055,47.6612465847344,6.386418755052546,346.5931296824235,0,1.4000000000000001,2.5622989195838337,202.42161464712288,-9.254259760270903,10.000014739437525,,,,,,,,,,
LLOYDSENGG_MINED_BASE_G0_C106,,0,3,3,close_ema_8_daily_range_5_pct >= 3.117710901412895 AND close_ema_21_daily_range_5_pct >= 6.280967301429598 AND close_ema_3_daily_slope_pct >= 0.3776715879064552,79,51,28,64.55696202531645,16.895715440582055,47.6612465847344,6.386418755052546,346.4330330358822,0,1.4000000000000001,2.5089333707367367,198.20573628820222,-9.254259760270903,10.000014739437525,,,,,,,,,,
LLOYDSENGG_MINED_BASE_G0_C107,,0,3,3,close_ema_8_daily_range_5_pct >= 3.117710901412895 AND close_ema_21_daily_range_5_pct >= 6.280967301429598 AND close_to_close_ema_3_daily_difference_pct >= 0.37388545459352607,79,51,28,64.55696202531645,16.895715440582055,47.6612465847344,6.386418755052546,346.4330330358822,0,1.4000000000000001,2.5089333707367367,198.20573628820222,-9.254259760270903,10.000014739437525,,,,,,,,,,
LLOYDSENGG_MINED_BASE_G0_C108,,0,3,3,close_ema_3_daily_volatility_5_daily >= 2.1517313552241197 AND close_ema_3_daily_slope_pct >= 2.1777186239842106 AND close_ema_21_daily_range_5_pct >= 1.8831689286059863,147,79,68,53.74149659863946,16.895715440582055,36.845781158057406,11.883589329021827,344.22305377813973,0,3.4000000000000004,1.7980493292842086,264.31325140477867,-12.931024875082281,9.980229451236628,,,,,,,,,,
LLOYDSENGG_MINED_BASE_G0_C109,,0,3,3,close_ema_3_daily_volatility_5_daily >= 2.1517313552241197 AND close_ema_3_daily_slope_pct >= 2.1777186239842106 AND close_ema_21_daily_volatility_5_daily >= 0.5048951676587204,159,83,76,52.20125786163522,16.895715440582055,35.30554242105316,12.853678253839934,343.7483775892268,0,3.8000000000000003,1.6735551613203334,266.095270649933,-12.931024875082281,10.000015661015443,,,,,,,,,,
LLOYDSENGG_MINED_BASE_G0_C110,,0,3,3,close_ema_3_daily_slope_pct >= 2.1777186239842106 AND close_ema_21_daily_volatility_5_daily >= 0.5048951676587204 AND close_ema_21_daily_range_5_pct >= 1.8831689286059863,179,89,90,49.72067039106145,16.895715440582055,32.824954950479395,14.470493128536782,343.62160114014455,0,4.5,1.9989421292491796,357.81064113560313,-12.931024875082281,19.9218788136996,,,,,,,,,,
LLOYDSENGG_MINED_BASE_G0_C111,,0,3,3,close_ema_21_daily_range_5_pct >= 6.280967301429598 AND close_ema_3_daily_range_5_pct >= 7.091176553732353 AND close_to_close_ema_3_daily_difference_pct >= 1.127345753351754,68,45,23,66.17647058823529,16.895715440582055,49.28075514765324,5.497170573969281,343.3968009019419,0,1.1500000000000001,2.714341721225232,184.57523704331578,-9.254259760270903,10.000014739437525,,,,,,,,,,
LLOYDSENGG_MINED_BASE_G0_C112,,0,3,3,close_ema_21_daily_range_5_pct >= 6.280967301429598 AND close_ema_3_daily_range_5_pct >= 7.091176553732353 AND close_ema_3_daily_slope_pct >= 1.1401997467767693,68,45,23,66.17647058823529,16.895715440582055,49.28075514765324,5.497170573969281,343.3968009019419,0,1.1500000000000001,2.714341721225232,184.57523704331578,-9.254259760270903,10.000014739437525,,,,,,,,,,
LLOYDSENGG_MINED_BASE_G0_C113,,0,3,3,close_ema_3_daily_slope_pct >= 2.1777186239842106 AND close_ema_21_daily_volatility_5_daily >= 0.5048951676587204 AND close_ema_8_daily_volatility_5_daily >= 1.0367159490053137,169,86,83,50.887573964497044,16.895715440582055,33.991858523914985,13.662085691188357,343.25227154703475,0,4.15,1.8143263091532755,306.62114624690355,-12.931024875082281,19.9218788136996,,,,,,,,,,
LLOYDSENGG_MINED_BASE_G0_C114,,0,2,2,close_ema_3_daily_slope_pct >= 2.1777186239842106 AND close_ema_21_daily_volatility_5_daily >= 0.5048951676587204,193,93,100,48.18652849740933,16.895715440582055,31.29081305682727,15.602263540824577,343.0975491996267,0,5,1.8811613051634344,363.06413189654285,-12.931024875082281,19.9218788136996,,,,,,,,,,
LLOYDSENGG_MINED_BASE_G0_C115,,0,3,3,close_ema_3_daily_slope_pct >= 2.1777186239842106 AND close_to_close_ema_3_daily_difference_pct >= 2.1306145320817853 AND close_ema_21_daily_volatility_5_daily >= 0.5048951676587204,193,93,100,48.18652849740933,16.895715440582055,31.29081305682727,15.602263540824577,343.0975491996267,0,5,1.8811613051634344,363.06413189654285,-12.931024875082281,19.9218788136996,,,,,,,,,,
LLOYDSENGG_MINED_BASE_G0_C116,,0,3,3,close_ema_3_daily_slope_pct >= 2.1777186239842106 AND close_ema_21_daily_volatility_5_daily >= 0.5048951676587204 AND close_to_close_ema_3_daily_difference_pct >= 1.127345753351754,193,93,100,48.18652849740933,16.895715440582055,31.29081305682727,15.602263540824577,343.0975491996267,0,5,1.8811613051634344,363.06413189654285,-12.931024875082281,19.9218788136996,,,,,,,,,,
LLOYDSENGG_MINED_BASE_G0_C117,,0,3,3,close_ema_3_daily_slope_pct >= 2.1777186239842106 AND close_ema_21_daily_volatility_5_daily >= 0.5048951676587204 AND close_to_close_ema_3_daily_difference_pct >= 0.37388545459352607,193,93,100,48.18652849740933,16.895715440582055,31.29081305682727,15.602263540824577,343.0975491996267,0,5,1.8811613051634344,363.06413189654285,-12.931024875082281,19.9218788136996,,,,,,,,,,
LLOYDSENGG_MINED_BASE_G0_C118,,0,3,3,close_to_close_ema_3_daily_difference_pct >= 3.6112616349206315 AND close_ema_3_daily_volatility_5_daily >= 2.551529495595912 AND close_ema_21_daily_volatility_5_daily >= 0.5048951676587204,86,54,32,62.7906976744186,16.895715440582055,45.894982233836544,6.952303961196443,343.07235553828895,0,1.6,2.399148123035402,206.32673858104457,-12.931024875082281,10.000015661015443,,,,,,,,,,
LLOYDSENGG_MINED_BASE_G0_C119,,0,3,3,close_ema_3_daily_slope_pct >= 3.7465597082957087 AND close_ema_3_daily_volatility_5_daily >= 2.551529495595912 AND close_ema_21_daily_volatility_5_daily >= 0.5048951676587204,86,54,32,62.7906976744186,16.895715440582055,45.894982233836544,6.952303961196443,343.07235553828895,0,1.6,2.399148123035402,206.32673858104457,-12.931024875082281,10.000015661015443,,,,,,,,,,
LLOYDSENGG_MINED_BASE_G0_C120,,0,3,3,close_ema_3_daily_range_5_pct >= 4.683096254230115 AND close_ema_21_daily_range_5_pct >= 6.280967301429598 AND close_to_close_ema_3_daily_difference_pct >= 1.127345753351754,70,46,24,65.71428571428571,16.895715440582055,48.818570273703656,5.6588520614389655,342.96396815001515,0,1.2000000000000002,2.690372260498949,188.32605823492642,-9.254259760270903,10.000014739437525,,,,,,,,,,
LLOYDSENGG_MINED_BASE_G0_C121,,0,3,3,close_ema_3_daily_range_5_pct >= 4.683096254230115 AND close_ema_21_daily_range_5_pct >= 6.280967301429598 AND close_ema_3_daily_slope_pct >= 1.1401997467767693,70,46,24,65.71428571428571,16.895715440582055,48.818570273703656,5.6588520614389655,342.96396815001515,0,1.2000000000000002,2.690372260498949,188.32605823492642,-9.254259760270903,10.000014739437525,,,,,,,,,,
LLOYDSENGG_MINED_BASE_G0_C122,,0,3,3,close_ema_3_daily_range_5_pct >= 5.878821482298 AND close_ema_21_daily_range_5_pct >= 6.280967301429598 AND close_to_close_ema_3_daily_difference_pct >= 1.127345753351754,70,46,24,65.71428571428571,16.895715440582055,48.818570273703656,5.6588520614389655,342.96396815001515,0,1.2000000000000002,2.690372260498949,188.32605823492642,-9.254259760270903,10.000014739437525,,,,,,,,,,
LLOYDSENGG_MINED_BASE_G0_C123,,0,3,3,close_ema_3_daily_range_5_pct >= 5.878821482298 AND close_ema_21_daily_range_5_pct >= 6.280967301429598 AND close_ema_3_daily_slope_pct >= 1.1401997467767693,70,46,24,65.71428571428571,16.895715440582055,48.818570273703656,5.6588520614389655,342.96396815001515,0,1.2000000000000002,2.690372260498949,188.32605823492642,-9.254259760270903,10.000014739437525,,,,,,,,,,
LLOYDSENGG_MINED_BASE_G0_C124,,0,3,3,close_ema_21_daily_range_5_pct >= 6.280967301429598 AND close_to_close_ema_3_daily_difference_pct >= 1.127345753351754 AND close_ema_8_daily_volatility_5_daily >= 1.2672772609808338,72,47,25,65.27777777777779,16.895715440582055,48.382062337195734,5.820533548908649,342.5994662546443,0,1.25,2.646384856221868,190.5397096479745,-9.254259760270903,10.000014739437525,,,,,,,,,,
LLOYDSENGG_MINED_BASE_G0_C125,,0,3,3,close_ema_21_daily_range_5_pct >= 6.280967301429598 AND close_ema_3_daily_slope_pct >= 1.1401997467767693 AND close_ema_8_daily_volatility_5_daily >= 1.2672772609808338,72,47,25,65.27777777777779,16.895715440582055,48.382062337195734,5.820533548908649,342.5994662546443,0,1.25,2.646384856221868,190.5397096479745,-9.254259760270903,10.000014739437525,,,,,,,,,,
LLOYDSENGG_MINED_BASE_G0_C126,,0,3,3,close_ema_3_daily_volatility_5_daily >= 2.1517313552241197 AND close_to_close_ema_3_daily_difference_pct >= 2.1306145320817853 AND close_ema_21_daily_range_5_pct >= 1.8831689286059863,148,79,69,53.37837837837838,16.895715440582055,36.48266293779632,11.96443007275667,342.32278319074,0,3.45,1.7864895005861208,264.4004460867459,-12.931024875082281,9.980229451236628,,,,,,,,,,
LLOYDSENGG_MINED_BASE_G0_C127,,0,3,3,close_ema_21_daily_range_5_pct >= 6.280967301429598 AND close_ema_8_daily_volatility_5_daily >= 1.0367159490053137 AND close_ema_3_daily_slope_pct >= 0.3776715879064552,80,51,29,63.74999999999999,16.895715440582055,46.854284559417934,6.4672594987873895,342.3071686514877,0,1.4500000000000002,2.495248618132678,199.61988945061424,-9.254259760270903,10.000014739437525,,,,,,,,,,
LLOYDSENGG_MINED_BASE_G0_C128,,0,3,3,close_ema_21_daily_range_5_pct >= 6.280967301429598 AND close_ema_8_daily_volatility_5_daily >= 1.0367159490053137 AND close_to_close_ema_3_daily_difference_pct >= 0.37388545459352607,80,51,29,63.74999999999999,16.895715440582055,46.854284559417934,6.4672594987873895,342.3071686514877,0,1.4500000000000002,2.495248618132678,199.61988945061424,-9.254259760270903,10.000014739437525,,,,,,,,,,
LLOYDSENGG_MINED_BASE_G0_C129,,0,3,3,close_ema_3_daily_volatility_5_daily >= 1.4807591382075385 AND close_ema_21_daily_range_5_pct >= 6.280967301429598 AND close_ema_3_daily_slope_pct >= 0.3776715879064552,80,51,29,63.74999999999999,16.895715440582055,46.854284559417934,6.4672594987873895,342.2254802831373,0,1.4500000000000002,2.4680191620158753,197.44153296127,-9.254259760270903,10.000014739437525,,,,,,,,,,
LLOYDSENGG_MINED_BASE_G0_C130,,0,3,3,close_ema_3_daily_volatility_5_daily >= 1.4807591382075385 AND close_ema_21_daily_range_5_pct >= 6.280967301429598 AND close_to_close_ema_3_daily_difference_pct >= 0.37388545459352607,80,51,29,63.74999999999999,16.895715440582055,46.854284559417934,6.4672594987873895,342.2254802831373,0,1.4500000000000002,2.4680191620158753,197.44153296127,-9.254259760270903,10.000014739437525,,,,,,,,,,
LLOYDSENGG_MINED_BASE_G0_C131,,0,2,2,close_ema_3_daily_slope_pct >= 2.1777186239842106 AND close_ema_21_daily_range_5_pct >= 1.8831689286059863,180,89,91,49.44444444444444,16.895715440582055,32.54872900386239,14.551333872271623,342.19184979681285,0,4.55,1.9994015925002995,359.8922866500539,-12.931024875082281,19.9218788136996,,,,,,,,,,
LLOYDSENGG_MINED_BASE_G0_C132,,0,3,3,close_ema_3_daily_slope_pct >= 2.1777186239842106 AND close_to_close_ema_3_daily_difference_pct >= 2.1306145320817853 AND close_ema_21_daily_range_5_pct >= 1.8831689286059863,180,89,91,49.44444444444444,16.895715440582055,32.54872900386239,14.551333872271623,342.19184979681285,0,4.55,1.9994015925002995,359.8922866500539,-12.931024875082281,19.9218788136996,,,,,,,,,,
LLOYDSENGG_MINED_BASE_G0_C133,,0,3,3,close_ema_3_daily_slope_pct >= 2.1777186239842106 AND close_ema_21_daily_range_5_pct >= 1.8831689286059863 AND close_to_close_ema_3_daily_difference_pct >= 1.127345753351754,180,89,91,49.44444444444444,16.895715440582055,32.54872900386239,14.551333872271623,342.19184979681285,0,4.55,1.9994015925002995,359.8922866500539,-12.931024875082281,19.9218788136996,,,,,,,,,,
LLOYDSENGG_MINED_BASE_G0_C134,,0,3,3,close_ema_3_daily_slope_pct >= 2.1777186239842106 AND close_ema_21_daily_range_5_pct >= 1.8831689286059863 AND close_to_close_ema_3_daily_difference_pct >= 0.37388545459352607,180,89,91,49.44444444444444,16.895715440582055,32.54872900386239,14.551333872271623,342.19184979681285,0,4.55,1.9994015925002995,359.8922866500539,-12.931024875082281,19.9218788136996,,,,,,,,,,
LLOYDSENGG_MINED_BASE_G0_C135,,0,3,3,close_to_close_ema_3_daily_difference_pct >= 2.1306145320817853 AND close_ema_21_daily_volatility_5_daily >= 0.5048951676587204 AND close_ema_21_daily_range_5_pct >= 1.8831689286059863,180,89,91,49.44444444444444,16.895715440582055,32.54872900386239,14.551333872271623,342.1586089496048,0,4.55,1.9883213100976134,357.8978358175704,-12.931024875082281,19.9218788136996,,,,,,,,,,
LLOYDSENGG_MINED_BASE_G0_C136,,0,3,3,close_ema_3_daily_volatility_5_daily >= 2.551529495595912 AND close_ema_21_daily_range_5_pct >= 6.280967301429598 AND close_ema_3_daily_slope_pct >= 0.3776715879064552,72,47,25,65.27777777777779,16.895715440582055,48.382062337195734,5.820533548908649,342.0986296602182,0,1.25,2.479439324746513,178.51963138174892,-9.254259760270903,10.000014739437525,,,,,,,,,,
LLOYDSENGG_MINED_BASE_G0_C137,,0,3,3,close_ema_3_daily_volatility_5_daily >= 2.551529495595912 AND close_ema_21_daily_range_5_pct >= 6.280967301429598 AND close_to_close_ema_3_daily_difference_pct >= 0.37388545459352607,72,47,25,65.27777777777779,16.895715440582055,48.382062337195734,5.820533548908649,342.0986296602182,0,1.25,2.479439324746513,178.51963138174892,-9.254259760270903,10.000014739437525,,,,,,,,,,
LLOYDSENGG_MINED_BASE_G0_C138,,0,3,3,close_ema_3_daily_volatility_5_daily >= 2.1517313552241197 AND close_to_close_ema_3_daily_difference_pct >= 2.1306145320817853 AND close_ema_21_daily_volatility_5_daily >= 0.5048951676587204,160,83,77,51.87500000000001,16.895715440582055,34.97928455941795,12.934518997574779,342.0373440220628,0,3.85,1.6636404083243768,266.1824653319003,-12.931024875082281,10.000015661015443,,,,,,,,,,
LLOYDSENGG_MINED_BASE_G0_C139,,0,2,2,close_to_close_ema_3_daily_difference_pct >= 2.1306145320817853 AND close_ema_21_daily_volatility_5_daily >= 0.5048951676587204,194,93,101,47.93814432989691,16.895715440582055,31.042428889314852,15.683104284559418,341.77788661015944,0,5.050000000000001,1.8719140545284028,363.1513265785101,-12.931024875082281,19.9218788136996,,,,,,,,,,
LLOYDSENGG_MINED_BASE_G0_C140,,0,3,3,close_to_close_ema_3_daily_difference_pct >= 2.1306145320817853 AND close_ema_21_daily_volatility_5_daily >= 0.5048951676587204 AND close_ema_3_daily_slope_pct >= 1.1401997467767693,194,93,101,47.93814432989691,16.895715440582055,31.042428889314852,15.683104284559418,341.77788661015944,0,5.050000000000001,1.8719140545284028,363.1513265785101,-12.931024875082281,19.9218788136996,,,,,,,,,,
LLOYDSENGG_MINED_BASE_G0_C141,,0,3,3,close_to_close_ema_3_daily_difference_pct >= 2.1306145320817853 AND close_ema_21_daily_volatility_5_daily >= 0.5048951676587204 AND close_ema_3_daily_slope_pct >= 0.3776715879064552,194,93,101,47.93814432989691,16.895715440582055,31.042428889314852,15.683104284559418,341.77788661015944,0,5.050000000000001,1.8719140545284028,363.1513265785101,-12.931024875082281,19.9218788136996,,,,,,,,,,
LLOYDSENGG_MINED_BASE_G0_C142,,0,3,3,close_to_close_ema_3_daily_difference_pct >= 2.1306145320817853 AND close_ema_21_daily_volatility_5_daily >= 0.5048951676587204 AND close_ema_8_daily_volatility_5_daily >= 1.0367159490053137,170,86,84,50.588235294117645,16.895715440582055,33.692519853535586,13.7429264349232,341.67509940171686,0,4.2,1.8041667113462982,306.7083409288707,-12.931024875082281,19.9218788136996,,,,,,,,,,
LLOYDSENGG_MINED_BASE_G0_C143,,0,3,3,close_ema_3_daily_slope_pct >= 2.1777186239842106 AND close_ema_8_daily_volatility_5_daily >= 0.8645495401600428 AND close_ema_21_daily_range_5_pct >= 1.8831689286059863,167,85,82,50.898203592814376,16.895715440582055,34.00248815223232,13.500404203718674,341.4734237303688,0,4.1000000000000005,1.8536609897357272,309.56138528586644,-12.931024875082281,19.9218788136996,,,,,,,,,,
LLOYDSENGG_MINED_BASE_G0_C144,,0,3,3,close_ema_3_daily_slope_pct >= 2.1777186239842106 AND close_ema_8_daily_volatility_5_daily >= 0.8645495401600428 AND close_ema_21_daily_volatility_5_daily >= 0.5048951676587204,180,89,91,49.44444444444444,16.895715440582055,32.54872900386239,14.551333872271623,341.4058655281845,0,4.55,1.7374068362908632,312.7332305323554,-12.931024875082281,19.9218788136996,,,,,,,,,,
LLOYDSENGG_MINED_BASE_G0_C145,,0,3,3,close_ema_3_daily_slope_pct >= 2.1777186239842106 AND close_ema_3_daily_volatility_5_daily >= 1.8141316287340417 AND close_ema_21_daily_range_5_pct >= 1.8831689286059863,161,83,78,51.5527950310559,16.895715440582055,34.65707959047384,13.01535974130962,340.9355126927628,0,3.9000000000000004,1.850038246797867,297.8561577344566,-12.931024875082281,19.9218788136996,,,,,,,,,,
LLOYDSENGG_MINED_BASE_G0_C146,,0,3,3,close_ema_3_daily_slope_pct >= 2.1777186239842106 AND close_ema_8_daily_volatility_5_daily >= 1.0367159490053137 AND close_ema_21_daily_range_5_pct >= 1.8831689286059863,158,82,76,51.89873417721519,16.895715440582055,35.00301873663314,12.772837510105091,340.9139330991705,0,3.8000000000000003,1.8996131386682686,300.13887590958643,-12.931024875082281,19.9218788136996,,,,,,,,,,
LLOYDSENGG_MINED_BASE_G0_C147,,0,2,2,close_to_close_ema_3_daily_difference_pct >= 2.1306145320817853 AND close_ema_21_daily_range_5_pct >= 1.8831689286059863,181,89,92,49.171270718232044,16.895715440582055,32.275555277649985,14.632174616006468,340.7442871285596,0,4.6000000000000005,1.988836913436581,359.9794813320212,-12.931024875082281,19.9218788136996,,,,,,,,,,
LLOYDSENGG_MINED_BASE_G0_C148,,0,3,3,close_to_close_ema_3_daily_difference_pct >= 2.1306145320817853 AND close_ema_21_daily_range_5_pct >= 1.8831689286059863 AND close_ema_3_daily_slope_pct >= 1.1401997467767693,181,89,92,49.171270718232044,16.895715440582055,32.275555277649985,14.632174616006468,340.7442871285596,0,4.6000000000000005,1.988836913436581,359.9794813320212,-12.931024875082281,19.9218788136996,,,,,,,,,,
LLOYDSENGG_MINED_BASE_G0_C149,,0,3,3,close_to_close_ema_3_daily_difference_pct >= 2.1306145320817853 AND close_ema_21_daily_range_5_pct >= 1.8831689286059863 AND close_ema_3_daily_slope_pct >= 0.3776715879064552,181,89,92,49.171270718232044,16.895715440582055,32.275555277649985,14.632174616006468,340.7442871285596,0,4.6000000000000005,1.988836913436581,359.9794813320212,-12.931024875082281,19.9218788136996,,,,,,,,,,
LLOYDSENGG_MINED_BASE_G0_C150,,0,3,3,close_ema_3_daily_slope_pct >= 2.1777186239842106 AND close_ema_3_daily_volatility_5_daily >= 1.8141316287340417 AND close_ema_21_daily_volatility_5_daily >= 0.5048951676587204,174,87,87,50,16.895715440582055,33.10428455941795,14.06628940986257,340.3615607795198,0,4.3500000000000005,1.730045994143365,301.02800298094553,-12.931024875082281,19.9218788136996,,,,,,,,,,
LLOYDSENGG_MINED_BASE_G0_C151,,0,3,3,close_to_close_ema_3_daily_difference_pct >= 2.1306145320817853 AND close_ema_8_daily_volatility_5_daily >= 0.8645495401600428 AND close_ema_21_daily_volatility_5_daily >= 0.5048951676587204,181,89,92,49.171270718232044,16.895715440582055,32.275555277649985,14.632174616006468,339.9626453144541,0,4.6000000000000005,1.7282896420680802,312.82042521432254,-12.931024875082281,19.9218788136996,,,,,,,,,,
LLOYDSENGG_MINED_BASE_G0_C152,,0,3,3,close_to_close_ema_3_daily_difference_pct >= 2.1306145320817853 AND close_ema_8_daily_volatility_5_daily >= 0.8645495401600428 AND close_ema_21_daily_range_5_pct >= 1.8831689286059863,168,85,83,50.595238095238095,16.895715440582055,33.699522654656036,13.581244947453516,339.87705220127725,0,4.15,1.8431463093323428,309.6485799678336,-12.931024875082281,19.9218788136996,,,,,,,,,,
LLOYDSENGG_MINED_BASE_G0_C153,,0,3,3,close_ema_3_daily_slope_pct >= 2.1777186239842106 AND close_ema_3_daily_volatility_5_daily >= 2.551529495595912 AND close_ema_21_daily_range_5_pct >= 1.8831689286059863,117,67,50,57.26495726495726,16.895715440582055,40.36924182437521,9.458367016976556,339.4077599657174,0,2.5,2.02051694794712,236.40048290981306,-12.931024875082281,9.980229451236628,,,,,,,,,,
LLOYDSENGG_MINED_BASE_G0_C154,,0,3,3,close_to_close_ema_3_daily_difference_pct >= 2.1306145320817853 AND close_ema_3_daily_volatility_5_daily >= 2.551529495595912 AND close_ema_21_daily_range_5_pct >= 1.8831689286059863,117,67,50,57.26495726495726,16.895715440582055,40.36924182437521,9.458367016976556,339.4077599657174,0,2.5,2.02051694794712,236.40048290981306,-12.931024875082281,9.980229451236628,,,,,,,,,,
LLOYDSENGG_MINED_BASE_G0_C155,,0,3,3,close_to_close_ema_3_daily_difference_pct >= 2.1306145320817853 AND close_ema_3_daily_volatility_5_daily >= 1.8141316287340417 AND close_ema_21_daily_range_5_pct >= 1.8831689286059863,162,83,79,51.23456790123457,16.895715440582055,34.33885246065252,13.096200485044463,339.26173179245563,0,3.95,1.8391564963976774,297.94335241642375,-12.931024875082281,19.9218788136996,,,,,,,,,,
LLOYDSENGG_MINED_BASE_G0_C156,,0,3,3,close_ema_3_daily_slope_pct >= 2.1777186239842106 AND close_ema_21_daily_range_5_pct >= 1.8831689286059863 AND close_ema_13_daily_volatility_5_daily >= 0.8014195041727374,159,82,77,51.57232704402516,16.895715440582055,34.676611603443106,12.853678253839934,339.22050770483986,0,3.85,1.8958165625414471,301.4348334440901,-12.931024875082281,19.9218788136996,,,,,,,,,,
LLOYDSENGG_MINED_BASE_G0_C157,,0,3,3,close_to_close_ema_3_daily_difference_pct >= 2.1306145320817853 AND close_ema_8_daily_volatility_5_daily >= 1.0367159490053137 AND close_ema_21_daily_range_5_pct >= 1.8831689286059863,159,82,77,51.57232704402516,16.895715440582055,34.676611603443106,12.853678253839934,339.1977008585656,0,3.85,1.8882142804500233,300.2260705915537,-12.931024875082281,19.9218788136996,,,,,,,,,,
LLOYDSENGG_MINED_BASE_G0_C158,,0,2,2,close_ema_3_daily_volatility_5_daily >= 2.1517313552241197 AND close_ema_21_daily_volatility_5_daily >= 0.5048951676587204,332,123,209,37.04819277108434,16.895715440582055,20.152477330502283,26.839126919967665,339.05824480763135,0,10.450000000000001,0.9152860517066482,303.87496916660723,-12.931024875082281,17.175581052420334,,,,,,,,,,
LLOYDSENGG_MINED_BASE_G0_C159,,0,3,3,close_ema_3_daily_volatility_5_daily >= 2.1517313552241197 AND close_ema_8_daily_volatility_5_daily >= 0.8645495401600428 AND close_ema_21_daily_volatility_5_daily >= 0.5048951676587204,332,123,209,37.04819277108434,16.895715440582055,20.152477330502283,26.839126919967665,339.05824480763135,0,10.450000000000001,0.9152860517066482,303.87496916660723,-12.931024875082281,17.175581052420334,,,,,,,,,,
LLOYDSENGG_MINED_BASE_G0_C160,,0,3,3,close_to_close_ema_3_daily_difference_pct >= 3.6112616349206315 AND close_ema_3_daily_volatility_5_daily >= 2.551529495595912 AND close_ema_8_daily_volatility_5_daily >= 1.2672772609808338,85,53,32,62.35294117647059,16.895715440582055,45.45722573588853,6.8714632174616,338.93152451599525,0,1.6,2.415131945517545,205.2862153689913,-12.931024875082281,10.000015661015443,,,,,,,,,,
LLOYDSENGG_MINED_BASE_G0_C161,,0,3,3,close_ema_3_daily_slope_pct >= 3.7465597082957087 AND close_ema_3_daily_volatility_5_daily >= 2.551529495595912 AND close_ema_8_daily_volatility_5_daily >= 1.2672772609808338,85,53,32,62.35294117647059,16.895715440582055,45.45722573588853,6.8714632174616,338.93152451599525,0,1.6,2.415131945517545,205.2862153689913,-12.931024875082281,10.000015661015443,,,,,,,,,,
LLOYDSENGG_MINED_BASE_G0_C162,,0,3,3,close_to_close_ema_3_daily_difference_pct >= 2.1306145320817853 AND close_ema_3_daily_volatility_5_daily >= 1.8141316287340417 AND close_ema_21_daily_volatility_5_daily >= 0.5048951676587204,175,87,88,49.714285714285715,16.895715440582055,32.818570273703656,14.147130153597413,338.8548261855968,0,4.4,1.7206582723595016,301.1151976629128,-12.931024875082281,19.9218788136996,,,,,,,,,,
LLOYDSENGG_MINED_BASE_G0_C163,,0,3,3,close_ema_3_daily_slope_pct >= 2.1777186239842106 AND close_ema_21_daily_volatility_5_daily >= 0.5048951676587204 AND close_ema_13_daily_volatility_5_daily >= 0.8014195041727374,169,85,84,50.29585798816568,16.895715440582055,33.40014254758363,13.662085691188357,338.32161969466813,0,4.2,1.840302318916647,311.01109189691334,-12.931024875082281,19.9218788136996,,,,,,,,,,
LLOYDSENGG_MINED_BASE_G0_C164,,0,3,3,close_to_close_ema_3_daily_difference_pct >= 3.6112616349206315 AND close_ema_21_daily_range_5_pct >= 1.8831689286059863 AND close_ema_13_daily_volatility_5_daily >= 0.8014195041727374,94,57,37,60.63829787234043,16.895715440582055,43.74258243175838,7.599029911075182,338.19087086582164,0,1.85,2.4426529023432613,229.60937282026654,-12.931024875082281,19.9218788136996,,,,,,,,,,
LLOYDSENGG_MINED_BASE_G0_C165,,0,3,3,close_ema_3_daily_slope_pct >= 3.7465597082957087 AND close_ema_21_daily_range_5_pct >= 1.8831689286059863 AND close_ema_13_daily_volatility_5_daily >= 0.8014195041727374,94,57,37,60.63829787234043,16.895715440582055,43.74258243175838,7.599029911075182,338.19087086582164,0,1.85,2.4426529023432613,229.60937282026654,-12.931024875082281,19.9218788136996,,,,,,,,,,
LLOYDSENGG_MINED_BASE_G0_C166,,0,3,3,close_ema_3_daily_slope_pct >= 2.1777186239842106 AND close_ema_3_daily_volatility_5_daily >= 1.4807591382075385 AND close_ema_21_daily_range_5_pct >= 1.8831689286059863,166,84,82,50.602409638554214,16.895715440582055,33.706694197972155,13.419563459983832,338.1757810694266,0,4.1000000000000005,1.9141033598552781,317.7411577359762,-12.931024875082281,19.9218788136996,,,,,,,,,,
LLOYDSENGG_MINED_BASE_G0_C167,,0,3,3,close_ema_3_daily_slope_pct >= 2.1777186239842106 AND close_ema_3_daily_volatility_5_daily >= 1.4807591382075385 AND close_ema_21_daily_volatility_5_daily >= 0.5048951676587204,179,88,91,49.162011173184354,16.895715440582055,32.2662957326023,14.470493128536782,338.15990888059474,0,4.55,1.792810072527738,320.9130029824651,-12.931024875082281,19.9218788136996,,,,,,,,,,
LLOYDSENGG_MINED_BASE_G0_C168,,0,2,2,close_ema_21_daily_range_5_pct >= 6.280967301429598 AND close_ema_3_daily_slope_pct >= 0.3776715879064552,81,51,30,62.96296296296296,16.895715440582055,46.06724752238091,6.548100242522231,338.04511938096977,0,1.5,2.402960589688412,194.63980776476137,-9.254259760270903,10.000014739437525,,,,,,,,,,
LLOYDSENGG_MINED_BASE_G0_C169,,0,2,2,close_ema_21_daily_range_5_pct >= 6.280967301429598 AND close_to_close_ema_3_daily_difference_pct >= 0.37388545459352607,81,51,30,62.96296296296296,16.895715440582055,46.06724752238091,6.548100242522231,338.04511938096977,0,1.5,2.402960589688412,194.63980776476137,-9.254259760270903,10.000014739437525,,,,,,,,,,
LLOYDSENGG_MINED_BASE_G0_C170,,0,3,3,close_ema_8_daily_volatility_5_daily >= 0.8645495401600428 AND close_ema_21_daily_range_5_pct >= 6.280967301429598 AND close_ema_3_daily_slope_pct >= 0.3776715879064552,81,51,30,62.96296296296296,16.895715440582055,46.06724752238091,6.548100242522231,338.04511938096977,0,1.5,2.402960589688412,194.63980776476137,-9.254259760270903,10.000014739437525,,,,,,,,,,
LLOYDSENGG_MINED_BASE_G0_C171,,0,3,3,close_ema_8_daily_volatility_5_daily >= 0.8645495401600428 AND close_ema_21_daily_range_5_pct >= 6.280967301429598 AND close_to_close_ema_3_daily_difference_pct >= 0.37388545459352607,81,51,30,62.96296296296296,16.895715440582055,46.06724752238091,6.548100242522231,338.04511938096977,0,1.5,2.402960589688412,194.63980776476137,-9.254259760270903,10.000014739437525,,,,,,,,,,
LLOYDSENGG_MINED_BASE_G0_C172,,0,3,3,close_ema_21_daily_range_5_pct >= 6.280967301429598 AND close_ema_21_daily_volatility_5_daily >= 0.5048951676587204 AND close_ema_3_daily_slope_pct >= 0.3776715879064552,81,51,30,62.96296296296296,16.895715440582055,46.06724752238091,6.548100242522231,338.04511938096977,0,1.5,2.402960589688412,194.63980776476137,-9.254259760270903,10.000014739437525,,,,,,,,,,
LLOYDSENGG_MINED_BASE_G0_C173,,0,3,3,close_ema_21_daily_range_5_pct >= 6.280967301429598 AND close_ema_21_daily_volatility_5_daily >= 0.5048951676587204 AND close_to_close_ema_3_daily_difference_pct >= 0.37388545459352607,81,51,30,62.96296296296296,16.895715440582055,46.06724752238091,6.548100242522231,338.04511938096977,0,1.5,2.402960589688412,194.63980776476137,-9.254259760270903,10.000014739437525,,,,,,,,,,
LLOYDSENGG_MINED_BASE_G0_C174,,0,3,3,close_ema_21_daily_range_5_pct >= 6.280967301429598 AND close_ema_13_daily_volatility_5_daily >= 0.6665343015434868 AND close_ema_3_daily_slope_pct >= 0.3776715879064552,81,51,30,62.96296296296296,16.895715440582055,46.06724752238091,6.548100242522231,338.04511938096977,0,1.5,2.402960589688412,194.63980776476137,-9.254259760270903,10.000014739437525,,,,,,,,,,
LLOYDSENGG_MINED_BASE_G0_C175,,0,3,3,close_ema_21_daily_range_5_pct >= 6.280967301429598 AND close_ema_13_daily_volatility_5_daily >= 0.6665343015434868 AND close_to_close_ema_3_daily_difference_pct >= 0.37388545459352607,81,51,30,62.96296296296296,16.895715440582055,46.06724752238091,6.548100242522231,338.04511938096977,0,1.5,2.402960589688412,194.63980776476137,-9.254259760270903,10.000014739437525,,,,,,,,,,
LLOYDSENGG_MINED_BASE_G0_C176,,0,3,3,close_ema_21_daily_range_5_pct >= 6.280967301429598 AND close_ema_3_daily_slope_pct >= 0.3776715879064552 AND close_to_close_ema_3_daily_difference_pct >= 0.37388545459352607,81,51,30,62.96296296296296,16.895715440582055,46.06724752238091,6.548100242522231,338.04511938096977,0,1.5,2.402960589688412,194.63980776476137,-9.254259760270903,10.000014739437525,,,,,,,,,,
LLOYDSENGG_MINED_BASE_G0_C177,,0,3,3,close_ema_21_daily_range_5_pct >= 6.280967301429598 AND close_ema_3_daily_slope_pct >= 0.3776715879064552 AND close_ema_13_daily_volatility_5_daily >= 0.8014195041727374,81,51,30,62.96296296296296,16.895715440582055,46.06724752238091,6.548100242522231,338.04511938096977,0,1.5,2.402960589688412,194.63980776476137,-9.254259760270903,10.000014739437525,,,,,,,,,,
LLOYDSENGG_MINED_BASE_G0_C178,,0,3,3,close_ema_21_daily_range_5_pct >= 6.280967301429598 AND close_to_close_ema_3_daily_difference_pct >= 0.37388545459352607 AND close_ema_13_daily_volatility_5_daily >= 0.8014195041727374,81,51,30,62.96296296296296,16.895715440582055,46.06724752238091,6.548100242522231,338.04511938096977,0,1.5,2.402960589688412,194.63980776476137,-9.254259760270903,10.000014739437525,,,,,,,,,,
LLOYDSENGG_MINED_BASE_G0_C179,,0,3,3,close_ema_21_daily_range_5_pct >= 6.280967301429598 AND close_ema_8_daily_volatility_5_daily >= 1.2672772609808338 AND close_ema_3_daily_slope_pct >= 0.3776715879064552,79,50,29,63.29113924050633,16.895715440582055,46.395423799924274,6.386418755052546,337.9363068075348,0,1.4500000000000002,2.469729269304464,195.10861227505268,-9.254259760270903,10.000014739437525,,,,,,,,,,
LLOYDSENGG_MINED_BASE_G0_C180,,0,3,3,close_ema_21_daily_range_5_pct >= 6.280967301429598 AND close_ema_8_daily_volatility_5_daily >= 1.2672772609808338 AND close_to_close_ema_3_daily_difference_pct >= 0.37388545459352607,79,50,29,63.29113924050633,16.895715440582055,46.395423799924274,6.386418755052546,337.9363068075348,0,1.4500000000000002,2.469729269304464,195.10861227505268,-9.254259760270903,10.000014739437525,,,,,,,,,,
LLOYDSENGG_MINED_BASE_G0_C181,,0,3,3,close_ema_3_daily_slope_pct >= 2.1777186239842106 AND close_ema_3_daily_volatility_5_daily >= 2.551529495595912 AND close_ema_21_daily_volatility_5_daily >= 0.5048951676587204,128,71,57,55.46875,16.895715440582055,38.57303455941795,10.347615198059822,337.8663886151287,0,2.85,1.9504052726796646,249.65187490299706,-12.931024875082281,10.000015661015443,,,,,,,,,,
LLOYDSENGG_MINED_BASE_G0_C182,,0,3,3,close_to_close_ema_3_daily_difference_pct >= 2.1306145320817853 AND close_ema_3_daily_volatility_5_daily >= 2.551529495595912 AND close_ema_21_daily_volatility_5_daily >= 0.5048951676587204,128,71,57,55.46875,16.895715440582055,38.57303455941795,10.347615198059822,337.8663886151287,0,2.85,1.9504052726796646,249.65187490299706,-12.931024875082281,10.000015661015443,,,,,,,,,,
LLOYDSENGG_MINED_BASE_G0_C183,,0,2,2,close_to_close_ema_3_daily_difference_pct >= 3.6112616349206315 AND close_ema_21_daily_range_5_pct >= 1.8831689286059863,101,60,41,59.4059405940594,16.895715440582055,42.51022515347735,8.164915117219078,337.7589080866129,0,2.0500000000000003,2.419260773075389,244.3453380806143,-12.931024875082281,19.9218788136996,,,,,,,,,,
LLOYDSENGG_MINED_BASE_G0_C184,,0,2,2,close_ema_3_daily_slope_pct >= 3.7465597082957087 AND close_ema_21_daily_range_5_pct >= 1.8831689286059863,101,60,41,59.4059405940594,16.895715440582055,42.51022515347735,8.164915117219078,337.7589080866129,0,2.0500000000000003,2.419260773075389,244.3453380806143,-12.931024875082281,19.9218788136996,,,,,,,,,,
LLOYDSENGG_MINED_BASE_G0_C185,,0,3,3,close_ema_3_daily_slope_pct >= 2.1777186239842106 AND close_to_close_ema_3_daily_difference_pct >= 3.6112616349206315 AND close_ema_21_daily_range_5_pct >= 1.8831689286059863,101,60,41,59.4059405940594,16.895715440582055,42.51022515347735,8.164915117219078,337.7589080866129,0,2.0500000000000003,2.419260773075389,244.3453380806143,-12.931024875082281,19.9218788136996,,,,,,,,,,
LLOYDSENGG_MINED_BASE_G0_C186,,0,3,3,close_to_close_ema_3_daily_difference_pct >= 2.1306145320817853 AND close_ema_3_daily_slope_pct >= 3.7465597082957087 AND close_ema_21_daily_range_5_pct >= 1.8831689286059863,101,60,41,59.4059405940594,16.895715440582055,42.51022515347735,8.164915117219078,337.7589080866129,0,2.0500000000000003,2.419260773075389,244.3453380806143,-12.931024875082281,19.9218788136996,,,,,,,,,,
LLOYDSENGG_MINED_BASE_G0_C187,,0,3,3,close_to_close_ema_3_daily_difference_pct >= 3.6112616349206315 AND close_ema_3_daily_slope_pct >= 3.7465597082957087 AND close_ema_21_daily_range_5_pct >= 1.8831689286059863,101,60,41,59.4059405940594,16.895715440582055,42.51022515347735,8.164915117219078,337.7589080866129,0,2.0500000000000003,2.419260773075389,244.3453380806143,-12.931024875082281,19.9218788136996,,,,,,,,,,
LLOYDSENGG_MINED_BASE_G0_C188,,0,3,3,close_to_close_ema_3_daily_difference_pct >= 3.6112616349206315 AND close_ema_21_daily_volatility_5_daily >= 0.5048951676587204 AND close_ema_21_daily_range_5_pct >= 1.8831689286059863,101,60,41,59.4059405940594,16.895715440582055,42.51022515347735,8.164915117219078,337.7589080866129,0,2.0500000000000003,2.419260773075389,244.3453380806143,-12.931024875082281,19.9218788136996,,,,,,,,,,
LLOYDSENGG_MINED_BASE_G0_C189,,0,3,3,close_to_close_ema_3_daily_difference_pct >= 3.6112616349206315 AND close_ema_21_daily_range_5_pct >= 1.8831689286059863 AND close_ema_3_daily_slope_pct >= 1.1401997467767693,101,60,41,59.4059405940594,16.895715440582055,42.51022515347735,8.164915117219078,337.7589080866129,0,2.0500000000000003,2.419260773075389,244.3453380806143,-12.931024875082281,19.9218788136996,,,,,,,,,,
LLOYDSENGG_MINED_BASE_G0_C190,,0,3,3,close_to_close_ema_3_daily_difference_pct >= 3.6112616349206315 AND close_ema_21_daily_range_5_pct >= 1.8831689286059863 AND close_ema_3_daily_slope_pct >= 0.3776715879064552,101,60,41,59.4059405940594,16.895715440582055,42.51022515347735,8.164915117219078,337.7589080866129,0,2.0500000000000003,2.419260773075389,244.3453380806143,-12.931024875082281,19.9218788136996,,,,,,,,,,
LLOYDSENGG_MINED_BASE_G0_C191,,0,3,3,close_ema_3_daily_slope_pct >= 3.7465597082957087 AND close_ema_21_daily_volatility_5_daily >= 0.5048951676587204 AND close_ema_21_daily_range_5_pct >= 1.8831689286059863,101,60,41,59.4059405940594,16.895715440582055,42.51022515347735,8.164915117219078,337.7589080866129,0,2.0500000000000003,2.419260773075389,244.3453380806143,-12.931024875082281,19.9218788136996,,,,,,,,,,
LLOYDSENGG_MINED_BASE_G0_C192,,0,3,3,close_ema_3_daily_slope_pct >= 3.7465597082957087 AND close_ema_21_daily_range_5_pct >= 1.8831689286059863 AND close_to_close_ema_3_daily_difference_pct >= 1.127345753351754,101,60,41,59.4059405940594,16.895715440582055,42.51022515347735,8.164915117219078,337.7589080866129,0,2.0500000000000003,2.419260773075389,244.3453380806143,-12.931024875082281,19.9218788136996,,,,,,,,,,
LLOYDSENGG_MINED_BASE_G0_C193,,0,3,3,close_ema_3_daily_slope_pct >= 3.7465597082957087 AND close_ema_21_daily_range_5_pct >= 1.8831689286059863 AND close_to_close_ema_3_daily_difference_pct >= 0.37388545459352607,101,60,41,59.4059405940594,16.895715440582055,42.51022515347735,8.164915117219078,337.7589080866129,0,2.0500000000000003,2.419260773075389,244.3453380806143,-12.931024875082281,19.9218788136996,,,,,,,,,,
LLOYDSENGG_MINED_BASE_G0_C194,,0,3,3,close_ema_21_daily_range_5_pct >= 6.280967301429598 AND close_ema_3_daily_range_5_pct >= 7.091176553732353 AND close_ema_3_daily_slope_pct >= 0.3776715879064552,73,47,26,64.38356164383562,16.895715440582055,47.48784620325357,5.901374292643492,337.6508608160063,0,1.3,2.5038765999128128,182.78299179363532,-9.254259760270903,10.000014739437525,,,,,,,,,,
LLOYDSENGG_MINED_BASE_G0_C195,,0,3,3,close_ema_21_daily_range_5_pct >= 6.280967301429598 AND close_ema_3_daily_range_5_pct >= 7.091176553732353 AND close_to_close_ema_3_daily_difference_pct >= 0.37388545459352607,73,47,26,64.38356164383562,16.895715440582055,47.48784620325357,5.901374292643492,337.6508608160063,0,1.3,2.5038765999128128,182.78299179363532,-9.254259760270903,10.000014739437525,,,,,,,,,,
LLOYDSENGG_MINED_BASE_G0_C196,,0,3,3,close_to_close_ema_3_daily_difference_pct >= 2.1306145320817853 AND close_ema_21_daily_range_5_pct >= 1.8831689286059863 AND close_ema_13_daily_volatility_5_daily >= 0.8014195041727374,160,82,78,51.24999999999999,16.895715440582055,34.354284559417934,12.934518997574779,337.5249608244533,0,3.9000000000000004,1.8845126757878579,301.52202812605725,-12.931024875082281,19.9218788136996,,,,,,,,,,
LLOYDSENGG_MINED_BASE_G0_C197,,0,3,3,close_ema_3_daily_volatility_5_daily >= 2.1517313552241197 AND close_ema_21_daily_volatility_5_daily >= 0.5048951676587204 AND close_ema_8_daily_volatility_5_daily >= 1.0367159490053137,329,122,207,37.08206686930091,16.895715440582055,20.186351428718854,26.596604688763136,337.37855463339696,0,10.350000000000001,0.9322658299342417,306.7154580483655,-12.931024875082281,17.175581052420334,,,,,,,,,,
LLOYDSENGG_MINED_BASE_G0_C198,,0,3,3,close_to_close_ema_3_daily_difference_pct >= 2.1306145320817853 AND close_ema_21_daily_volatility_5_daily >= 0.5048951676587204 AND close_ema_13_daily_volatility_5_daily >= 0.8014195041727374,170,85,85,50,16.895715440582055,33.10428455941795,13.7429264349232,336.7613925602464,0,4.25,1.8299899210522383,311.0982865788805,-12.931024875082281,19.9218788136996,,,,,,,,,,
LLOYDSENGG_MINED_BASE_G0_C199,,0,3,3,close_to_close_ema_3_daily_difference_pct >= 2.1306145320817853 AND close_ema_3_daily_volatility_5_daily >= 1.4807591382075385 AND close_ema_21_daily_volatility_5_daily >= 0.5048951676587204,180,88,92,48.888888888888886,16.895715440582055,31.99317344830683,14.551333872271623,336.71587053594135,0,4.6000000000000005,1.783334431469069,321.0001976644324,-12.931024875082281,19.9218788136996,,,,,,,,,,
LLOYDSENGG_MINED_BASE_G0_C200,,0,3,3,close_to_close_ema_3_daily_difference_pct >= 2.1306145320817853 AND close_ema_3_daily_volatility_5_daily >= 1.4807591382075385 AND close_ema_21_daily_range_5_pct >= 1.8831689286059863,167,84,83,50.29940119760479,16.895715440582055,33.40368575702273,13.500404203718674,336.5779201459151,0,4.15,1.9031637869337925,317.82835241794334,-12.931024875082281,19.9218788136996,,,,,,,,,,
LLOYDSENGG_MINED_BASE_G0_C201,,0,3,3,close_to_close_ema_3_daily_difference_pct >= 3.6112616349206315 AND close_ema_21_daily_range_5_pct >= 1.8831689286059863 AND close_ema_13_daily_volatility_5_daily >= 0.6665343015434868,99,59,40,59.59595959595959,16.895715440582055,42.70024415537753,8.003233629749394,336.57717541626636,0,2,2.358651546459567,233.5065030994971,-12.931024875082281,19.9218788136996,,,,,,,,,,
LLOYDSENGG_MINED_BASE_G0_C202,,0,3,3,close_ema_3_daily_slope_pct >= 3.7465597082957087 AND close_ema_21_daily_range_5_pct >= 1.8831689286059863 AND close_ema_13_daily_volatility_5_daily >= 0.6665343015434868,99,59,40,59.59595959595959,16.895715440582055,42.70024415537753,8.003233629749394,336.57717541626636,0,2,2.358651546459567,233.5065030994971,-12.931024875082281,19.9218788136996,,,,,,,,,,
LLOYDSENGG_MINED_BASE_G0_C203,,0,3,3,close_ema_3_daily_slope_pct >= 2.1777186239842106 AND close_ema_3_daily_range_5_pct >= 4.683096254230115 AND close_ema_21_daily_range_5_pct >= 1.8831689286059863,164,83,81,50.609756097560975,16.895715440582055,33.71404065697892,13.257881972514147,336.3372981093102,0,4.05,1.9390316081385324,318.0011837347193,-12.931024875082281,19.9218788136996,,,,,,,,,,
LLOYDSENGG_MINED_BASE_G0_C204,,0,3,3,close_ema_3_daily_slope_pct >= 2.1777186239842106 AND close_ema_8_daily_volatility_5_daily >= 0.8645495401600428 AND close_ema_13_daily_volatility_5_daily >= 0.8014195041727374,167,84,83,50.29940119760479,16.895715440582055,33.40368575702273,13.500404203718674,336.3073639480916,0,4.15,1.8129783876593082,302.7673907391045,-12.931024875082281,19.9218788136996,,,,,,,,,,
LLOYDSENGG_MINED_BASE_G0_C205,,0,3,3,close_ema_3_daily_slope_pct >= 2.1777186239842106 AND close_ema_3_daily_range_5_pct >= 4.683096254230115 AND close_ema_21_daily_volatility_5_daily >= 0.5048951676587204,177,87,90,49.152542372881356,16.895715440582055,32.256826932299305,14.308811641067098,336.22774532219495,0,4.5,1.8145368868994822,321.17302898120835,-12.931024875082281,19.9218788136996,,,,,,,,,,
LLOYDSENGG_MINED_BASE_G0_C206,,0,2,2,close_to_close_ema_3_daily_difference_pct >= 3.6112616349206315 AND close_ema_3_daily_volatility_5_daily >= 2.551529495595912,88,54,34,61.36363636363637,16.895715440582055,44.46792092305431,7.113985448666129,336.0567446142019,0,1.7000000000000002,2.472379999643455,217.56943996862404,-12.931024875082281,10.000015661015443,,,,,,,,,,
LLOYDSENGG_MINED_BASE_G0_C207,,0,2,2,close_ema_3_daily_slope_pct >= 3.7465597082957087 AND close_ema_3_daily_volatility_5_daily >= 2.551529495595912,88,54,34,61.36363636363637,16.895715440582055,44.46792092305431,7.113985448666129,336.0567446142019,0,1.7000000000000002,2.472379999643455,217.56943996862404,-12.931024875082281,10.000015661015443,,,,,,,,,,
LLOYDSENGG_MINED_BASE_G0_C208,,0,3,3,close_ema_3_daily_slope_pct >= 2.1777186239842106 AND close_to_close_ema_3_daily_difference_pct >= 3.6112616349206315 AND close_ema_3_daily_volatility_5_daily >= 2.551529495595912,88,54,34,61.36363636363637,16.895715440582055,44.46792092305431,7.113985448666129,336.0567446142019,0,1.7000000000000002,2.472379999643455,217.56943996862404,-12.931024875082281,10.000015661015443,,,,,,,,,,
LLOYDSENGG_MINED_BASE_G0_C209,,0,3,3,close_to_close_ema_3_daily_difference_pct >= 2.1306145320817853 AND close_ema_3_daily_slope_pct >= 3.7465597082957087 AND close_ema_3_daily_volatility_5_daily >= 2.551529495595912,88,54,34,61.36363636363637,16.895715440582055,44.46792092305431,7.113985448666129,336.0567446142019,0,1.7000000000000002,2.472379999643455,217.56943996862404,-12.931024875082281,10.000015661015443,,,,,,,,,,
LLOYDSENGG_MINED_BASE_G0_C210,,0,3,3,close_ema_3_daily_range_5_pct >= 4.683096254230115 AND close_to_close_ema_3_daily_difference_pct >= 3.6112616349206315 AND close_ema_3_daily_volatility_5_daily >= 2.551529495595912,88,54,34,61.36363636363637,16.895715440582055,44.46792092305431,7.113985448666129,336.0567446142019,0,1.7000000000000002,2.472379999643455,217.56943996862404,-12.931024875082281,10.000015661015443,,,,,,,,,,
LLOYDSENGG_MINED_BASE_G0_C211,,0,3,3,close_ema_3_daily_range_5_pct >= 4.683096254230115 AND close_ema_3_daily_slope_pct >= 3.7465597082957087 AND close_ema_3_daily_volatility_5_daily >= 2.551529495595912,88,54,34,61.36363636363637,16.895715440582055,44.46792092305431,7.113985448666129,336.0567446142019,0,1.7000000000000002,2.472379999643455,217.56943996862404,-12.931024875082281,10.000015661015443,,,,,,,,,,
LLOYDSENGG_MINED_BASE_G0_C212,,0,3,3,close_to_close_ema_3_daily_difference_pct >= 3.6112616349206315 AND close_ema_3_daily_slope_pct >= 3.7465597082957087 AND close_ema_3_daily_volatility_5_daily >= 2.551529495595912,88,54,34,61.36363636363637,16.895715440582055,44.46792092305431,7.113985448666129,336.0567446142019,0,1.7000000000000002,2.472379999643455,217.56943996862404,-12.931024875082281,10.000015661015443,,,,,,,,,,
LLOYDSENGG_MINED_BASE_G0_C213,,0,3,3,close_to_close_ema_3_daily_difference_pct >= 3.6112616349206315 AND close_ema_8_daily_volatility_5_daily >= 0.8645495401600428 AND close_ema_3_daily_volatility_5_daily >= 2.551529495595912,88,54,34,61.36363636363637,16.895715440582055,44.46792092305431,7.113985448666129,336.0567446142019,0,1.7000000000000002,2.472379999643455,217.56943996862404,-12.931024875082281,10.000015661015443,,,,,,,,,,
LLOYDSENGG_MINED_BASE_G0_C214,,0,3,3,close_to_close_ema_3_daily_difference_pct >= 3.6112616349206315 AND close_ema_3_daily_volatility_5_daily >= 2.551529495595912 AND close_ema_3_daily_range_5_pct >= 5.878821482298,88,54,34,61.36363636363637,16.895715440582055,44.46792092305431,7.113985448666129,336.0567446142019,0,1.7000000000000002,2.472379999643455,217.56943996862404,-12.931024875082281,10.000015661015443,,,,,,,,,,
LLOYDSENGG_MINED_BASE_G0_C215,,0,3,3,close_to_close_ema_3_daily_difference_pct >= 3.6112616349206315 AND close_ema_3_daily_volatility_5_daily >= 2.551529495595912 AND close_ema_8_daily_volatility_5_daily >= 1.0367159490053137,88,54,34,61.36363636363637,16.895715440582055,44.46792092305431,7.113985448666129,336.0567446142019,0,1.7000000000000002,2.472379999643455,217.56943996862404,-12.931024875082281,10.000015661015443,,,,,,,,,,
LLOYDSENGG_MINED_BASE_G0_C216,,0,3,3,close_to_close_ema_3_daily_difference_pct >= 3.6112616349206315 AND close_ema_3_daily_volatility_5_daily >= 2.551529495595912 AND close_ema_3_daily_range_5_pct >= 7.091176553732353,88,54,34,61.36363636363637,16.895715440582055,44.46792092305431,7.113985448666129,336.0567446142019,0,1.7000000000000002,2.472379999643455,217.56943996862404,-12.931024875082281,10.000015661015443,,,,,,,,,,
LLOYDSENGG_MINED_BASE_G0_C217,,0,3,3,close_to_close_ema_3_daily_difference_pct >= 3.6112616349206315 AND close_ema_3_daily_volatility_5_daily >= 2.551529495595912 AND close_ema_3_daily_slope_pct >= 1.1401997467767693,88,54,34,61.36363636363637,16.895715440582055,44.46792092305431,7.113985448666129,336.0567446142019,0,1.7000000000000002,2.472379999643455,217.56943996862404,-12.931024875082281,10.000015661015443,,,,,,,,,,
LLOYDSENGG_MINED_BASE_G0_C218,,0,3,3,close_to_close_ema_3_daily_difference_pct >= 3.6112616349206315 AND close_ema_3_daily_volatility_5_daily >= 2.551529495595912 AND close_ema_13_daily_volatility_5_daily >= 0.6665343015434868,88,54,34,61.36363636363637,16.895715440582055,44.46792092305431,7.113985448666129,336.0567446142019,0,1.7000000000000002,2.472379999643455,217.56943996862404,-12.931024875082281,10.000015661015443,,,,,,,,,,
LLOYDSENGG_MINED_BASE_G0_C219,,0,3,3,close_to_close_ema_3_daily_difference_pct >= 3.6112616349206315 AND close_ema_3_daily_volatility_5_daily >= 2.551529495595912 AND close_ema_3_daily_slope_pct >= 0.3776715879064552,88,54,34,61.36363636363637,16.895715440582055,44.46792092305431,7.113985448666129,336.0567446142019,0,1.7000000000000002,2.472379999643455,217.56943996862404,-12.931024875082281,10.000015661015443,,,,,,,,,,
LLOYDSENGG_MINED_BASE_G0_C220,,0,3,3,close_ema_3_daily_slope_pct >= 3.7465597082957087 AND close_ema_8_daily_volatility_5_daily >= 0.8645495401600428 AND close_ema_3_daily_volatility_5_daily >= 2.551529495595912,88,54,34,61.36363636363637,16.895715440582055,44.46792092305431,7.113985448666129,336.0567446142019,0,1.7000000000000002,2.472379999643455,217.56943996862404,-12.931024875082281,10.000015661015443,,,,,,,,,,
LLOYDSENGG_MINED_BASE_G0_C221,,0,3,3,close_ema_3_daily_slope_pct >= 3.7465597082957087 AND close_ema_3_daily_volatility_5_daily >= 2.551529495595912 AND close_ema_3_daily_range_5_pct >= 5.878821482298,88,54,34,61.36363636363637,16.895715440582055,44.46792092305431,7.113985448666129,336.0567446142019,0,1.7000000000000002,2.472379999643455,217.56943996862404,-12.931024875082281,10.000015661015443,,,,,,,,,,
LLOYDSENGG_MINED_BASE_G0_C222,,0,3,3,close_ema_3_daily_slope_pct >= 3.7465597082957087 AND close_ema_3_daily_volatility_5_daily >= 2.551529495595912 AND close_ema_8_daily_volatility_5_daily >= 1.0367159490053137,88,54,34,61.36363636363637,16.895715440582055,44.46792092305431,7.113985448666129,336.0567446142019,0,1.7000000000000002,2.472379999643455,217.56943996862404,-12.931024875082281,10.000015661015443,,,,,,,,,,
LLOYDSENGG_MINED_BASE_G0_C223,,0,3,3,close_ema_3_daily_slope_pct >= 3.7465597082957087 AND close_ema_3_daily_volatility_5_daily >= 2.551529495595912 AND close_ema_3_daily_range_5_pct >= 7.091176553732353,88,54,34,61.36363636363637,16.895715440582055,44.46792092305431,7.113985448666129,336.0567446142019,0,1.7000000000000002,2.472379999643455,217.56943996862404,-12.931024875082281,10.000015661015443,,,,,,,,,,
LLOYDSENGG_MINED_BASE_G0_C224,,0,3,3,close_ema_3_daily_slope_pct >= 3.7465597082957087 AND close_ema_3_daily_volatility_5_daily >= 2.551529495595912 AND close_to_close_ema_3_daily_difference_pct >= 1.127345753351754,88,54,34,61.36363636363637,16.895715440582055,44.46792092305431,7.113985448666129,336.0567446142019,0,1.7000000000000002,2.472379999643455,217.56943996862404,-12.931024875082281,10.000015661015443,,,,,,,,,,
LLOYDSENGG_MINED_BASE_G0_C225,,0,3,3,close_ema_3_daily_slope_pct >= 3.7465597082957087 AND close_ema_3_daily_volatility_5_daily >= 2.551529495595912 AND close_ema_13_daily_volatility_5_daily >= 0.6665343015434868,88,54,34,61.36363636363637,16.895715440582055,44.46792092305431,7.113985448666129,336.0567446142019,0,1.7000000000000002,2.472379999643455,217.56943996862404,-12.931024875082281,10.000015661015443,,,,,,,,,,
LLOYDSENGG_MINED_BASE_G0_C226,,0,3,3,close_ema_3_daily_slope_pct >= 3.7465597082957087 AND close_ema_3_daily_volatility_5_daily >= 2.551529495595912 AND close_to_close_ema_3_daily_difference_pct >= 0.37388545459352607,88,54,34,61.36363636363637,16.895715440582055,44.46792092305431,7.113985448666129,336.0567446142019,0,1.7000000000000002,2.472379999643455,217.56943996862404,-12.931024875082281,10.000015661015443,,,,,,,,,,
LLOYDSENGG_MINED_BASE_G0_C227,,0,3,3,close_ema_3_daily_slope_pct >= 2.1777186239842106 AND close_ema_8_daily_range_5_pct >= 3.117710901412895 AND close_ema_21_daily_volatility_5_daily >= 0.5048951676587204,171,85,86,49.707602339181285,16.895715440582055,32.81188689859923,13.823767178658045,335.44105240240617,0,4.3,1.8938726364700067,323.85222083637115,-12.931024875082281,19.9218788136996,,,,,,,,,,
LLOYDSENGG_MINED_BASE_G0_C228,,0,2,2,close_ema_3_daily_slope_pct >= 2.1777186239842106 AND close_ema_13_daily_volatility_5_daily >= 0.8014195041727374,171,85,86,49.707602339181285,16.895715440582055,32.81188689859923,13.823767178658045,335.3054423303203,0,4.3,1.8486692791080472,316.1224467274761,-12.931024875082281,19.9218788136996,,,,,,,,,,
LLOYDSENGG_MINED_BASE_G0_C229,,0,3,3,close_ema_3_daily_slope_pct >= 2.1777186239842106 AND close_to_close_ema_3_daily_difference_pct >= 2.1306145320817853 AND close_ema_13_daily_volatility_5_daily >= 0.8014195041727374,171,85,86,49.707602339181285,16.895715440582055,32.81188689859923,13.823767178658045,335.3054423303203,0,4.3,1.8486692791080472,316.1224467274761,-12.931024875082281,19.9218788136996,,,,,,,,,,
LLOYDSENGG_MINED_BASE_G0_C230,,0,3,3,close_ema_3_daily_slope_pct >= 2.1777186239842106 AND close_to_close_ema_3_daily_difference_pct >= 1.127345753351754 AND close_ema_13_daily_volatility_5_daily >= 0.8014195041727374,171,85,86,49.707602339181285,16.895715440582055,32.81188689859923,13.823767178658045,335.3054423303203,0,4.3,1.8486692791080472,316.1224467274761,-12.931024875082281,19.9218788136996,,,,,,,,,,
LLOYDSENGG_MINED_BASE_G0_C231,,0,3,3,close_ema_3_daily_slope_pct >= 2.1777186239842106 AND close_to_close_ema_3_daily_difference_pct >= 0.37388545459352607 AND close_ema_13_daily_volatility_5_daily >= 0.8014195041727374,171,85,86,49.707602339181285,16.895715440582055,32.81188689859923,13.823767178658045,335.3054423303203,0,4.3,1.8486692791080472,316.1224467274761,-12.931024875082281,19.9218788136996,,,,,,,,,,
LLOYDSENGG_MINED_BASE_G0_C232,,0,2,2,close_ema_3_daily_volatility_5_daily >= 2.1517313552241197 AND close_ema_8_daily_volatility_5_daily >= 0.8645495401600428,370,128,242,34.5945945945946,16.895715440582055,17.69887915401254,29.911075181891672,335.0028164321366,0,12.100000000000001,0.8694735540246353,321.70521498911506,-12.931024875082281,17.175581052420334,,,,,,,,,,
LLOYDSENGG_MINED_BASE_G0_C233,,0,3,3,close_to_close_ema_3_daily_difference_pct >= 3.6112616349206315 AND close_ema_8_daily_volatility_5_daily >= 1.0367159490053137 AND close_ema_21_daily_range_5_pct >= 1.8831689286059863,95,57,38,60,16.895715440582055,43.10428455941795,7.679870654810024,334.8569081352034,0,1.9000000000000001,2.4118284460379007,229.12370237360057,-12.931024875082281,19.9218788136996,,,,,,,,,,
LLOYDSENGG_MINED_BASE_G0_C234,,0,3,3,close_ema_3_daily_slope_pct >= 3.7465597082957087 AND close_ema_8_daily_volatility_5_daily >= 1.0367159490053137 AND close_ema_21_daily_range_5_pct >= 1.8831689286059863,95,57,38,60,16.895715440582055,43.10428455941795,7.679870654810024,334.8569081352034,0,1.9000000000000001,2.4118284460379007,229.12370237360057,-12.931024875082281,19.9218788136996,,,,,,,,,,
LLOYDSENGG_MINED_BASE_G0_C235,,0,2,2,close_to_close_ema_3_daily_difference_pct >= 3.6112616349206315 AND close_ema_13_daily_volatility_5_daily >= 0.8014195041727374,102,60,42,58.82352941176471,16.895715440582055,41.92781397118266,8.24575586095392,334.8158631992202,0,2.1,2.425597781102301,247.4109736724347,-12.931024875082281,19.9218788136996,,,,,,,,,,
LLOYDSENGG_MINED_BASE_G0_C236,,0,2,2,close_ema_3_daily_slope_pct >= 3.7465597082957087 AND close_ema_13_daily_volatility_5_daily >= 0.8014195041727374,102,60,42,58.82352941176471,16.895715440582055,41.92781397118266,8.24575586095392,334.8158631992202,0,2.1,2.425597781102301,247.4109736724347,-12.931024875082281,19.9218788136996,,,,,,,,,,
LLOYDSENGG_MINED_BASE_G0_C237,,0,3,3,close_ema_3_daily_slope_pct >= 2.1777186239842106 AND close_to_close_ema_3_daily_difference_pct >= 3.6112616349206315 AND close_ema_13_daily_volatility_5_daily >= 0.8014195041727374,102,60,42,58.82352941176471,16.895715440582055,41.92781397118266,8.24575586095392,334.8158631992202,0,2.1,2.425597781102301,247.4109736724347,-12.931024875082281,19.9218788136996,,,,,,,,,,
LLOYDSENGG_MINED_BASE_G0_C238,,0,3,3,close_to_close_ema_3_daily_difference_pct >= 2.1306145320817853 AND close_ema_3_daily_slope_pct >= 3.7465597082957087 AND close_ema_13_daily_volatility_5_daily >= 0.8014195041727374,102,60,42,58.82352941176471,16.895715440582055,41.92781397118266,8.24575586095392,334.8158631992202,0,2.1,2.425597781102301,247.4109736724347,-12.931024875082281,19.9218788136996,,,,,,,,,,
LLOYDSENGG_MINED_BASE_G0_C239,,0,3,3,close_ema_3_daily_range_5_pct >= 4.683096254230115 AND close_to_close_ema_3_daily_difference_pct >= 3.6112616349206315 AND close_ema_13_daily_volatility_5_daily >= 0.8014195041727374,102,60,42,58.82352941176471,16.895715440582055,41.92781397118266,8.24575586095392,334.8158631992202,0,2.1,2.425597781102301,247.4109736724347,-12.931024875082281,19.9218788136996,,,,,,,,,,
LLOYDSENGG_MINED_BASE_G0_C240,,0,3,3,close_ema_3_daily_range_5_pct >= 4.683096254230115 AND close_ema_3_daily_slope_pct >= 3.7465597082957087 AND close_ema_13_daily_volatility_5_daily >= 0.8014195041727374,102,60,42,58.82352941176471,16.895715440582055,41.92781397118266,8.24575586095392,334.8158631992202,0,2.1,2.425597781102301,247.4109736724347,-12.931024875082281,19.9218788136996,,,,,,,,,,
LLOYDSENGG_MINED_BASE_G0_C241,,0,3,3,close_to_close_ema_3_daily_difference_pct >= 3.6112616349206315 AND close_ema_3_daily_slope_pct >= 3.7465597082957087 AND close_ema_13_daily_volatility_5_daily >= 0.8014195041727374,102,60,42,58.82352941176471,16.895715440582055,41.92781397118266,8.24575586095392,334.8158631992202,0,2.1,2.425597781102301,247.4109736724347,-12.931024875082281,19.9218788136996,,,,,,,,,,
LLOYDSENGG_MINED_BASE_G0_C242,,0,3,3,close_to_close_ema_3_daily_difference_pct >= 3.6112616349206315 AND close_ema_21_daily_volatility_5_daily >= 0.5048951676587204 AND close_ema_13_daily_volatility_5_daily >= 0.8014195041727374,102,60,42,58.82352941176471,16.895715440582055,41.92781397118266,8.24575586095392,334.8158631992202,0,2.1,2.425597781102301,247.4109736724347,-12.931024875082281,19.9218788136996,,,,,,,,,,
LLOYDSENGG_MINED_BASE_G0_C243,,0,3,3,close_to_close_ema_3_daily_difference_pct >= 3.6112616349206315 AND close_ema_3_daily_slope_pct >= 1.1401997467767693 AND close_ema_13_daily_volatility_5_daily >= 0.8014195041727374,102,60,42,58.82352941176471,16.895715440582055,41.92781397118266,8.24575586095392,334.8158631992202,0,2.1,2.425597781102301,247.4109736724347,-12.931024875082281,19.9218788136996,,,,,,,,,,
LLOYDSENGG_MINED_BASE_G0_C244,,0,3,3,close_to_close_ema_3_daily_difference_pct >= 3.6112616349206315 AND close_ema_3_daily_slope_pct >= 0.3776715879064552 AND close_ema_13_daily_volatility_5_daily >= 0.8014195041727374,102,60,42,58.82352941176471,16.895715440582055,41.92781397118266,8.24575586095392,334.8158631992202,0,2.1,2.425597781102301,247.4109736724347,-12.931024875082281,19.9218788136996,,,,,,,,,,
LLOYDSENGG_MINED_BASE_G0_C245,,0,3,3,close_ema_3_daily_slope_pct >= 3.7465597082957087 AND close_ema_21_daily_volatility_5_daily >= 0.5048951676587204 AND close_ema_13_daily_volatility_5_daily >= 0.8014195041727374,102,60,42,58.82352941176471,16.895715440582055,41.92781397118266,8.24575586095392,334.8158631992202,0,2.1,2.425597781102301,247.4109736724347,-12.931024875082281,19.9218788136996,,,,,,,,,,
LLOYDSENGG_MINED_BASE_G0_C246,,0,3,3,close_ema_3_daily_slope_pct >= 3.7465597082957087 AND close_to_close_ema_3_daily_difference_pct >= 1.127345753351754 AND close_ema_13_daily_volatility_5_daily >= 0.8014195041727374,102,60,42,58.82352941176471,16.895715440582055,41.92781397118266,8.24575586095392,334.8158631992202,0,2.1,2.425597781102301,247.4109736724347,-12.931024875082281,19.9218788136996,,,,,,,,,,
LLOYDSENGG_MINED_BASE_G0_C247,,0,3,3,close_ema_3_daily_slope_pct >= 3.7465597082957087 AND close_to_close_ema_3_daily_difference_pct >= 0.37388545459352607 AND close_ema_13_daily_volatility_5_daily >= 0.8014195041727374,102,60,42,58.82352941176471,16.895715440582055,41.92781397118266,8.24575586095392,334.8158631992202,0,2.1,2.425597781102301,247.4109736724347,-12.931024875082281,19.9218788136996,,,,,,,,,,
LLOYDSENGG_MINED_BASE_G0_C248,,0,3,3,close_to_close_ema_3_daily_difference_pct >= 2.1306145320817853 AND close_ema_3_daily_range_5_pct >= 4.683096254230115 AND close_ema_21_daily_volatility_5_daily >= 0.5048951676587204,178,87,91,48.87640449438202,16.895715440582055,31.980689053799967,14.38965238480194,334.76794342062635,0,4.55,1.8048327172088512,321.2602236631755,-12.931024875082281,19.9218788136996,,,,,,,,,,
LLOYDSENGG_MINED_BASE_G0_C249,,0,3,3,close_ema_3_daily_slope_pct >= 2.1777186239842106 AND close_ema_21_daily_volatility_5_daily >= 0.5048951676587204 AND close_ema_13_daily_volatility_5_daily >= 0.6665343015434868,185,89,96,48.10810810810811,16.895715440582055,31.212392667526057,14.955537590945836,334.74634835358165,0,4.800000000000001,1.8281283386504616,338.2037426503354,-12.931024875082281,19.9218788136996,,,,,,,,,,
LLOYDSENGG_MINED_BASE_G0_C250,,0,3,3,close_to_close_ema_3_daily_difference_pct >= 2.1306145320817853 AND close_ema_8_daily_volatility_5_daily >= 0.8645495401600428 AND close_ema_13_daily_volatility_5_daily >= 0.8014195041727374,168,84,84,50,16.895715440582055,33.10428455941795,13.581244947453516,334.7295403938946,0,4.2,1.8027058656016177,302.85458542107176,-12.931024875082281,19.9218788136996,,,,,,,,,,
LLOYDSENGG_MINED_BASE_G0_C251,,0,3,3,close_to_close_ema_3_daily_difference_pct >= 2.1306145320817853 AND close_ema_3_daily_range_5_pct >= 4.683096254230115 AND close_ema_21_daily_range_5_pct >= 1.8831689286059863,165,83,82,50.303030303030305,16.895715440582055,33.407314862448246,13.338722716248991,334.71999937436277,0,4.1000000000000005,1.9278083540405246,318.08837841668657,-12.931024875082281,19.9218788136996,,,,,,,,,,
LLOYDSENGG_MINED_BASE_G0_C252,,0,3,3,close_ema_3_daily_slope_pct >= 2.1777186239842106 AND close_ema_3_daily_volatility_5_daily >= 1.4807591382075385 AND close_ema_13_daily_volatility_5_daily >= 0.8014195041727374,165,83,82,50.303030303030305,16.895715440582055,33.407314862448246,13.338722716248991,334.42582050251764,0,4.1000000000000005,1.8297487300921578,301.90854046520604,-12.931024875082281,19.9218788136996,,,,,,,,,,
LLOYDSENGG_MINED_BASE_G0_C253,,0,3,3,close_ema_3_daily_slope_pct >= 2.1777186239842106 AND close_ema_8_daily_volatility_5_daily >= 1.0367159490053137 AND close_ema_13_daily_volatility_5_daily >= 0.8014195041727374,162,82,80,50.617283950617285,16.895715440582055,33.721568510035226,13.096200485044463,334.070511342731,0,4,1.820889597518288,294.98411479796266,-12.931024875082281,19.9218788136996,,,,,,,,,,
LLOYDSENGG_MINED_BASE_G0_C254,,0,3,3,close_ema_3_daily_slope_pct >= 2.1777186239842106 AND close_ema_3_daily_volatility_5_daily >= 1.8141316287340417 AND close_ema_13_daily_volatility_5_daily >= 0.8014195041727374,162,82,80,50.617283950617285,16.895715440582055,33.721568510035226,13.096200485044463,334.00267316734875,0,4,1.7982768723908749,291.32085332732174,-12.931024875082281,19.9218788136996,,,,,,,,,,
LLOYDSENGG_MINED_BASE_G0_C255,,0,3,3,close_to_close_ema_3_daily_difference_pct >= 2.1306145320817853 AND close_ema_8_daily_range_5_pct >= 3.117710901412895 AND close_ema_21_daily_volatility_5_daily >= 0.5048951676587204,172,85,87,49.41860465116279,16.895715440582055,32.52288921058073,13.904607922392886,333.9145521375258,0,4.3500000000000005,1.8833686948740607,323.9394155183384,-12.931024875082281,19.9218788136996,,,,,,,,,,
LLOYDSENGG_MINED_BASE_G0_C256,,0,1,1,close_ema_3_daily_volatility_5_daily >= 2.1517313552241197,372,128,244,34.40860215053764,16.895715440582055,17.512886709955584,30.072756669361354,333.90706436429195,0,12.200000000000001,0.8475436048380167,315.2862209997422,-12.931024875082281,17.175581052420334,,,,,,,,,,
LLOYDSENGG_MINED_BASE_G0_C257,,0,3,3,close_ema_3_daily_volatility_5_daily >= 2.1517313552241197 AND close_ema_21_daily_volatility_5_daily >= 0.5048951676587204 AND close_ema_21_daily_range_5_pct >= 1.8831689286059863,312,118,194,37.82051282051282,16.895715440582055,20.924797379930762,25.22231204527082,333.8202670191312,0,9.700000000000001,0.965426706492463,301.21313242564844,-12.931024875082281,17.175581052420334,,,,,,,,,,
LLOYDSENGG_MINED_BASE_G0_C258,,0,3,3,close_to_close_ema_3_daily_difference_pct >= 3.6112616349206315 AND close_ema_3_daily_range_5_pct >= 5.878821482298 AND close_ema_13_daily_volatility_5_daily >= 0.8014195041727374,100,59,41,59,16.895715440582055,42.10428455941795,8.084074373484237,333.8148110758936,0,2.0500000000000003,2.4477960929346425,244.77960929346423,-12.931024875082281,19.9218788136996,,,,,,,,,,
LLOYDSENGG_MINED_BASE_G0_C259,,0,3,3,close_ema_3_daily_slope_pct >= 3.7465597082957087 AND close_ema_3_daily_range_5_pct >= 5.878821482298 AND close_ema_13_daily_volatility_5_daily >= 0.8014195041727374,100,59,41,59,16.895715440582055,42.10428455941795,8.084074373484237,333.8148110758936,0,2.0500000000000003,2.4477960929346425,244.77960929346423,-12.931024875082281,19.9218788136996,,,,,,,,,,
LLOYDSENGG_MINED_BASE_G0_C260,,0,2,2,close_to_close_ema_3_daily_difference_pct >= 2.1306145320817853 AND close_ema_13_daily_volatility_5_daily >= 0.8014195041727374,172,85,87,49.41860465116279,16.895715440582055,32.52288921058073,13.904607922392886,333.7797304960916,0,4.3500000000000005,1.8384281477293218,316.20964140944335,-12.931024875082281,19.9218788136996,,,,,,,,,,
LLOYDSENGG_MINED_BASE_G0_C261,,0,3,3,close_to_close_ema_3_daily_difference_pct >= 2.1306145320817853 AND close_ema_3_daily_slope_pct >= 1.1401997467767693 AND close_ema_13_daily_volatility_5_daily >= 0.8014195041727374,172,85,87,49.41860465116279,16.895715440582055,32.52288921058073,13.904607922392886,333.7797304960916,0,4.3500000000000005,1.8384281477293218,316.20964140944335,-12.931024875082281,19.9218788136996,,,,,,,,,,
LLOYDSENGG_MINED_BASE_G0_C262,,0,3,3,close_to_close_ema_3_daily_difference_pct >= 2.1306145320817853 AND close_ema_3_daily_slope_pct >= 0.3776715879064552 AND close_ema_13_daily_volatility_5_daily >= 0.8014195041727374,172,85,87,49.41860465116279,16.895715440582055,32.52288921058073,13.904607922392886,333.7797304960916,0,4.3500000000000005,1.8384281477293218,316.20964140944335,-12.931024875082281,19.9218788136996,,,,,,,,,,
LLOYDSENGG_MINED_BASE_G0_C263,,0,3,3,close_ema_3_daily_range_5_pct >= 4.683096254230115 AND close_to_close_ema_3_daily_difference_pct >= 3.6112616349206315 AND close_ema_21_daily_range_5_pct >= 1.8831689286059863,100,59,41,59,16.895715440582055,42.10428455941795,8.084074373484237,333.68723916645405,0,2.0500000000000003,2.405272123121454,240.5272123121454,-12.931024875082281,19.9218788136996,,,,,,,,,,
LLOYDSENGG_MINED_BASE_G0_C264,,0,3,3,close_ema_3_daily_range_5_pct >= 4.683096254230115 AND close_ema_3_daily_slope_pct >= 3.7465597082957087 AND close_ema_21_daily_range_5_pct >= 1.8831689286059863,100,59,41,59,16.895715440582055,42.10428455941795,8.084074373484237,333.68723916645405,0,2.0500000000000003,2.405272123121454,240.5272123121454,-12.931024875082281,19.9218788136996,,,,,,,,,,
LLOYDSENGG_MINED_BASE_G0_C265,,0,3,3,close_to_close_ema_3_daily_difference_pct >= 2.1306145320817853 AND close_ema_21_daily_volatility_5_daily >= 0.5048951676587204 AND close_ema_13_daily_volatility_5_daily >= 0.6665343015434868,186,89,97,47.8494623655914,16.895715440582055,30.953746925009344,15.036378334680677,333.3750400658903,0,4.8500000000000005,1.8187684802811972,338.2909373323027,-12.931024875082281,19.9218788136996,,,,,,,,,,
LLOYDSENGG_MINED_BASE_G0_C266,,0,3,3,close_to_close_ema_3_daily_difference_pct >= 2.1306145320817853 AND close_ema_3_daily_volatility_5_daily >= 1.4807591382075385 AND close_ema_13_daily_volatility_5_daily >= 0.8014195041727374,166,83,83,50,16.895715440582055,33.10428455941795,13.419563459983832,332.82917704673747,0,4.15,1.8192514165492368,301.9957351471733,-12.931024875082281,19.9218788136996,,,,,,,,,,
LLOYDSENGG_MINED_BASE_G0_C267,,0,3,3,close_to_close_ema_3_daily_difference_pct >= 3.6112616349206315 AND close_ema_3_daily_range_5_pct >= 5.878821482298 AND close_ema_21_daily_range_5_pct >= 1.8831689286059863,98,58,40,59.183673469387756,16.895715440582055,42.287958028805704,7.922392886014551,332.7223161011665,0,2,2.4275086523793354,237.89584793317488,-12.931024875082281,19.9218788136996,,,,,,,,,,
LLOYDSENGG_MINED_BASE_G0_C268,,0,3,3,close_ema_3_daily_slope_pct >= 3.7465597082957087 AND close_ema_3_daily_range_5_pct >= 5.878821482298 AND close_ema_21_daily_range_5_pct >= 1.8831689286059863,98,58,40,59.183673469387756,16.895715440582055,42.287958028805704,7.922392886014551,332.7223161011665,0,2,2.4275086523793354,237.89584793317488,-12.931024875082281,19.9218788136996,,,,,,,,,,
LLOYDSENGG_MINED_BASE_G0_C269,,0,3,3,close_ema_3_daily_slope_pct >= 2.1777186239842106 AND close_ema_21_daily_range_5_pct >= 1.8831689286059863 AND close_ema_13_daily_volatility_5_daily >= 0.6665343015434868,173,85,88,49.13294797687861,16.895715440582055,32.23723253629656,13.985448666127729,332.5144571261941,0,4.4,1.9094314815704263,330.33164631168376,-12.931024875082281,19.9218788136996,,,,,,,,,,
LLOYDSENGG_MINED_BASE_G0_C270,,0,3,3,close_to_close_ema_3_daily_difference_pct >= 2.1306145320817853 AND close_ema_8_daily_volatility_5_daily >= 1.0367159490053137 AND close_ema_13_daily_volatility_5_daily >= 0.8014195041727374,163,82,81,50.306748466257666,16.895715440582055,33.41103302567561,13.177041228779304,332.4359254255546,0,4.05,1.8102534323922082,295.07130947992994,-12.931024875082281,19.9218788136996,,,,,,,,,,
LLOYDSENGG_MINED_BASE_G0_C271,,0,3,3,close_to_close_ema_3_daily_difference_pct >= 2.1306145320817853 AND close_ema_3_daily_volatility_5_daily >= 1.8141316287340417 AND close_ema_13_daily_volatility_5_daily >= 0.8014195041727374,163,82,81,50.306748466257666,16.895715440582055,33.41103302567561,13.177041228779304,332.36850343529744,0,4.05,1.78777943563981,291.408048009289,-12.931024875082281,19.9218788136996,,,,,,,,,,
LLOYDSENGG_MINED_BASE_G0_C272,,0,2,2,close_ema_3_daily_volatility_5_daily >= 2.1517313552241197 AND close_ema_8_daily_volatility_5_daily >= 1.0367159490053137,356,125,231,35.1123595505618,16.895715440582055,18.216644109979743,28.77930476960388,332.23224002975763,0,11.55,0.8996731599529734,320.28364494325854,-12.931024875082281,17.175581052420334,,,,,,,,,,
LLOYDSENGG_MINED_BASE_G0_C273,,0,3,3,close_to_close_ema_3_daily_difference_pct >= 3.6112616349206315 AND close_ema_8_daily_range_5_pct >= 3.117710901412895 AND close_ema_3_daily_volatility_5_daily >= 2.551529495595912,87,53,34,60.91954022988506,16.895715440582055,44.023824789303006,7.033144704931285,331.75330920806584,0,1.7000000000000002,2.444728420516918,212.6913725849719,-12.931024875082281,10.000015661015443,,,,,,,,,,
LLOYDSENGG_MINED_BASE_G0_C274,,0,3,3,close_ema_3_daily_slope_pct >= 3.7465597082957087 AND close_ema_8_daily_range_5_pct >= 3.117710901412895 AND close_ema_3_daily_volatility_5_daily >= 2.551529495595912,87,53,34,60.91954022988506,16.895715440582055,44.023824789303006,7.033144704931285,331.75330920806584,0,1.7000000000000002,2.444728420516918,212.6913725849719,-12.931024875082281,10.000015661015443,,,,,,,,,,
LLOYDSENGG_MINED_BASE_G0_C275,,0,3,3,close_ema_3_daily_volatility_5_daily >= 2.1517313552241197 AND close_ema_3_daily_slope_pct >= 2.1777186239842106 AND close_ema_13_daily_volatility_5_daily >= 0.8014195041727374,151,78,73,51.65562913907284,16.895715440582055,34.75991369849079,12.206952303961197,331.3420026511751,0,3.6500000000000004,1.7308113862403849,261.3525193222981,-12.931024875082281,10.000015661015443,,,,,,,,,,
LLOYDSENGG_MINED_BASE_G0_C276,,0,3,3,close_to_close_ema_3_daily_difference_pct >= 2.1306145320817853 AND close_ema_21_daily_range_5_pct >= 1.8831689286059863 AND close_ema_13_daily_volatility_5_daily >= 0.6665343015434868,174,85,89,48.85057471264368,16.895715440582055,31.954859272061622,14.06628940986257,331.02117292916415,0,4.45,1.8989588562853508,330.41884099365103,-12.931024875082281,19.9218788136996,,,,,,,,,,
LLOYDSENGG_MINED_BASE_G0_C277,,0,3,3,close_ema_3_daily_volatility_5_daily >= 1.4807591382075385 AND close_to_close_ema_3_daily_difference_pct >= 3.6112616349206315 AND close_ema_13_daily_volatility_5_daily >= 0.8014195041727374,101,59,42,58.415841584158414,16.895715440582055,41.52012614357636,8.164915117219078,330.7547465877773,0,2.1,2.418038623298504,244.2219009531489,-12.931024875082281,19.9218788136996,,,,,,,,,,
LLOYDSENGG_MINED_BASE_G0_C278,,0,3,3,close_ema_3_daily_volatility_5_daily >= 1.4807591382075385 AND close_ema_3_daily_slope_pct >= 3.7465597082957087 AND close_ema_13_daily_volatility_5_daily >= 0.8014195041727374,101,59,42,58.415841584158414,16.895715440582055,41.52012614357636,8.164915117219078,330.7547465877773,0,2.1,2.418038623298504,244.2219009531489,-12.931024875082281,19.9218788136996,,,,,,,,,,
LLOYDSENGG_MINED_BASE_G0_C279,,0,3,3,close_to_close_ema_3_daily_difference_pct >= 3.6112616349206315 AND close_ema_8_daily_volatility_5_daily >= 0.8645495401600428 AND close_ema_13_daily_volatility_5_daily >= 0.8014195041727374,101,59,42,58.415841584158414,16.895715440582055,41.52012614357636,8.164915117219078,330.7547465877773,0,2.1,2.418038623298504,244.2219009531489,-12.931024875082281,19.9218788136996,,,,,,,,,,
LLOYDSENGG_MINED_BASE_G0_C280,,0,3,3,close_to_close_ema_3_daily_difference_pct >= 3.6112616349206315 AND close_ema_3_daily_volatility_5_daily >= 1.8141316287340417 AND close_ema_13_daily_volatility_5_daily >= 0.8014195041727374,101,59,42,58.415841584158414,16.895715440582055,41.52012614357636,8.164915117219078,330.7547465877773,0,2.1,2.418038623298504,244.2219009531489,-12.931024875082281,19.9218788136996,,,,,,,,,,
LLOYDSENGG_MINED_BASE_G0_C281,,0,3,3,close_to_close_ema_3_daily_difference_pct >= 3.6112616349206315 AND close_ema_8_daily_volatility_5_daily >= 1.0367159490053137 AND close_ema_13_daily_volatility_5_daily >= 0.8014195041727374,101,59,42,58.415841584158414,16.895715440582055,41.52012614357636,8.164915117219078,330.7547465877773,0,2.1,2.418038623298504,244.2219009531489,-12.931024875082281,19.9218788136996,,,,,,,,,,
LLOYDSENGG_MINED_BASE_G0_C282,,0,3,3,close_ema_3_daily_slope_pct >= 3.7465597082957087 AND close_ema_8_daily_volatility_5_daily >= 0.8645495401600428 AND close_ema_13_daily_volatility_5_daily >= 0.8014195041727374,101,59,42,58.415841584158414,16.895715440582055,41.52012614357636,8.164915117219078,330.7547465877773,0,2.1,2.418038623298504,244.2219009531489,-12.931024875082281,19.9218788136996,,,,,,,,,,
LLOYDSENGG_MINED_BASE_G0_C283,,0,3,3,close_ema_3_daily_slope_pct >= 3.7465597082957087 AND close_ema_3_daily_volatility_5_daily >= 1.8141316287340417 AND close_ema_13_daily_volatility_5_daily >= 0.8014195041727374,101,59,42,58.415841584158414,16.895715440582055,41.52012614357636,8.164915117219078,330.7547465877773,0,2.1,2.418038623298504,244.2219009531489,-12.931024875082281,19.9218788136996,,,,,,,,,,
LLOYDSENGG_MINED_BASE_G0_C284,,0,3,3,close_ema_3_daily_slope_pct >= 3.7465597082957087 AND close_ema_8_daily_volatility_5_daily >= 1.0367159490053137 AND close_ema_13_daily_volatility_5_daily >= 0.8014195041727374,101,59,42,58.415841584158414,16.895715440582055,41.52012614357636,8.164915117219078,330.7547465877773,0,2.1,2.418038623298504,244.2219009531489,-12.931024875082281,19.9218788136996,,,,,,,,,,
LLOYDSENGG_MINED_BASE_G0_C285,,0,2,2,close_ema_3_daily_volatility_5_daily >= 2.1517313552241197 AND close_ema_21_daily_range_5_pct >= 1.8831689286059863,317,118,199,37.22397476340694,16.895715440582055,20.328259322824888,25.62651576394503,330.4814181563011,0,9.950000000000001,0.930040514058902,294.82284295667193,-12.931024875082281,17.175581052420334,,,,,,,,,,
LLOYDSENGG_MINED_BASE_G0_C286,,0,3,3,close_ema_3_daily_volatility_5_daily >= 2.1517313552241197 AND close_ema_8_daily_volatility_5_daily >= 0.8645495401600428 AND close_ema_21_daily_range_5_pct >= 1.8831689286059863,317,118,199,37.22397476340694,16.895715440582055,20.328259322824888,25.62651576394503,330.4814181563011,0,9.950000000000001,0.930040514058902,294.82284295667193,-12.931024875082281,17.175581052420334,,,,,,,,,,
LLOYDSENGG_MINED_BASE_G0_C287,,0,3,3,close_ema_3_daily_slope_pct >= 2.1777186239842106 AND close_ema_3_daily_volatility_5_daily >= 1.8141316287340417 AND close_ema_8_daily_volatility_5_daily >= 1.0367159490053137,178,86,92,48.31460674157304,16.895715440582055,31.418891300990982,14.38965238480194,330.11123035760687,0,4.6000000000000005,1.8722579508839983,333.2619152573517,-12.931024875082281,19.9218788136996,,,,,,,,,,
LLOYDSENGG_MINED_BASE_G0_C288,,0,2,2,close_to_close_ema_3_daily_difference_pct >= 3.6112616349206315 AND close_ema_21_daily_volatility_5_daily >= 0.5048951676587204,111,63,48,56.75675675675676,16.895715440582055,39.861041316174706,8.973322554567503,329.9011333050006,0,2.4000000000000004,2.3319755747090167,258.84928879270086,-12.931024875082281,19.9218788136996,,,,,,,,,,
LLOYDSENGG_MINED_BASE_G0_C289,,0,2,2,close_ema_3_daily_slope_pct >= 3.7465597082957087 AND close_ema_21_daily_volatility_5_daily >= 0.5048951676587204,111,63,48,56.75675675675676,16.895715440582055,39.861041316174706,8.973322554567503,329.9011333050006,0,2.4000000000000004,2.3319755747090167,258.84928879270086,-12.931024875082281,19.9218788136996,,,,,,,,,,
LLOYDSENGG_MINED_BASE_G0_C290,,0,3,3,close_ema_3_daily_slope_pct >= 2.1777186239842106 AND close_to_close_ema_3_daily_difference_pct >= 3.6112616349206315 AND close_ema_21_daily_volatility_5_daily >= 0.5048951676587204,111,63,48,56.75675675675676,16.895715440582055,39.861041316174706,8.973322554567503,329.9011333050006,0,2.4000000000000004,2.3319755747090167,258.84928879270086,-12.931024875082281,19.9218788136996,,,,,,,,,,
LLOYDSENGG_MINED_BASE_G0_C291,,0,3,3,close_to_close_ema_3_daily_difference_pct >= 2.1306145320817853 AND close_ema_3_daily_slope_pct >= 3.7465597082957087 AND close_ema_21_daily_volatility_5_daily >= 0.5048951676587204,111,63,48,56.75675675675676,16.895715440582055,39.861041316174706,8.973322554567503,329.9011333050006,0,2.4000000000000004,2.3319755747090167,258.84928879270086,-12.931024875082281,19.9218788136996,,,,,,,,,,
LLOYDSENGG_MINED_BASE_G0_C292,,0,3,3,close_to_close_ema_3_daily_difference_pct >= 3.6112616349206315 AND close_ema_3_daily_slope_pct >= 3.7465597082957087 AND close_ema_21_daily_volatility_5_daily >= 0.5048951676587204,111,63,48,56.75675675675676,16.895715440582055,39.861041316174706,8.973322554567503,329.9011333050006,0,2.4000000000000004,2.3319755747090167,258.84928879270086,-12.931024875082281,19.9218788136996,,,,,,,,,,
LLOYDSENGG_MINED_BASE_G0_C293,,0,3,3,close_to_close_ema_3_daily_difference_pct >= 3.6112616349206315 AND close_ema_21_daily_volatility_5_daily >= 0.5048951676587204 AND close_ema_3_daily_slope_pct >= 1.1401997467767693,111,63,48,56.75675675675676,16.895715440582055,39.861041316174706,8.973322554567503,329.9011333050006,0,2.4000000000000004,2.3319755747090167,258.84928879270086,-12.931024875082281,19.9218788136996,,,,,,,,,,
LLOYDSENGG_MINED_BASE_G0_C294,,0,3,3,close_to_close_ema_3_daily_difference_pct >= 3.6112616349206315 AND close_ema_21_daily_volatility_5_daily >= 0.5048951676587204 AND close_ema_3_daily_slope_pct >= 0.3776715879064552,111,63,48,56.75675675675676,16.895715440582055,39.861041316174706,8.973322554567503,329.9011333050006,0,2.4000000000000004,2.3319755747090167,258.84928879270086,-12.931024875082281,19.9218788136996,,,,,,,,,,
LLOYDSENGG_MINED_BASE_G0_C295,,0,3,3,close_ema_3_daily_slope_pct >= 3.7465597082957087 AND close_ema_21_daily_volatility_5_daily >= 0.5048951676587204 AND close_to_close_ema_3_daily_difference_pct >= 1.127345753351754,111,63,48,56.75675675675676,16.895715440582055,39.861041316174706,8.973322554567503,329.9011333050006,0,2.4000000000000004,2.3319755747090167,258.84928879270086,-12.931024875082281,19.9218788136996,,,,,,,,,,
LLOYDSENGG_MINED_BASE_G0_C296,,0,3,3,close_ema_3_daily_slope_pct >= 3.7465597082957087 AND close_ema_21_daily_volatility_5_daily >= 0.5048951676587204 AND close_to_close_ema_3_daily_difference_pct >= 0.37388545459352607,111,63,48,56.75675675675676,16.895715440582055,39.861041316174706,8.973322554567503,329.9011333050006,0,2.4000000000000004,2.3319755747090167,258.84928879270086,-12.931024875082281,19.9218788136996,,,,,,,,,,
LLOYDSENGG_MINED_BASE_G0_C297,,0,3,3,close_ema_3_daily_slope_pct >= 2.1777186239842106 AND close_ema_21_daily_volatility_5_daily >= 0.5048951676587204 AND close_ema_8_daily_volatility_5_daily >= 1.2672772609808338,149,77,72,51.67785234899329,16.895715440582055,34.78213690841123,12.045270816491511,329.8672665861715,0,3.6,1.8521940147051172,275.9769081910625,-12.931024875082281,19.9218788136996,,,,,,,,,,
LLOYDSENGG_MINED_BASE_G0_C298,,0,3,3,close_ema_3_daily_volatility_5_daily >= 2.1517313552241197 AND close_ema_3_daily_range_5_pct >= 4.683096254230115 AND close_ema_21_daily_volatility_5_daily >= 0.5048951676587204,318,118,200,37.10691823899371,16.895715440582055,20.21120279841165,25.70735650767987,329.7055886505229,0,10,0.8831915528215403,280.8549137972498,-12.931024875082281,17.175581052420334,,,,,,,,,,
LLOYDSENGG_MINED_BASE_G0_C299,,0,3,3,close_ema_3_daily_volatility_5_daily >= 2.1517313552241197 AND close_to_close_ema_3_daily_difference_pct >= 2.1306145320817853 AND close_ema_13_daily_volatility_5_daily >= 0.8014195041727374,152,78,74,51.31578947368421,16.895715440582055,34.42007403310215,12.287793047696038,329.5603645208581,0,3.7,1.719998118449114,261.43971400426534,-12.931024875082281,10.000015661015443,,,,,,,,,,
LLOYDSENGG_MINED_BASE_G0_C300,,0,2,2,close_ema_3_daily_slope_pct >= 2.1777186239842106 AND close_ema_3_daily_volatility_5_daily >= 2.551529495595912,132,71,61,53.78787878787878,16.895715440582055,36.89216334729673,10.670978172999192,329.4564060801459,0,3.0500000000000003,2.015196447887419,266.0059311211393,-12.931024875082281,10.000015661015443,,,,,,,,,,
LLOYDSENGG_MINED_BASE_G0_C301,,0,2,2,close_to_close_ema_3_daily_difference_pct >= 2.1306145320817853 AND close_ema_3_daily_volatility_5_daily >= 2.551529495595912,132,71,61,53.78787878787878,16.895715440582055,36.89216334729673,10.670978172999192,329.4564060801459,0,3.0500000000000003,2.015196447887419,266.0059311211393,-12.931024875082281,10.000015661015443,,,,,,,,,,
LLOYDSENGG_MINED_BASE_G0_C302,,0,3,3,close_ema_3_daily_slope_pct >= 2.1777186239842106 AND close_to_close_ema_3_daily_difference_pct >= 2.1306145320817853 AND close_ema_3_daily_volatility_5_daily >= 2.551529495595912,132,71,61,53.78787878787878,16.895715440582055,36.89216334729673,10.670978172999192,329.4564060801459,0,3.0500000000000003,2.015196447887419,266.0059311211393,-12.931024875082281,10.000015661015443,,,,,,,,,,
LLOYDSENGG_MINED_BASE_G0_C303,,0,3,3,close_ema_3_daily_slope_pct >= 2.1777186239842106 AND close_ema_8_daily_volatility_5_daily >= 0.8645495401600428 AND close_ema_3_daily_volatility_5_daily >= 2.551529495595912,132,71,61,53.78787878787878,16.895715440582055,36.89216334729673,10.670978172999192,329.4564060801459,0,3.0500000000000003,2.015196447887419,266.0059311211393,-12.931024875082281,10.000015661015443,,,,,,,,,,
LLOYDSENGG_MINED_BASE_G0_C304,,0,3,3,close_ema_3_daily_slope_pct >= 2.1777186239842106 AND close_ema_3_daily_volatility_5_daily >= 2.551529495595912 AND close_to_close_ema_3_daily_difference_pct >= 1.127345753351754,132,71,61,53.78787878787878,16.895715440582055,36.89216334729673,10.670978172999192,329.4564060801459,0,3.0500000000000003,2.015196447887419,266.0059311211393,-12.931024875082281,10.000015661015443,,,,,,,,,,
LLOYDSENGG_MINED_BASE_G0_C305,,0,3,3,close_ema_3_daily_slope_pct >= 2.1777186239842106 AND close_ema_3_daily_volatility_5_daily >= 2.551529495595912 AND close_to_close_ema_3_daily_difference_pct >= 0.37388545459352607,132,71,61,53.78787878787878,16.895715440582055,36.89216334729673,10.670978172999192,329.4564060801459,0,3.0500000000000003,2.015196447887419,266.0059311211393,-12.931024875082281,10.000015661015443,,,,,,,,,,
LLOYDSENGG_MINED_BASE_G0_C306,,0,3,3,close_to_close_ema_3_daily_difference_pct >= 2.1306145320817853 AND close_ema_8_daily_volatility_5_daily >= 0.8645495401600428 AND close_ema_3_daily_volatility_5_daily >= 2.551529495595912,132,71,61,53.78787878787878,16.895715440582055,36.89216334729673,10.670978172999192,329.4564060801459,0,3.0500000000000003,2.015196447887419,266.0059311211393,-12.931024875082281,10.000015661015443,,,,,,,,,,
LLOYDSENGG_MINED_BASE_G0_C307,,0,3,3,close_to_close_ema_3_daily_difference_pct >= 2.1306145320817853 AND close_ema_3_daily_volatility_5_daily >= 2.551529495595912 AND close_ema_3_daily_slope_pct >= 1.1401997467767693,132,71,61,53.78787878787878,16.895715440582055,36.89216334729673,10.670978172999192,329.4564060801459,0,3.0500000000000003,2.015196447887419,266.0059311211393,-12.931024875082281,10.000015661015443,,,,,,,,,,
LLOYDSENGG_MINED_BASE_G0_C308,,0,3,3,close_to_close_ema_3_daily_difference_pct >= 2.1306145320817853 AND close_ema_3_daily_volatility_5_daily >= 2.551529495595912 AND close_ema_3_daily_slope_pct >= 0.3776715879064552,132,71,61,53.78787878787878,16.895715440582055,36.89216334729673,10.670978172999192,329.4564060801459,0,3.0500000000000003,2.015196447887419,266.0059311211393,-12.931024875082281,10.000015661015443,,,,,,,,,,
LLOYDSENGG_MINED_BASE_G0_C309,,0,3,3,close_ema_3_daily_slope_pct >= 2.1777186239842106 AND close_ema_3_daily_range_5_pct >= 5.878821482298 AND close_ema_21_daily_volatility_5_daily >= 0.5048951676587204,165,82,83,49.696969696969695,16.895715440582055,32.80125425638764,13.338722716248991,329.24158729997305,0,4.15,1.7951053393449306,296.1923809919135,-12.931024875082281,19.9218788136996,,,,,,,,,,
LLOYDSENGG_MINED_BASE_G0_C310,,0,3,3,close_ema_3_daily_slope_pct >= 2.1777186239842106 AND close_ema_8_daily_range_5_pct >= 3.117710901412895 AND close_ema_21_daily_range_5_pct >= 1.8831689286059863,162,81,81,50,16.895715440582055,33.10428455941795,13.096200485044463,329.1963229470843,0,4.05,1.908300049998204,309.14460809970905,-12.931024875082281,19.9218788136996,,,,,,,,,,
LLOYDSENGG_MINED_BASE_G0_C311,,0,3,3,close_ema_3_daily_range_5_pct >= 4.683096254230115 AND close_ema_21_daily_range_5_pct >= 6.280967301429598 AND close_ema_3_daily_slope_pct >= 0.3776715879064552,77,48,29,62.33766233766234,16.895715440582055,45.441946897080285,6.224737267582862,328.8883533605367,0,1.4500000000000002,2.3762062917117546,182.9678844618051,-9.254259760270903,10.000014739437525,,,,,,,,,,
LLOYDSENGG_MINED_BASE_G0_C312,,0,3,3,close_ema_3_daily_range_5_pct >= 4.683096254230115 AND close_ema_21_daily_range_5_pct >= 6.280967301429598 AND close_to_close_ema_3_daily_difference_pct >= 0.37388545459352607,77,48,29,62.33766233766234,16.895715440582055,45.441946897080285,6.224737267582862,328.8883533605367,0,1.4500000000000002,2.3762062917117546,182.9678844618051,-9.254259760270903,10.000014739437525,,,,,,,,,,
LLOYDSENGG_MINED_BASE_G0_C313,,0,3,3,close_ema_3_daily_range_5_pct >= 5.878821482298 AND close_ema_21_daily_range_5_pct >= 6.280967301429598 AND close_ema_3_daily_slope_pct >= 0.3776715879064552,77,48,29,62.33766233766234,16.895715440582055,45.441946897080285,6.224737267582862,328.8883533605367,0,1.4500000000000002,2.3762062917117546,182.9678844618051,-9.254259760270903,10.000014739437525,,,,,,,,,,
LLOYDSENGG_MINED_BASE_G0_C314,,0,3,3,close_ema_3_daily_range_5_pct >= 5.878821482298 AND close_ema_21_daily_range_5_pct >= 6.280967301429598 AND close_to_close_ema_3_daily_difference_pct >= 0.37388545459352607,77,48,29,62.33766233766234,16.895715440582055,45.441946897080285,6.224737267582862,328.8883533605367,0,1.4500000000000002,2.3762062917117546,182.9678844618051,-9.254259760270903,10.000014739437525,,,,,,,,,,
LLOYDSENGG_MINED_BASE_G0_C315,,0,3,3,close_to_close_ema_3_daily_difference_pct >= 3.6112616349206315 AND close_ema_21_daily_volatility_5_daily >= 0.5048951676587204 AND close_ema_8_daily_volatility_5_daily >= 1.0367159490053137,104,60,44,57.692307692307686,16.895715440582055,40.79659225172563,8.407437348423606,328.7705908860614,0,2.2,2.3292098758110824,242.23782708435257,-12.931024875082281,19.9218788136996,,,,,,,,,,
LLOYDSENGG_MINED_BASE_G0_C316,,0,3,3,close_ema_3_daily_slope_pct >= 3.7465597082957087 AND close_ema_21_daily_volatility_5_daily >= 0.5048951676587204 AND close_ema_8_daily_volatility_5_daily >= 1.0367159490053137,104,60,44,57.692307692307686,16.895715440582055,40.79659225172563,8.407437348423606,328.7705908860614,0,2.2,2.3292098758110824,242.23782708435257,-12.931024875082281,19.9218788136996,,,,,,,,,,
LLOYDSENGG_MINED_BASE_G0_C317,,0,3,3,close_to_close_ema_3_daily_difference_pct >= 2.1306145320817853 AND close_ema_3_daily_volatility_5_daily >= 1.8141316287340417 AND close_ema_8_daily_volatility_5_daily >= 1.0367159490053137,179,86,93,48.04469273743017,16.895715440582055,31.148977296848113,14.470493128536782,328.6817430754024,0,4.65,1.862285530387256,333.34910993931885,-12.931024875082281,19.9218788136996,,,,,,,,,,
LLOYDSENGG_MINED_BASE_G0_C318,,0,3,3,close_ema_3_daily_slope_pct >= 2.1777186239842106 AND close_ema_21_daily_range_5_pct >= 1.8831689286059863 AND close_ema_8_daily_volatility_5_daily >= 1.2672772609808338,138,73,65,52.89855072463768,16.895715440582055,36.00283528405562,11.156022635408245,328.47560068544936,0,3.25,1.9038080883904236,262.72551619787845,-12.931024875082281,19.9218788136996,,,,,,,,,,
LLOYDSENGG_MINED_BASE_G0_C319,,0,3,3,close_to_close_ema_3_daily_difference_pct >= 3.6112616349206315 AND close_ema_21_daily_volatility_5_daily >= 0.5048951676587204 AND close_ema_13_daily_volatility_5_daily >= 0.6665343015434868,109,62,47,56.88073394495413,16.895715440582055,39.98501850437208,8.811641067097817,328.40106831483973,0,2.35,2.2753252643264563,248.01045381158372,-12.931024875082281,19.9218788136996,,,,,,,,,,
LLOYDSENGG_MINED_BASE_G0_C320,,0,3,3,close_ema_3_daily_slope_pct >= 3.7465597082957087 AND close_ema_21_daily_volatility_5_daily >= 0.5048951676587204 AND close_ema_13_daily_volatility_5_daily >= 0.6665343015434868,109,62,47,56.88073394495413,16.895715440582055,39.98501850437208,8.811641067097817,328.40106831483973,0,2.35,2.2753252643264563,248.01045381158372,-12.931024875082281,19.9218788136996,,,,,,,,,,
LLOYDSENGG_MINED_BASE_G0_C321,,0,3,3,close_ema_3_daily_volatility_5_daily >= 1.4807591382075385 AND close_to_close_ema_3_daily_difference_pct >= 3.6112616349206315 AND close_ema_21_daily_range_5_pct >= 1.8831689286059863,97,57,40,58.76288659793815,16.895715440582055,41.8671711573561,7.841552142279709,328.31862726548786,0,2,2.327590492902459,225.77627781153853,-12.931024875082281,19.9218788136996,,,,,,,,,,
LLOYDSENGG_MINED_BASE_G0_C322,,0,3,3,close_ema_3_daily_volatility_5_daily >= 1.4807591382075385 AND close_ema_3_daily_slope_pct >= 3.7465597082957087 AND close_ema_21_daily_range_5_pct >= 1.8831689286059863,97,57,40,58.76288659793815,16.895715440582055,41.8671711573561,7.841552142279709,328.31862726548786,0,2,2.327590492902459,225.77627781153853,-12.931024875082281,19.9218788136996,,,,,,,,,,
LLOYDSENGG_MINED_BASE_G0_C323,,0,3,3,close_to_close_ema_3_daily_difference_pct >= 3.6112616349206315 AND close_ema_8_daily_volatility_5_daily >= 0.8645495401600428 AND close_ema_21_daily_range_5_pct >= 1.8831689286059863,97,57,40,58.76288659793815,16.895715440582055,41.8671711573561,7.841552142279709,328.31862726548786,0,2,2.327590492902459,225.77627781153853,-12.931024875082281,19.9218788136996,,,,,,,,,,
LLOYDSENGG_MINED_BASE_G0_C324,,0,3,3,close_to_close_ema_3_daily_difference_pct >= 3.6112616349206315 AND close_ema_3_daily_volatility_5_daily >= 1.8141316287340417 AND close_ema_21_daily_range_5_pct >= 1.8831689286059863,97,57,40,58.76288659793815,16.895715440582055,41.8671711573561,7.841552142279709,328.31862726548786,0,2,2.327590492902459,225.77627781153853,-12.931024875082281,19.9218788136996,,,,,,,,,,
LLOYDSENGG_MINED_BASE_G0_C325,,0,3,3,close_ema_3_daily_slope_pct >= 3.7465597082957087 AND close_ema_8_daily_volatility_5_daily >= 0.8645495401600428 AND close_ema_21_daily_range_5_pct >= 1.8831689286059863,97,57,40,58.76288659793815,16.895715440582055,41.8671711573561,7.841552142279709,328.31862726548786,0,2,2.327590492902459,225.77627781153853,-12.931024875082281,19.9218788136996,,,,,,,,,,
LLOYDSENGG_MINED_BASE_G0_C326,,0,3,3,close_ema_3_daily_slope_pct >= 3.7465597082957087 AND close_ema_3_daily_volatility_5_daily >= 1.8141316287340417 AND close_ema_21_daily_range_5_pct >= 1.8831689286059863,97,57,40,58.76288659793815,16.895715440582055,41.8671711573561,7.841552142279709,328.31862726548786,0,2,2.327590492902459,225.77627781153853,-12.931024875082281,19.9218788136996,,,,,,,,,,
LLOYDSENGG_MINED_BASE_G0_C327,,0,3,3,close_ema_3_daily_volatility_5_daily >= 2.1517313552241197 AND close_ema_8_daily_volatility_5_daily >= 1.0367159490053137 AND close_ema_21_daily_range_5_pct >= 1.8831689286059863,315,117,198,37.142857142857146,16.895715440582055,20.24714170227509,25.464834276475344,328.12583308991134,0,9.9,0.9300415261786276,292.9630807462677,-12.931024875082281,17.175581052420334,,,,,,,,,,
LLOYDSENGG_MINED_BASE_G0_C328,,0,3,3,close_to_close_ema_3_daily_difference_pct >= 2.1306145320817853 AND close_ema_21_daily_volatility_5_daily >= 0.5048951676587204 AND close_ema_8_daily_volatility_5_daily >= 1.2672772609808338,150,77,73,51.33333333333333,16.895715440582055,34.43761789275128,12.126111560226354,328.05937152121703,0,3.6500000000000004,1.840427352486865,276.06410287302975,-12.931024875082281,19.9218788136996,,,,,,,,,,
LLOYDSENGG_MINED_BASE_G0_C329,,0,2,2,close_ema_3_daily_slope_pct >= 2.1777186239842106 AND close_ema_8_daily_range_5_pct >= 3.117710901412895,194,90,104,46.391752577319586,16.895715440582055,29.49603713673753,15.683104284559418,327.74914787269535,0,5.2,1.8229873963358898,353.6595548891626,-12.931024875082281,19.9218788136996,,,,,,,,,,
LLOYDSENGG_MINED_BASE_G0_C330,,0,3,3,close_ema_3_daily_slope_pct >= 2.1777186239842106 AND close_to_close_ema_3_daily_difference_pct >= 2.1306145320817853 AND close_ema_8_daily_range_5_pct >= 3.117710901412895,194,90,104,46.391752577319586,16.895715440582055,29.49603713673753,15.683104284559418,327.74914787269535,0,5.2,1.8229873963358898,353.6595548891626,-12.931024875082281,19.9218788136996,,,,,,,,,,
LLOYDSENGG_MINED_BASE_G0_C331,,0,3,3,close_ema_3_daily_slope_pct >= 2.1777186239842106 AND close_ema_8_daily_range_5_pct >= 3.117710901412895 AND close_to_close_ema_3_daily_difference_pct >= 1.127345753351754,194,90,104,46.391752577319586,16.895715440582055,29.49603713673753,15.683104284559418,327.74914787269535,0,5.2,1.8229873963358898,353.6595548891626,-12.931024875082281,19.9218788136996,,,,,,,,,,
LLOYDSENGG_MINED_BASE_G0_C332,,0,3,3,close_ema_3_daily_slope_pct >= 2.1777186239842106 AND close_ema_8_daily_range_5_pct >= 3.117710901412895 AND close_to_close_ema_3_daily_difference_pct >= 0.37388545459352607,194,90,104,46.391752577319586,16.895715440582055,29.49603713673753,15.683104284559418,327.74914787269535,0,5.2,1.8229873963358898,353.6595548891626,-12.931024875082281,19.9218788136996,,,,,,,,,,
LLOYDSENGG_MINED_BASE_G0_C333,,0,3,3,close_ema_3_daily_volatility_5_daily >= 2.1517313552241197 AND close_ema_21_daily_volatility_5_daily >= 0.5048951676587204 AND close_ema_13_daily_volatility_5_daily >= 0.6665343015434868,327,119,208,36.391437308868504,16.895715440582055,19.49572186828645,26.434923201293454,327.7372766869559,0,10.4,0.8862224485078649,289.79474066207183,-12.931024875082281,17.175581052420334,,,,,,,,,,
LLOYDSENGG_MINED_BASE_G0_C334,,0,3,3,close_ema_3_daily_volatility_5_daily >= 2.1517313552241197 AND close_ema_3_daily_slope_pct >= 2.1777186239842106 AND close_ema_8_daily_volatility_5_daily >= 1.2672772609808338,147,76,71,51.70068027210885,16.895715440582055,34.80496483152679,11.883589329021827,327.71927054842456,0,3.5500000000000003,1.7481487969302183,256.9778731487421,-12.931024875082281,10.000015661015443,,,,,,,,,,
LLOYDSENGG_MINED_BASE_G0_C335,,0,3,3,close_to_close_ema_3_daily_difference_pct >= 2.1306145320817853 AND close_ema_3_daily_range_5_pct >= 5.878821482298 AND close_ema_21_daily_volatility_5_daily >= 0.5048951676587204,166,82,84,49.39759036144578,16.895715440582055,32.50187492086373,13.419563459983832,327.6638247670996,0,4.2,1.784816720926992,296.2795756738807,-12.931024875082281,19.9218788136996,,,,,,,,,,
LLOYDSENGG_MINED_BASE_G0_C336,,0,3,3,close_to_close_ema_3_daily_difference_pct >= 2.1306145320817853 AND close_ema_8_daily_range_5_pct >= 3.117710901412895 AND close_ema_21_daily_range_5_pct >= 1.8831689286059863,163,81,82,49.693251533742334,16.895715440582055,32.797536093160275,13.177041228779304,327.57906333908375,0,4.1000000000000005,1.8971276244274622,309.2318027816763,-12.931024875082281,19.9218788136996,,,,,,,,,,
LLOYDSENGG_MINED_BASE_G0_C337,,0,3,3,close_ema_3_daily_volatility_5_daily >= 2.1517313552241197 AND close_ema_8_daily_range_5_pct >= 3.117710901412895 AND close_ema_21_daily_volatility_5_daily >= 0.5048951676587204,316,117,199,37.0253164556962,16.895715440582055,20.129601015114144,25.545675020210183,327.47071793070756,0,9.950000000000001,0.924237618378943,292.059087407746,-12.931024875082281,17.175581052420334,,,,,,,,,,
LLOYDSENGG_MINED_BASE_G0_C338,,0,2,2,close_ema_8_daily_volatility_5_daily >= 0.8645495401600428 AND close_ema_3_daily_volatility_5_daily >= 1.8141316287340417,460,138,322,30,16.895715440582055,13.104284559417945,37.18674211802749,327.4066699615755,0,16.1,0.6617490548286178,304.4045652211642,-12.931024875082281,19.9218788136996,,,,,,,,,,
LLOYDSENGG_MINED_BASE_G0_C339,,0,3,3,close_to_close_ema_3_daily_difference_pct >= 3.6112616349206315 AND close_ema_3_daily_range_5_pct >= 5.878821482298 AND close_ema_21_daily_volatility_5_daily >= 0.5048951676587204,107,61,46,57.009345794392516,16.895715440582055,40.113630353810464,8.649959579628133,327.30581455346146,0,2.3000000000000003,2.345887594803055,251.0099726439269,-12.931024875082281,19.9218788136996,,,,,,,,,,
LLOYDSENGG_MINED_BASE_G0_C340,,0,3,3,close_ema_3_daily_slope_pct >= 3.7465597082957087 AND close_ema_3_daily_range_5_pct >= 5.878821482298 AND close_ema_21_daily_volatility_5_daily >= 0.5048951676587204,107,61,46,57.009345794392516,16.895715440582055,40.113630353810464,8.649959579628133,327.30581455346146,0,2.3000000000000003,2.345887594803055,251.0099726439269,-12.931024875082281,19.9218788136996,,,,,,,,,,
LLOYDSENGG_MINED_BASE_G0_C341,,0,1,1,close_ema_3_daily_slope_pct >= 2.1777186239842106,248,103,145,41.53225806451613,16.895715440582055,24.636542623934073,20.048504446240905,327.28863377945777,0,7.25,1.7853068865957906,442.7561078757561,-12.931024875082281,19.9218788136996,,,,,,,,,,
LLOYDSENGG_MINED_BASE_G0_C342,,0,2,2,close_ema_3_daily_slope_pct >= 2.1777186239842106 AND close_to_close_ema_3_daily_difference_pct >= 2.1306145320817853,248,103,145,41.53225806451613,16.895715440582055,24.636542623934073,20.048504446240905,327.28863377945777,0,7.25,1.7853068865957906,442.7561078757561,-12.931024875082281,19.9218788136996,,,,,,,,,,
LLOYDSENGG_MINED_BASE_G0_C343,,0,2,2,close_ema_3_daily_slope_pct >= 2.1777186239842106 AND close_to_close_ema_3_daily_difference_pct >= 1.127345753351754,248,103,145,41.53225806451613,16.895715440582055,24.636542623934073,20.048504446240905,327.28863377945777,0,7.25,1.7853068865957906,442.7561078757561,-12.931024875082281,19.9218788136996,,,,,,,,,,
LLOYDSENGG_MINED_BASE_G0_C344,,0,2,2,close_ema_3_daily_slope_pct >= 2.1777186239842106 AND close_to_close_ema_3_daily_difference_pct >= 0.37388545459352607,248,103,145,41.53225806451613,16.895715440582055,24.636542623934073,20.048504446240905,327.28863377945777,0,7.25,1.7853068865957906,442.7561078757561,-12.931024875082281,19.9218788136996,,,,,,,,,,
LLOYDSENGG_MINED_BASE_G0_C345,,0,3,3,close_ema_3_daily_slope_pct >= 2.1777186239842106 AND close_ema_3_daily_range_5_pct >= 4.683096254230115 AND close_ema_13_daily_volatility_5_daily >= 0.8014195041727374,160,80,80,50,16.895715440582055,33.10428455941795,12.934518997574779,326.8765485388016,0,4,1.7850419139039748,285.60670622463596,-12.931024875082281,19.9218788136996,,,,,,,,,,
LLOYDSENGG_MINED_BASE_G0_C346,,0,3,3,close_ema_8_daily_volatility_5_daily >= 0.8645495401600428 AND close_ema_3_daily_volatility_5_daily >= 1.8141316287340417 AND close_ema_21_daily_volatility_5_daily >= 0.5048951676587204,386,128,258,33.160621761658035,16.895715440582055,16.26490632107598,31.204527081649154,326.70687304945585,0,12.9,0.7607804813586437,293.6612658044365,-12.931024875082281,19.9218788136996,,,,,,,,,,
LLOYDSENGG_MINED_BASE_G0_C347,,0,3,3,close_ema_3_daily_slope_pct >= 2.1777186239842106 AND close_ema_3_daily_range_5_pct >= 5.878821482298 AND close_ema_21_daily_range_5_pct >= 1.8831689286059863,154,78,76,50.649350649350644,16.895715440582055,33.753635208768586,12.449474535165724,326.6255205240971,0,3.8000000000000003,1.8857814934180614,290.41034998638145,-12.931024875082281,19.9218788136996,,,,,,,,,,
LLOYDSENGG_MINED_BASE_G0_C348,,0,3,3,close_to_close_ema_3_daily_difference_pct >= 2.1306145320817853 AND close_ema_21_daily_range_5_pct >= 1.8831689286059863 AND close_ema_8_daily_volatility_5_daily >= 1.2672772609808338,139,73,66,52.51798561151079,16.895715440582055,35.62227017092873,11.236863379143088,326.48356763622303,0,3.3000000000000003,1.8907389271931339,262.8127108798456,-12.931024875082281,19.9218788136996,,,,,,,,,,
LLOYDSENGG_MINED_BASE_G0_C349,,0,2,2,close_to_close_ema_3_daily_difference_pct >= 2.1306145320817853 AND close_ema_8_daily_range_5_pct >= 3.117710901412895,195,90,105,46.15384615384615,16.895715440582055,29.258130713264098,15.76394502829426,326.4829112520302,0,5.25,1.8140858952365635,353.7467495711299,-12.931024875082281,19.9218788136996,,,,,,,,,,
LLOYDSENGG_MINED_BASE_G0_C350,,0,3,3,close_to_close_ema_3_daily_difference_pct >= 2.1306145320817853 AND close_ema_8_daily_range_5_pct >= 3.117710901412895 AND close_ema_3_daily_slope_pct >= 1.1401997467767693,195,90,105,46.15384615384615,16.895715440582055,29.258130713264098,15.76394502829426,326.4829112520302,0,5.25,1.8140858952365635,353.7467495711299,-12.931024875082281,19.9218788136996,,,,,,,,,,
LLOYDSENGG_MINED_BASE_G0_C351,,0,3,3,close_to_close_ema_3_daily_difference_pct >= 2.1306145320817853 AND close_ema_8_daily_range_5_pct >= 3.117710901412895 AND close_ema_3_daily_slope_pct >= 0.3776715879064552,195,90,105,46.15384615384615,16.895715440582055,29.258130713264098,15.76394502829426,326.4829112520302,0,5.25,1.8140858952365635,353.7467495711299,-12.931024875082281,19.9218788136996,,,,,,,,,,
LLOYDSENGG_MINED_BASE_G0_C352,,0,1,1,close_to_close_ema_3_daily_difference_pct >= 2.1306145320817853,249,103,146,41.365461847389554,16.895715440582055,24.4697464068075,20.129345189975748,326.3841935106365,0,7.300000000000001,1.7784871588663584,442.84330255772323,-12.931024875082281,19.9218788136996,,,,,,,,,,
LLOYDSENGG_MINED_BASE_G0_C353,,0,2,2,close_to_close_ema_3_daily_difference_pct >= 2.1306145320817853 AND close_ema_3_daily_slope_pct >= 1.1401997467767693,249,103,146,41.365461847389554,16.895715440582055,24.4697464068075,20.129345189975748,326.3841935106365,0,7.300000000000001,1.7784871588663584,442.84330255772323,-12.931024875082281,19.9218788136996,,,,,,,,,,
LLOYDSENGG_MINED_BASE_G0_C354,,0,2,2,close_to_close_ema_3_daily_difference_pct >= 2.1306145320817853 AND close_ema_3_daily_slope_pct >= 0.3776715879064552,249,103,146,41.365461847389554,16.895715440582055,24.4697464068075,20.129345189975748,326.3841935106365,0,7.300000000000001,1.7784871588663584,442.84330255772323,-12.931024875082281,19.9218788136996,,,,,,,,,,
LLOYDSENGG_MINED_BASE_G0_C355,,0,3,3,close_ema_3_daily_slope_pct >= 2.1777186239842106 AND close_ema_3_daily_range_5_pct >= 5.878821482298 AND close_ema_13_daily_volatility_5_daily >= 0.8014195041727374,154,78,76,50.649350649350644,16.895715440582055,33.753635208768586,12.449474535165724,326.37169507019496,0,3.8000000000000003,1.801173008784014,277.38064335273816,-12.931024875082281,19.9218788136996,,,,,,,,,,
LLOYDSENGG_MINED_BASE_G0_C356,,0,1,1,close_ema_3_daily_range_5_pct >= 4.683096254230115,619,154,465,24.878836833602584,16.895715440582055,7.983121393020529,50.04042037186742,326.34414410772814,0,23.25,0.559512380875157,346.33816376172217,-12.931024875082281,19.9218788136996,,,,,,,,,,
LLOYDSENGG_MINED_BASE_G0_C357,,0,3,3,close_ema_3_daily_volatility_5_daily >= 2.1517313552241197 AND close_ema_3_daily_slope_pct >= 2.1777186239842106 AND close_ema_8_daily_volatility_5_daily >= 1.0367159490053137,167,82,85,49.101796407185624,16.895715440582055,32.206080966603565,13.500404203718674,326.0929180030217,0,4.25,1.7708377233346164,295.72989979688094,-12.931024875082281,10.000015661015443,,,,,,,,,,
LLOYDSENGG_MINED_BASE_G0_C358,,0,3,3,close_ema_3_daily_volatility_5_daily >= 1.8141316287340417 AND close_ema_21_daily_volatility_5_daily >= 0.5048951676587204 AND close_ema_8_daily_volatility_5_daily >= 1.0367159490053137,374,126,248,33.68983957219251,16.895715440582055,16.794124131610456,30.234438156831047,325.9683485150184,0,12.4,0.7992426189887172,298.9167395017802,-12.931024875082281,19.9218788136996,,,,,,,,,,
LLOYDSENGG_MINED_BASE_G0_C359,,0,3,3,close_ema_3_daily_range_5_pct >= 4.683096254230115 AND close_to_close_ema_3_daily_difference_pct >= 3.6112616349206315 AND close_ema_21_daily_volatility_5_daily >= 0.5048951676587204,110,62,48,56.36363636363636,16.895715440582055,39.46792092305431,8.89248181083266,325.8949999704779,0,2.4000000000000004,2.318465118402109,255.03116302423197,-12.931024875082281,19.9218788136996,,,,,,,,,,
LLOYDSENGG_MINED_BASE_G0_C360,,0,3,3,close_ema_3_daily_range_5_pct >= 4.683096254230115 AND close_ema_3_daily_slope_pct >= 3.7465597082957087 AND close_ema_21_daily_volatility_5_daily >= 0.5048951676587204,110,62,48,56.36363636363636,16.895715440582055,39.46792092305431,8.89248181083266,325.8949999704779,0,2.4000000000000004,2.318465118402109,255.03116302423197,-12.931024875082281,19.9218788136996,,,,,,,,,,
LLOYDSENGG_MINED_BASE_G0_C361,,0,3,3,close_ema_3_daily_volatility_5_daily >= 2.1517313552241197 AND close_to_close_ema_3_daily_difference_pct >= 2.1306145320817853 AND close_ema_8_daily_volatility_5_daily >= 1.2672772609808338,148,76,72,51.35135135135135,16.895715440582055,34.45563591076929,11.96443007275667,325.8889579558202,0,3.6,1.7369261339912792,257.0650678307093,-12.931024875082281,10.000015661015443,,,,,,,,,,
LLOYDSENGG_MINED_BASE_G0_C362,,0,3,3,close_ema_3_daily_slope_pct >= 2.1777186239842106 AND close_ema_3_daily_volatility_5_daily >= 1.4807591382075385 AND close_ema_8_daily_volatility_5_daily >= 1.0367159490053137,181,86,95,47.51381215469613,16.895715440582055,30.618096714114078,14.632174616006468,325.8417801453119,0,4.75,1.8337655249138114,331.91156000939986,-12.931024875082281,19.9218788136996,,,,,,,,,,
LLOYDSENGG_MINED_BASE_G0_C363,,0,3,3,close_ema_3_daily_slope_pct >= 2.1777186239842106 AND close_ema_3_daily_volatility_5_daily >= 2.551529495595912 AND close_ema_8_daily_volatility_5_daily >= 1.0367159490053137,131,70,61,53.43511450381679,16.895715440582055,36.53939906323474,10.59013742926435,325.63046012373627,0,3.0500000000000003,1.9944882691875288,261.2779632635663,-12.931024875082281,10.000015661015443,,,,,,,,,,
LLOYDSENGG_MINED_BASE_G0_C364,,0,3,3,close_to_close_ema_3_daily_difference_pct >= 2.1306145320817853 AND close_ema_3_daily_volatility_5_daily >= 2.551529495595912 AND close_ema_8_daily_volatility_5_daily >= 1.0367159490053137,131,70,61,53.43511450381679,16.895715440582055,36.53939906323474,10.59013742926435,325.63046012373627,0,3.0500000000000003,1.9944882691875288,261.2779632635663,-12.931024875082281,10.000015661015443,,,,,,,,,,
LLOYDSENGG_MINED_BASE_G0_C365,,0,3,3,close_ema_3_daily_slope_pct >= 2.1777186239842106 AND close_ema_3_daily_range_5_pct >= 4.683096254230115 AND close_ema_3_daily_volatility_5_daily >= 2.551529495595912,131,70,61,53.43511450381679,16.895715440582055,36.53939906323474,10.59013742926435,325.62851639728564,0,3.0500000000000003,1.9938403603706583,261.1930872085562,-12.931024875082281,10.000015661015443,,,,,,,,,,
LLOYDSENGG_MINED_BASE_G0_C366,,0,3,3,close_to_close_ema_3_daily_difference_pct >= 2.1306145320817853 AND close_ema_3_daily_range_5_pct >= 4.683096254230115 AND close_ema_3_daily_volatility_5_daily >= 2.551529495595912,131,70,61,53.43511450381679,16.895715440582055,36.53939906323474,10.59013742926435,325.62851639728564,0,3.0500000000000003,1.9938403603706583,261.1930872085562,-12.931024875082281,10.000015661015443,,,,,,,,,,
LLOYDSENGG_MINED_BASE_G0_C367,,0,3,3,close_ema_3_daily_slope_pct >= 2.1777186239842106 AND close_ema_8_daily_range_5_pct >= 3.117710901412895 AND close_ema_13_daily_volatility_5_daily >= 0.8014195041727374,161,80,81,49.68944099378882,16.895715440582055,32.79372555320677,13.01535974130962,325.5526826019286,0,4.05,1.8780182786316095,302.36094285968915,-12.931024875082281,19.9218788136996,,,,,,,,,,
LLOYDSENGG_MINED_BASE_G0_C368,,0,3,3,close_to_close_ema_3_daily_difference_pct >= 3.6112616349206315 AND close_ema_3_daily_range_5_pct >= 7.091176553732353 AND close_ema_13_daily_volatility_5_daily >= 0.8014195041727374,98,57,41,58.16326530612245,16.895715440582055,41.26754986554039,7.922392886014551,325.4884611867202,0,2.0500000000000003,2.4002372863394164,235.2232540612628,-12.931024875082281,19.9218788136996,,,,,,,,,,
LLOYDSENGG_MINED_BASE_G0_C369,,0,3,3,close_ema_3_daily_slope_pct >= 3.7465597082957087 AND close_ema_3_daily_range_5_pct >= 7.091176553732353 AND close_ema_13_daily_volatility_5_daily >= 0.8014195041727374,98,57,41,58.16326530612245,16.895715440582055,41.26754986554039,7.922392886014551,325.4884611867202,0,2.0500000000000003,2.4002372863394164,235.2232540612628,-12.931024875082281,19.9218788136996,,,,,,,,,,
LLOYDSENGG_MINED_BASE_G0_C370,,0,3,3,close_to_close_ema_3_daily_difference_pct >= 2.1306145320817853 AND close_ema_3_daily_range_5_pct >= 4.683096254230115 AND close_ema_13_daily_volatility_5_daily >= 0.8014195041727374,161,80,81,49.68944099378882,16.895715440582055,32.79372555320677,13.01535974130962,325.2421166028028,0,4.05,1.7744962789230008,285.6939009066031,-12.931024875082281,19.9218788136996,,,,,,,,,,
LLOYDSENGG_MINED_BASE_G0_C371,,0,2,2,close_ema_3_daily_volatility_5_daily >= 2.1517313552241197 AND close_ema_3_daily_slope_pct >= 2.1777186239842106,171,83,88,48.53801169590643,16.895715440582055,31.64229625532437,13.823767178658045,324.97536517147074,0,4.4,1.7212946316163003,294.34138200638733,-12.931024875082281,10.000015661015443,,,,,,,,,,
LLOYDSENGG_MINED_BASE_G0_C372,,0,3,3,close_ema_3_daily_volatility_5_daily >= 2.1517313552241197 AND close_ema_3_daily_slope_pct >= 2.1777186239842106 AND close_to_close_ema_3_daily_difference_pct >= 2.1306145320817853,171,83,88,48.53801169590643,16.895715440582055,31.64229625532437,13.823767178658045,324.97536517147074,0,4.4,1.7212946316163003,294.34138200638733,-12.931024875082281,10.000015661015443,,,,,,,,,,
LLOYDSENGG_MINED_BASE_G0_C373,,0,3,3,close_ema_3_daily_volatility_5_daily >= 2.1517313552241197 AND close_ema_3_daily_slope_pct >= 2.1777186239842106 AND close_ema_8_daily_volatility_5_daily >= 0.8645495401600428,171,83,88,48.53801169590643,16.895715440582055,31.64229625532437,13.823767178658045,324.97536517147074,0,4.4,1.7212946316163003,294.34138200638733,-12.931024875082281,10.000015661015443,,,,,,,,,,
LLOYDSENGG_MINED_BASE_G0_C374,,0,3,3,close_ema_3_daily_volatility_5_daily >= 2.1517313552241197 AND close_ema_3_daily_slope_pct >= 2.1777186239842106 AND close_to_close_ema_3_daily_difference_pct >= 1.127345753351754,171,83,88,48.53801169590643,16.895715440582055,31.64229625532437,13.823767178658045,324.97536517147074,0,4.4,1.7212946316163003,294.34138200638733,-12.931024875082281,10.000015661015443,,,,,,,,,,
LLOYDSENGG_MINED_BASE_G0_C375,,0,3,3,close_ema_3_daily_volatility_5_daily >= 2.1517313552241197 AND close_ema_3_daily_slope_pct >= 2.1777186239842106 AND close_to_close_ema_3_daily_difference_pct >= 0.37388545459352607,171,83,88,48.53801169590643,16.895715440582055,31.64229625532437,13.823767178658045,324.97536517147074,0,4.4,1.7212946316163003,294.34138200638733,-12.931024875082281,10.000015661015443,,,,,,,,,,
LLOYDSENGG_MINED_BASE_G0_C376,,0,3,3,close_to_close_ema_3_daily_difference_pct >= 2.1306145320817853 AND close_ema_3_daily_range_5_pct >= 5.878821482298 AND close_ema_21_daily_range_5_pct >= 1.8831689286059863,155,78,77,50.32258064516129,16.895715440582055,33.42686520457923,12.530315278900567,324.9068591455094,0,3.85,1.8741777075377337,290.4975446683487,-12.931024875082281,19.9218788136996,,,,,,,,,,
LLOYDSENGG_MINED_BASE_G0_C377,,0,3,3,close_ema_3_daily_slope_pct >= 2.1777186239842106 AND close_ema_8_daily_range_5_pct >= 3.117710901412895 AND close_ema_8_daily_volatility_5_daily >= 1.2672772609808338,149,76,73,51.006711409395976,16.895715440582055,34.110995968813924,12.045270816491511,324.7889955296498,0,3.6500000000000004,1.9613385618600556,292.23944571714827,-12.931024875082281,19.9218788136996,,,,,,,,,,
LLOYDSENGG_MINED_BASE_G0_C378,,0,3,3,close_ema_3_daily_slope_pct >= 2.1777186239842106 AND close_ema_3_daily_volatility_5_daily >= 1.4807591382075385 AND close_ema_8_daily_volatility_5_daily >= 1.2672772609808338,152,77,75,50.6578947368421,16.895715440582055,33.762179296260044,12.287793047696038,324.6612031791567,0,3.75,1.8667688992854956,283.7488726913953,-12.931024875082281,19.9218788136996,,,,,,,,,,
LLOYDSENGG_MINED_BASE_G0_C379,,0,3,3,close_ema_3_daily_slope_pct >= 2.1777186239842106 AND close_ema_3_daily_volatility_5_daily >= 1.8141316287340417 AND close_ema_8_daily_volatility_5_daily >= 1.2672772609808338,152,77,75,50.6578947368421,16.895715440582055,33.762179296260044,12.287793047696038,324.6612031791567,0,3.75,1.8667688992854956,283.7488726913953,-12.931024875082281,19.9218788136996,,,,,,,,,,
LLOYDSENGG_MINED_BASE_G0_C380,,0,3,3,close_to_close_ema_3_daily_difference_pct >= 2.1306145320817853 AND close_ema_3_daily_range_5_pct >= 5.878821482298 AND close_ema_13_daily_volatility_5_daily >= 0.8014195041727374,155,78,77,50.32258064516129,16.895715440582055,33.42686520457923,12.530315278900567,324.65467127518076,0,3.85,1.790115084094873,277.4678380347053,-12.931024875082281,19.9218788136996,,,,,,,,,,
LLOYDSENGG_MINED_BASE_G0_C381,,0,3,3,close_ema_3_daily_volatility_5_daily >= 2.1517313552241197 AND close_to_close_ema_3_daily_difference_pct >= 2.1306145320817853 AND close_ema_8_daily_volatility_5_daily >= 1.0367159490053137,168,82,86,48.80952380952381,16.895715440582055,31.913808368941755,13.581244947453516,324.5514899604025,0,4.3,1.7608160385645724,295.81709447884816,-12.931024875082281,10.000015661015443,,,,,,,,,,
LLOYDSENGG_MINED_BASE_G0_C382,,0,3,3,close_ema_3_daily_volatility_5_daily >= 2.1517313552241197 AND close_to_close_ema_3_daily_difference_pct >= 3.6112616349206315 AND close_ema_21_daily_range_5_pct >= 1.8831689286059863,91,54,37,59.34065934065934,16.895715440582055,42.44494390007729,7.3565076798706555,324.5272459243016,0,1.85,2.0508421413050453,186.6266348587591,-12.931024875082281,9.980229451236628,,,,,,,,,,
LLOYDSENGG_MINED_BASE_G0_C383,,0,3,3,close_ema_3_daily_volatility_5_daily >= 2.1517313552241197 AND close_ema_3_daily_slope_pct >= 3.7465597082957087 AND close_ema_21_daily_range_5_pct >= 1.8831689286059863,91,54,37,59.34065934065934,16.895715440582055,42.44494390007729,7.3565076798706555,324.5272459243016,0,1.85,2.0508421413050453,186.6266348587591,-12.931024875082281,9.980229451236628,,,,,,,,,,
LLOYDSENGG_MINED_BASE_G0_C384,,0,2,2,close_ema_3_daily_slope_pct >= 2.1777186239842106 AND close_ema_8_daily_volatility_5_daily >= 0.8645495401600428,204,92,112,45.09803921568628,16.895715440582055,28.202323775104222,16.49151172190784,324.503868255106,0,5.6000000000000005,1.6974164598616521,346.272957811777,-12.931024875082281,19.9218788136996,,,,,,,,,,
LLOYDSENGG_MINED_BASE_G0_C385,,0,3,3,close_ema_3_daily_slope_pct >= 2.1777186239842106 AND close_to_close_ema_3_daily_difference_pct >= 2.1306145320817853 AND close_ema_8_daily_volatility_5_daily >= 0.8645495401600428,204,92,112,45.09803921568628,16.895715440582055,28.202323775104222,16.49151172190784,324.503868255106,0,5.6000000000000005,1.6974164598616521,346.272957811777,-12.931024875082281,19.9218788136996,,,,,,,,,,
LLOYDSENGG_MINED_BASE_G0_C386,,0,3,3,close_ema_3_daily_slope_pct >= 2.1777186239842106 AND close_ema_8_daily_volatility_5_daily >= 0.8645495401600428 AND close_to_close_ema_3_daily_difference_pct >= 1.127345753351754,204,92,112,45.09803921568628,16.895715440582055,28.202323775104222,16.49151172190784,324.503868255106,0,5.6000000000000005,1.6974164598616521,346.272957811777,-12.931024875082281,19.9218788136996,,,,,,,,,,
LLOYDSENGG_MINED_BASE_G0_C387,,0,3,3,close_ema_3_daily_slope_pct >= 2.1777186239842106 AND close_ema_8_daily_volatility_5_daily >= 0.8645495401600428 AND close_to_close_ema_3_daily_difference_pct >= 0.37388545459352607,204,92,112,45.09803921568628,16.895715440582055,28.202323775104222,16.49151172190784,324.503868255106,0,5.6000000000000005,1.6974164598616521,346.272957811777,-12.931024875082281,19.9218788136996,,,,,,,,,,
LLOYDSENGG_MINED_BASE_G0_C388,,0,3,3,close_to_close_ema_3_daily_difference_pct >= 2.1306145320817853 AND close_ema_3_daily_volatility_5_daily >= 1.4807591382075385 AND close_ema_8_daily_volatility_5_daily >= 1.0367159490053137,182,86,96,47.25274725274725,16.895715440582055,30.357031812165193,14.713015359741311,324.4576660062881,0,4.800000000000001,1.8241689818206979,331.998754691367,-12.931024875082281,19.9218788136996,,,,,,,,,,
LLOYDSENGG_MINED_BASE_G0_C389,,0,2,2,close_ema_3_daily_slope_pct >= 2.1777186239842106 AND close_ema_8_daily_volatility_5_daily >= 1.0367159490053137,182,86,96,47.25274725274725,16.895715440582055,30.357031812165193,14.713015359741311,324.4483679452666,0,4.800000000000001,1.8210696281468792,331.434672322732,-12.931024875082281,19.9218788136996,,,,,,,,,,
LLOYDSENGG_MINED_BASE_G0_C390,,0,3,3,close_ema_3_daily_slope_pct >= 2.1777186239842106 AND close_to_close_ema_3_daily_difference_pct >= 2.1306145320817853 AND close_ema_8_daily_volatility_5_daily >= 1.0367159490053137,182,86,96,47.25274725274725,16.895715440582055,30.357031812165193,14.713015359741311,324.4483679452666,0,4.800000000000001,1.8210696281468792,331.434672322732,-12.931024875082281,19.9218788136996,,,,,,,,,,
LLOYDSENGG_MINED_BASE_G0_C391,,0,3,3,close_ema_3_daily_slope_pct >= 2.1777186239842106 AND close_ema_8_daily_volatility_5_daily >= 1.0367159490053137 AND close_to_close_ema_3_daily_difference_pct >= 1.127345753351754,182,86,96,47.25274725274725,16.895715440582055,30.357031812165193,14.713015359741311,324.4483679452666,0,4.800000000000001,1.8210696281468792,331.434672322732,-12.931024875082281,19.9218788136996,,,,,,,,,,
LLOYDSENGG_MINED_BASE_G0_C392,,0,3,3,close_ema_3_daily_slope_pct >= 2.1777186239842106 AND close_ema_8_daily_volatility_5_daily >= 1.0367159490053137 AND close_to_close_ema_3_daily_difference_pct >= 0.37388545459352607,182,86,96,47.25274725274725,16.895715440582055,30.357031812165193,14.713015359741311,324.4483679452666,0,4.800000000000001,1.8210696281468792,331.434672322732,-12.931024875082281,19.9218788136996,,,,,,,,,,
LLOYDSENGG_MINED_BASE_G0_C393,,0,3,3,close_ema_3_daily_volatility_5_daily >= 2.551529495595912 AND close_ema_21_daily_volatility_5_daily >= 0.5048951676587204 AND close_to_close_ema_3_daily_difference_pct >= 1.127345753351754,143,74,69,51.74825174825175,16.895715440582055,34.852536307669695,11.560226354082458,324.2960962907693,0,3.45,1.8278049174736013,261.376103198725,-12.931024875082281,10.000015661015443,,,,,,,,,,
LLOYDSENGG_MINED_BASE_G0_C394,,0,3,3,close_ema_3_daily_volatility_5_daily >= 2.551529495595912 AND close_ema_21_daily_volatility_5_daily >= 0.5048951676587204 AND close_ema_3_daily_slope_pct >= 1.1401997467767693,143,74,69,51.74825174825175,16.895715440582055,34.852536307669695,11.560226354082458,324.2960962907693,0,3.45,1.8278049174736013,261.376103198725,-12.931024875082281,10.000015661015443,,,,,,,,,,
LLOYDSENGG_MINED_BASE_G0_C395,,0,3,3,close_to_close_ema_3_daily_difference_pct >= 3.6112616349206315 AND close_ema_8_daily_range_5_pct >= 3.117710901412895 AND close_ema_21_daily_range_5_pct >= 1.8831689286059863,96,56,40,58.333333333333336,16.895715440582055,41.43761789275128,7.760711398544867,324.0779279907109,0,2,2.2966128423181797,220.47483286254527,-12.931024875082281,19.9218788136996,,,,,,,,,,
LLOYDSENGG_MINED_BASE_G0_C396,,0,3,3,close_ema_3_daily_slope_pct >= 3.7465597082957087 AND close_ema_8_daily_range_5_pct >= 3.117710901412895 AND close_ema_21_daily_range_5_pct >= 1.8831689286059863,96,56,40,58.333333333333336,16.895715440582055,41.43761789275128,7.760711398544867,324.0779279907109,0,2,2.2966128423181797,220.47483286254527,-12.931024875082281,19.9218788136996,,,,,,,,,,
LLOYDSENGG_MINED_BASE_G0_C397,,0,3,3,close_to_close_ema_3_daily_difference_pct >= 2.1306145320817853 AND close_ema_8_daily_range_5_pct >= 3.117710901412895 AND close_ema_13_daily_volatility_5_daily >= 0.8014195041727374,162,80,82,49.382716049382715,16.895715440582055,32.487000608800656,13.096200485044463,323.93589447995987,0,4.1000000000000005,1.8669638119855334,302.4481375416564,-12.931024875082281,19.9218788136996,,,,,,,,,,
LLOYDSENGG_MINED_BASE_G0_C398,,0,3,3,close_to_close_ema_3_daily_difference_pct >= 3.6112616349206315 AND close_ema_21_daily_range_5_pct >= 1.8831689286059863 AND close_ema_8_daily_volatility_5_daily >= 1.2672772609808338,87,52,35,59.77011494252874,16.895715440582055,42.874399501946684,7.033144704931285,323.80048477361635,0,1.75,2.3928290879609766,208.17613065260497,-12.931024875082281,19.9218788136996,,,,,,,,,,
LLOYDSENGG_MINED_BASE_G0_C399,,0,3,3,close_ema_3_daily_slope_pct >= 3.7465597082957087 AND close_ema_21_daily_range_5_pct >= 1.8831689286059863 AND close_ema_8_daily_volatility_5_daily >= 1.2672772609808338,87,52,35,59.77011494252874,16.895715440582055,42.874399501946684,7.033144704931285,323.80048477361635,0,1.75,2.3928290879609766,208.17613065260497,-12.931024875082281,19.9218788136996,,,,,,,,,,
LLOYDSENGG_MINED_BASE_G0_C400,,0,3,3,close_ema_3_daily_volatility_5_daily >= 2.1517313552241197 AND close_to_close_ema_3_daily_difference_pct >= 3.6112616349206315 AND close_ema_13_daily_volatility_5_daily >= 0.8014195041727374,96,56,40,58.333333333333336,16.895715440582055,41.43761789275128,7.760711398544867,323.5816219351775,0,2,2.1311774904737097,204.59303908547614,-12.931024875082281,10.000015661015443,,,,,,,,,,
LLOYDSENGG_MINED_BASE_G0_C401,,0,3,3,close_ema_3_daily_volatility_5_daily >= 2.1517313552241197 AND close_ema_3_daily_slope_pct >= 3.7465597082957087 AND close_ema_13_daily_volatility_5_daily >= 0.8014195041727374,96,56,40,58.333333333333336,16.895715440582055,41.43761789275128,7.760711398544867,323.5816219351775,0,2,2.1311774904737097,204.59303908547614,-12.931024875082281,10.000015661015443,,,,,,,,,,
LLOYDSENGG_MINED_BASE_G0_C402,,0,2,2,close_ema_3_daily_volatility_5_daily >= 2.1517313552241197 AND close_to_close_ema_3_daily_difference_pct >= 2.1306145320817853,172,83,89,48.25581395348838,16.895715440582055,31.360098512906323,13.904607922392886,323.4858747160727,0,4.45,1.7117940505136893,294.42857668835455,-12.931024875082281,10.000015661015443,,,,,,,,,,
LLOYDSENGG_MINED_BASE_G0_C403,,0,3,3,close_ema_3_daily_volatility_5_daily >= 2.1517313552241197 AND close_to_close_ema_3_daily_difference_pct >= 2.1306145320817853 AND close_ema_8_daily_volatility_5_daily >= 0.8645495401600428,172,83,89,48.25581395348838,16.895715440582055,31.360098512906323,13.904607922392886,323.4858747160727,0,4.45,1.7117940505136893,294.42857668835455,-12.931024875082281,10.000015661015443,,,,,,,,,,
LLOYDSENGG_MINED_BASE_G0_C404,,0,3,3,close_ema_3_daily_volatility_5_daily >= 2.1517313552241197 AND close_to_close_ema_3_daily_difference_pct >= 2.1306145320817853 AND close_ema_3_daily_slope_pct >= 1.1401997467767693,172,83,89,48.25581395348838,16.895715440582055,31.360098512906323,13.904607922392886,323.4858747160727,0,4.45,1.7117940505136893,294.42857668835455,-12.931024875082281,10.000015661015443,,,,,,,,,,
LLOYDSENGG_MINED_BASE_G0_C405,,0,3,3,close_ema_3_daily_volatility_5_daily >= 2.1517313552241197 AND close_to_close_ema_3_daily_difference_pct >= 2.1306145320817853 AND close_ema_3_daily_slope_pct >= 0.3776715879064552,172,83,89,48.25581395348838,16.895715440582055,31.360098512906323,13.904607922392886,323.4858747160727,0,4.45,1.7117940505136893,294.42857668835455,-12.931024875082281,10.000015661015443,,,,,,,,,,
LLOYDSENGG_MINED_BASE_G0_C406,,0,3,3,close_to_close_ema_3_daily_difference_pct >= 3.6112616349206315 AND close_ema_3_daily_range_5_pct >= 5.878821482298 AND close_ema_8_daily_volatility_5_daily >= 1.0367159490053137,106,60,46,56.60377358490566,16.895715440582055,39.7080581443236,8.56911883589329,323.4480462364292,0,2.3000000000000003,2.4025851716037345,254.67402818999588,-12.931024875082281,19.9218788136996,,,,,,,,,,
LLOYDSENGG_MINED_BASE_G0_C407,,0,3,3,close_ema_3_daily_slope_pct >= 3.7465597082957087 AND close_ema_3_daily_range_5_pct >= 5.878821482298 AND close_ema_8_daily_volatility_5_daily >= 1.0367159490053137,106,60,46,56.60377358490566,16.895715440582055,39.7080581443236,8.56911883589329,323.4480462364292,0,2.3000000000000003,2.4025851716037345,254.67402818999588,-12.931024875082281,19.9218788136996,,,,,,,,,,
LLOYDSENGG_MINED_BASE_G0_C408,,0,2,2,close_to_close_ema_3_daily_difference_pct >= 2.1306145320817853 AND close_ema_8_daily_volatility_5_daily >= 0.8645495401600428,205,92,113,44.87804878048781,16.895715440582055,27.982333339905754,16.572352465642684,323.3303518579738,0,5.65,1.6895617194816794,346.3601524937443,-12.931024875082281,19.9218788136996,,,,,,,,,,
LLOYDSENGG_MINED_BASE_G0_C409,,0,3,3,close_to_close_ema_3_daily_difference_pct >= 2.1306145320817853 AND close_ema_8_daily_volatility_5_daily >= 0.8645495401600428 AND close_ema_3_daily_slope_pct >= 1.1401997467767693,205,92,113,44.87804878048781,16.895715440582055,27.982333339905754,16.572352465642684,323.3303518579738,0,5.65,1.6895617194816794,346.3601524937443,-12.931024875082281,19.9218788136996,,,,,,,,,,
LLOYDSENGG_MINED_BASE_G0_C410,,0,3,3,close_to_close_ema_3_daily_difference_pct >= 2.1306145320817853 AND close_ema_8_daily_volatility_5_daily >= 0.8645495401600428 AND close_ema_3_daily_slope_pct >= 0.3776715879064552,205,92,113,44.87804878048781,16.895715440582055,27.982333339905754,16.572352465642684,323.3303518579738,0,5.65,1.6895617194816794,346.3601524937443,-12.931024875082281,19.9218788136996,,,,,,,,,,
LLOYDSENGG_MINED_BASE_G0_C411,,0,2,2,close_to_close_ema_3_daily_difference_pct >= 2.1306145320817853 AND close_ema_8_daily_volatility_5_daily >= 1.0367159490053137,183,86,97,46.994535519125684,16.895715440582055,30.09882007854363,14.793856103476152,323.07888509771317,0,4.8500000000000005,1.8115949016650235,331.5218670046993,-12.931024875082281,19.9218788136996,,,,,,,,,,
LLOYDSENGG_MINED_BASE_G0_C412,,0,3,3,close_to_close_ema_3_daily_difference_pct >= 2.1306145320817853 AND close_ema_8_daily_volatility_5_daily >= 1.0367159490053137 AND close_ema_3_daily_slope_pct >= 1.1401997467767693,183,86,97,46.994535519125684,16.895715440582055,30.09882007854363,14.793856103476152,323.07888509771317,0,4.8500000000000005,1.8115949016650235,331.5218670046993,-12.931024875082281,19.9218788136996,,,,,,,,,,
LLOYDSENGG_MINED_BASE_G0_C413,,0,3,3,close_to_close_ema_3_daily_difference_pct >= 2.1306145320817853 AND close_ema_8_daily_volatility_5_daily >= 1.0367159490053137 AND close_ema_3_daily_slope_pct >= 0.3776715879064552,183,86,97,46.994535519125684,16.895715440582055,30.09882007854363,14.793856103476152,323.07888509771317,0,4.8500000000000005,1.8115949016650235,331.5218670046993,-12.931024875082281,19.9218788136996,,,,,,,,,,
LLOYDSENGG_MINED_BASE_G0_C414,,0,3,3,close_to_close_ema_3_daily_difference_pct >= 3.6112616349206315 AND close_ema_3_daily_range_5_pct >= 7.091176553732353 AND close_ema_21_daily_range_5_pct >= 1.8831689286059863,94,55,39,58.51063829787234,16.895715440582055,41.61492285729028,7.599029911075182,323.043049315802,0,1.9500000000000002,2.3061450097835365,216.77763091965244,-12.931024875082281,19.9218788136996,,,,,,,,,,
LLOYDSENGG_MINED_BASE_G0_C415,,0,3,3,close_ema_3_daily_slope_pct >= 3.7465597082957087 AND close_ema_3_daily_range_5_pct >= 7.091176553732353 AND close_ema_21_daily_range_5_pct >= 1.8831689286059863,94,55,39,58.51063829787234,16.895715440582055,41.61492285729028,7.599029911075182,323.043049315802,0,1.9500000000000002,2.3061450097835365,216.77763091965244,-12.931024875082281,19.9218788136996,,,,,,,,,,
LLOYDSENGG_MINED_BASE_G0_C416,,0,3,3,close_to_close_ema_3_daily_difference_pct >= 2.1306145320817853 AND close_ema_8_daily_range_5_pct >= 3.117710901412895 AND close_ema_8_daily_volatility_5_daily >= 1.2672772609808338,150,76,74,50.66666666666667,16.895715440582055,33.77095122608462,12.126111560226354,323.0012889384054,0,3.7,1.9488442693274362,292.32664039911543,-12.931024875082281,19.9218788136996,,,,,,,,,,
LLOYDSENGG_MINED_BASE_G0_C417,,0,2,2,close_ema_3_daily_volatility_5_daily >= 2.1517313552241197 AND close_ema_13_daily_volatility_5_daily >= 0.8014195041727374,323,117,206,36.22291021671827,16.895715440582055,19.327194776136214,26.11156022635408,322.9920231222542,0,10.3,0.88534974719106,285.96796834271237,-12.931024875082281,17.175581052420334,,,,,,,,,,
LLOYDSENGG_MINED_BASE_G0_C418,,0,3,3,close_ema_3_daily_volatility_5_daily >= 2.1517313552241197 AND close_ema_8_daily_volatility_5_daily >= 0.8645495401600428 AND close_ema_13_daily_volatility_5_daily >= 0.8014195041727374,323,117,206,36.22291021671827,16.895715440582055,19.327194776136214,26.11156022635408,322.9920231222542,0,10.3,0.88534974719106,285.96796834271237,-12.931024875082281,17.175581052420334,,,,,,,,,,
LLOYDSENGG_MINED_BASE_G0_C419,,0,3,3,close_ema_3_daily_volatility_5_daily >= 2.1517313552241197 AND close_ema_8_daily_volatility_5_daily >= 1.0367159490053137 AND close_ema_13_daily_volatility_5_daily >= 0.8014195041727374,323,117,206,36.22291021671827,16.895715440582055,19.327194776136214,26.11156022635408,322.9920231222542,0,10.3,0.88534974719106,285.96796834271237,-12.931024875082281,17.175581052420334,,,,,,,,,,
LLOYDSENGG_MINED_BASE_G0_C420,,0,3,3,close_to_close_ema_3_daily_difference_pct >= 2.1306145320817853 AND close_ema_3_daily_volatility_5_daily >= 1.4807591382075385 AND close_ema_8_daily_volatility_5_daily >= 1.2672772609808338,153,77,76,50.326797385620914,16.895715440582055,33.431081945038855,12.36863379143088,322.92082281094645,0,3.8000000000000003,1.855137695250736,283.8360673733626,-12.931024875082281,19.9218788136996,,,,,,,,,,
LLOYDSENGG_MINED_BASE_G0_C421,,0,3,3,close_to_close_ema_3_daily_difference_pct >= 2.1306145320817853 AND close_ema_3_daily_volatility_5_daily >= 1.8141316287340417 AND close_ema_8_daily_volatility_5_daily >= 1.2672772609808338,153,77,76,50.326797385620914,16.895715440582055,33.431081945038855,12.36863379143088,322.92082281094645,0,3.8000000000000003,1.855137695250736,283.8360673733626,-12.931024875082281,19.9218788136996,,,,,,,,,,
LLOYDSENGG_MINED_BASE_G0_C422,,0,2,2,close_ema_3_daily_slope_pct >= 2.1777186239842106 AND close_ema_8_daily_volatility_5_daily >= 1.2672772609808338,153,77,76,50.326797385620914,16.895715440582055,33.431081945038855,12.36863379143088,322.90976237234577,0,3.8000000000000003,1.8514508823838405,283.2719850047276,-12.931024875082281,19.9218788136996,,,,,,,,,,
LLOYDSENGG_MINED_BASE_G0_C423,,0,3,3,close_ema_3_daily_slope_pct >= 2.1777186239842106 AND close_to_close_ema_3_daily_difference_pct >= 2.1306145320817853 AND close_ema_8_daily_volatility_5_daily >= 1.2672772609808338,153,77,76,50.326797385620914,16.895715440582055,33.431081945038855,12.36863379143088,322.90976237234577,0,3.8000000000000003,1.8514508823838405,283.2719850047276,-12.931024875082281,19.9218788136996,,,,,,,,,,
LLOYDSENGG_MINED_BASE_G0_C424,,0,3,3,close_ema_3_daily_slope_pct >= 2.1777186239842106 AND close_to_close_ema_3_daily_difference_pct >= 1.127345753351754 AND close_ema_8_daily_volatility_5_daily >= 1.2672772609808338,153,77,76,50.326797385620914,16.895715440582055,33.431081945038855,12.36863379143088,322.90976237234577,0,3.8000000000000003,1.8514508823838405,283.2719850047276,-12.931024875082281,19.9218788136996,,,,,,,,,,
LLOYDSENGG_MINED_BASE_G0_C425,,0,3,3,close_ema_3_daily_slope_pct >= 2.1777186239842106 AND close_ema_8_daily_volatility_5_daily >= 1.2672772609808338 AND close_ema_13_daily_volatility_5_daily >= 0.6665343015434868,153,77,76,50.326797385620914,16.895715440582055,33.431081945038855,12.36863379143088,322.90976237234577,0,3.8000000000000003,1.8514508823838405,283.2719850047276,-12.931024875082281,19.9218788136996,,,,,,,,,,
LLOYDSENGG_MINED_BASE_G0_C426,,0,3,3,close_ema_3_daily_slope_pct >= 2.1777186239842106 AND close_ema_8_daily_volatility_5_daily >= 1.2672772609808338 AND close_to_close_ema_3_daily_difference_pct >= 0.37388545459352607,153,77,76,50.326797385620914,16.895715440582055,33.431081945038855,12.36863379143088,322.90976237234577,0,3.8000000000000003,1.8514508823838405,283.2719850047276,-12.931024875082281,19.9218788136996,,,,,,,,,,
LLOYDSENGG_MINED_BASE_G0_C427,,0,3,3,close_ema_3_daily_slope_pct >= 2.1777186239842106 AND close_ema_8_daily_volatility_5_daily >= 1.2672772609808338 AND close_ema_13_daily_volatility_5_daily >= 0.8014195041727374,150,76,74,50.66666666666667,16.895715440582055,33.77095122608462,12.126111560226354,322.70301872004836,0,3.7,1.8494208632084295,277.41312948126443,-12.931024875082281,19.9218788136996,,,,,,,,,,
LLOYDSENGG_MINED_BASE_G0_C428,,0,3,3,close_ema_3_daily_volatility_5_daily >= 2.1517313552241197 AND close_ema_8_daily_volatility_5_daily >= 1.0367159490053137 AND close_ema_13_daily_volatility_5_daily >= 0.6665343015434868,348,121,227,34.770114942528735,16.895715440582055,17.87439950194668,28.13257881972514,322.6580253368052,0,11.350000000000001,0.8786759423572785,305.77922794033293,-12.931024875082281,17.175581052420334,,,,,,,,,,
LLOYDSENGG_MINED_BASE_G0_C429,,0,3,3,close_ema_3_daily_slope_pct >= 2.1777186239842106 AND close_ema_3_daily_volatility_5_daily >= 1.4807591382075385 AND close_ema_8_daily_volatility_5_daily >= 0.8645495401600428,198,90,108,45.45454545454545,16.895715440582055,28.558830013963398,16.006467259498788,322.5677004897864,0,5.4,1.7245168066564678,341.4543277179806,-12.931024875082281,19.9218788136996,,,,,,,,,,
LLOYDSENGG_MINED_BASE_G0_C430,,0,3,3,close_ema_3_daily_volatility_5_daily >= 2.1517313552241197 AND close_ema_3_daily_range_5_pct >= 4.683096254230115 AND close_ema_8_daily_volatility_5_daily >= 1.0367159490053137,342,120,222,35.08771929824561,16.895715440582055,18.192003857663554,27.64753435731609,322.4675946354572,0,11.100000000000001,0.8691917823798272,297.2635895739009,-12.931024875082281,17.175581052420334,,,,,,,,,,
LLOYDSENGG_MINED_BASE_G0_C431,,0,3,3,close_ema_3_daily_slope_pct >= 2.1777186239842106 AND close_ema_8_daily_range_5_pct >= 3.117710901412895 AND close_ema_3_daily_volatility_5_daily >= 2.551529495595912,127,68,59,53.54330708661418,16.895715440582055,36.647591646032126,10.26677445432498,322.4295868113875,0,2.95,2.0472095270756063,259.995609938602,-12.931024875082281,10.000015661015443,,,,,,,,,,
LLOYDSENGG_MINED_BASE_G0_C432,,0,3,3,close_to_close_ema_3_daily_difference_pct >= 2.1306145320817853 AND close_ema_8_daily_range_5_pct >= 3.117710901412895 AND close_ema_3_daily_volatility_5_daily >= 2.551529495595912,127,68,59,53.54330708661418,16.895715440582055,36.647591646032126,10.26677445432498,322.4295868113875,0,2.95,2.0472095270756063,259.995609938602,-12.931024875082281,10.000015661015443,,,,,,,,,,
LLOYDSENGG_MINED_BASE_G0_C433,,0,3,3,close_to_close_ema_3_daily_difference_pct >= 3.6112616349206315 AND close_ema_8_daily_range_5_pct >= 3.117710901412895 AND close_ema_13_daily_volatility_5_daily >= 0.8014195041727374,99,57,42,57.57575757575758,16.895715440582055,40.680042135175526,8.003233629749394,322.4026138102862,0,2.1,2.3674677114695237,234.37930343548285,-12.931024875082281,19.9218788136996,,,,,,,,,,
LLOYDSENGG_MINED_BASE_G0_C434,,0,3,3,close_ema_3_daily_slope_pct >= 3.7465597082957087 AND close_ema_8_daily_range_5_pct >= 3.117710901412895 AND close_ema_13_daily_volatility_5_daily >= 0.8014195041727374,99,57,42,57.57575757575758,16.895715440582055,40.680042135175526,8.003233629749394,322.4026138102862,0,2.1,2.3674677114695237,234.37930343548285,-12.931024875082281,19.9218788136996,,,,,,,,,,
LLOYDSENGG_MINED_BASE_G0_C435,,0,2,2,close_ema_3_daily_slope_pct >= 2.1777186239842106 AND close_ema_3_daily_volatility_5_daily >= 1.4807591382075385,210,93,117,44.285714285714285,16.895715440582055,27.38999884513223,16.976556184316895,322.3185232088181,0,5.8500000000000005,1.7395096610523169,365.29702882098655,-12.931024875082281,19.9218788136996,,,,,,,,,,
LLOYDSENGG_MINED_BASE_G0_C436,,0,3,3,close_ema_3_daily_slope_pct >= 2.1777186239842106 AND close_to_close_ema_3_daily_difference_pct >= 2.1306145320817853 AND close_ema_3_daily_volatility_5_daily >= 1.4807591382075385,210,93,117,44.285714285714285,16.895715440582055,27.38999884513223,16.976556184316895,322.3185232088181,0,5.8500000000000005,1.7395096610523169,365.29702882098655,-12.931024875082281,19.9218788136996,,,,,,,,,,
LLOYDSENGG_MINED_BASE_G0_C437,,0,3,3,close_ema_3_daily_slope_pct >= 2.1777186239842106 AND close_ema_3_daily_volatility_5_daily >= 1.4807591382075385 AND close_to_close_ema_3_daily_difference_pct >= 1.127345753351754,210,93,117,44.285714285714285,16.895715440582055,27.38999884513223,16.976556184316895,322.3185232088181,0,5.8500000000000005,1.7395096610523169,365.29702882098655,-12.931024875082281,19.9218788136996,,,,,,,,,,
LLOYDSENGG_MINED_BASE_G0_C438,,0,3,3,close_ema_3_daily_slope_pct >= 2.1777186239842106 AND close_ema_3_daily_volatility_5_daily >= 1.4807591382075385 AND close_to_close_ema_3_daily_difference_pct >= 0.37388545459352607,210,93,117,44.285714285714285,16.895715440582055,27.38999884513223,16.976556184316895,322.3185232088181,0,5.8500000000000005,1.7395096610523169,365.29702882098655,-12.931024875082281,19.9218788136996,,,,,,,,,,
LLOYDSENGG_MINED_BASE_G0_C439,,0,2,2,close_ema_3_daily_volatility_5_daily >= 1.8141316287340417 AND close_ema_21_daily_volatility_5_daily >= 0.5048951676587204,395,128,267,32.40506329113924,16.895715440582055,15.509347850557187,31.932093775262732,322.2335874408504,0,13.350000000000001,0.678949396021494,268.1850114284901,-12.931024875082281,19.9218788136996,,,,,,,,,,
LLOYDSENGG_MINED_BASE_G0_C440,,0,3,3,close_ema_3_daily_volatility_5_daily >= 2.1517313552241197 AND close_ema_3_daily_range_5_pct >= 4.683096254230115 AND close_ema_8_daily_volatility_5_daily >= 0.8645495401600428,355,122,233,34.36619718309859,16.895715440582055,17.470481742516537,28.698464025869036,322.19129727758775,0,11.65,0.8296295216683466,294.51848019226304,-12.931024875082281,17.175581052420334,,,,,,,,,,
LLOYDSENGG_MINED_BASE_G0_C441,,0,3,3,close_ema_3_daily_slope_pct >= 2.1777186239842106 AND close_ema_8_daily_range_5_pct >= 3.117710901412895 AND close_ema_8_daily_volatility_5_daily >= 1.0367159490053137,170,82,88,48.23529411764706,16.895715440582055,31.339578677065003,13.7429264349232,321.99619604801126,0,4.4,1.899434220895414,322.9038175522204,-12.931024875082281,19.9218788136996,,,,,,,,,,
LLOYDSENGG_MINED_BASE_G0_C442,,0,3,3,close_ema_3_daily_volatility_5_daily >= 2.1517313552241197 AND close_ema_8_daily_range_5_pct >= 3.117710901412895 AND close_ema_8_daily_volatility_5_daily >= 1.0367159490053137,337,119,218,35.311572700296736,16.895715440582055,18.41585725971468,27.243330638641876,321.8942137404618,0,10.9,0.904975813962805,304.9768493054653,-12.931024875082281,17.175581052420334,,,,,,,,,,
LLOYDSENGG_MINED_BASE_G0_C443,,0,2,2,close_ema_3_daily_volatility_5_daily >= 1.8141316287340417 AND close_ema_8_daily_volatility_5_daily >= 1.0367159490053137,411,130,281,31.630170316301705,16.895715440582055,14.73445487571965,33.225545675020214,321.8868687930679,0,14.05,0.7548648048232324,310.2494347823485,-12.931024875082281,19.9218788136996,,,,,,,,,,
LLOYDSENGG_MINED_BASE_G0_C444,,0,3,3,close_ema_3_daily_volatility_5_daily >= 2.1517313552241197 AND close_ema_3_daily_range_5_pct >= 5.878821482298 AND close_ema_21_daily_volatility_5_daily >= 0.5048951676587204,302,113,189,37.41721854304636,16.895715440582055,20.521503102464305,24.413904607922394,321.68765131846214,0,9.450000000000001,0.8433786020468614,254.70033781815215,-12.931024875082281,17.175581052420334,,,,,,,,,,
LLOYDSENGG_MINED_BASE_G0_C445,,0,3,3,close_ema_3_daily_volatility_5_daily >= 2.1517313552241197 AND close_ema_21_daily_volatility_5_daily >= 0.5048951676587204 AND close_to_close_ema_3_daily_difference_pct >= 1.127345753351754,187,87,100,46.524064171122994,16.895715440582055,29.62834873054094,15.117219078415523,321.6484482639882,0,5,1.50223487042783,280.91792077000423,-12.931024875082281,10.000015661015443,,,,,,,,,,
LLOYDSENGG_MINED_BASE_G0_C446,,0,3,3,close_ema_3_daily_volatility_5_daily >= 2.1517313552241197 AND close_ema_21_daily_volatility_5_daily >= 0.5048951676587204 AND close_ema_3_daily_slope_pct >= 1.1401997467767693,187,87,100,46.524064171122994,16.895715440582055,29.62834873054094,15.117219078415523,321.6484482639882,0,5,1.50223487042783,280.91792077000423,-12.931024875082281,10.000015661015443,,,,,,,,,,
LLOYDSENGG_MINED_BASE_G0_C447,,0,3,3,close_ema_3_daily_volatility_5_daily >= 2.1517313552241197 AND close_ema_3_daily_slope_pct >= 2.1777186239842106 AND close_ema_8_daily_range_5_pct >= 3.117710901412895,160,79,81,49.375,16.895715440582055,32.47928455941795,12.934518997574779,321.6307920767997,0,4.05,1.7614564265700021,281.83302825120035,-12.931024875082281,10.000015661015443,,,,,,,,,,
LLOYDSENGG_MINED_BASE_G0_C448,,0,2,2,close_ema_3_daily_volatility_5_daily >= 2.1517313552241197 AND close_ema_13_daily_volatility_5_daily >= 0.6665343015434868,350,121,229,34.57142857142857,16.895715440582055,17.675713130846514,28.294260307194826,321.5700586919653,0,11.450000000000001,0.8804976792442366,308.1741877354828,-12.931024875082281,17.175581052420334,,,,,,,,,,
LLOYDSENGG_MINED_BASE_G0_C449,,0,3,3,close_ema_3_daily_volatility_5_daily >= 2.1517313552241197 AND close_ema_8_daily_volatility_5_daily >= 0.8645495401600428 AND close_ema_13_daily_volatility_5_daily >= 0.6665343015434868,350,121,229,34.57142857142857,16.895715440582055,17.675713130846514,28.294260307194826,321.5700586919653,0,11.450000000000001,0.8804976792442366,308.1741877354828,-12.931024875082281,17.175581052420334,,,,,,,,,,
LLOYDSENGG_MINED_BASE_G0_C450,,0,3,3,close_to_close_ema_3_daily_difference_pct >= 2.1306145320817853 AND close_ema_3_daily_volatility_5_daily >= 1.4807591382075385 AND close_ema_8_daily_volatility_5_daily >= 0.8645495401600428,199,90,109,45.22613065326633,16.895715440582055,28.330415212684276,16.08730800323363,321.35094323527994,0,5.45,1.7162890572861704,341.5415223999479,-12.931024875082281,19.9218788136996,,,,,,,,,,
LLOYDSENGG_MINED_BASE_G0_C451,,0,2,2,close_to_close_ema_3_daily_difference_pct >= 2.1306145320817853 AND close_ema_3_daily_volatility_5_daily >= 1.4807591382075385,211,93,118,44.07582938388626,16.895715440582055,27.180113943304203,17.057396928051737,321.1956060696436,0,5.9,1.7316787843741888,365.38422350295383,-12.931024875082281,19.9218788136996,,,,,,,,,,
LLOYDSENGG_MINED_BASE_G0_C452,,0,3,3,close_to_close_ema_3_daily_difference_pct >= 2.1306145320817853 AND close_ema_3_daily_volatility_5_daily >= 1.4807591382075385 AND close_ema_3_daily_slope_pct >= 1.1401997467767693,211,93,118,44.07582938388626,16.895715440582055,27.180113943304203,17.057396928051737,321.1956060696436,0,5.9,1.7316787843741888,365.38422350295383,-12.931024875082281,19.9218788136996,,,,,,,,,,
LLOYDSENGG_MINED_BASE_G0_C453,,0,3,3,close_to_close_ema_3_daily_difference_pct >= 2.1306145320817853 AND close_ema_3_daily_volatility_5_daily >= 1.4807591382075385 AND close_ema_3_daily_slope_pct >= 0.3776715879064552,211,93,118,44.07582938388626,16.895715440582055,27.180113943304203,17.057396928051737,321.1956060696436,0,5.9,1.7316787843741888,365.38422350295383,-12.931024875082281,19.9218788136996,,,,,,,,,,
LLOYDSENGG_MINED_BASE_G0_C454,,0,2,2,close_to_close_ema_3_daily_difference_pct >= 2.1306145320817853 AND close_ema_8_daily_volatility_5_daily >= 1.2672772609808338,154,77,77,50,16.895715440582055,33.10428455941795,12.449474535165724,321.19140681696035,0,3.85,1.8399946732902257,283.35917968669474,-12.931024875082281,19.9218788136996,,,,,,,,,,
LLOYDSENGG_MINED_BASE_G0_C455,,0,3,3,close_to_close_ema_3_daily_difference_pct >= 2.1306145320817853 AND close_ema_3_daily_slope_pct >= 1.1401997467767693 AND close_ema_8_daily_volatility_5_daily >= 1.2672772609808338,154,77,77,50,16.895715440582055,33.10428455941795,12.449474535165724,321.19140681696035,0,3.85,1.8399946732902257,283.35917968669474,-12.931024875082281,19.9218788136996,,,,,,,,,,
LLOYDSENGG_MINED_BASE_G0_C456,,0,3,3,close_to_close_ema_3_daily_difference_pct >= 2.1306145320817853 AND close_ema_8_daily_volatility_5_daily >= 1.2672772609808338 AND close_ema_13_daily_volatility_5_daily >= 0.6665343015434868,154,77,77,50,16.895715440582055,33.10428455941795,12.449474535165724,321.19140681696035,0,3.85,1.8399946732902257,283.35917968669474,-12.931024875082281,19.9218788136996,,,,,,,,,,
LLOYDSENGG_MINED_BASE_G0_C457,,0,3,3,close_to_close_ema_3_daily_difference_pct >= 2.1306145320817853 AND close_ema_8_daily_volatility_5_daily >= 1.2672772609808338 AND close_ema_3_daily_slope_pct >= 0.3776715879064552,154,77,77,50,16.895715440582055,33.10428455941795,12.449474535165724,321.19140681696035,0,3.85,1.8399946732902257,283.35917968669474,-12.931024875082281,19.9218788136996,,,,,,,,,,
LLOYDSENGG_MINED_BASE_G0_C458,,0,3,3,close_ema_3_daily_volatility_5_daily >= 2.1517313552241197 AND close_ema_3_daily_range_5_pct >= 4.683096254230115 AND close_ema_21_daily_range_5_pct >= 1.8831689286059863,303,113,190,37.29372937293729,16.895715440582055,20.398013932355237,24.494745351657237,321.1811863705615,0,9.5,0.8970389029284306,271.80278758731447,-12.931024875082281,17.175581052420334,,,,,,,,,,
LLOYDSENGG_MINED_BASE_G0_C459,,0,2,2,close_ema_3_daily_volatility_5_daily >= 2.1517313552241197 AND close_ema_3_daily_range_5_pct >= 4.683096254230115,357,122,235,34.173669467787114,16.895715440582055,17.27795402720506,28.860145513338725,321.06077422176384,0,11.75,0.8070013619128574,288.0994862028901,-12.931024875082281,17.175581052420334,,,,,,,,,,
LLOYDSENGG_MINED_BASE_G0_C460,,0,2,2,close_ema_3_daily_volatility_5_daily >= 2.1517313552241197 AND close_ema_8_daily_volatility_5_daily >= 1.2672772609808338,309,114,195,36.89320388349515,16.895715440582055,19.99748844291309,24.97978981406629,321.0421865472551,0,9.75,0.9349147775631994,288.8886662670286,-12.931024875082281,17.175581052420334,,,,,,,,,,
LLOYDSENGG_MINED_BASE_G0_C461,,0,3,3,close_ema_3_daily_volatility_5_daily >= 2.1517313552241197 AND close_ema_8_daily_volatility_5_daily >= 1.2672772609808338 AND close_ema_13_daily_volatility_5_daily >= 0.6665343015434868,309,114,195,36.89320388349515,16.895715440582055,19.99748844291309,24.97978981406629,321.0421865472551,0,9.75,0.9349147775631994,288.8886662670286,-12.931024875082281,17.175581052420334,,,,,,,,,,
LLOYDSENGG_MINED_BASE_G0_C462,,0,3,3,close_to_close_ema_3_daily_difference_pct >= 2.1306145320817853 AND close_ema_8_daily_volatility_5_daily >= 1.2672772609808338 AND close_ema_13_daily_volatility_5_daily >= 0.8014195041727374,151,76,75,50.331125827814574,16.895715440582055,33.43541038723252,12.206952303961197,320.9403034096043,0,3.75,1.8377504911472298,277.5003241632317,-12.931024875082281,19.9218788136996,,,,,,,,,,
LLOYDSENGG_MINED_BASE_G0_C463,,0,3,3,close_ema_3_daily_slope_pct >= 2.1777186239842106 AND close_ema_21_daily_volatility_5_daily >= 0.5048951676587204 AND close_ema_3_daily_range_5_pct >= 7.091176553732353,151,76,75,50.331125827814574,16.895715440582055,33.43541038723252,12.206952303961197,320.91799608664263,0,3.75,1.8303147168266638,276.37752224082624,-12.931024875082281,19.9218788136996,,,,,,,,,,
LLOYDSENGG_MINED_BASE_G0_C464,,0,3,3,close_ema_3_daily_slope_pct >= 2.1777186239842106 AND close_ema_3_daily_volatility_5_daily >= 2.551529495595912 AND close_ema_3_daily_range_5_pct >= 7.091176553732353,125,67,58,53.6,16.895715440582055,36.70428455941794,10.105092966855295,320.8104121300674,0,2.9000000000000004,2.0629964443258944,257.8745555407368,-12.931024875082281,10.000015661015443,,,,,,,,,,
LLOYDSENGG_MINED_BASE_G0_C465,,0,3,3,close_to_close_ema_3_daily_difference_pct >= 2.1306145320817853 AND close_ema_3_daily_volatility_5_daily >= 2.551529495595912 AND close_ema_3_daily_range_5_pct >= 7.091176553732353,125,67,58,53.6,16.895715440582055,36.70428455941794,10.105092966855295,320.8104121300674,0,2.9000000000000004,2.0629964443258944,257.8745555407368,-12.931024875082281,10.000015661015443,,,,,,,,,,
LLOYDSENGG_MINED_BASE_G0_C466,,0,3,3,close_ema_3_daily_slope_pct >= 2.1777186239842106 AND close_ema_8_daily_volatility_5_daily >= 0.8645495401600428 AND close_ema_3_daily_volatility_5_daily >= 1.8141316287340417,192,88,104,45.83333333333333,16.895715440582055,28.937617892751273,15.521422797089734,320.7234424438013,0,5.2,1.7451176600149807,335.0625907228763,-12.931024875082281,19.9218788136996,,,,,,,,,,
LLOYDSENGG_MINED_BASE_G0_C467,,0,3,3,close_ema_8_daily_volatility_5_daily >= 0.8645495401600428 AND close_ema_3_daily_volatility_5_daily >= 1.8141316287340417 AND close_ema_21_daily_range_5_pct >= 1.8831689286059863,371,124,247,33.42318059299191,16.895715440582055,16.527465152409857,29.991915925626518,320.6836703384604,0,12.350000000000001,0.7987815254703795,296.3479459495108,-12.931024875082281,19.9218788136996,,,,,,,,,,
LLOYDSENGG_MINED_BASE_G0_C468,,0,2,2,close_to_close_ema_3_daily_difference_pct >= 3.6112616349206315 AND close_ema_8_daily_volatility_5_daily >= 1.0367159490053137,107,60,47,56.074766355140184,16.895715440582055,39.17905091455813,8.649959579628133,320.67001120409014,0,2.35,2.374918877099818,254.11631984968054,-12.931024875082281,19.9218788136996,,,,,,,,,,
LLOYDSENGG_MINED_BASE_G0_C469,,0,2,2,close_ema_3_daily_slope_pct >= 3.7465597082957087 AND close_ema_8_daily_volatility_5_daily >= 1.0367159490053137,107,60,47,56.074766355140184,16.895715440582055,39.17905091455813,8.649959579628133,320.67001120409014,0,2.35,2.374918877099818,254.11631984968054,-12.931024875082281,19.9218788136996,,,,,,,,,,
LLOYDSENGG_MINED_BASE_G0_C470,,0,3,3,close_ema_3_daily_slope_pct >= 2.1777186239842106 AND close_to_close_ema_3_daily_difference_pct >= 3.6112616349206315 AND close_ema_8_daily_volatility_5_daily >= 1.0367159490053137,107,60,47,56.074766355140184,16.895715440582055,39.17905091455813,8.649959579628133,320.67001120409014,0,2.35,2.374918877099818,254.11631984968054,-12.931024875082281,19.9218788136996,,,,,,,,,,
LLOYDSENGG_MINED_BASE_G0_C471,,0,3,3,close_to_close_ema_3_daily_difference_pct >= 2.1306145320817853 AND close_ema_3_daily_slope_pct >= 3.7465597082957087 AND close_ema_8_daily_volatility_5_daily >= 1.0367159490053137,107,60,47,56.074766355140184,16.895715440582055,39.17905091455813,8.649959579628133,320.67001120409014,0,2.35,2.374918877099818,254.11631984968054,-12.931024875082281,19.9218788136996,,,,,,,,,,
LLOYDSENGG_MINED_BASE_G0_C472,,0,3,3,close_ema_3_daily_range_5_pct >= 4.683096254230115 AND close_to_close_ema_3_daily_difference_pct >= 3.6112616349206315 AND close_ema_8_daily_volatility_5_daily >= 1.0367159490053137,107,60,47,56.074766355140184,16.895715440582055,39.17905091455813,8.649959579628133,320.67001120409014,0,2.35,2.374918877099818,254.11631984968054,-12.931024875082281,19.9218788136996,,,,,,,,,,
LLOYDSENGG_MINED_BASE_G0_C473,,0,3,3,close_ema_3_daily_range_5_pct >= 4.683096254230115 AND close_ema_3_daily_slope_pct >= 3.7465597082957087 AND close_ema_8_daily_volatility_5_daily >= 1.0367159490053137,107,60,47,56.074766355140184,16.895715440582055,39.17905091455813,8.649959579628133,320.67001120409014,0,2.35,2.374918877099818,254.11631984968054,-12.931024875082281,19.9218788136996,,,,,,,,,,
LLOYDSENGG_MINED_BASE_G0_C474,,0,3,3,close_ema_3_daily_volatility_5_daily >= 1.4807591382075385 AND close_to_close_ema_3_daily_difference_pct >= 3.6112616349206315 AND close_ema_8_daily_volatility_5_daily >= 1.0367159490053137,107,60,47,56.074766355140184,16.895715440582055,39.17905091455813,8.649959579628133,320.67001120409014,0,2.35,2.374918877099818,254.11631984968054,-12.931024875082281,19.9218788136996,,,,,,,,,,
LLOYDSENGG_MINED_BASE_G0_C475,,0,3,3,close_ema_3_daily_volatility_5_daily >= 1.4807591382075385 AND close_ema_3_daily_slope_pct >= 3.7465597082957087 AND close_ema_8_daily_volatility_5_daily >= 1.0367159490053137,107,60,47,56.074766355140184,16.895715440582055,39.17905091455813,8.649959579628133,320.67001120409014,0,2.35,2.374918877099818,254.11631984968054,-12.931024875082281,19.9218788136996,,,,,,,,,,
LLOYDSENGG_MINED_BASE_G0_C476,,0,3,3,close_to_close_ema_3_daily_difference_pct >= 3.6112616349206315 AND close_ema_3_daily_slope_pct >= 3.7465597082957087 AND close_ema_8_daily_volatility_5_daily >= 1.0367159490053137,107,60,47,56.074766355140184,16.895715440582055,39.17905091455813,8.649959579628133,320.67001120409014,0,2.35,2.374918877099818,254.11631984968054,-12.931024875082281,19.9218788136996,,,,,,,,,,
LLOYDSENGG_MINED_BASE_G0_C477,,0,3,3,close_to_close_ema_3_daily_difference_pct >= 3.6112616349206315 AND close_ema_3_daily_volatility_5_daily >= 1.8141316287340417 AND close_ema_8_daily_volatility_5_daily >= 1.0367159490053137,107,60,47,56.074766355140184,16.895715440582055,39.17905091455813,8.649959579628133,320.67001120409014,0,2.35,2.374918877099818,254.11631984968054,-12.931024875082281,19.9218788136996,,,,,,,,,,
LLOYDSENGG_MINED_BASE_G0_C478,,0,3,3,close_to_close_ema_3_daily_difference_pct >= 3.6112616349206315 AND close_ema_8_daily_volatility_5_daily >= 1.0367159490053137 AND close_ema_3_daily_slope_pct >= 1.1401997467767693,107,60,47,56.074766355140184,16.895715440582055,39.17905091455813,8.649959579628133,320.67001120409014,0,2.35,2.374918877099818,254.11631984968054,-12.931024875082281,19.9218788136996,,,,,,,,,,
LLOYDSENGG_MINED_BASE_G0_C479,,0,3,3,close_to_close_ema_3_daily_difference_pct >= 3.6112616349206315 AND close_ema_8_daily_volatility_5_daily >= 1.0367159490053137 AND close_ema_13_daily_volatility_5_daily >= 0.6665343015434868,107,60,47,56.074766355140184,16.895715440582055,39.17905091455813,8.649959579628133,320.67001120409014,0,2.35,2.374918877099818,254.11631984968054,-12.931024875082281,19.9218788136996,,,,,,,,,,
LLOYDSENGG_MINED_BASE_G0_C480,,0,3,3,close_to_close_ema_3_daily_difference_pct >= 3.6112616349206315 AND close_ema_8_daily_volatility_5_daily >= 1.0367159490053137 AND close_ema_3_daily_slope_pct >= 0.3776715879064552,107,60,47,56.074766355140184,16.895715440582055,39.17905091455813,8.649959579628133,320.67001120409014,0,2.35,2.374918877099818,254.11631984968054,-12.931024875082281,19.9218788136996,,,,,,,,,,
LLOYDSENGG_MINED_BASE_G0_C481,,0,3,3,close_ema_3_daily_slope_pct >= 3.7465597082957087 AND close_ema_3_daily_volatility_5_daily >= 1.8141316287340417 AND close_ema_8_daily_volatility_5_daily >= 1.0367159490053137,107,60,47,56.074766355140184,16.895715440582055,39.17905091455813,8.649959579628133,320.67001120409014,0,2.35,2.374918877099818,254.11631984968054,-12.931024875082281,19.9218788136996,,,,,,,,,,
LLOYDSENGG_MINED_BASE_G0_C482,,0,3,3,close_ema_3_daily_slope_pct >= 3.7465597082957087 AND close_ema_8_daily_volatility_5_daily >= 1.0367159490053137 AND close_to_close_ema_3_daily_difference_pct >= 1.127345753351754,107,60,47,56.074766355140184,16.895715440582055,39.17905091455813,8.649959579628133,320.67001120409014,0,2.35,2.374918877099818,254.11631984968054,-12.931024875082281,19.9218788136996,,,,,,,,,,
LLOYDSENGG_MINED_BASE_G0_C483,,0,3,3,close_ema_3_daily_slope_pct >= 3.7465597082957087 AND close_ema_8_daily_volatility_5_daily >= 1.0367159490053137 AND close_ema_13_daily_volatility_5_daily >= 0.6665343015434868,107,60,47,56.074766355140184,16.895715440582055,39.17905091455813,8.649959579628133,320.67001120409014,0,2.35,2.374918877099818,254.11631984968054,-12.931024875082281,19.9218788136996,,,,,,,,,,
LLOYDSENGG_MINED_BASE_G0_C484,,0,3,3,close_ema_3_daily_slope_pct >= 3.7465597082957087 AND close_ema_8_daily_volatility_5_daily >= 1.0367159490053137 AND close_to_close_ema_3_daily_difference_pct >= 0.37388545459352607,107,60,47,56.074766355140184,16.895715440582055,39.17905091455813,8.649959579628133,320.67001120409014,0,2.35,2.374918877099818,254.11631984968054,-12.931024875082281,19.9218788136996,,,,,,,,,,
LLOYDSENGG_MINED_BASE_G0_C485,,0,3,3,close_ema_3_daily_range_5_pct >= 4.683096254230115 AND close_ema_8_daily_volatility_5_daily >= 0.8645495401600428 AND close_ema_3_daily_volatility_5_daily >= 1.8141316287340417,429,132,297,30.76923076923077,16.895715440582055,13.873515328648715,34.68067906224737,320.63015606454303,0,14.850000000000001,0.7041931404331481,302.0988572458205,-12.931024875082281,19.9218788136996,,,,,,,,,,
LLOYDSENGG_MINED_BASE_G0_C486,,0,3,3,close_ema_3_daily_volatility_5_daily >= 2.1517313552241197 AND close_ema_8_daily_range_5_pct >= 3.117710901412895 AND close_ema_21_daily_range_5_pct >= 6.280967301429598,114,63,51,55.26315789473685,16.895715440582055,38.3674424541548,9.21584478577203,320.5523563829509,0,2.5500000000000003,1.755048037392309,200.0754762627232,-9.254259760270903,10.000014739437525,,,,,,,,,,
LLOYDSENGG_MINED_BASE_G0_C487,,0,2,2,close_ema_3_daily_volatility_5_daily >= 1.4807591382075385 AND close_ema_8_daily_volatility_5_daily >= 0.8645495401600428,534,144,390,26.96629213483146,16.895715440582055,10.070576694249404,43.16895715440582,320.51519768049803,0,19.5,0.5541047364169935,295.8919292466745,-12.931024875082281,19.9218788136996,,,,,,,,,,
LLOYDSENGG_MINED_BASE_G0_C488,,0,3,3,close_to_close_ema_3_daily_difference_pct >= 2.1306145320817853 AND close_ema_8_daily_range_5_pct >= 3.117710901412895 AND close_ema_8_daily_volatility_5_daily >= 1.0367159490053137,171,82,89,47.953216374269005,16.895715440582055,31.05750093368695,13.823767178658045,320.5040136549994,0,4.45,1.888836328854898,322.99101223418756,-12.931024875082281,19.9218788136996,,,,,,,,,,
LLOYDSENGG_MINED_BASE_G0_C489,,0,3,3,close_ema_3_daily_slope_pct >= 2.1777186239842106 AND close_ema_3_daily_volatility_5_daily >= 2.551529495595912 AND close_ema_13_daily_volatility_5_daily >= 0.8014195041727374,125,67,58,53.6,16.895715440582055,36.70428455941794,10.105092966855295,320.32432696909007,0,2.9000000000000004,1.9009680573334502,237.62100716668127,-12.931024875082281,10.000015661015443,,,,,,,,,,
LLOYDSENGG_MINED_BASE_G0_C490,,0,3,3,close_to_close_ema_3_daily_difference_pct >= 2.1306145320817853 AND close_ema_3_daily_volatility_5_daily >= 2.551529495595912 AND close_ema_13_daily_volatility_5_daily >= 0.8014195041727374,125,67,58,53.6,16.895715440582055,36.70428455941794,10.105092966855295,320.32432696909007,0,2.9000000000000004,1.9009680573334502,237.62100716668127,-12.931024875082281,10.000015661015443,,,,,,,,,,
LLOYDSENGG_MINED_BASE_G0_C491,,0,3,3,close_ema_3_daily_volatility_5_daily >= 1.4807591382075385 AND close_to_close_ema_3_daily_difference_pct >= 3.6112616349206315 AND close_ema_21_daily_volatility_5_daily >= 0.5048951676587204,107,60,47,56.074766355140184,16.895715440582055,39.17905091455813,8.649959579628133,320.28208340990165,0,2.35,2.2456096123703277,240.28022852362508,-12.931024875082281,19.9218788136996,,,,,,,,,,
LLOYDSENGG_MINED_BASE_G0_C492,,0,3,3,close_ema_3_daily_volatility_5_daily >= 1.4807591382075385 AND close_ema_3_daily_slope_pct >= 3.7465597082957087 AND close_ema_21_daily_volatility_5_daily >= 0.5048951676587204,107,60,47,56.074766355140184,16.895715440582055,39.17905091455813,8.649959579628133,320.28208340990165,0,2.35,2.2456096123703277,240.28022852362508,-12.931024875082281,19.9218788136996,,,,,,,,,,
LLOYDSENGG_MINED_BASE_G0_C493,,0,3,3,close_to_close_ema_3_daily_difference_pct >= 3.6112616349206315 AND close_ema_8_daily_volatility_5_daily >= 0.8645495401600428 AND close_ema_21_daily_volatility_5_daily >= 0.5048951676587204,107,60,47,56.074766355140184,16.895715440582055,39.17905091455813,8.649959579628133,320.28208340990165,0,2.35,2.2456096123703277,240.28022852362508,-12.931024875082281,19.9218788136996,,,,,,,,,,
LLOYDSENGG_MINED_BASE_G0_C494,,0,3,3,close_to_close_ema_3_daily_difference_pct >= 3.6112616349206315 AND close_ema_3_daily_volatility_5_daily >= 1.8141316287340417 AND close_ema_21_daily_volatility_5_daily >= 0.5048951676587204,107,60,47,56.074766355140184,16.895715440582055,39.17905091455813,8.649959579628133,320.28208340990165,0,2.35,2.2456096123703277,240.28022852362508,-12.931024875082281,19.9218788136996,,,,,,,,,,
LLOYDSENGG_MINED_BASE_G0_C495,,0,3,3,close_ema_3_daily_slope_pct >= 3.7465597082957087 AND close_ema_8_daily_volatility_5_daily >= 0.8645495401600428 AND close_ema_21_daily_volatility_5_daily >= 0.5048951676587204,107,60,47,56.074766355140184,16.895715440582055,39.17905091455813,8.649959579628133,320.28208340990165,0,2.35,2.2456096123703277,240.28022852362508,-12.931024875082281,19.9218788136996,,,,,,,,,,
LLOYDSENGG_MINED_BASE_G0_C496,,0,3,3,close_ema_3_daily_slope_pct >= 3.7465597082957087 AND close_ema_3_daily_volatility_5_daily >= 1.8141316287340417 AND close_ema_21_daily_volatility_5_daily >= 0.5048951676587204,107,60,47,56.074766355140184,16.895715440582055,39.17905091455813,8.649959579628133,320.28208340990165,0,2.35,2.2456096123703277,240.28022852362508,-12.931024875082281,19.9218788136996,,,,,,,,,,
LLOYDSENGG_MINED_BASE_G0_C497,,0,2,2,close_ema_3_daily_volatility_5_daily >= 2.1517313552241197 AND close_ema_8_daily_range_5_pct >= 3.117710901412895,346,120,226,34.68208092485549,16.895715440582055,17.786365484273436,27.970897332255458,320.2578411491778,0,11.3,0.8753379092702156,302.8669166074946,-12.931024875082281,17.175581052420334,,,,,,,,,,
LLOYDSENGG_MINED_BASE_G0_C498,,0,3,3,close_ema_3_daily_volatility_5_daily >= 2.1517313552241197 AND close_ema_8_daily_volatility_5_daily >= 0.8645495401600428 AND close_ema_8_daily_range_5_pct >= 3.117710901412895,346,120,226,34.68208092485549,16.895715440582055,17.786365484273436,27.970897332255458,320.2578411491778,0,11.3,0.8753379092702156,302.8669166074946,-12.931024875082281,17.175581052420334,,,,,,,,,,
LLOYDSENGG_MINED_BASE_G0_C499,,0,2,2,close_ema_3_daily_slope_pct >= 2.1777186239842106 AND close_ema_3_daily_range_5_pct >= 4.683096254230115,212,93,119,43.86792452830189,16.895715440582055,26.972209087719836,17.13823767178658,320.24349843812,0,5.95,1.777484333173617,376.8266786328068,-12.931024875082281,19.9218788136996,,,,,,,,,,
LLOYDSENGG_MINED_BASE_G0_C500,,0,3,3,close_ema_3_daily_slope_pct >= 2.1777186239842106 AND close_to_close_ema_3_daily_difference_pct >= 2.1306145320817853 AND close_ema_3_daily_range_5_pct >= 4.683096254230115,212,93,119,43.86792452830189,16.895715440582055,26.972209087719836,17.13823767178658,320.24349843812,0,5.95,1.777484333173617,376.8266786328068,-12.931024875082281,19.9218788136996,,,,,,,,,,
LLOYDSENGG_MINED_BASE_G0_C501,,0,3,3,close_ema_3_daily_slope_pct >= 2.1777186239842106 AND close_ema_3_daily_range_5_pct >= 4.683096254230115 AND close_to_close_ema_3_daily_difference_pct >= 1.127345753351754,212,93,119,43.86792452830189,16.895715440582055,26.972209087719836,17.13823767178658,320.24349843812,0,5.95,1.777484333173617,376.8266786328068,-12.931024875082281,19.9218788136996,,,,,,,,,,
LLOYDSENGG_MINED_BASE_G0_C502,,0,3,3,close_ema_3_daily_slope_pct >= 2.1777186239842106 AND close_ema_3_daily_range_5_pct >= 4.683096254230115 AND close_to_close_ema_3_daily_difference_pct >= 0.37388545459352607,212,93,119,43.86792452830189,16.895715440582055,26.972209087719836,17.13823767178658,320.24349843812,0,5.95,1.777484333173617,376.8266786328068,-12.931024875082281,19.9218788136996,,,,,,,,,,
LLOYDSENGG_MINED_BASE_G0_C503,,0,3,3,close_to_close_ema_3_daily_difference_pct >= 3.6112616349206315 AND close_ema_21_daily_volatility_5_daily >= 0.5048951676587204 AND close_ema_8_daily_volatility_5_daily >= 1.2672772609808338,95,55,40,57.89473684210527,16.895715440582055,40.99902140152321,7.679870654810024,320.1312458972405,0,2,2.3787129632081383,225.97773150477315,-12.931024875082281,19.9218788136996,,,,,,,,,,
LLOYDSENGG_MINED_BASE_G0_C504,,0,3,3,close_to_close_ema_3_daily_difference_pct >= 3.6112616349206315 AND close_ema_8_daily_volatility_5_daily >= 1.2672772609808338 AND close_ema_13_daily_volatility_5_daily >= 0.8014195041727374,95,55,40,57.89473684210527,16.895715440582055,40.99902140152321,7.679870654810024,320.1312458972405,0,2,2.3787129632081383,225.97773150477315,-12.931024875082281,19.9218788136996,,,,,,,,,,
LLOYDSENGG_MINED_BASE_G0_C505,,0,3,3,close_ema_3_daily_slope_pct >= 3.7465597082957087 AND close_ema_21_daily_volatility_5_daily >= 0.5048951676587204 AND close_ema_8_daily_volatility_5_daily >= 1.2672772609808338,95,55,40,57.89473684210527,16.895715440582055,40.99902140152321,7.679870654810024,320.1312458972405,0,2,2.3787129632081383,225.97773150477315,-12.931024875082281,19.9218788136996,,,,,,,,,,
LLOYDSENGG_MINED_BASE_G0_C506,,0,3,3,close_ema_3_daily_slope_pct >= 3.7465597082957087 AND close_ema_8_daily_volatility_5_daily >= 1.2672772609808338 AND close_ema_13_daily_volatility_5_daily >= 0.8014195041727374,95,55,40,57.89473684210527,16.895715440582055,40.99902140152321,7.679870654810024,320.1312458972405,0,2,2.3787129632081383,225.97773150477315,-12.931024875082281,19.9218788136996,,,,,,,,,,
LLOYDSENGG_MINED_BASE_G0_C507,,0,3,3,close_ema_3_daily_volatility_5_daily >= 2.1517313552241197 AND close_to_close_ema_3_daily_difference_pct >= 2.1306145320817853 AND close_ema_8_daily_range_5_pct >= 3.117710901412895,161,79,82,49.06832298136646,16.895715440582055,32.1726075407844,13.01535974130962,320.01620955981946,0,4.1000000000000005,1.7510572852991775,281.92022293316757,-12.931024875082281,10.000015661015443,,,,,,,,,,
LLOYDSENGG_MINED_BASE_G0_C508,,0,3,3,close_ema_3_daily_volatility_5_daily >= 2.1517313552241197 AND close_ema_8_daily_volatility_5_daily >= 1.2672772609808338 AND close_ema_13_daily_volatility_5_daily >= 0.8014195041727374,305,113,192,37.049180327868854,16.895715440582055,20.1534648872868,24.65642683912692,319.98871927918856,0,9.600000000000001,0.9404649475848513,286.84180901337965,-12.931024875082281,17.175581052420334,,,,,,,,,,
LLOYDSENGG_MINED_BASE_G0_C509,,0,2,2,close_to_close_ema_3_daily_difference_pct >= 3.6112616349206315 AND close_ema_13_daily_volatility_5_daily >= 0.6665343015434868,115,63,52,54.78260869565217,16.895715440582055,37.88689325507012,9.296685529506872,319.6314769842953,0,2.6,2.265670236314917,260.55207717621545,-12.931024875082281,19.9218788136996,,,,,,,,,,
LLOYDSENGG_MINED_BASE_G0_C510,,0,2,2,close_ema_3_daily_slope_pct >= 3.7465597082957087 AND close_ema_13_daily_volatility_5_daily >= 0.6665343015434868,115,63,52,54.78260869565217,16.895715440582055,37.88689325507012,9.296685529506872,319.6314769842953,0,2.6,2.265670236314917,260.55207717621545,-12.931024875082281,19.9218788136996,,,,,,,,,,
LLOYDSENGG_MINED_BASE_G0_C511,,0,3,3,close_ema_3_daily_slope_pct >= 2.1777186239842106 AND close_to_close_ema_3_daily_difference_pct >= 3.6112616349206315 AND close_ema_13_daily_volatility_5_daily >= 0.6665343015434868,115,63,52,54.78260869565217,16.895715440582055,37.88689325507012,9.296685529506872,319.6314769842953,0,2.6,2.265670236314917,260.55207717621545,-12.931024875082281,19.9218788136996,,,,,,,,,,
LLOYDSENGG_MINED_BASE_G0_C512,,0,3,3,close_to_close_ema_3_daily_difference_pct >= 2.1306145320817853 AND close_ema_3_daily_slope_pct >= 3.7465597082957087 AND close_ema_13_daily_volatility_5_daily >= 0.6665343015434868,115,63,52,54.78260869565217,16.895715440582055,37.88689325507012,9.296685529506872,319.6314769842953,0,2.6,2.265670236314917,260.55207717621545,-12.931024875082281,19.9218788136996,,,,,,,,,,
LLOYDSENGG_MINED_BASE_G0_C513,,0,3,3,close_to_close_ema_3_daily_difference_pct >= 3.6112616349206315 AND close_ema_3_daily_slope_pct >= 3.7465597082957087 AND close_ema_13_daily_volatility_5_daily >= 0.6665343015434868,115,63,52,54.78260869565217,16.895715440582055,37.88689325507012,9.296685529506872,319.6314769842953,0,2.6,2.265670236314917,260.55207717621545,-12.931024875082281,19.9218788136996,,,,,,,,,,
LLOYDSENGG_MINED_BASE_G0_C514,,0,3,3,close_to_close_ema_3_daily_difference_pct >= 3.6112616349206315 AND close_ema_3_daily_slope_pct >= 1.1401997467767693 AND close_ema_13_daily_volatility_5_daily >= 0.6665343015434868,115,63,52,54.78260869565217,16.895715440582055,37.88689325507012,9.296685529506872,319.6314769842953,0,2.6,2.265670236314917,260.55207717621545,-12.931024875082281,19.9218788136996,,,,,,,,,,
LLOYDSENGG_MINED_BASE_G0_C515,,0,3,3,close_to_close_ema_3_daily_difference_pct >= 3.6112616349206315 AND close_ema_13_daily_volatility_5_daily >= 0.6665343015434868 AND close_ema_3_daily_slope_pct >= 0.3776715879064552,115,63,52,54.78260869565217,16.895715440582055,37.88689325507012,9.296685529506872,319.6314769842953,0,2.6,2.265670236314917,260.55207717621545,-12.931024875082281,19.9218788136996,,,,,,,,,,
LLOYDSENGG_MINED_BASE_G0_C516,,0,3,3,close_ema_3_daily_slope_pct >= 3.7465597082957087 AND close_to_close_ema_3_daily_difference_pct >= 1.127345753351754 AND close_ema_13_daily_volatility_5_daily >= 0.6665343015434868,115,63,52,54.78260869565217,16.895715440582055,37.88689325507012,9.296685529506872,319.6314769842953,0,2.6,2.265670236314917,260.55207717621545,-12.931024875082281,19.9218788136996,,,,,,,,,,
LLOYDSENGG_MINED_BASE_G0_C517,,0,3,3,close_ema_3_daily_slope_pct >= 3.7465597082957087 AND close_ema_13_daily_volatility_5_daily >= 0.6665343015434868 AND close_to_close_ema_3_daily_difference_pct >= 0.37388545459352607,115,63,52,54.78260869565217,16.895715440582055,37.88689325507012,9.296685529506872,319.6314769842953,0,2.6,2.265670236314917,260.55207717621545,-12.931024875082281,19.9218788136996,,,,,,,,,,
LLOYDSENGG_MINED_BASE_G0_C518,,0,3,3,close_ema_3_daily_volatility_5_daily >= 2.1517313552241197 AND close_ema_21_daily_volatility_5_daily >= 0.5048951676587204 AND close_ema_8_daily_volatility_5_daily >= 1.2672772609808338,300,112,188,37.333333333333336,16.895715440582055,20.43761789275128,24.252223120452708,319.62005390051746,0,9.4,0.9439881455870066,283.196443676102,-12.931024875082281,17.175581052420334,,,,,,,,,,
LLOYDSENGG_MINED_BASE_G0_C519,,0,2,2,close_ema_3_daily_volatility_5_daily >= 2.1517313552241197 AND close_ema_21_daily_range_5_pct >= 6.280967301429598,117,64,53,54.700854700854705,16.895715440582055,37.805139260272654,9.458367016976556,319.552100825619,0,2.6500000000000004,1.7254681747519058,201.879776445973,-9.254259760270903,10.000014739437525,,,,,,,,,,
LLOYDSENGG_MINED_BASE_G0_C520,,0,3,3,close_ema_3_daily_volatility_5_daily >= 2.1517313552241197 AND close_ema_8_daily_volatility_5_daily >= 0.8645495401600428 AND close_ema_21_daily_range_5_pct >= 6.280967301429598,117,64,53,54.700854700854705,16.895715440582055,37.805139260272654,9.458367016976556,319.552100825619,0,2.6500000000000004,1.7254681747519058,201.879776445973,-9.254259760270903,10.000014739437525,,,,,,,,,,
LLOYDSENGG_MINED_BASE_G0_C521,,0,3,3,close_ema_3_daily_volatility_5_daily >= 2.1517313552241197 AND close_ema_21_daily_range_5_pct >= 6.280967301429598 AND close_ema_21_daily_volatility_5_daily >= 0.5048951676587204,117,64,53,54.700854700854705,16.895715440582055,37.805139260272654,9.458367016976556,319.552100825619,0,2.6500000000000004,1.7254681747519058,201.879776445973,-9.254259760270903,10.000014739437525,,,,,,,,,,
LLOYDSENGG_MINED_BASE_G0_C522,,0,3,3,close_ema_3_daily_volatility_5_daily >= 2.1517313552241197 AND close_ema_21_daily_range_5_pct >= 6.280967301429598 AND close_ema_8_daily_volatility_5_daily >= 1.0367159490053137,117,64,53,54.700854700854705,16.895715440582055,37.805139260272654,9.458367016976556,319.552100825619,0,2.6500000000000004,1.7254681747519058,201.879776445973,-9.254259760270903,10.000014739437525,,,,,,,,,,
LLOYDSENGG_MINED_BASE_G0_C523,,0,3,3,close_ema_3_daily_volatility_5_daily >= 2.1517313552241197 AND close_ema_21_daily_range_5_pct >= 6.280967301429598 AND close_ema_13_daily_volatility_5_daily >= 0.6665343015434868,117,64,53,54.700854700854705,16.895715440582055,37.805139260272654,9.458367016976556,319.552100825619,0,2.6500000000000004,1.7254681747519058,201.879776445973,-9.254259760270903,10.000014739437525,,,,,,,,,,
LLOYDSENGG_MINED_BASE_G0_C524,,0,3,3,close_ema_3_daily_volatility_5_daily >= 2.1517313552241197 AND close_ema_21_daily_range_5_pct >= 6.280967301429598 AND close_ema_13_daily_volatility_5_daily >= 0.8014195041727374,117,64,53,54.700854700854705,16.895715440582055,37.805139260272654,9.458367016976556,319.552100825619,0,2.6500000000000004,1.7254681747519058,201.879776445973,-9.254259760270903,10.000014739437525,,,,,,,,,,
LLOYDSENGG_MINED_BASE_G0_C525,,0,3,3,close_to_close_ema_3_daily_difference_pct >= 2.1306145320817853 AND close_ema_8_daily_volatility_5_daily >= 0.8645495401600428 AND close_ema_3_daily_volatility_5_daily >= 1.8141316287340417,193,88,105,45.59585492227979,16.895715440582055,28.700139481697736,15.602263540824577,319.46027956504065,0,5.25,1.7365273855173242,335.14978540484356,-12.931024875082281,19.9218788136996,,,,,,,,,,
LLOYDSENGG_MINED_BASE_G0_C526,,0,3,3,close_ema_3_daily_volatility_5_daily >= 2.1517313552241197 AND close_ema_21_daily_volatility_5_daily >= 0.5048951676587204 AND close_ema_13_daily_volatility_5_daily >= 0.8014195041727374,317,115,202,36.27760252365931,16.895715440582055,19.381887083077256,25.62651576394503,319.44647771316295,0,10.100000000000001,0.8790140992589083,278.6474694650739,-12.931024875082281,17.175581052420334,,,,,,,,,,
LLOYDSENGG_MINED_BASE_G0_C527,,0,3,3,close_ema_3_daily_volatility_5_daily >= 2.551529495595912 AND close_ema_21_daily_range_5_pct >= 1.8831689286059863 AND close_to_close_ema_3_daily_difference_pct >= 1.127345753351754,131,69,62,52.67175572519084,16.895715440582055,35.77604028460878,10.59013742926435,319.3936676093654,0,3.1,1.8711553954405147,245.12135680270742,-12.931024875082281,10.000014739437525,,,,,,,,,,
LLOYDSENGG_MINED_BASE_G0_C528,,0,3,3,close_ema_3_daily_volatility_5_daily >= 2.551529495595912 AND close_ema_21_daily_range_5_pct >= 1.8831689286059863 AND close_ema_3_daily_slope_pct >= 1.1401997467767693,131,69,62,52.67175572519084,16.895715440582055,35.77604028460878,10.59013742926435,319.3936676093654,0,3.1,1.8711553954405147,245.12135680270742,-12.931024875082281,10.000014739437525,,,,,,,,,,
LLOYDSENGG_MINED_BASE_G0_C529,,0,3,3,close_ema_3_daily_volatility_5_daily >= 2.1517313552241197 AND close_to_close_ema_3_daily_difference_pct >= 3.6112616349206315 AND close_ema_8_daily_volatility_5_daily >= 1.2672772609808338,95,55,40,57.89473684210527,16.895715440582055,40.99902140152321,7.679870654810024,319.37472057615446,0,2,2.1265378561794654,202.02109633704922,-12.931024875082281,10.000015661015443,,,,,,,,,,
LLOYDSENGG_MINED_BASE_G0_C530,,0,3,3,close_ema_3_daily_volatility_5_daily >= 2.1517313552241197 AND close_ema_3_daily_slope_pct >= 3.7465597082957087 AND close_ema_8_daily_volatility_5_daily >= 1.2672772609808338,95,55,40,57.89473684210527,16.895715440582055,40.99902140152321,7.679870654810024,319.37472057615446,0,2,2.1265378561794654,202.02109633704922,-12.931024875082281,10.000015661015443,,,,,,,,,,
LLOYDSENGG_MINED_BASE_G0_C531,,0,3,3,close_to_close_ema_3_daily_difference_pct >= 3.6112616349206315 AND close_ema_3_daily_range_5_pct >= 5.878821482298 AND close_ema_13_daily_volatility_5_daily >= 0.6665343015434868,110,61,49,55.45454545454545,16.895715440582055,38.5588300139634,8.89248181083266,319.2787750537211,0,2.45,2.3115416613013666,254.26958274315032,-12.931024875082281,19.9218788136996,,,,,,,,,,
LLOYDSENGG_MINED_BASE_G0_C532,,0,3,3,close_ema_3_daily_slope_pct >= 3.7465597082957087 AND close_ema_3_daily_range_5_pct >= 5.878821482298 AND close_ema_13_daily_volatility_5_daily >= 0.6665343015434868,110,61,49,55.45454545454545,16.895715440582055,38.5588300139634,8.89248181083266,319.2787750537211,0,2.45,2.3115416613013666,254.26958274315032,-12.931024875082281,19.9218788136996,,,,,,,,,,
LLOYDSENGG_MINED_BASE_G0_C533,,0,2,2,close_ema_3_daily_slope_pct >= 2.1777186239842106 AND close_ema_13_daily_volatility_5_daily >= 0.6665343015434868,201,90,111,44.776119402985074,16.895715440582055,27.88040396240302,16.248989490703313,319.19213813821466,0,5.550000000000001,1.7800394420665377,357.7879278553741,-12.931024875082281,19.9218788136996,,,,,,,,,,
LLOYDSENGG_MINED_BASE_G0_C534,,0,3,3,close_ema_3_daily_slope_pct >= 2.1777186239842106 AND close_to_close_ema_3_daily_difference_pct >= 2.1306145320817853 AND close_ema_13_daily_volatility_5_daily >= 0.6665343015434868,201,90,111,44.776119402985074,16.895715440582055,27.88040396240302,16.248989490703313,319.19213813821466,0,5.550000000000001,1.7800394420665377,357.7879278553741,-12.931024875082281,19.9218788136996,,,,,,,,,,
LLOYDSENGG_MINED_BASE_G0_C535,,0,3,3,close_ema_3_daily_slope_pct >= 2.1777186239842106 AND close_to_close_ema_3_daily_difference_pct >= 1.127345753351754 AND close_ema_13_daily_volatility_5_daily >= 0.6665343015434868,201,90,111,44.776119402985074,16.895715440582055,27.88040396240302,16.248989490703313,319.19213813821466,0,5.550000000000001,1.7800394420665377,357.7879278553741,-12.931024875082281,19.9218788136996,,,,,,,,,,
LLOYDSENGG_MINED_BASE_G0_C536,,0,3,3,close_ema_3_daily_slope_pct >= 2.1777186239842106 AND close_ema_13_daily_volatility_5_daily >= 0.6665343015434868 AND close_to_close_ema_3_daily_difference_pct >= 0.37388545459352607,201,90,111,44.776119402985074,16.895715440582055,27.88040396240302,16.248989490703313,319.19213813821466,0,5.550000000000001,1.7800394420665377,357.7879278553741,-12.931024875082281,19.9218788136996,,,,,,,,,,
LLOYDSENGG_MINED_BASE_G0_C537,,0,3,3,close_to_close_ema_3_daily_difference_pct >= 2.1306145320817853 AND close_ema_21_daily_volatility_5_daily >= 0.5048951676587204 AND close_ema_3_daily_range_5_pct >= 7.091176553732353,152,76,76,50,16.895715440582055,33.10428455941795,12.287793047696038,319.17796326267114,0,3.8000000000000003,1.818846821860483,276.4647169227934,-12.931024875082281,19.9218788136996,,,,,,,,,,
LLOYDSENGG_MINED_BASE_G0_C538,,0,3,3,close_ema_3_daily_slope_pct >= 2.1777186239842106 AND close_ema_3_daily_range_5_pct >= 5.878821482298 AND close_ema_8_daily_volatility_5_daily >= 1.0367159490053137,165,80,85,48.484848484848484,16.895715440582055,31.58913304426643,13.338722716248991,319.1573610955027,0,4.25,1.820565291390191,300.3932730793815,-12.931024875082281,19.9218788136996,,,,,,,,,,
LLOYDSENGG_MINED_BASE_G0_C539,,0,2,2,close_to_close_ema_3_daily_difference_pct >= 2.1306145320817853 AND close_ema_3_daily_range_5_pct >= 4.683096254230115,213,93,120,43.66197183098591,16.895715440582055,26.766256390403857,17.219078415521423,319.13992805504427,0,6,1.769548701008329,376.9138733147741,-12.931024875082281,19.9218788136996,,,,,,,,,,
LLOYDSENGG_MINED_BASE_G0_C540,,0,3,3,close_to_close_ema_3_daily_difference_pct >= 2.1306145320817853 AND close_ema_3_daily_range_5_pct >= 4.683096254230115 AND close_ema_3_daily_slope_pct >= 1.1401997467767693,213,93,120,43.66197183098591,16.895715440582055,26.766256390403857,17.219078415521423,319.13992805504427,0,6,1.769548701008329,376.9138733147741,-12.931024875082281,19.9218788136996,,,,,,,,,,
LLOYDSENGG_MINED_BASE_G0_C541,,0,3,3,close_to_close_ema_3_daily_difference_pct >= 2.1306145320817853 AND close_ema_3_daily_range_5_pct >= 4.683096254230115 AND close_ema_3_daily_slope_pct >= 0.3776715879064552,213,93,120,43.66197183098591,16.895715440582055,26.766256390403857,17.219078415521423,319.13992805504427,0,6,1.769548701008329,376.9138733147741,-12.931024875082281,19.9218788136996,,,,,,,,,,
LLOYDSENGG_MINED_BASE_G0_C542,,0,3,3,close_ema_3_daily_range_5_pct >= 4.683096254230115 AND close_ema_3_daily_volatility_5_daily >= 1.8141316287340417 AND close_ema_21_daily_volatility_5_daily >= 0.5048951676587204,367,123,244,33.5149863760218,16.895715440582055,16.619270935439747,29.668552950687143,319.0943711356331,0,12.200000000000001,0.73267215281144,268.8906800817985,-12.931024875082281,19.9218788136996,,,,,,,,,,
LLOYDSENGG_MINED_BASE_G0_C543,,0,3,3,close_ema_3_daily_slope_pct >= 2.1777186239842106 AND close_ema_8_daily_range_5_pct >= 3.117710901412895 AND close_ema_13_daily_volatility_5_daily >= 0.6665343015434868,179,84,95,46.927374301675975,16.895715440582055,30.03165886109392,14.470493128536782,318.8559664102556,0,4.75,1.815890701595321,325.04443558556244,-12.931024875082281,19.9218788136996,,,,,,,,,,
LLOYDSENGG_MINED_BASE_G0_C544,,0,3,3,close_to_close_ema_3_daily_difference_pct >= 3.6112616349206315 AND close_ema_8_daily_range_5_pct >= 3.117710901412895 AND close_ema_21_daily_volatility_5_daily >= 0.5048951676587204,105,59,46,56.19047619047619,16.895715440582055,39.29476074989414,8.488278092158447,318.8477739658506,0,2.3000000000000003,2.2246567387933074,233.58895757329728,-12.931024875082281,19.9218788136996,,,,,,,,,,
LLOYDSENGG_MINED_BASE_G0_C545,,0,3,3,close_ema_3_daily_slope_pct >= 3.7465597082957087 AND close_ema_8_daily_range_5_pct >= 3.117710901412895 AND close_ema_21_daily_volatility_5_daily >= 0.5048951676587204,105,59,46,56.19047619047619,16.895715440582055,39.29476074989414,8.488278092158447,318.8477739658506,0,2.3000000000000003,2.2246567387933074,233.58895757329728,-12.931024875082281,19.9218788136996,,,,,,,,,,
LLOYDSENGG_MINED_BASE_G0_C546,,0,3,3,close_ema_3_daily_volatility_5_daily >= 2.1517313552241197 AND close_ema_3_daily_slope_pct >= 2.1777186239842106 AND close_ema_13_daily_volatility_5_daily >= 0.6665343015434868,165,80,85,48.484848484848484,16.895715440582055,31.58913304426643,13.338722716248991,318.7224612697151,0,4.25,1.6755986827943237,276.4737826610634,-12.931024875082281,10.000015661015443,,,,,,,,,,
LLOYDSENGG_MINED_BASE_G0_C547,,0,3,3,close_ema_3_daily_slope_pct >= 2.1777186239842106 AND close_ema_8_daily_volatility_5_daily >= 1.0367159490053137 AND close_ema_13_daily_volatility_5_daily >= 0.6665343015434868,179,84,95,46.927374301675975,16.895715440582055,30.03165886109392,14.470493128536782,318.68840761553804,0,4.75,1.76003777002281,315.046760834083,-12.931024875082281,19.9218788136996,,,,,,,,,,
LLOYDSENGG_MINED_BASE_G0_C548,,0,3,3,close_ema_3_daily_volatility_5_daily >= 2.1517313552241197 AND close_to_close_ema_3_daily_difference_pct >= 3.6112616349206315 AND close_ema_21_daily_volatility_5_daily >= 0.5048951676587204,100,57,43,56.99999999999999,16.895715440582055,40.104284559417934,8.084074373484237,318.363645584175,0,2.15,1.9974075956951112,199.7407595695111,-12.931024875082281,10.000015661015443,,,,,,,,,,
LLOYDSENGG_MINED_BASE_G0_C549,,0,3,3,close_ema_3_daily_volatility_5_daily >= 2.1517313552241197 AND close_ema_3_daily_slope_pct >= 3.7465597082957087 AND close_ema_21_daily_volatility_5_daily >= 0.5048951676587204,100,57,43,56.99999999999999,16.895715440582055,40.104284559417934,8.084074373484237,318.363645584175,0,2.15,1.9974075956951112,199.7407595695111,-12.931024875082281,10.000015661015443,,,,,,,,,,
LLOYDSENGG_MINED_BASE_G0_C550,,0,3,3,close_ema_3_daily_volatility_5_daily >= 2.1517313552241197 AND close_ema_21_daily_range_5_pct >= 1.8831689286059863 AND close_ema_13_daily_volatility_5_daily >= 0.6665343015434868,313,114,199,36.42172523961661,16.895715440582055,19.526009799034558,25.303152789005658,318.32582244590736,0,9.950000000000001,0.8819244835781916,276.042363359974,-12.931024875082281,17.175581052420334,,,,,,,,,,
LLOYDSENGG_MINED_BASE_G0_C551,,0,3,3,close_ema_3_daily_slope_pct >= 2.1777186239842106 AND close_ema_3_daily_volatility_5_daily >= 2.551529495595912 AND close_ema_8_daily_volatility_5_daily >= 1.2672772609808338,126,67,59,53.17460317460318,16.895715440582055,36.278887734021126,10.185933710590138,318.1470754036387,0,2.95,1.9008789111777025,239.51074280839052,-12.931024875082281,10.000015661015443,,,,,,,,,,
LLOYDSENGG_MINED_BASE_G0_C552,,0,3,3,close_to_close_ema_3_daily_difference_pct >= 2.1306145320817853 AND close_ema_3_daily_volatility_5_daily >= 2.551529495595912 AND close_ema_8_daily_volatility_5_daily >= 1.2672772609808338,126,67,59,53.17460317460318,16.895715440582055,36.278887734021126,10.185933710590138,318.1470754036387,0,2.95,1.9008789111777025,239.51074280839052,-12.931024875082281,10.000015661015443,,,,,,,,,,
LLOYDSENGG_MINED_BASE_G0_C553,,0,3,3,close_ema_3_daily_volatility_5_daily >= 1.8141316287340417 AND close_ema_21_daily_volatility_5_daily >= 0.5048951676587204 AND close_ema_21_daily_range_5_pct >= 1.8831689286059863,369,123,246,33.33333333333333,16.895715440582055,16.437617892751273,29.830234438156833,318.08596493125134,0,12.3,0.7326251558316712,270.3386825018867,-12.931024875082281,19.9218788136996,,,,,,,,,,
LLOYDSENGG_MINED_BASE_G0_C554,,0,2,2,close_to_close_ema_3_daily_difference_pct >= 2.1306145320817853 AND close_ema_13_daily_volatility_5_daily >= 0.6665343015434868,202,90,112,44.554455445544555,16.895715440582055,27.6587400049625,16.329830234438155,318.00867709219875,0,5.6000000000000005,1.771659022462086,357.8751225373414,-12.931024875082281,19.9218788136996,,,,,,,,,,
LLOYDSENGG_MINED_BASE_G0_C555,,0,3,3,close_to_close_ema_3_daily_difference_pct >= 2.1306145320817853 AND close_ema_3_daily_slope_pct >= 1.1401997467767693 AND close_ema_13_daily_volatility_5_daily >= 0.6665343015434868,202,90,112,44.554455445544555,16.895715440582055,27.6587400049625,16.329830234438155,318.00867709219875,0,5.6000000000000005,1.771659022462086,357.8751225373414,-12.931024875082281,19.9218788136996,,,,,,,,,,
LLOYDSENGG_MINED_BASE_G0_C556,,0,3,3,close_to_close_ema_3_daily_difference_pct >= 2.1306145320817853 AND close_ema_13_daily_volatility_5_daily >= 0.6665343015434868 AND close_ema_3_daily_slope_pct >= 0.3776715879064552,202,90,112,44.554455445544555,16.895715440582055,27.6587400049625,16.329830234438155,318.00867709219875,0,5.6000000000000005,1.771659022462086,357.8751225373414,-12.931024875082281,19.9218788136996,,,,,,,,,,
LLOYDSENGG_MINED_BASE_G0_C557,,0,3,3,close_ema_3_daily_slope_pct >= 2.1777186239842106 AND close_ema_3_daily_volatility_5_daily >= 2.551529495595912 AND close_ema_13_daily_volatility_5_daily >= 0.6665343015434868,129,68,61,52.71317829457365,16.895715440582055,35.8174628539916,10.428455941794665,317.8929879306097,0,3.0500000000000003,1.9518912202172345,251.79396740802326,-12.931024875082281,10.000015661015443,,,,,,,,,,
LLOYDSENGG_MINED_BASE_G0_C558,,0,3,3,close_to_close_ema_3_daily_difference_pct >= 2.1306145320817853 AND close_ema_3_daily_volatility_5_daily >= 2.551529495595912 AND close_ema_13_daily_volatility_5_daily >= 0.6665343015434868,129,68,61,52.71317829457365,16.895715440582055,35.8174628539916,10.428455941794665,317.8929879306097,0,3.0500000000000003,1.9518912202172345,251.79396740802326,-12.931024875082281,10.000015661015443,,,,,,,,,,
LLOYDSENGG_MINED_BASE_G0_C559,,0,2,2,close_ema_3_daily_slope_pct >= 2.1777186239842106 AND close_ema_3_daily_range_5_pct >= 5.878821482298,187,86,101,45.98930481283423,16.895715440582055,29.093589372252172,15.117219078415523,317.62450748828576,0,5.050000000000001,1.735520209008286,324.5422790845495,-12.931024875082281,19.9218788136996,,,,,,,,,,
LLOYDSENGG_MINED_BASE_G0_C560,,0,3,3,close_ema_3_daily_slope_pct >= 2.1777186239842106 AND close_to_close_ema_3_daily_difference_pct >= 2.1306145320817853 AND close_ema_3_daily_range_5_pct >= 5.878821482298,187,86,101,45.98930481283423,16.895715440582055,29.093589372252172,15.117219078415523,317.62450748828576,0,5.050000000000001,1.735520209008286,324.5422790845495,-12.931024875082281,19.9218788136996,,,,,,,,,,
LLOYDSENGG_MINED_BASE_G0_C561,,0,3,3,close_ema_3_daily_slope_pct >= 2.1777186239842106 AND close_ema_3_daily_range_5_pct >= 5.878821482298 AND close_to_close_ema_3_daily_difference_pct >= 1.127345753351754,187,86,101,45.98930481283423,16.895715440582055,29.093589372252172,15.117219078415523,317.62450748828576,0,5.050000000000001,1.735520209008286,324.5422790845495,-12.931024875082281,19.9218788136996,,,,,,,,,,
LLOYDSENGG_MINED_BASE_G0_C562,,0,3,3,close_ema_3_daily_slope_pct >= 2.1777186239842106 AND close_ema_3_daily_range_5_pct >= 5.878821482298 AND close_to_close_ema_3_daily_difference_pct >= 0.37388545459352607,187,86,101,45.98930481283423,16.895715440582055,29.093589372252172,15.117219078415523,317.62450748828576,0,5.050000000000001,1.735520209008286,324.5422790845495,-12.931024875082281,19.9218788136996,,,,,,,,,,
LLOYDSENGG_MINED_BASE_G0_C563,,0,3,3,close_to_close_ema_3_daily_difference_pct >= 2.1306145320817853 AND close_ema_3_daily_range_5_pct >= 5.878821482298 AND close_ema_8_daily_volatility_5_daily >= 1.0367159490053137,166,80,86,48.19277108433735,16.895715440582055,31.297055643755296,13.419563459983832,317.6156481180779,0,4.3,1.8101232997671608,300.4804677613487,-12.931024875082281,19.9218788136996,,,,,,,,,,
LLOYDSENGG_MINED_BASE_G0_C564,,0,3,3,close_to_close_ema_3_daily_difference_pct >= 3.6112616349206315 AND close_ema_21_daily_volatility_5_daily >= 0.5048951676587204 AND close_ema_3_daily_range_5_pct >= 7.091176553732353,103,58,45,56.310679611650485,16.895715440582055,39.41496417106843,8.326596604688763,317.52069723292675,0,2.25,2.2319587925281987,229.89175563040445,-12.931024875082281,19.9218788136996,,,,,,,,,,
LLOYDSENGG_MINED_BASE_G0_C565,,0,3,3,close_ema_3_daily_slope_pct >= 3.7465597082957087 AND close_ema_21_daily_volatility_5_daily >= 0.5048951676587204 AND close_ema_3_daily_range_5_pct >= 7.091176553732353,103,58,45,56.310679611650485,16.895715440582055,39.41496417106843,8.326596604688763,317.52069723292675,0,2.25,2.2319587925281987,229.89175563040445,-12.931024875082281,19.9218788136996,,,,,,,,,,
LLOYDSENGG_MINED_BASE_G0_C566,,0,3,3,close_to_close_ema_3_daily_difference_pct >= 2.1306145320817853 AND close_ema_8_daily_range_5_pct >= 3.117710901412895 AND close_ema_13_daily_volatility_5_daily >= 0.6665343015434868,180,84,96,46.666666666666664,16.895715440582055,29.77095122608461,14.551333872271623,317.4736166348819,0,4.800000000000001,1.8062868348196088,325.1316302675296,-12.931024875082281,19.9218788136996,,,,,,,,,,
LLOYDSENGG_MINED_BASE_G0_C567,,0,2,2,close_to_close_ema_3_daily_difference_pct >= 3.6112616349206315 AND close_ema_3_daily_range_5_pct >= 5.878821482298,116,63,53,54.310344827586206,16.895715440582055,37.414629387004155,9.377526273241713,317.4316908747398,0,2.6500000000000004,2.3361813132396714,270.99703233580186,-12.931024875082281,19.9218788136996,,,,,,,,,,
LLOYDSENGG_MINED_BASE_G0_C568,,0,2,2,close_ema_3_daily_slope_pct >= 3.7465597082957087 AND close_ema_3_daily_range_5_pct >= 5.878821482298,116,63,53,54.310344827586206,16.895715440582055,37.414629387004155,9.377526273241713,317.4316908747398,0,2.6500000000000004,2.3361813132396714,270.99703233580186,-12.931024875082281,19.9218788136996,,,,,,,,,,
LLOYDSENGG_MINED_BASE_G0_C569,,0,3,3,close_ema_3_daily_slope_pct >= 2.1777186239842106 AND close_to_close_ema_3_daily_difference_pct >= 3.6112616349206315 AND close_ema_3_daily_range_5_pct >= 5.878821482298,116,63,53,54.310344827586206,16.895715440582055,37.414629387004155,9.377526273241713,317.4316908747398,0,2.6500000000000004,2.3361813132396714,270.99703233580186,-12.931024875082281,19.9218788136996,,,,,,,,,,
LLOYDSENGG_MINED_BASE_G0_C570,,0,3,3,close_to_close_ema_3_daily_difference_pct >= 2.1306145320817853 AND close_ema_3_daily_slope_pct >= 3.7465597082957087 AND close_ema_3_daily_range_5_pct >= 5.878821482298,116,63,53,54.310344827586206,16.895715440582055,37.414629387004155,9.377526273241713,317.4316908747398,0,2.6500000000000004,2.3361813132396714,270.99703233580186,-12.931024875082281,19.9218788136996,,,,,,,,,,
LLOYDSENGG_MINED_BASE_G0_C571,,0,3,3,close_to_close_ema_3_daily_difference_pct >= 3.6112616349206315 AND close_ema_3_daily_slope_pct >= 3.7465597082957087 AND close_ema_3_daily_range_5_pct >= 5.878821482298,116,63,53,54.310344827586206,16.895715440582055,37.414629387004155,9.377526273241713,317.4316908747398,0,2.6500000000000004,2.3361813132396714,270.99703233580186,-12.931024875082281,19.9218788136996,,,,,,,,,,
LLOYDSENGG_MINED_BASE_G0_C572,,0,3,3,close_to_close_ema_3_daily_difference_pct >= 3.6112616349206315 AND close_ema_3_daily_range_5_pct >= 5.878821482298 AND close_ema_3_daily_slope_pct >= 1.1401997467767693,116,63,53,54.310344827586206,16.895715440582055,37.414629387004155,9.377526273241713,317.4316908747398,0,2.6500000000000004,2.3361813132396714,270.99703233580186,-12.931024875082281,19.9218788136996,,,,,,,,,,
LLOYDSENGG_MINED_BASE_G0_C573,,0,3,3,close_to_close_ema_3_daily_difference_pct >= 3.6112616349206315 AND close_ema_3_daily_range_5_pct >= 5.878821482298 AND close_ema_3_daily_slope_pct >= 0.3776715879064552,116,63,53,54.310344827586206,16.895715440582055,37.414629387004155,9.377526273241713,317.4316908747398,0,2.6500000000000004,2.3361813132396714,270.99703233580186,-12.931024875082281,19.9218788136996,,,,,,,,,,
LLOYDSENGG_MINED_BASE_G0_C574,,0,3,3,close_ema_3_daily_slope_pct >= 3.7465597082957087 AND close_ema_3_daily_range_5_pct >= 5.878821482298 AND close_to_close_ema_3_daily_difference_pct >= 1.127345753351754,116,63,53,54.310344827586206,16.895715440582055,37.414629387004155,9.377526273241713,317.4316908747398,0,2.6500000000000004,2.3361813132396714,270.99703233580186,-12.931024875082281,19.9218788136996,,,,,,,,,,
LLOYDSENGG_MINED_BASE_G0_C575,,0,3,3,close_ema_3_daily_slope_pct >= 3.7465597082957087 AND close_ema_3_daily_range_5_pct >= 5.878821482298 AND close_to_close_ema_3_daily_difference_pct >= 0.37388545459352607,116,63,53,54.310344827586206,16.895715440582055,37.414629387004155,9.377526273241713,317.4316908747398,0,2.6500000000000004,2.3361813132396714,270.99703233580186,-12.931024875082281,19.9218788136996,,,,,,,,,,
LLOYDSENGG_MINED_BASE_G0_C576,,0,1,1,close_ema_3_daily_volatility_5_daily >= 1.4807591382075385,619,151,468,24.394184168012924,16.895715440582055,7.498468727430868,50.04042037186742,317.38152930788226,0,23.400000000000002,0.4297285569092843,266.001976726847,-12.931024875082281,19.9218788136996,,,,,,,,,,
LLOYDSENGG_MINED_BASE_G0_C577,,0,3,3,close_to_close_ema_3_daily_difference_pct >= 2.1306145320817853 AND close_ema_8_daily_volatility_5_daily >= 1.0367159490053137 AND close_ema_13_daily_volatility_5_daily >= 0.6665343015434868,180,84,96,46.666666666666664,16.895715440582055,29.77095122608461,14.551333872271623,317.30698872235723,0,4.800000000000001,1.7507441973113904,315.13395551605026,-12.931024875082281,19.9218788136996,,,,,,,,,,
LLOYDSENGG_MINED_BASE_G0_C578,,0,3,3,close_ema_3_daily_slope_pct >= 2.1777186239842106 AND close_ema_3_daily_range_5_pct >= 7.091176553732353 AND close_ema_13_daily_volatility_5_daily >= 0.8014195041727374,144,73,71,50.69444444444444,16.895715440582055,33.79872900386239,11.641067097817299,317.24235058689095,0,3.5500000000000003,1.932901855859682,278.3378672437942,-12.931024875082281,19.9218788136996,,,,,,,,,,
LLOYDSENGG_MINED_BASE_G0_C579,,0,3,3,close_ema_3_daily_range_5_pct >= 4.683096254230115 AND close_ema_3_daily_volatility_5_daily >= 1.8141316287340417 AND close_ema_8_daily_volatility_5_daily >= 1.0367159490053137,385,125,260,32.467532467532465,16.895715440582055,15.57181702695041,31.123686337914307,317.24012591927925,0,13,0.7936802615090783,305.56690068099516,-12.931024875082281,19.9218788136996,,,,,,,,,,
LLOYDSENGG_MINED_BASE_G0_C580,,0,2,2,close_ema_3_daily_volatility_5_daily >= 2.551529495595912 AND close_to_close_ema_3_daily_difference_pct >= 1.127345753351754,147,74,73,50.34013605442177,16.895715440582055,33.44442061383971,11.883589329021827,317.2400655062775,0,3.6500000000000004,1.8893208123596412,277.73015941686725,-12.931024875082281,10.000015661015443,,,,,,,,,,
LLOYDSENGG_MINED_BASE_G0_C581,,0,2,2,close_ema_3_daily_volatility_5_daily >= 2.551529495595912 AND close_ema_3_daily_slope_pct >= 1.1401997467767693,147,74,73,50.34013605442177,16.895715440582055,33.44442061383971,11.883589329021827,317.2400655062775,0,3.6500000000000004,1.8893208123596412,277.73015941686725,-12.931024875082281,10.000015661015443,,,,,,,,,,
LLOYDSENGG_MINED_BASE_G0_C582,,0,3,3,close_ema_8_daily_volatility_5_daily >= 0.8645495401600428 AND close_ema_3_daily_volatility_5_daily >= 2.551529495595912 AND close_to_close_ema_3_daily_difference_pct >= 1.127345753351754,147,74,73,50.34013605442177,16.895715440582055,33.44442061383971,11.883589329021827,317.2400655062775,0,3.6500000000000004,1.8893208123596412,277.73015941686725,-12.931024875082281,10.000015661015443,,,,,,,,,,
LLOYDSENGG_MINED_BASE_G0_C583,,0,3,3,close_ema_8_daily_volatility_5_daily >= 0.8645495401600428 AND close_ema_3_daily_volatility_5_daily >= 2.551529495595912 AND close_ema_3_daily_slope_pct >= 1.1401997467767693,147,74,73,50.34013605442177,16.895715440582055,33.44442061383971,11.883589329021827,317.2400655062775,0,3.6500000000000004,1.8893208123596412,277.73015941686725,-12.931024875082281,10.000015661015443,,,,,,,,,,
LLOYDSENGG_MINED_BASE_G0_C584,,0,3,3,close_ema_3_daily_volatility_5_daily >= 2.551529495595912 AND close_to_close_ema_3_daily_difference_pct >= 1.127345753351754 AND close_ema_3_daily_slope_pct >= 1.1401997467767693,147,74,73,50.34013605442177,16.895715440582055,33.44442061383971,11.883589329021827,317.2400655062775,0,3.6500000000000004,1.8893208123596412,277.73015941686725,-12.931024875082281,10.000015661015443,,,,,,,,,,
LLOYDSENGG_MINED_BASE_G0_C585,,0,3,3,close_ema_3_daily_volatility_5_daily >= 2.551529495595912 AND close_to_close_ema_3_daily_difference_pct >= 1.127345753351754 AND close_ema_3_daily_slope_pct >= 0.3776715879064552,147,74,73,50.34013605442177,16.895715440582055,33.44442061383971,11.883589329021827,317.2400655062775,0,3.6500000000000004,1.8893208123596412,277.73015941686725,-12.931024875082281,10.000015661015443,,,,,,,,,,
LLOYDSENGG_MINED_BASE_G0_C586,,0,3,3,close_ema_3_daily_volatility_5_daily >= 2.551529495595912 AND close_ema_3_daily_slope_pct >= 1.1401997467767693 AND close_to_close_ema_3_daily_difference_pct >= 0.37388545459352607,147,74,73,50.34013605442177,16.895715440582055,33.44442061383971,11.883589329021827,317.2400655062775,0,3.6500000000000004,1.8893208123596412,277.73015941686725,-12.931024875082281,10.000015661015443,,,,,,,,,,
LLOYDSENGG_MINED_BASE_G0_C587,,0,3,3,close_ema_3_daily_volatility_5_daily >= 2.1517313552241197 AND close_to_close_ema_3_daily_difference_pct >= 2.1306145320817853 AND close_ema_13_daily_volatility_5_daily >= 0.6665343015434868,166,80,86,48.19277108433735,16.895715440582055,31.297055643755296,13.419563459983832,317.1833681707589,0,4.3,1.6660299839941604,276.56097734303063,-12.931024875082281,10.000015661015443,,,,,,,,,,
LLOYDSENGG_MINED_BASE_G0_C588,,0,3,3,close_ema_3_daily_volatility_5_daily >= 2.1517313552241197 AND close_ema_8_daily_range_5_pct >= 3.117710901412895 AND close_ema_13_daily_volatility_5_daily >= 0.6665343015434868,333,117,216,35.13513513513514,16.895715440582055,18.23941969455308,26.919967663702504,317.0186457521551,0,10.8,0.8738490931299161,290.99174801226206,-12.931024875082281,17.175581052420334,,,,,,,,,,
LLOYDSENGG_MINED_BASE_G0_C589,,0,3,3,close_ema_3_daily_slope_pct >= 2.1777186239842106 AND close_ema_3_daily_range_5_pct >= 4.683096254230115 AND close_ema_8_daily_range_5_pct >= 3.117710901412895,184,85,99,46.19565217391305,16.895715440582055,29.29993673333099,14.874696847210995,316.9792767695289,0,4.95,1.8098643676246364,333.0150436429331,-12.931024875082281,19.9218788136996,,,,,,,,,,
LLOYDSENGG_MINED_BASE_G0_C590,,0,3,3,close_ema_3_daily_volatility_5_daily >= 2.1517313552241197 AND close_ema_21_daily_range_5_pct >= 1.8831689286059863 AND close_ema_13_daily_volatility_5_daily >= 0.8014195041727374,304,112,192,36.84210526315789,16.895715440582055,19.946389822575835,24.575586095392076,316.81828318698155,0,9.600000000000001,0.895444691367452,272.2151861757054,-12.931024875082281,17.175581052420334,,,,,,,,,,
LLOYDSENGG_MINED_BASE_G0_C591,,0,2,2,close_ema_3_daily_slope_pct >= 2.1777186239842106 AND close_ema_3_daily_volatility_5_daily >= 1.8141316287340417,195,88,107,45.12820512820513,16.895715440582055,28.232489687623076,15.76394502829426,316.71019727993007,0,5.3500000000000005,1.632582947271589,318.35367471795985,-12.931024875082281,19.9218788136996,,,,,,,,,,
LLOYDSENGG_MINED_BASE_G0_C592,,0,3,3,close_ema_3_daily_slope_pct >= 2.1777186239842106 AND close_to_close_ema_3_daily_difference_pct >= 2.1306145320817853 AND close_ema_3_daily_volatility_5_daily >= 1.8141316287340417,195,88,107,45.12820512820513,16.895715440582055,28.232489687623076,15.76394502829426,316.71019727993007,0,5.3500000000000005,1.632582947271589,318.35367471795985,-12.931024875082281,19.9218788136996,,,,,,,,,,
LLOYDSENGG_MINED_BASE_G0_C593,,0,3,3,close_ema_3_daily_slope_pct >= 2.1777186239842106 AND close_ema_3_daily_volatility_5_daily >= 1.8141316287340417 AND close_to_close_ema_3_daily_difference_pct >= 1.127345753351754,195,88,107,45.12820512820513,16.895715440582055,28.232489687623076,15.76394502829426,316.71019727993007,0,5.3500000000000005,1.632582947271589,318.35367471795985,-12.931024875082281,19.9218788136996,,,,,,,,,,
LLOYDSENGG_MINED_BASE_G0_C594,,0,3,3,close_ema_3_daily_slope_pct >= 2.1777186239842106 AND close_ema_3_daily_volatility_5_daily >= 1.8141316287340417 AND close_to_close_ema_3_daily_difference_pct >= 0.37388545459352607,195,88,107,45.12820512820513,16.895715440582055,28.232489687623076,15.76394502829426,316.71019727993007,0,5.3500000000000005,1.632582947271589,318.35367471795985,-12.931024875082281,19.9218788136996,,,,,,,,,,
LLOYDSENGG_MINED_BASE_G0_C595,,0,3,3,close_to_close_ema_3_daily_difference_pct >= 3.6112616349206315 AND close_ema_8_daily_volatility_5_daily >= 0.8645495401600428 AND close_ema_3_daily_range_5_pct >= 5.878821482298,111,61,50,54.95495495495496,16.895715440582055,38.059239514372905,8.973322554567503,316.70555926863176,0,2.5,2.303120565589076,255.64638278038743,-12.931024875082281,19.9218788136996,,,,,,,,,,
LLOYDSENGG_MINED_BASE_G0_C596,,0,3,3,close_ema_3_daily_slope_pct >= 3.7465597082957087 AND close_ema_8_daily_volatility_5_daily >= 0.8645495401600428 AND close_ema_3_daily_range_5_pct >= 5.878821482298,111,61,50,54.95495495495496,16.895715440582055,38.059239514372905,8.973322554567503,316.70555926863176,0,2.5,2.303120565589076,255.64638278038743,-12.931024875082281,19.9218788136996,,,,,,,,,,
LLOYDSENGG_MINED_BASE_G0_C597,,0,2,2,close_to_close_ema_3_daily_difference_pct >= 2.1306145320817853 AND close_ema_3_daily_range_5_pct >= 5.878821482298,188,86,102,45.744680851063826,16.895715440582055,28.84896541048177,15.198059822150364,316.3250846125128,0,5.1000000000000005,1.7267525200346636,324.62947376651675,-12.931024875082281,19.9218788136996,,,,,,,,,,
LLOYDSENGG_MINED_BASE_G0_C598,,0,3,3,close_to_close_ema_3_daily_difference_pct >= 2.1306145320817853 AND close_ema_3_daily_range_5_pct >= 5.878821482298 AND close_ema_3_daily_slope_pct >= 1.1401997467767693,188,86,102,45.744680851063826,16.895715440582055,28.84896541048177,15.198059822150364,316.3250846125128,0,5.1000000000000005,1.7267525200346636,324.62947376651675,-12.931024875082281,19.9218788136996,,,,,,,,,,
LLOYDSENGG_MINED_BASE_G0_C599,,0,3,3,close_to_close_ema_3_daily_difference_pct >= 2.1306145320817853 AND close_ema_3_daily_range_5_pct >= 5.878821482298 AND close_ema_3_daily_slope_pct >= 0.3776715879064552,188,86,102,45.744680851063826,16.895715440582055,28.84896541048177,15.198059822150364,316.3250846125128,0,5.1000000000000005,1.7267525200346636,324.62947376651675,-12.931024875082281,19.9218788136996,,,,,,,,,,
LLOYDSENGG_MINED_BASE_G0_C600,,0,3,3,close_ema_3_daily_slope_pct >= 2.1777186239842106 AND close_ema_3_daily_volatility_5_daily >= 2.551529495595912 AND close_ema_3_daily_range_5_pct >= 5.878821482298,127,67,60,52.75590551181102,16.895715440582055,35.86019007122897,10.26677445432498,316.2293909274081,0,3,1.9761468570877256,250.97065085014117,-12.931024875082281,10.000015661015443,,,,,,,,,,
LLOYDSENGG_MINED_BASE_G0_C601,,0,3,3,close_to_close_ema_3_daily_difference_pct >= 2.1306145320817853 AND close_ema_3_daily_volatility_5_daily >= 2.551529495595912 AND close_ema_3_daily_range_5_pct >= 5.878821482298,127,67,60,52.75590551181102,16.895715440582055,35.86019007122897,10.26677445432498,316.2293909274081,0,3,1.9761468570877256,250.97065085014117,-12.931024875082281,10.000015661015443,,,,,,,,,,
LLOYDSENGG_MINED_BASE_G0_C602,,0,3,3,close_ema_3_daily_volatility_5_daily >= 2.1517313552241197 AND close_ema_3_daily_range_5_pct >= 5.878821482298 AND close_ema_8_daily_volatility_5_daily >= 1.0367159490053137,322,115,207,35.714285714285715,16.895715440582055,18.81857027370366,26.03071948261924,316.16070151854655,0,10.350000000000001,0.8059500500094393,259.51591610303944,-12.931024875082281,17.175581052420334,,,,,,,,,,
LLOYDSENGG_MINED_BASE_G0_C603,,0,3,3,close_ema_3_daily_volatility_5_daily >= 2.1517313552241197 AND close_ema_8_daily_range_5_pct >= 3.117710901412895 AND close_ema_21_daily_range_5_pct >= 1.8831689286059863,305,112,193,36.721311475409834,16.895715440582055,19.82559603482778,24.65642683912692,316.12369864124526,0,9.65,0.8819061557021097,268.9813774891435,-12.931024875082281,17.175581052420334,,,,,,,,,,
LLOYDSENGG_MINED_BASE_G0_C604,,0,3,3,close_ema_3_daily_volatility_5_daily >= 1.8141316287340417 AND close_ema_21_daily_volatility_5_daily >= 0.5048951676587204 AND close_to_close_ema_3_daily_difference_pct >= 1.127345753351754,211,92,119,43.60189573459716,16.895715440582055,26.706180294015102,17.057396928051737,316.1075125890541,0,5.95,1.5088703729928667,318.3716487014949,-12.931024875082281,19.9218788136996,,,,,,,,,,
LLOYDSENGG_MINED_BASE_G0_C605,,0,3,3,close_ema_3_daily_volatility_5_daily >= 1.8141316287340417 AND close_ema_21_daily_volatility_5_daily >= 0.5048951676587204 AND close_ema_3_daily_slope_pct >= 1.1401997467767693,211,92,119,43.60189573459716,16.895715440582055,26.706180294015102,17.057396928051737,316.1075125890541,0,5.95,1.5088703729928667,318.3716487014949,-12.931024875082281,19.9218788136996,,,,,,,,,,
LLOYDSENGG_MINED_BASE_G0_C606,,0,3,3,close_ema_3_daily_volatility_5_daily >= 1.8141316287340417 AND close_ema_8_daily_range_5_pct >= 3.117710901412895 AND close_ema_21_daily_volatility_5_daily >= 0.5048951676587204,360,121,239,33.611111111111114,16.895715440582055,16.71539567052906,29.102667744543247,316.0288546808038,0,11.950000000000001,0.8006254427194943,288.22515937901795,-12.931024875082281,19.9218788136996,,,,,,,,,,
LLOYDSENGG_MINED_BASE_G0_C607,,0,3,3,close_ema_3_daily_volatility_5_daily >= 1.8141316287340417 AND close_ema_8_daily_volatility_5_daily >= 1.0367159490053137 AND close_ema_21_daily_range_5_pct >= 1.8831689286059863,360,121,239,33.611111111111114,16.895715440582055,16.71539567052906,29.102667744543247,316.005596463245,0,11.950000000000001,0.7928727035332345,285.4341732719644,-12.931024875082281,19.9218788136996,,,,,,,,,,
LLOYDSENGG_MINED_BASE_G0_C608,,0,2,2,close_ema_3_daily_volatility_5_daily >= 1.8141316287340417 AND close_ema_21_daily_range_5_pct >= 1.8831689286059863,380,124,256,32.631578947368425,16.895715440582055,15.73586350678637,30.719482619240097,315.99820342433173,0,12.8,0.706295296799963,268.39221278398594,-12.931024875082281,19.9218788136996,,,,,,,,,,
LLOYDSENGG_MINED_BASE_G0_C609,,0,3,3,close_ema_3_daily_volatility_5_daily >= 2.1517313552241197 AND close_ema_8_daily_range_5_pct >= 3.117710901412895 AND close_ema_13_daily_volatility_5_daily >= 0.8014195041727374,311,113,198,36.33440514469453,16.895715440582055,19.438689704112473,25.141471301535972,315.99758650644117,0,9.9,0.9013793286262622,280.32897120276755,-12.931024875082281,17.175581052420334,,,,,,,,,,
LLOYDSENGG_MINED_BASE_G0_C610,,0,3,3,close_ema_3_daily_slope_pct >= 2.1777186239842106 AND close_ema_8_daily_volatility_5_daily >= 0.8645495401600428 AND close_ema_13_daily_volatility_5_daily >= 0.6665343015434868,192,87,105,45.3125,16.895715440582055,28.416784559417945,15.521422797089734,315.87776190828407,0,5.25,1.6812797037314613,322.80570311644055,-12.931024875082281,19.9218788136996,,,,,,,,,,
LLOYDSENGG_MINED_BASE_G0_C611,,0,3,3,close_ema_3_daily_volatility_5_daily >= 2.1517313552241197 AND close_ema_21_daily_volatility_5_daily >= 0.5048951676587204 AND close_ema_3_daily_slope_pct >= 0.3776715879064552,211,92,119,43.60189573459716,16.895715440582055,26.706180294015102,17.057396928051737,315.71317369570215,0,5.95,1.3774240752088767,290.63647986907296,-12.931024875082281,10.000015661015443,,,,,,,,,,
LLOYDSENGG_MINED_BASE_G0_C612,,0,3,3,close_ema_3_daily_volatility_5_daily >= 2.1517313552241197 AND close_ema_21_daily_volatility_5_daily >= 0.5048951676587204 AND close_to_close_ema_3_daily_difference_pct >= 0.37388545459352607,211,92,119,43.60189573459716,16.895715440582055,26.706180294015102,17.057396928051737,315.71317369570215,0,5.95,1.3774240752088767,290.63647986907296,-12.931024875082281,10.000015661015443,,,,,,,,,,
LLOYDSENGG_MINED_BASE_G0_C613,,0,3,3,close_ema_8_daily_volatility_5_daily >= 0.8645495401600428 AND close_ema_3_daily_volatility_5_daily >= 1.8141316287340417 AND close_ema_13_daily_volatility_5_daily >= 0.8014195041727374,367,122,245,33.2425068119891,16.895715440582055,16.346791371407047,29.668552950687143,315.69687259040853,0,12.25,0.7376385777910899,270.71335804933,-12.931024875082281,19.9218788136996,,,,,,,,,,
LLOYDSENGG_MINED_BASE_G0_C614,,0,3,3,close_to_close_ema_3_daily_difference_pct >= 2.1306145320817853 AND close_ema_3_daily_range_5_pct >= 4.683096254230115 AND close_ema_8_daily_range_5_pct >= 3.117710901412895,185,85,100,45.94594594594595,16.895715440582055,29.050230505363896,14.955537590945836,315.6528104456017,0,5,1.800552639594056,333.1022383249004,-12.931024875082281,19.9218788136996,,,,,,,,,,
LLOYDSENGG_MINED_BASE_G0_C615,,0,3,3,close_ema_3_daily_range_5_pct >= 4.683096254230115 AND close_to_close_ema_3_daily_difference_pct >= 3.6112616349206315 AND close_ema_13_daily_volatility_5_daily >= 0.6665343015434868,114,62,52,54.385964912280706,16.895715440582055,37.49024947169865,9.21584478577203,315.6182405560832,0,2.6,2.2556643991966645,257.14574150841975,-12.931024875082281,19.9218788136996,,,,,,,,,,
LLOYDSENGG_MINED_BASE_G0_C616,,0,3,3,close_ema_3_daily_range_5_pct >= 4.683096254230115 AND close_ema_3_daily_slope_pct >= 3.7465597082957087 AND close_ema_13_daily_volatility_5_daily >= 0.6665343015434868,114,62,52,54.385964912280706,16.895715440582055,37.49024947169865,9.21584478577203,315.6182405560832,0,2.6,2.2556643991966645,257.14574150841975,-12.931024875082281,19.9218788136996,,,,,,,,,,
LLOYDSENGG_MINED_BASE_G0_C617,,0,3,3,close_ema_3_daily_slope_pct >= 2.1777186239842106 AND close_ema_8_daily_volatility_5_daily >= 0.8645495401600428 AND close_ema_8_daily_range_5_pct >= 3.117710901412895,185,85,100,45.94594594594595,16.895715440582055,29.050230505363896,14.955537590945836,315.58758765141806,0,5,1.7788117081995256,329.08016601691224,-12.931024875082281,19.9218788136996,,,,,,,,,,
LLOYDSENGG_MINED_BASE_G0_C618,,0,3,3,close_ema_3_daily_volatility_5_daily >= 1.8141316287340417 AND close_ema_8_daily_range_5_pct >= 3.117710901412895 AND close_ema_21_daily_range_5_pct >= 6.280967301429598,116,63,53,54.310344827586206,16.895715440582055,37.414629387004155,9.377526273241713,315.5625539702869,0,2.6500000000000004,1.7131356784220337,198.7237386969559,-9.254259760270903,10.000014739437525,,,,,,,,,,
LLOYDSENGG_MINED_BASE_G0_C619,,0,3,3,close_ema_3_daily_volatility_5_daily >= 2.1517313552241197 AND close_ema_21_daily_range_5_pct >= 6.280967301429598 AND close_ema_8_daily_volatility_5_daily >= 1.2672772609808338,116,63,53,54.310344827586206,16.895715440582055,37.414629387004155,9.377526273241713,315.5275046747728,0,2.6500000000000004,1.7014525799173401,197.36849927041146,-9.254259760270903,10.000014739437525,,,,,,,,,,
LLOYDSENGG_MINED_BASE_G0_C620,,0,2,2,close_to_close_ema_3_daily_difference_pct >= 2.1306145320817853 AND close_ema_3_daily_volatility_5_daily >= 1.8141316287340417,196,88,108,44.89795918367347,16.895715440582055,28.002243743091416,15.844785772029102,315.4853136552519,0,5.4,1.6246983132649344,318.4408693999271,-12.931024875082281,19.9218788136996,,,,,,,,,,
LLOYDSENGG_MINED_BASE_G0_C621,,0,3,3,close_to_close_ema_3_daily_difference_pct >= 2.1306145320817853 AND close_ema_3_daily_volatility_5_daily >= 1.8141316287340417 AND close_ema_3_daily_slope_pct >= 1.1401997467767693,196,88,108,44.89795918367347,16.895715440582055,28.002243743091416,15.844785772029102,315.4853136552519,0,5.4,1.6246983132649344,318.4408693999271,-12.931024875082281,19.9218788136996,,,,,,,,,,
LLOYDSENGG_MINED_BASE_G0_C622,,0,3,3,close_to_close_ema_3_daily_difference_pct >= 2.1306145320817853 AND close_ema_3_daily_volatility_5_daily >= 1.8141316287340417 AND close_ema_3_daily_slope_pct >= 0.3776715879064552,196,88,108,44.89795918367347,16.895715440582055,28.002243743091416,15.844785772029102,315.4853136552519,0,5.4,1.6246983132649344,318.4408693999271,-12.931024875082281,19.9218788136996,,,,,,,,,,
LLOYDSENGG_MINED_BASE_G0_C623,,0,3,3,close_to_close_ema_3_daily_difference_pct >= 2.1306145320817853 AND close_ema_3_daily_range_5_pct >= 7.091176553732353 AND close_ema_13_daily_volatility_5_daily >= 0.8014195041727374,145,73,72,50.3448275862069,16.895715440582055,33.44911214562484,11.721907841552143,315.4060792507261,0,3.6,1.92017284086732,278.4250619257614,-12.931024875082281,19.9218788136996,,,,,,,,,,
LLOYDSENGG_MINED_BASE_G0_C624,,0,1,1,close_to_close_ema_3_daily_difference_pct >= 3.6112616349206315,125,66,59,52.800000000000004,16.895715440582055,35.904284559417945,10.105092966855295,315.36354864626867,0,2.95,2.2640419497263093,283.00524371578865,-12.931024875082281,19.9218788136996,,,,,,,,,,
LLOYDSENGG_MINED_BASE_G0_C625,,0,1,1,close_ema_3_daily_slope_pct >= 3.7465597082957087,125,66,59,52.800000000000004,16.895715440582055,35.904284559417945,10.105092966855295,315.36354864626867,0,2.95,2.2640419497263093,283.00524371578865,-12.931024875082281,19.9218788136996,,,,,,,,,,
LLOYDSENGG_MINED_BASE_G0_C626,,0,2,2,close_ema_3_daily_slope_pct >= 2.1777186239842106 AND close_to_close_ema_3_daily_difference_pct >= 3.6112616349206315,125,66,59,52.800000000000004,16.895715440582055,35.904284559417945,10.105092966855295,315.36354864626867,0,2.95,2.2640419497263093,283.00524371578865,-12.931024875082281,19.9218788136996,,,,,,,,,,
LLOYDSENGG_MINED_BASE_G0_C627,,0,2,2,close_to_close_ema_3_daily_difference_pct >= 2.1306145320817853 AND close_ema_3_daily_slope_pct >= 3.7465597082957087,125,66,59,52.800000000000004,16.895715440582055,35.904284559417945,10.105092966855295,315.36354864626867,0,2.95,2.2640419497263093,283.00524371578865,-12.931024875082281,19.9218788136996,,,,,,,,,,
LLOYDSENGG_MINED_BASE_G0_C628,,0,2,2,close_to_close_ema_3_daily_difference_pct >= 3.6112616349206315 AND close_ema_3_daily_slope_pct >= 3.7465597082957087,125,66,59,52.800000000000004,16.895715440582055,35.904284559417945,10.105092966855295,315.36354864626867,0,2.95,2.2640419497263093,283.00524371578865,-12.931024875082281,19.9218788136996,,,,,,,,,,
LLOYDSENGG_MINED_BASE_G0_C629,,0,2,2,close_to_close_ema_3_daily_difference_pct >= 3.6112616349206315 AND close_ema_3_daily_slope_pct >= 1.1401997467767693,125,66,59,52.800000000000004,16.895715440582055,35.904284559417945,10.105092966855295,315.36354864626867,0,2.95,2.2640419497263093,283.00524371578865,-12.931024875082281,19.9218788136996,,,,,,,,,,
LLOYDSENGG_MINED_BASE_G0_C630,,0,2,2,close_to_close_ema_3_daily_difference_pct >= 3.6112616349206315 AND close_ema_3_daily_slope_pct >= 0.3776715879064552,125,66,59,52.800000000000004,16.895715440582055,35.904284559417945,10.105092966855295,315.36354864626867,0,2.95,2.2640419497263093,283.00524371578865,-12.931024875082281,19.9218788136996,,,,,,,,,,
LLOYDSENGG_MINED_BASE_G0_C631,,0,2,2,close_ema_3_daily_slope_pct >= 3.7465597082957087 AND close_to_close_ema_3_daily_difference_pct >= 1.127345753351754,125,66,59,52.800000000000004,16.895715440582055,35.904284559417945,10.105092966855295,315.36354864626867,0,2.95,2.2640419497263093,283.00524371578865,-12.931024875082281,19.9218788136996,,,,,,,,,,
LLOYDSENGG_MINED_BASE_G0_C632,,0,2,2,close_ema_3_daily_slope_pct >= 3.7465597082957087 AND close_to_close_ema_3_daily_difference_pct >= 0.37388545459352607,125,66,59,52.800000000000004,16.895715440582055,35.904284559417945,10.105092966855295,315.36354864626867,0,2.95,2.2640419497263093,283.00524371578865,-12.931024875082281,19.9218788136996,,,,,,,,,,
LLOYDSENGG_MINED_BASE_G0_C633,,0,3,3,close_to_close_ema_3_daily_difference_pct >= 3.6112616349206315 AND close_ema_8_daily_volatility_5_daily >= 1.0367159490053137 AND close_ema_3_daily_range_5_pct >= 7.091176553732353,104,58,46,55.769230769230774,16.895715440582055,38.87351532864872,8.407437348423606,315.13827874779537,0,2.3000000000000003,2.356900701517254,245.11767295779444,-12.931024875082281,19.9218788136996,,,,,,,,,,
LLOYDSENGG_MINED_BASE_G0_C634,,0,3,3,close_ema_3_daily_slope_pct >= 3.7465597082957087 AND close_ema_8_daily_volatility_5_daily >= 1.0367159490053137 AND close_ema_3_daily_range_5_pct >= 7.091176553732353,104,58,46,55.769230769230774,16.895715440582055,38.87351532864872,8.407437348423606,315.13827874779537,0,2.3000000000000003,2.356900701517254,245.11767295779444,-12.931024875082281,19.9218788136996,,,,,,,,,,
LLOYDSENGG_MINED_BASE_G0_C635,,0,3,3,close_ema_3_daily_slope_pct >= 2.1777186239842106 AND close_ema_3_daily_range_5_pct >= 7.091176553732353 AND close_ema_21_daily_range_5_pct >= 1.8831689286059863,142,72,70,50.70422535211267,16.895715440582055,33.80850991153062,11.479385610347617,315.07078708238896,0,3.5,1.8427458415786215,261.66990950416425,-12.931024875082281,19.9218788136996,,,,,,,,,,
LLOYDSENGG_MINED_BASE_G0_C636,,0,3,3,close_ema_3_daily_slope_pct >= 2.1777186239842106 AND close_ema_8_daily_volatility_5_daily >= 0.8645495401600428 AND close_ema_3_daily_range_5_pct >= 5.878821482298,178,83,95,46.62921348314607,16.895715440582055,29.733498042564012,14.38965238480194,315.04672068427067,0,4.75,1.7097434904835231,304.33434130606713,-12.931024875082281,19.9218788136996,,,,,,,,,,
LLOYDSENGG_MINED_BASE_G0_C637,,0,3,3,close_ema_3_daily_slope_pct >= 2.1777186239842106 AND close_ema_3_daily_range_5_pct >= 5.878821482298 AND close_ema_13_daily_volatility_5_daily >= 0.6665343015434868,171,81,90,47.368421052631575,16.895715440582055,30.47270561204952,13.823767178658045,314.9592561040525,0,4.5,1.698576014601625,290.4564984968779,-12.931024875082281,19.9218788136996,,,,,,,,,,
LLOYDSENGG_MINED_BASE_G0_C638,,0,3,3,close_ema_3_daily_volatility_5_daily >= 1.8141316287340417 AND close_ema_8_daily_volatility_5_daily >= 1.0367159490053137 AND close_ema_13_daily_volatility_5_daily >= 0.8014195041727374,362,121,241,33.42541436464088,16.895715440582055,16.529698924058824,29.264349232012936,314.8632416976063,0,12.05,0.7549156924373991,273.27948066233847,-12.931024875082281,19.9218788136996,,,,,,,,,,
LLOYDSENGG_MINED_BASE_G0_C639,,0,1,1,close_ema_8_daily_volatility_5_daily >= 0.8645495401600428,619,150,469,24.232633279483036,16.895715440582055,7.33691783890098,50.04042037186742,314.81996944185244,0,23.450000000000003,0.52846008244918,327.1167910360424,-12.931024875082281,19.9218788136996,,,,,,,,,,
LLOYDSENGG_MINED_BASE_G0_C640,,0,3,3,close_ema_3_daily_volatility_5_daily >= 2.1517313552241197 AND close_ema_3_daily_range_5_pct >= 4.683096254230115 AND close_ema_21_daily_range_5_pct >= 6.280967301429598,111,61,50,54.95495495495496,16.895715440582055,38.059239514372905,8.973322554567503,314.729348286554,0,2.5,1.6443835715631494,182.52657644350958,-9.254259760270903,10.000014739437525,,,,,,,,,,
LLOYDSENGG_MINED_BASE_G0_C641,,0,3,3,close_ema_3_daily_volatility_5_daily >= 2.1517313552241197 AND close_ema_3_daily_range_5_pct >= 5.878821482298 AND close_ema_21_daily_range_5_pct >= 6.280967301429598,111,61,50,54.95495495495496,16.895715440582055,38.059239514372905,8.973322554567503,314.729348286554,0,2.5,1.6443835715631494,182.52657644350958,-9.254259760270903,10.000014739437525,,,,,,,,,,
LLOYDSENGG_MINED_BASE_G0_C642,,0,3,3,close_to_close_ema_3_daily_difference_pct >= 2.1306145320817853 AND close_ema_8_daily_volatility_5_daily >= 0.8645495401600428 AND close_ema_13_daily_volatility_5_daily >= 0.6665343015434868,193,87,106,45.07772020725388,16.895715440582055,28.182004766671827,15.602263540824577,314.6290844208991,0,5.300000000000001,1.6730201958466726,322.89289779840783,-12.931024875082281,19.9218788136996,,,,,,,,,,
LLOYDSENGG_MINED_BASE_G0_C643,,0,2,2,close_ema_3_daily_volatility_5_daily >= 1.8141316287340417 AND close_ema_13_daily_volatility_5_daily >= 0.8014195041727374,369,122,247,33.06233062330624,16.895715440582055,16.166615182724183,29.830234438156833,314.60464728448875,0,12.350000000000001,0.7071904569559521,260.95327861674633,-12.931024875082281,19.9218788136996,,,,,,,,,,
LLOYDSENGG_MINED_BASE_G0_C644,,0,3,3,close_ema_3_daily_slope_pct >= 2.1777186239842106 AND close_ema_8_daily_volatility_5_daily >= 1.0367159490053137 AND close_ema_3_daily_range_5_pct >= 7.091176553732353,155,76,79,49.03225806451613,16.895715440582055,32.136542623934076,12.530315278900567,314.59739453106494,0,3.95,1.9548938037981807,303.008539588718,-12.931024875082281,19.9218788136996,,,,,,,,,,
LLOYDSENGG_MINED_BASE_G0_C645,,0,3,3,close_ema_3_daily_volatility_5_daily >= 2.1517313552241197 AND close_ema_8_daily_range_5_pct >= 3.117710901412895 AND close_ema_8_daily_volatility_5_daily >= 1.2672772609808338,302,111,191,36.75496688741722,16.895715440582055,19.859251446835163,24.413904607922394,314.58311764170134,0,9.55,0.9456201358418543,285.57728102424,-12.931024875082281,17.175581052420334,,,,,,,,,,
LLOYDSENGG_MINED_BASE_G0_C646,,0,1,1,close_ema_3_daily_volatility_5_daily >= 1.8141316287340417,495,138,357,27.878787878787882,16.895715440582055,10.983072438205827,40.016168148746964,314.57644783398246,0,17.85,0.5036952143177723,249.3291310872973,-12.931024875082281,19.9218788136996,,,,,,,,,,
LLOYDSENGG_MINED_BASE_G0_C647,,0,3,3,close_ema_3_daily_volatility_5_daily >= 1.8141316287340417 AND close_ema_21_daily_volatility_5_daily >= 0.5048951676587204 AND close_ema_13_daily_volatility_5_daily >= 0.6665343015434868,383,124,259,32.375979112271544,16.895715440582055,15.480263671689489,30.962004850444625,314.54456937037935,0,12.950000000000001,0.6977503373106304,267.23837918997145,-12.931024875082281,19.9218788136996,,,,,,,,,,
LLOYDSENGG_MINED_BASE_G0_C648,,0,3,3,close_ema_3_daily_slope_pct >= 2.1777186239842106 AND close_ema_3_daily_volatility_5_daily >= 1.8141316287340417 AND close_ema_13_daily_volatility_5_daily >= 0.6665343015434868,182,84,98,46.15384615384615,16.895715440582055,29.258130713264098,14.713015359741311,314.5140566273364,0,4.9,1.707801020338636,310.81978570163176,-12.931024875082281,19.9218788136996,,,,,,,,,,
LLOYDSENGG_MINED_BASE_G0_C649,,0,3,3,close_ema_3_daily_slope_pct >= 2.1777186239842106 AND close_ema_3_daily_range_5_pct >= 4.683096254230115 AND close_ema_8_daily_volatility_5_daily >= 1.0367159490053137,175,82,93,46.85714285714286,16.895715440582055,29.961427416560806,14.147130153597413,314.51291970651056,0,4.65,1.7852608745688219,312.42065304954383,-12.931024875082281,19.9218788136996,,,,,,,,,,
LLOYDSENGG_MINED_BASE_G0_C650,,0,3,3,close_ema_3_daily_slope_pct >= 2.1777186239842106 AND close_ema_3_daily_volatility_5_daily >= 1.4807591382075385 AND close_ema_8_daily_range_5_pct >= 3.117710901412895,186,85,101,45.69892473118279,16.895715440582055,28.803209290600737,15.036378334680677,314.38714191913294,0,5.050000000000001,1.807031822043083,336.10791890001343,-12.931024875082281,19.9218788136996,,,,,,,,,,
LLOYDSENGG_MINED_BASE_G0_C651,,0,3,3,close_to_close_ema_3_daily_difference_pct >= 2.1306145320817853 AND close_ema_8_daily_volatility_5_daily >= 0.8645495401600428 AND close_ema_8_daily_range_5_pct >= 3.117710901412895,186,85,101,45.69892473118279,16.895715440582055,28.803209290600737,15.036378334680677,314.2751974320179,0,5.050000000000001,1.7697169930047285,329.1673606988795,-12.931024875082281,19.9218788136996,,,,,,,,,,
LLOYDSENGG_MINED_BASE_G0_C652,,0,2,2,close_to_close_ema_3_daily_difference_pct >= 3.6112616349206315 AND close_ema_8_daily_volatility_5_daily >= 1.2672772609808338,97,55,42,56.70103092783505,16.895715440582055,39.805315487253,7.841552142279709,313.98311723485904,0,2.1,2.3521799328646944,228.16145348787535,-12.931024875082281,19.9218788136996,,,,,,,,,,
LLOYDSENGG_MINED_BASE_G0_C653,,0,2,2,close_ema_3_daily_slope_pct >= 3.7465597082957087 AND close_ema_8_daily_volatility_5_daily >= 1.2672772609808338,97,55,42,56.70103092783505,16.895715440582055,39.805315487253,7.841552142279709,313.98311723485904,0,2.1,2.3521799328646944,228.16145348787535,-12.931024875082281,19.9218788136996,,,,,,,,,,
LLOYDSENGG_MINED_BASE_G0_C654,,0,3,3,close_ema_3_daily_slope_pct >= 2.1777186239842106 AND close_to_close_ema_3_daily_difference_pct >= 3.6112616349206315 AND close_ema_8_daily_volatility_5_daily >= 1.2672772609808338,97,55,42,56.70103092783505,16.895715440582055,39.805315487253,7.841552142279709,313.98311723485904,0,2.1,2.3521799328646944,228.16145348787535,-12.931024875082281,19.9218788136996,,,,,,,,,,
LLOYDSENGG_MINED_BASE_G0_C655,,0,3,3,close_to_close_ema_3_daily_difference_pct >= 2.1306145320817853 AND close_ema_3_daily_slope_pct >= 3.7465597082957087 AND close_ema_8_daily_volatility_5_daily >= 1.2672772609808338,97,55,42,56.70103092783505,16.895715440582055,39.805315487253,7.841552142279709,313.98311723485904,0,2.1,2.3521799328646944,228.16145348787535,-12.931024875082281,19.9218788136996,,,,,,,,,,
LLOYDSENGG_MINED_BASE_G0_C656,,0,3,3,close_ema_3_daily_range_5_pct >= 4.683096254230115 AND close_to_close_ema_3_daily_difference_pct >= 3.6112616349206315 AND close_ema_8_daily_volatility_5_daily >= 1.2672772609808338,97,55,42,56.70103092783505,16.895715440582055,39.805315487253,7.841552142279709,313.98311723485904,0,2.1,2.3521799328646944,228.16145348787535,-12.931024875082281,19.9218788136996,,,,,,,,,,
LLOYDSENGG_MINED_BASE_G0_C657,,0,3,3,close_ema_3_daily_range_5_pct >= 4.683096254230115 AND close_ema_3_daily_slope_pct >= 3.7465597082957087 AND close_ema_8_daily_volatility_5_daily >= 1.2672772609808338,97,55,42,56.70103092783505,16.895715440582055,39.805315487253,7.841552142279709,313.98311723485904,0,2.1,2.3521799328646944,228.16145348787535,-12.931024875082281,19.9218788136996,,,,,,,,,,
LLOYDSENGG_MINED_BASE_G0_C658,,0,3,3,close_ema_3_daily_volatility_5_daily >= 1.4807591382075385 AND close_to_close_ema_3_daily_difference_pct >= 3.6112616349206315 AND close_ema_8_daily_volatility_5_daily >= 1.2672772609808338,97,55,42,56.70103092783505,16.895715440582055,39.805315487253,7.841552142279709,313.98311723485904,0,2.1,2.3521799328646944,228.16145348787535,-12.931024875082281,19.9218788136996,,,,,,,,,,
LLOYDSENGG_MINED_BASE_G0_C659,,0,3,3,close_ema_3_daily_volatility_5_daily >= 1.4807591382075385 AND close_ema_3_daily_slope_pct >= 3.7465597082957087 AND close_ema_8_daily_volatility_5_daily >= 1.2672772609808338,97,55,42,56.70103092783505,16.895715440582055,39.805315487253,7.841552142279709,313.98311723485904,0,2.1,2.3521799328646944,228.16145348787535,-12.931024875082281,19.9218788136996,,,,,,,,,,
LLOYDSENGG_MINED_BASE_G0_C660,,0,3,3,close_to_close_ema_3_daily_difference_pct >= 3.6112616349206315 AND close_ema_3_daily_slope_pct >= 3.7465597082957087 AND close_ema_8_daily_volatility_5_daily >= 1.2672772609808338,97,55,42,56.70103092783505,16.895715440582055,39.805315487253,7.841552142279709,313.98311723485904,0,2.1,2.3521799328646944,228.16145348787535,-12.931024875082281,19.9218788136996,,,,,,,,,,
LLOYDSENGG_MINED_BASE_G0_C661,,0,3,3,close_to_close_ema_3_daily_difference_pct >= 3.6112616349206315 AND close_ema_3_daily_volatility_5_daily >= 1.8141316287340417 AND close_ema_8_daily_volatility_5_daily >= 1.2672772609808338,97,55,42,56.70103092783505,16.895715440582055,39.805315487253,7.841552142279709,313.98311723485904,0,2.1,2.3521799328646944,228.16145348787535,-12.931024875082281,19.9218788136996,,,,,,,,,,
LLOYDSENGG_MINED_BASE_G0_C662,,0,3,3,close_to_close_ema_3_daily_difference_pct >= 3.6112616349206315 AND close_ema_3_daily_range_5_pct >= 5.878821482298 AND close_ema_8_daily_volatility_5_daily >= 1.2672772609808338,97,55,42,56.70103092783505,16.895715440582055,39.805315487253,7.841552142279709,313.98311723485904,0,2.1,2.3521799328646944,228.16145348787535,-12.931024875082281,19.9218788136996,,,,,,,,,,
LLOYDSENGG_MINED_BASE_G0_C663,,0,3,3,close_to_close_ema_3_daily_difference_pct >= 3.6112616349206315 AND close_ema_3_daily_slope_pct >= 1.1401997467767693 AND close_ema_8_daily_volatility_5_daily >= 1.2672772609808338,97,55,42,56.70103092783505,16.895715440582055,39.805315487253,7.841552142279709,313.98311723485904,0,2.1,2.3521799328646944,228.16145348787535,-12.931024875082281,19.9218788136996,,,,,,,,,,
LLOYDSENGG_MINED_BASE_G0_C664,,0,3,3,close_to_close_ema_3_daily_difference_pct >= 3.6112616349206315 AND close_ema_8_daily_volatility_5_daily >= 1.2672772609808338 AND close_ema_13_daily_volatility_5_daily >= 0.6665343015434868,97,55,42,56.70103092783505,16.895715440582055,39.805315487253,7.841552142279709,313.98311723485904,0,2.1,2.3521799328646944,228.16145348787535,-12.931024875082281,19.9218788136996,,,,,,,,,,
LLOYDSENGG_MINED_BASE_G0_C665,,0,3,3,close_to_close_ema_3_daily_difference_pct >= 3.6112616349206315 AND close_ema_8_daily_volatility_5_daily >= 1.2672772609808338 AND close_ema_3_daily_slope_pct >= 0.3776715879064552,97,55,42,56.70103092783505,16.895715440582055,39.805315487253,7.841552142279709,313.98311723485904,0,2.1,2.3521799328646944,228.16145348787535,-12.931024875082281,19.9218788136996,,,,,,,,,,
LLOYDSENGG_MINED_BASE_G0_C666,,0,3,3,close_ema_3_daily_slope_pct >= 3.7465597082957087 AND close_ema_3_daily_volatility_5_daily >= 1.8141316287340417 AND close_ema_8_daily_volatility_5_daily >= 1.2672772609808338,97,55,42,56.70103092783505,16.895715440582055,39.805315487253,7.841552142279709,313.98311723485904,0,2.1,2.3521799328646944,228.16145348787535,-12.931024875082281,19.9218788136996,,,,,,,,,,
LLOYDSENGG_MINED_BASE_G0_C667,,0,3,3,close_ema_3_daily_slope_pct >= 3.7465597082957087 AND close_ema_3_daily_range_5_pct >= 5.878821482298 AND close_ema_8_daily_volatility_5_daily >= 1.2672772609808338,97,55,42,56.70103092783505,16.895715440582055,39.805315487253,7.841552142279709,313.98311723485904,0,2.1,2.3521799328646944,228.16145348787535,-12.931024875082281,19.9218788136996,,,,,,,,,,
LLOYDSENGG_MINED_BASE_G0_C668,,0,3,3,close_ema_3_daily_slope_pct >= 3.7465597082957087 AND close_to_close_ema_3_daily_difference_pct >= 1.127345753351754 AND close_ema_8_daily_volatility_5_daily >= 1.2672772609808338,97,55,42,56.70103092783505,16.895715440582055,39.805315487253,7.841552142279709,313.98311723485904,0,2.1,2.3521799328646944,228.16145348787535,-12.931024875082281,19.9218788136996,,,,,,,,,,
LLOYDSENGG_MINED_BASE_G0_C669,,0,3,3,close_ema_3_daily_slope_pct >= 3.7465597082957087 AND close_ema_8_daily_volatility_5_daily >= 1.2672772609808338 AND close_ema_13_daily_volatility_5_daily >= 0.6665343015434868,97,55,42,56.70103092783505,16.895715440582055,39.805315487253,7.841552142279709,313.98311723485904,0,2.1,2.3521799328646944,228.16145348787535,-12.931024875082281,19.9218788136996,,,,,,,,,,
LLOYDSENGG_MINED_BASE_G0_C670,,0,3,3,close_ema_3_daily_slope_pct >= 3.7465597082957087 AND close_ema_8_daily_volatility_5_daily >= 1.2672772609808338 AND close_to_close_ema_3_daily_difference_pct >= 0.37388545459352607,97,55,42,56.70103092783505,16.895715440582055,39.805315487253,7.841552142279709,313.98311723485904,0,2.1,2.3521799328646944,228.16145348787535,-12.931024875082281,19.9218788136996,,,,,,,,,,
LLOYDSENGG_MINED_BASE_G0_C671,,0,3,3,close_ema_3_daily_volatility_5_daily >= 1.4807591382075385 AND close_to_close_ema_3_daily_difference_pct >= 3.6112616349206315 AND close_ema_3_daily_range_5_pct >= 5.878821482298,112,61,51,54.46428571428571,16.895715440582055,37.568570273703656,9.054163298302344,313.9571143009315,0,2.5500000000000003,2.2214209774710847,248.79914947676147,-12.931024875082281,19.9218788136996,,,,,,,,,,
LLOYDSENGG_MINED_BASE_G0_C672,,0,3,3,close_ema_3_daily_volatility_5_daily >= 1.4807591382075385 AND close_ema_3_daily_slope_pct >= 3.7465597082957087 AND close_ema_3_daily_range_5_pct >= 5.878821482298,112,61,51,54.46428571428571,16.895715440582055,37.568570273703656,9.054163298302344,313.9571143009315,0,2.5500000000000003,2.2214209774710847,248.79914947676147,-12.931024875082281,19.9218788136996,,,,,,,,,,
LLOYDSENGG_MINED_BASE_G0_C673,,0,3,3,close_to_close_ema_3_daily_difference_pct >= 3.6112616349206315 AND close_ema_3_daily_volatility_5_daily >= 1.8141316287340417 AND close_ema_3_daily_range_5_pct >= 5.878821482298,112,61,51,54.46428571428571,16.895715440582055,37.568570273703656,9.054163298302344,313.9571143009315,0,2.5500000000000003,2.2214209774710847,248.79914947676147,-12.931024875082281,19.9218788136996,,,,,,,,,,
LLOYDSENGG_MINED_BASE_G0_C674,,0,3,3,close_ema_3_daily_slope_pct >= 3.7465597082957087 AND close_ema_3_daily_volatility_5_daily >= 1.8141316287340417 AND close_ema_3_daily_range_5_pct >= 5.878821482298,112,61,51,54.46428571428571,16.895715440582055,37.568570273703656,9.054163298302344,313.9571143009315,0,2.5500000000000003,2.2214209774710847,248.79914947676147,-12.931024875082281,19.9218788136996,,,,,,,,,,
LLOYDSENGG_MINED_BASE_G0_C675,,0,3,3,close_ema_3_daily_volatility_5_daily >= 2.1517313552241197 AND close_ema_21_daily_range_5_pct >= 1.8831689286059863 AND close_to_close_ema_3_daily_difference_pct >= 1.127345753351754,175,82,93,46.85714285714286,16.895715440582055,29.961427416560806,14.147130153597413,313.92053988341013,0,4.65,1.5878009335353573,277.86516336868755,-12.931024875082281,10.000014739437525,,,,,,,,,,
LLOYDSENGG_MINED_BASE_G0_C676,,0,3,3,close_ema_3_daily_volatility_5_daily >= 2.1517313552241197 AND close_ema_21_daily_range_5_pct >= 1.8831689286059863 AND close_ema_3_daily_slope_pct >= 1.1401997467767693,175,82,93,46.85714285714286,16.895715440582055,29.961427416560806,14.147130153597413,313.92053988341013,0,4.65,1.5878009335353573,277.86516336868755,-12.931024875082281,10.000014739437525,,,,,,,,,,
LLOYDSENGG_MINED_BASE_G0_C677,,0,3,3,close_to_close_ema_3_daily_difference_pct >= 3.6112616349206315 AND close_ema_8_daily_range_5_pct >= 3.117710901412895 AND close_ema_3_daily_range_5_pct >= 5.878821482298,112,61,51,54.46428571428571,16.895715440582055,37.568570273703656,9.054163298302344,313.9167124537224,0,2.5500000000000003,2.2079536950680483,247.29081384762142,-12.931024875082281,19.9218788136996,,,,,,,,,,
LLOYDSENGG_MINED_BASE_G0_C678,,0,3,3,close_ema_3_daily_slope_pct >= 3.7465597082957087 AND close_ema_8_daily_range_5_pct >= 3.117710901412895 AND close_ema_3_daily_range_5_pct >= 5.878821482298,112,61,51,54.46428571428571,16.895715440582055,37.568570273703656,9.054163298302344,313.9167124537224,0,2.5500000000000003,2.2079536950680483,247.29081384762142,-12.931024875082281,19.9218788136996,,,,,,,,,,
LLOYDSENGG_MINED_BASE_G0_C679,,0,2,2,close_ema_3_daily_range_5_pct >= 4.683096254230115 AND close_ema_21_daily_volatility_5_daily >= 0.5048951676587204,438,131,307,29.908675799086758,16.895715440582055,13.012960358504703,35.40824575586095,313.78758736980893,0,15.350000000000001,0.6909285257618195,302.62669428367695,-12.931024875082281,19.9218788136996,,,,,,,,,,
LLOYDSENGG_MINED_BASE_G0_C680,,0,3,3,close_ema_3_daily_range_5_pct >= 4.683096254230115 AND close_ema_3_daily_volatility_5_daily >= 1.8141316287340417 AND close_ema_21_daily_range_5_pct >= 1.8831689286059863,351,119,232,33.903133903133906,16.895715440582055,17.00741846255185,28.37510105092967,313.75416818909366,0,11.600000000000001,0.7723586254448258,271.09787753113386,-12.931024875082281,19.9218788136996,,,,,,,,,,
LLOYDSENGG_MINED_BASE_G0_C681,,0,3,3,close_ema_3_daily_volatility_5_daily >= 2.551529495595912 AND close_ema_21_daily_volatility_5_daily >= 0.5048951676587204 AND close_ema_3_daily_slope_pct >= 0.3776715879064552,155,76,79,49.03225806451613,16.895715440582055,32.136542623934076,12.530315278900567,313.7364283376371,0,3.95,1.6679050726555686,258.52528626161313,-12.931024875082281,10.000015661015443,,,,,,,,,,
LLOYDSENGG_MINED_BASE_G0_C682,,0,3,3,close_ema_3_daily_volatility_5_daily >= 2.551529495595912 AND close_ema_21_daily_volatility_5_daily >= 0.5048951676587204 AND close_to_close_ema_3_daily_difference_pct >= 0.37388545459352607,155,76,79,49.03225806451613,16.895715440582055,32.136542623934076,12.530315278900567,313.7364283376371,0,3.95,1.6679050726555686,258.52528626161313,-12.931024875082281,10.000015661015443,,,,,,,,,,
LLOYDSENGG_MINED_BASE_G0_C683,,0,3,3,close_to_close_ema_3_daily_difference_pct >= 2.1306145320817853 AND close_ema_8_daily_volatility_5_daily >= 0.8645495401600428 AND close_ema_3_daily_range_5_pct >= 5.878821482298,179,83,96,46.36871508379888,16.895715440582055,29.472999643216827,14.470493128536782,313.6670351320847,0,4.800000000000001,1.7006789720001922,304.4215359880344,-12.931024875082281,19.9218788136996,,,,,,,,,,
LLOYDSENGG_MINED_BASE_G0_C684,,0,3,3,close_ema_3_daily_volatility_5_daily >= 1.4807591382075385 AND close_ema_21_daily_volatility_5_daily >= 0.5048951676587204 AND close_ema_8_daily_volatility_5_daily >= 1.0367159490053137,407,127,280,31.203931203931205,16.895715440582055,14.30821576334915,32.90218270008084,313.63470289132374,0,14,0.6978746915259867,284.0349994510766,-12.931024875082281,19.9218788136996,,,,,,,,,,
LLOYDSENGG_MINED_BASE_G0_C685,,0,3,3,close_to_close_ema_3_daily_difference_pct >= 2.1306145320817853 AND close_ema_3_daily_range_5_pct >= 5.878821482298 AND close_ema_13_daily_volatility_5_daily >= 0.6665343015434868,172,81,91,47.093023255813954,16.895715440582055,30.1973078152319,13.904607922392886,313.50416163160446,0,4.55,1.6892075184816573,290.54369317884505,-12.931024875082281,19.9218788136996,,,,,,,,,,
LLOYDSENGG_MINED_BASE_G0_C686,,0,3,3,close_ema_3_daily_volatility_5_daily >= 2.551529495595912 AND close_ema_8_daily_volatility_5_daily >= 1.0367159490053137 AND close_to_close_ema_3_daily_difference_pct >= 1.127345753351754,146,73,73,50,16.895715440582055,33.10428455941795,11.802748585286984,313.4810568702259,0,3.6500000000000004,1.8698780243787274,273.0021915592942,-12.931024875082281,10.000015661015443,,,,,,,,,,
LLOYDSENGG_MINED_BASE_G0_C687,,0,3,3,close_ema_3_daily_volatility_5_daily >= 2.551529495595912 AND close_ema_8_daily_volatility_5_daily >= 1.0367159490053137 AND close_ema_3_daily_slope_pct >= 1.1401997467767693,146,73,73,50,16.895715440582055,33.10428455941795,11.802748585286984,313.4810568702259,0,3.6500000000000004,1.8698780243787274,273.0021915592942,-12.931024875082281,10.000015661015443,,,,,,,,,,
LLOYDSENGG_MINED_BASE_G0_C688,,0,3,3,close_ema_3_daily_range_5_pct >= 4.683096254230115 AND close_ema_3_daily_volatility_5_daily >= 2.551529495595912 AND close_to_close_ema_3_daily_difference_pct >= 1.127345753351754,146,73,73,50,16.895715440582055,33.10428455941795,11.802748585286984,313.4793128416983,0,3.6500000000000004,1.8692966815361924,272.9173155042841,-12.931024875082281,10.000015661015443,,,,,,,,,,
LLOYDSENGG_MINED_BASE_G0_C689,,0,3,3,close_ema_3_daily_range_5_pct >= 4.683096254230115 AND close_ema_3_daily_volatility_5_daily >= 2.551529495595912 AND close_ema_3_daily_slope_pct >= 1.1401997467767693,146,73,73,50,16.895715440582055,33.10428455941795,11.802748585286984,313.4793128416983,0,3.6500000000000004,1.8692966815361924,272.9173155042841,-12.931024875082281,10.000015661015443,,,,,,,,,,
LLOYDSENGG_MINED_BASE_G0_C690,,0,3,3,close_ema_3_daily_volatility_5_daily >= 2.1517313552241197 AND close_ema_3_daily_range_5_pct >= 4.683096254230115 AND close_ema_13_daily_volatility_5_daily >= 0.8014195041727374,309,112,197,36.24595469255664,16.895715440582055,19.350239251974582,24.97978981406629,313.4540886188375,0,9.850000000000001,0.8509641196548706,262.947912973355,-12.931024875082281,17.175581052420334,,,,,,,,,,
LLOYDSENGG_MINED_BASE_G0_C691,,0,3,3,close_ema_3_daily_range_5_pct >= 4.683096254230115 AND close_ema_3_daily_volatility_5_daily >= 1.4807591382075385 AND close_ema_8_daily_volatility_5_daily >= 0.8645495401600428,482,136,346,28.21576763485477,16.895715440582055,11.320052194272716,38.96523848019402,313.24284125185017,0,17.3,0.647526760162195,312.107898398178,-12.931024875082281,19.9218788136996,,,,,,,,,,
LLOYDSENGG_MINED_BASE_G0_C692,,0,3,3,close_ema_3_daily_volatility_5_daily >= 1.4807591382075385 AND close_ema_21_daily_volatility_5_daily >= 0.5048951676587204 AND close_to_close_ema_3_daily_difference_pct >= 1.127345753351754,218,93,125,42.6605504587156,16.895715440582055,25.764835018133542,17.623282134195634,313.23741615616945,0,6.25,1.5544136885005786,338.86218409312613,-12.931024875082281,19.9218788136996,,,,,,,,,,
LLOYDSENGG_MINED_BASE_G0_C693,,0,3,3,close_ema_3_daily_volatility_5_daily >= 1.4807591382075385 AND close_ema_21_daily_volatility_5_daily >= 0.5048951676587204 AND close_ema_3_daily_slope_pct >= 1.1401997467767693,218,93,125,42.6605504587156,16.895715440582055,25.764835018133542,17.623282134195634,313.23741615616945,0,6.25,1.5544136885005786,338.86218409312613,-12.931024875082281,19.9218788136996,,,,,,,,,,
LLOYDSENGG_MINED_BASE_G0_C694,,0,3,3,close_to_close_ema_3_daily_difference_pct >= 2.1306145320817853 AND close_ema_3_daily_range_5_pct >= 7.091176553732353 AND close_ema_21_daily_range_5_pct >= 1.8831689286059863,143,72,71,50.349650349650354,16.895715440582055,33.453934909068295,11.560226354082458,313.21108232547004,0,3.5500000000000003,1.8304692600428771,261.7571041861314,-12.931024875082281,19.9218788136996,,,,,,,,,,
LLOYDSENGG_MINED_BASE_G0_C695,,0,2,2,close_to_close_ema_3_daily_difference_pct >= 3.6112616349206315 AND close_ema_8_daily_volatility_5_daily >= 0.8645495401600428,115,62,53,53.91304347826087,16.895715440582055,37.01732803767881,9.296685529506872,313.1863742186767,0,2.6500000000000004,2.249911343427537,258.7398044941668,-12.931024875082281,19.9218788136996,,,,,,,,,,
LLOYDSENGG_MINED_BASE_G0_C696,,0,2,2,close_ema_3_daily_slope_pct >= 3.7465597082957087 AND close_ema_8_daily_volatility_5_daily >= 0.8645495401600428,115,62,53,53.91304347826087,16.895715440582055,37.01732803767881,9.296685529506872,313.1863742186767,0,2.6500000000000004,2.249911343427537,258.7398044941668,-12.931024875082281,19.9218788136996,,,,,,,,,,
LLOYDSENGG_MINED_BASE_G0_C697,,0,3,3,close_ema_3_daily_slope_pct >= 2.1777186239842106 AND close_to_close_ema_3_daily_difference_pct >= 3.6112616349206315 AND close_ema_8_daily_volatility_5_daily >= 0.8645495401600428,115,62,53,53.91304347826087,16.895715440582055,37.01732803767881,9.296685529506872,313.1863742186767,0,2.6500000000000004,2.249911343427537,258.7398044941668,-12.931024875082281,19.9218788136996,,,,,,,,,,
LLOYDSENGG_MINED_BASE_G0_C698,,0,3,3,close_to_close_ema_3_daily_difference_pct >= 2.1306145320817853 AND close_ema_3_daily_slope_pct >= 3.7465597082957087 AND close_ema_8_daily_volatility_5_daily >= 0.8645495401600428,115,62,53,53.91304347826087,16.895715440582055,37.01732803767881,9.296685529506872,313.1863742186767,0,2.6500000000000004,2.249911343427537,258.7398044941668,-12.931024875082281,19.9218788136996,,,,,,,,,,
LLOYDSENGG_MINED_BASE_G0_C699,,0,3,3,close_to_close_ema_3_daily_difference_pct >= 3.6112616349206315 AND close_ema_3_daily_slope_pct >= 3.7465597082957087 AND close_ema_8_daily_volatility_5_daily >= 0.8645495401600428,115,62,53,53.91304347826087,16.895715440582055,37.01732803767881,9.296685529506872,313.1863742186767,0,2.6500000000000004,2.249911343427537,258.7398044941668,-12.931024875082281,19.9218788136996,,,,,,,,,,
LLOYDSENGG_MINED_BASE_G0_C700,,0,3,3,close_to_close_ema_3_daily_difference_pct >= 3.6112616349206315 AND close_ema_8_daily_volatility_5_daily >= 0.8645495401600428 AND close_ema_3_daily_slope_pct >= 1.1401997467767693,115,62,53,53.91304347826087,16.895715440582055,37.01732803767881,9.296685529506872,313.1863742186767,0,2.6500000000000004,2.249911343427537,258.7398044941668,-12.931024875082281,19.9218788136996,,,,,,,,,,
LLOYDSENGG_MINED_BASE_G0_C701,,0,3,3,close_to_close_ema_3_daily_difference_pct >= 3.6112616349206315 AND close_ema_8_daily_volatility_5_daily >= 0.8645495401600428 AND close_ema_3_daily_slope_pct >= 0.3776715879064552,115,62,53,53.91304347826087,16.895715440582055,37.01732803767881,9.296685529506872,313.1863742186767,0,2.6500000000000004,2.249911343427537,258.7398044941668,-12.931024875082281,19.9218788136996,,,,,,,,,,
LLOYDSENGG_MINED_BASE_G0_C702,,0,3,3,close_ema_3_daily_slope_pct >= 3.7465597082957087 AND close_ema_8_daily_volatility_5_daily >= 0.8645495401600428 AND close_to_close_ema_3_daily_difference_pct >= 1.127345753351754,115,62,53,53.91304347826087,16.895715440582055,37.01732803767881,9.296685529506872,313.1863742186767,0,2.6500000000000004,2.249911343427537,258.7398044941668,-12.931024875082281,19.9218788136996,,,,,,,,,,
LLOYDSENGG_MINED_BASE_G0_C703,,0,3,3,close_ema_3_daily_slope_pct >= 3.7465597082957087 AND close_ema_8_daily_volatility_5_daily >= 0.8645495401600428 AND close_to_close_ema_3_daily_difference_pct >= 0.37388545459352607,115,62,53,53.91304347826087,16.895715440582055,37.01732803767881,9.296685529506872,313.1863742186767,0,2.6500000000000004,2.249911343427537,258.7398044941668,-12.931024875082281,19.9218788136996,,,,,,,,,,
LLOYDSENGG_MINED_BASE_G0_C704,,0,3,3,close_to_close_ema_3_daily_difference_pct >= 2.1306145320817853 AND close_ema_3_daily_volatility_5_daily >= 1.8141316287340417 AND close_ema_13_daily_volatility_5_daily >= 0.6665343015434868,183,84,99,45.90163934426229,16.895715440582055,29.005923903680237,14.793856103476152,313.17645526239465,0,4.95,1.6989452479978082,310.9069803835989,-12.931024875082281,19.9218788136996,,,,,,,,,,
LLOYDSENGG_MINED_BASE_G0_C705,,0,3,3,close_ema_3_daily_volatility_5_daily >= 2.1517313552241197 AND close_ema_8_daily_volatility_5_daily >= 0.8645495401600428 AND close_ema_3_daily_range_5_pct >= 5.878821482298,333,116,217,34.83483483483483,16.895715440582055,17.939119394252774,26.919967663702504,313.1696410951848,0,10.850000000000001,0.7746813746403156,257.9688977552251,-12.931024875082281,17.175581052420334,,,,,,,,,,
LLOYDSENGG_MINED_BASE_G0_C706,,0,3,3,close_ema_3_daily_slope_pct >= 2.1777186239842106 AND close_ema_8_daily_range_5_pct >= 3.117710901412895 AND close_ema_3_daily_range_5_pct >= 5.878821482298,176,82,94,46.590909090909086,16.895715440582055,29.69519365032703,14.227970897332257,313.12776067567745,0,4.7,1.7839308080140954,313.9718222104808,-12.931024875082281,19.9218788136996,,,,,,,,,,
LLOYDSENGG_MINED_BASE_G0_C707,,0,3,3,close_to_close_ema_3_daily_difference_pct >= 2.1306145320817853 AND close_ema_3_daily_range_5_pct >= 4.683096254230115 AND close_ema_8_daily_volatility_5_daily >= 1.0367159490053137,176,82,94,46.590909090909086,16.895715440582055,29.69519365032703,14.227970897332257,313.1028065652405,0,4.7,1.7756127712017677,312.5078477315111,-12.931024875082281,19.9218788136996,,,,,,,,,,
LLOYDSENGG_MINED_BASE_G0_C708,,0,3,3,close_to_close_ema_3_daily_difference_pct >= 2.1306145320817853 AND close_ema_3_daily_volatility_5_daily >= 1.4807591382075385 AND close_ema_8_daily_range_5_pct >= 3.117710901412895,187,85,102,45.45454545454545,16.895715440582055,28.558830013963398,15.117219078415523,313.08765456578453,0,5.1000000000000005,1.797834831989201,336.1951135819806,-12.931024875082281,19.9218788136996,,,,,,,,,,
LLOYDSENGG_MINED_BASE_G0_C709,,0,3,3,close_ema_3_daily_slope_pct >= 2.1777186239842106 AND close_ema_3_daily_volatility_5_daily >= 1.4807591382075385 AND close_ema_3_daily_range_5_pct >= 5.878821482298,183,84,99,45.90163934426229,16.895715440582055,29.005923903680237,14.793856103476152,313.0360850302948,0,4.95,1.652155170631197,302.34439622550906,-12.931024875082281,19.9218788136996,,,,,,,,,,
LLOYDSENGG_MINED_BASE_G0_C710,,0,3,3,close_ema_3_daily_volatility_5_daily >= 2.1517313552241197 AND close_to_close_ema_3_daily_difference_pct >= 3.6112616349206315 AND close_ema_8_daily_volatility_5_daily >= 1.0367159490053137,102,57,45,55.88235294117647,16.895715440582055,38.98663750059441,8.24575586095392,312.9916421495017,0,2.25,2.1028182155098802,214.48745798200778,-12.931024875082281,10.000015661015443,,,,,,,,,,
LLOYDSENGG_MINED_BASE_G0_C711,,0,3,3,close_ema_3_daily_volatility_5_daily >= 2.1517313552241197 AND close_ema_3_daily_slope_pct >= 3.7465597082957087 AND close_ema_8_daily_volatility_5_daily >= 1.0367159490053137,102,57,45,55.88235294117647,16.895715440582055,38.98663750059441,8.24575586095392,312.9916421495017,0,2.25,2.1028182155098802,214.48745798200778,-12.931024875082281,10.000015661015443,,,,,,,,,,
LLOYDSENGG_MINED_BASE_G0_C712,,0,3,3,close_to_close_ema_3_daily_difference_pct >= 2.1306145320817853 AND close_ema_8_daily_volatility_5_daily >= 1.0367159490053137 AND close_ema_3_daily_range_5_pct >= 7.091176553732353,156,76,80,48.717948717948715,16.895715440582055,31.82223327736666,12.61115602263541,312.9399305074234,0,4,1.9429213735300332,303.09573427068517,-12.931024875082281,19.9218788136996,,,,,,,,,,
LLOYDSENGG_MINED_BASE_G0_C713,,0,3,3,close_ema_3_daily_volatility_5_daily >= 2.1517313552241197 AND close_to_close_ema_3_daily_difference_pct >= 3.6112616349206315 AND close_ema_3_daily_range_5_pct >= 5.878821482298,102,57,45,55.88235294117647,16.895715440582055,38.98663750059441,8.24575586095392,312.9236863463589,0,2.25,2.0801662811289647,212.1769606751544,-12.931024875082281,10.000015661015443,,,,,,,,,,
LLOYDSENGG_MINED_BASE_G0_C714,,0,3,3,close_ema_3_daily_volatility_5_daily >= 2.1517313552241197 AND close_ema_3_daily_slope_pct >= 3.7465597082957087 AND close_ema_3_daily_range_5_pct >= 5.878821482298,102,57,45,55.88235294117647,16.895715440582055,38.98663750059441,8.24575586095392,312.9236863463589,0,2.25,2.0801662811289647,212.1769606751544,-12.931024875082281,10.000015661015443,,,,,,,,,,
LLOYDSENGG_MINED_BASE_G0_C715,,0,3,3,close_ema_8_daily_range_5_pct >= 3.117710901412895 AND close_ema_3_daily_volatility_5_daily >= 2.551529495595912 AND close_ema_21_daily_range_5_pct >= 6.280967301429598,104,58,46,55.769230769230774,16.895715440582055,38.87351532864872,8.407437348423606,312.9051948647744,0,2.3000000000000003,1.6125394071769155,167.7040983463992,-9.254259760270903,10.000014739437525,,,,,,,,,,
LLOYDSENGG_MINED_BASE_G0_C716,,0,3,3,close_ema_3_daily_volatility_5_daily >= 2.1517313552241197 AND close_ema_21_daily_range_5_pct >= 1.8831689286059863 AND close_ema_8_daily_volatility_5_daily >= 1.2672772609808338,288,108,180,37.5,16.895715440582055,20.604284559417945,23.282134195634598,312.81493361333344,0,9,0.9311702720812463,268.1770383593989,-12.931024875082281,17.175581052420334,,,,,,,,,,
LLOYDSENGG_MINED_BASE_G0_C717,,0,3,3,close_ema_3_daily_volatility_5_daily >= 2.1517313552241197 AND close_ema_21_daily_volatility_5_daily >= 0.5048951676587204 AND close_ema_3_daily_range_5_pct >= 7.091176553732353,277,106,171,38.26714801444043,16.895715440582055,21.371432573858375,22.392886014551333,312.79465898794695,0,8.55,0.8291653728850252,229.678808289152,-12.931024875082281,17.175581052420334,,,,,,,,,,
LLOYDSENGG_MINED_BASE_G0_C718,,0,3,3,close_ema_3_daily_volatility_5_daily >= 1.8141316287340417 AND close_ema_3_daily_range_5_pct >= 5.878821482298 AND close_ema_21_daily_volatility_5_daily >= 0.5048951676587204,346,118,228,34.104046242774565,16.895715440582055,17.20833080219251,27.970897332255458,312.7721876785207,0,11.4,0.7101778891860488,245.7215496583729,-12.931024875082281,19.9218788136996,,,,,,,,,,
LLOYDSENGG_MINED_BASE_G0_C719,,0,3,3,close_ema_3_daily_volatility_5_daily >= 2.1517313552241197 AND close_ema_3_daily_range_5_pct >= 5.878821482298 AND close_ema_21_daily_range_5_pct >= 1.8831689286059863,288,108,180,37.5,16.895715440582055,20.604284559417945,23.282134195634598,312.5385915455047,0,9,0.8390562494716647,241.64819984783944,-12.931024875082281,17.175581052420334,,,,,,,,,,
LLOYDSENGG_MINED_BASE_G0_C720,,0,3,3,close_ema_3_daily_volatility_5_daily >= 1.4807591382075385 AND close_ema_8_daily_volatility_5_daily >= 0.8645495401600428 AND close_ema_21_daily_volatility_5_daily >= 0.5048951676587204,433,130,303,30.023094688221708,16.895715440582055,13.127379247639652,35.00404203718674,312.45042772348586,0,15.15,0.6545104950958635,283.4030443765089,-12.931024875082281,19.9218788136996,,,,,,,,,,
LLOYDSENGG_MINED_BASE_G0_C721,,0,3,3,close_ema_3_daily_range_5_pct >= 4.683096254230115 AND close_ema_21_daily_volatility_5_daily >= 0.5048951676587204 AND close_ema_8_daily_volatility_5_daily >= 1.0367159490053137,381,123,258,32.28346456692913,16.895715440582055,15.387749126347078,30.80032336297494,312.44318914949787,0,12.9,0.8014811725874824,305.3643267558308,-12.931024875082281,19.9218788136996,,,,,,,,,,
LLOYDSENGG_MINED_BASE_G0_C722,,0,3,3,close_ema_3_daily_slope_pct >= 2.1777186239842106 AND close_ema_3_daily_volatility_5_daily >= 1.8141316287340417 AND close_ema_8_daily_range_5_pct >= 3.117710901412895,180,83,97,46.111111111111114,16.895715440582055,29.21539567052906,14.551333872271623,312.39446876336075,0,4.8500000000000005,1.722496803571838,310.04942464293083,-12.931024875082281,19.9218788136996,,,,,,,,,,
LLOYDSENGG_MINED_BASE_G0_C723,,0,3,3,close_to_close_ema_3_daily_difference_pct >= 3.6112616349206315 AND close_ema_8_daily_range_5_pct >= 3.117710901412895 AND close_ema_8_daily_volatility_5_daily >= 1.0367159490053137,105,58,47,55.23809523809524,16.895715440582055,38.34237979751319,8.488278092158447,312.34114819705206,0,2.35,2.326416403162043,244.2737223320145,-12.931024875082281,19.9218788136996,,,,,,,,,,
LLOYDSENGG_MINED_BASE_G0_C724,,0,3,3,close_ema_3_daily_slope_pct >= 3.7465597082957087 AND close_ema_8_daily_range_5_pct >= 3.117710901412895 AND close_ema_8_daily_volatility_5_daily >= 1.0367159490053137,105,58,47,55.23809523809524,16.895715440582055,38.34237979751319,8.488278092158447,312.34114819705206,0,2.35,2.326416403162043,244.2737223320145,-12.931024875082281,19.9218788136996,,,,,,,,,,
LLOYDSENGG_MINED_BASE_G0_C725,,0,2,2,close_ema_3_daily_volatility_5_daily >= 1.8141316287340417 AND close_ema_21_daily_range_5_pct >= 6.280967301429598,120,64,56,53.333333333333336,16.895715440582055,36.43761789275128,9.700889248181083,312.278253951629,0,2.8000000000000003,1.6300548292908643,195.60657951490373,-9.254259760270903,10.000014739437525,,,,,,,,,,
LLOYDSENGG_MINED_BASE_G0_C726,,0,3,3,close_ema_8_daily_volatility_5_daily >= 0.8645495401600428 AND close_ema_3_daily_volatility_5_daily >= 1.8141316287340417 AND close_ema_21_daily_range_5_pct >= 6.280967301429598,120,64,56,53.333333333333336,16.895715440582055,36.43761789275128,9.700889248181083,312.278253951629,0,2.8000000000000003,1.6300548292908643,195.60657951490373,-9.254259760270903,10.000014739437525,,,,,,,,,,
LLOYDSENGG_MINED_BASE_G0_C727,,0,3,3,close_ema_3_daily_volatility_5_daily >= 1.8141316287340417 AND close_ema_21_daily_range_5_pct >= 6.280967301429598 AND close_ema_21_daily_volatility_5_daily >= 0.5048951676587204,120,64,56,53.333333333333336,16.895715440582055,36.43761789275128,9.700889248181083,312.278253951629,0,2.8000000000000003,1.6300548292908643,195.60657951490373,-9.254259760270903,10.000014739437525,,,,,,,,,,
LLOYDSENGG_MINED_BASE_G0_C728,,0,3,3,close_ema_3_daily_volatility_5_daily >= 1.8141316287340417 AND close_ema_21_daily_range_5_pct >= 6.280967301429598 AND close_ema_8_daily_volatility_5_daily >= 1.0367159490053137,120,64,56,53.333333333333336,16.895715440582055,36.43761789275128,9.700889248181083,312.278253951629,0,2.8000000000000003,1.6300548292908643,195.60657951490373,-9.254259760270903,10.000014739437525,,,,,,,,,,
LLOYDSENGG_MINED_BASE_G0_C729,,0,3,3,close_ema_3_daily_volatility_5_daily >= 1.8141316287340417 AND close_ema_21_daily_range_5_pct >= 6.280967301429598 AND close_ema_13_daily_volatility_5_daily >= 0.6665343015434868,120,64,56,53.333333333333336,16.895715440582055,36.43761789275128,9.700889248181083,312.278253951629,0,2.8000000000000003,1.6300548292908643,195.60657951490373,-9.254259760270903,10.000014739437525,,,,,,,,,,
LLOYDSENGG_MINED_BASE_G0_C730,,0,3,3,close_ema_3_daily_volatility_5_daily >= 1.8141316287340417 AND close_ema_21_daily_range_5_pct >= 6.280967301429598 AND close_ema_13_daily_volatility_5_daily >= 0.8014195041727374,120,64,56,53.333333333333336,16.895715440582055,36.43761789275128,9.700889248181083,312.278253951629,0,2.8000000000000003,1.6300548292908643,195.60657951490373,-9.254259760270903,10.000014739437525,,,,,,,,,,
LLOYDSENGG_MINED_BASE_G0_C731,,0,2,2,close_ema_8_daily_range_5_pct >= 3.117710901412895 AND close_ema_21_daily_range_5_pct >= 6.280967301429598,120,64,56,53.333333333333336,16.895715440582055,36.43761789275128,9.700889248181083,312.1279659971734,0,2.8000000000000003,1.5799588444723531,189.59506133668236,-9.254259760270903,10.000014739437525,,,,,,,,,,
LLOYDSENGG_MINED_BASE_G0_C732,,0,3,3,close_ema_8_daily_volatility_5_daily >= 0.8645495401600428 AND close_ema_8_daily_range_5_pct >= 3.117710901412895 AND close_ema_21_daily_range_5_pct >= 6.280967301429598,120,64,56,53.333333333333336,16.895715440582055,36.43761789275128,9.700889248181083,312.1279659971734,0,2.8000000000000003,1.5799588444723531,189.59506133668236,-9.254259760270903,10.000014739437525,,,,,,,,,,
LLOYDSENGG_MINED_BASE_G0_C733,,0,3,3,close_ema_8_daily_range_5_pct >= 3.117710901412895 AND close_ema_21_daily_range_5_pct >= 6.280967301429598 AND close_ema_21_daily_volatility_5_daily >= 0.5048951676587204,120,64,56,53.333333333333336,16.895715440582055,36.43761789275128,9.700889248181083,312.1279659971734,0,2.8000000000000003,1.5799588444723531,189.59506133668236,-9.254259760270903,10.000014739437525,,,,,,,,,,
LLOYDSENGG_MINED_BASE_G0_C734,,0,3,3,close_ema_8_daily_range_5_pct >= 3.117710901412895 AND close_ema_21_daily_range_5_pct >= 6.280967301429598 AND close_ema_8_daily_volatility_5_daily >= 1.0367159490053137,120,64,56,53.333333333333336,16.895715440582055,36.43761789275128,9.700889248181083,312.1279659971734,0,2.8000000000000003,1.5799588444723531,189.59506133668236,-9.254259760270903,10.000014739437525,,,,,,,,,,
LLOYDSENGG_MINED_BASE_G0_C735,,0,3,3,close_ema_8_daily_range_5_pct >= 3.117710901412895 AND close_ema_21_daily_range_5_pct >= 6.280967301429598 AND close_ema_13_daily_volatility_5_daily >= 0.6665343015434868,120,64,56,53.333333333333336,16.895715440582055,36.43761789275128,9.700889248181083,312.1279659971734,0,2.8000000000000003,1.5799588444723531,189.59506133668236,-9.254259760270903,10.000014739437525,,,,,,,,,,
LLOYDSENGG_MINED_BASE_G0_C736,,0,3,3,close_ema_8_daily_range_5_pct >= 3.117710901412895 AND close_ema_21_daily_range_5_pct >= 6.280967301429598 AND close_ema_13_daily_volatility_5_daily >= 0.8014195041727374,120,64,56,53.333333333333336,16.895715440582055,36.43761789275128,9.700889248181083,312.1279659971734,0,2.8000000000000003,1.5799588444723531,189.59506133668236,-9.254259760270903,10.000014739437525,,,,,,,,,,
LLOYDSENGG_MINED_BASE_G0_C737,,0,2,2,close_ema_3_daily_range_5_pct >= 4.683096254230115 AND close_ema_3_daily_volatility_5_daily >= 1.8141316287340417,450,132,318,29.333333333333332,16.895715440582055,12.437617892751277,36.37833468067907,312.0462636153066,0,15.9,0.586058050516732,263.7261227325294,-12.931024875082281,19.9218788136996,,,,,,,,,,
LLOYDSENGG_MINED_BASE_G0_C738,,0,3,3,close_ema_3_daily_range_5_pct >= 4.683096254230115 AND close_ema_21_daily_volatility_5_daily >= 0.5048951676587204 AND close_to_close_ema_3_daily_difference_pct >= 1.127345753351754,215,92,123,42.7906976744186,16.895715440582055,25.894982233836547,17.38075990299111,311.99835907874865,0,6.15,1.5578159698552843,334.9304335188861,-12.931024875082281,19.9218788136996,,,,,,,,,,
LLOYDSENGG_MINED_BASE_G0_C739,,0,3,3,close_ema_3_daily_range_5_pct >= 4.683096254230115 AND close_ema_21_daily_volatility_5_daily >= 0.5048951676587204 AND close_ema_3_daily_slope_pct >= 1.1401997467767693,215,92,123,42.7906976744186,16.895715440582055,25.894982233836547,17.38075990299111,311.99835907874865,0,6.15,1.5578159698552843,334.9304335188861,-12.931024875082281,19.9218788136996,,,,,,,,,,
LLOYDSENGG_MINED_BASE_G0_C740,,0,2,2,close_ema_3_daily_volatility_5_daily >= 2.1517313552241197 AND close_ema_3_daily_range_5_pct >= 5.878821482298,335,116,219,34.626865671641795,16.895715440582055,17.73115023105974,27.081649151172194,311.95843686066456,0,10.950000000000001,0.7508952351219469,251.5499037658522,-12.931024875082281,17.175581052420334,,,,,,,,,,
LLOYDSENGG_MINED_BASE_G0_C741,,0,3,3,close_ema_8_daily_range_5_pct >= 3.117710901412895 AND close_ema_21_daily_range_5_pct >= 6.280967301429598 AND close_ema_3_daily_range_5_pct >= 7.091176553732353,102,57,45,55.88235294117647,16.895715440582055,38.98663750059441,8.24575586095392,311.7768859119417,0,2.25,1.6978994696565446,173.18574590496755,-9.254259760270903,10.000014739437525,,,,,,,,,,
LLOYDSENGG_MINED_BASE_G0_C742,,0,3,3,close_to_close_ema_3_daily_difference_pct >= 2.1306145320817853 AND close_ema_8_daily_range_5_pct >= 3.117710901412895 AND close_ema_3_daily_range_5_pct >= 5.878821482298,177,82,95,46.32768361581921,16.895715440582055,29.431968175237156,14.308811641067098,311.7328750608035,0,4.75,1.7743447282059215,314.0590168924481,-12.931024875082281,19.9218788136996,,,,,,,,,,
LLOYDSENGG_MINED_BASE_G0_C743,,0,3,3,close_to_close_ema_3_daily_difference_pct >= 2.1306145320817853 AND close_ema_3_daily_volatility_5_daily >= 1.4807591382075385 AND close_ema_3_daily_range_5_pct >= 5.878821482298,184,84,100,45.65217391304348,16.895715440582055,28.75645847246142,14.874696847210995,311.7132422140594,0,5,1.6436499505841105,302.43159090747633,-12.931024875082281,19.9218788136996,,,,,,,,,,
LLOYDSENGG_MINED_BASE_G0_C744,,0,3,3,close_ema_3_daily_volatility_5_daily >= 2.1517313552241197 AND close_ema_3_daily_range_5_pct >= 4.683096254230115 AND close_ema_13_daily_volatility_5_daily >= 0.6665343015434868,336,116,220,34.523809523809526,16.895715440582055,17.62809408322747,27.162489894907033,311.68648945512064,0,11,0.8486730129944207,285.15413236612534,-12.931024875082281,17.175581052420334,,,,,,,,,,
LLOYDSENGG_MINED_BASE_G0_C745,,0,3,3,close_to_close_ema_3_daily_difference_pct >= 3.6112616349206315 AND close_ema_8_daily_volatility_5_daily >= 0.8645495401600428 AND close_ema_3_daily_volatility_5_daily >= 1.8141316287340417,113,61,52,53.98230088495575,16.895715440582055,37.086585444373696,9.135004042037187,311.6420909504013,0,2.6,2.2697212428443065,256.47850044140665,-12.931024875082281,19.9218788136996,,,,,,,,,,
LLOYDSENGG_MINED_BASE_G0_C746,,0,3,3,close_ema_3_daily_slope_pct >= 3.7465597082957087 AND close_ema_8_daily_volatility_5_daily >= 0.8645495401600428 AND close_ema_3_daily_volatility_5_daily >= 1.8141316287340417,113,61,52,53.98230088495575,16.895715440582055,37.086585444373696,9.135004042037187,311.6420909504013,0,2.6,2.2697212428443065,256.47850044140665,-12.931024875082281,19.9218788136996,,,,,,,,,,
LLOYDSENGG_MINED_BASE_G0_C747,,0,3,3,close_to_close_ema_3_daily_difference_pct >= 3.6112616349206315 AND close_ema_8_daily_volatility_5_daily >= 0.8645495401600428 AND close_ema_13_daily_volatility_5_daily >= 0.6665343015434868,113,61,52,53.98230088495575,16.895715440582055,37.086585444373696,9.135004042037187,311.54501178527346,0,2.6,2.2373615211350173,252.82185188825693,-12.931024875082281,19.9218788136996,,,,,,,,,,
LLOYDSENGG_MINED_BASE_G0_C748,,0,3,3,close_ema_3_daily_slope_pct >= 3.7465597082957087 AND close_ema_8_daily_volatility_5_daily >= 0.8645495401600428 AND close_ema_13_daily_volatility_5_daily >= 0.6665343015434868,113,61,52,53.98230088495575,16.895715440582055,37.086585444373696,9.135004042037187,311.54501178527346,0,2.6,2.2373615211350173,252.82185188825693,-12.931024875082281,19.9218788136996,,,,,,,,,,
LLOYDSENGG_MINED_BASE_G0_C749,,0,3,3,close_ema_3_daily_slope_pct >= 2.1777186239842106 AND close_ema_3_daily_range_5_pct >= 4.683096254230115 AND close_ema_8_daily_volatility_5_daily >= 1.2672772609808338,147,73,74,49.65986394557823,16.895715440582055,32.76414850499617,11.883589329021827,311.5266246611635,0,3.7,1.8019607120608758,264.88822467294875,-12.931024875082281,19.9218788136996,,,,,,,,,,
LLOYDSENGG_MINED_BASE_G0_C750,,0,2,2,close_to_close_ema_3_daily_difference_pct >= 3.6112616349206315 AND close_ema_8_daily_range_5_pct >= 3.117710901412895,113,61,52,53.98230088495575,16.895715440582055,37.086585444373696,9.135004042037187,311.38336365126594,0,2.6,2.1834788097991686,246.73310550730608,-12.931024875082281,19.9218788136996,,,,,,,,,,
LLOYDSENGG_MINED_BASE_G0_C751,,0,2,2,close_ema_3_daily_slope_pct >= 3.7465597082957087 AND close_ema_8_daily_range_5_pct >= 3.117710901412895,113,61,52,53.98230088495575,16.895715440582055,37.086585444373696,9.135004042037187,311.38336365126594,0,2.6,2.1834788097991686,246.73310550730608,-12.931024875082281,19.9218788136996,,,,,,,,,,
LLOYDSENGG_MINED_BASE_G0_C752,,0,3,3,close_ema_3_daily_slope_pct >= 2.1777186239842106 AND close_to_close_ema_3_daily_difference_pct >= 3.6112616349206315 AND close_ema_8_daily_range_5_pct >= 3.117710901412895,113,61,52,53.98230088495575,16.895715440582055,37.086585444373696,9.135004042037187,311.38336365126594,0,2.6,2.1834788097991686,246.73310550730608,-12.931024875082281,19.9218788136996,,,,,,,,,,
LLOYDSENGG_MINED_BASE_G0_C753,,0,3,3,close_to_close_ema_3_daily_difference_pct >= 2.1306145320817853 AND close_ema_3_daily_slope_pct >= 3.7465597082957087 AND close_ema_8_daily_range_5_pct >= 3.117710901412895,113,61,52,53.98230088495575,16.895715440582055,37.086585444373696,9.135004042037187,311.38336365126594,0,2.6,2.1834788097991686,246.73310550730608,-12.931024875082281,19.9218788136996,,,,,,,,,,
LLOYDSENGG_MINED_BASE_G0_C754,,0,3,3,close_ema_3_daily_range_5_pct >= 4.683096254230115 AND close_to_close_ema_3_daily_difference_pct >= 3.6112616349206315 AND close_ema_8_daily_range_5_pct >= 3.117710901412895,113,61,52,53.98230088495575,16.895715440582055,37.086585444373696,9.135004042037187,311.38336365126594,0,2.6,2.1834788097991686,246.73310550730608,-12.931024875082281,19.9218788136996,,,,,,,,,,
LLOYDSENGG_MINED_BASE_G0_C755,,0,3,3,close_ema_3_daily_range_5_pct >= 4.683096254230115 AND close_ema_3_daily_slope_pct >= 3.7465597082957087 AND close_ema_8_daily_range_5_pct >= 3.117710901412895,113,61,52,53.98230088495575,16.895715440582055,37.086585444373696,9.135004042037187,311.38336365126594,0,2.6,2.1834788097991686,246.73310550730608,-12.931024875082281,19.9218788136996,,,,,,,,,,
LLOYDSENGG_MINED_BASE_G0_C756,,0,3,3,close_to_close_ema_3_daily_difference_pct >= 3.6112616349206315 AND close_ema_3_daily_slope_pct >= 3.7465597082957087 AND close_ema_8_daily_range_5_pct >= 3.117710901412895,113,61,52,53.98230088495575,16.895715440582055,37.086585444373696,9.135004042037187,311.38336365126594,0,2.6,2.1834788097991686,246.73310550730608,-12.931024875082281,19.9218788136996,,,,,,,,,,
LLOYDSENGG_MINED_BASE_G0_C757,,0,3,3,close_to_close_ema_3_daily_difference_pct >= 3.6112616349206315 AND close_ema_8_daily_range_5_pct >= 3.117710901412895 AND close_ema_3_daily_slope_pct >= 1.1401997467767693,113,61,52,53.98230088495575,16.895715440582055,37.086585444373696,9.135004042037187,311.38336365126594,0,2.6,2.1834788097991686,246.73310550730608,-12.931024875082281,19.9218788136996,,,,,,,,,,
LLOYDSENGG_MINED_BASE_G0_C758,,0,3,3,close_to_close_ema_3_daily_difference_pct >= 3.6112616349206315 AND close_ema_8_daily_range_5_pct >= 3.117710901412895 AND close_ema_3_daily_slope_pct >= 0.3776715879064552,113,61,52,53.98230088495575,16.895715440582055,37.086585444373696,9.135004042037187,311.38336365126594,0,2.6,2.1834788097991686,246.73310550730608,-12.931024875082281,19.9218788136996,,,,,,,,,,
LLOYDSENGG_MINED_BASE_G0_C759,,0,3,3,close_ema_3_daily_slope_pct >= 3.7465597082957087 AND close_ema_8_daily_range_5_pct >= 3.117710901412895 AND close_to_close_ema_3_daily_difference_pct >= 1.127345753351754,113,61,52,53.98230088495575,16.895715440582055,37.086585444373696,9.135004042037187,311.38336365126594,0,2.6,2.1834788097991686,246.73310550730608,-12.931024875082281,19.9218788136996,,,,,,,,,,
LLOYDSENGG_MINED_BASE_G0_C760,,0,3,3,close_ema_3_daily_slope_pct >= 3.7465597082957087 AND close_ema_8_daily_range_5_pct >= 3.117710901412895 AND close_to_close_ema_3_daily_difference_pct >= 0.37388545459352607,113,61,52,53.98230088495575,16.895715440582055,37.086585444373696,9.135004042037187,311.38336365126594,0,2.6,2.1834788097991686,246.73310550730608,-12.931024875082281,19.9218788136996,,,,,,,,,,
LLOYDSENGG_MINED_BASE_G0_C761,,0,3,3,close_ema_3_daily_volatility_5_daily >= 1.8141316287340417 AND close_ema_3_daily_range_5_pct >= 5.878821482298 AND close_ema_8_daily_volatility_5_daily >= 1.0367159490053137,362,120,242,33.14917127071823,16.895715440582055,16.253455830136172,29.264349232012936,311.3595671104942,0,12.100000000000001,0.7307626532711318,264.5360804841497,-12.931024875082281,19.9218788136996,,,,,,,,,,
LLOYDSENGG_MINED_BASE_G0_C762,,0,3,3,close_ema_3_daily_volatility_5_daily >= 2.1517313552241197 AND close_ema_3_daily_range_5_pct >= 5.878821482298 AND close_ema_13_daily_volatility_5_daily >= 0.6665343015434868,318,113,205,35.53459119496855,16.895715440582055,18.638875754386493,25.70735650767987,311.3559215539723,0,10.25,0.8038475940132728,255.62353489622075,-12.931024875082281,17.175581052420334,,,,,,,,,,
LLOYDSENGG_MINED_BASE_G0_C763,,0,3,3,close_ema_3_daily_volatility_5_daily >= 1.8141316287340417 AND close_ema_21_daily_volatility_5_daily >= 0.5048951676587204 AND close_ema_3_daily_slope_pct >= 0.3776715879064552,237,97,140,40.92827004219409,16.895715440582055,24.032554601612038,19.15925626515764,311.2798708360341,0,7,1.372365942657975,325.2507284099401,-12.931024875082281,19.9218788136996,,,,,,,,,,
LLOYDSENGG_MINED_BASE_G0_C764,,0,3,3,close_ema_3_daily_volatility_5_daily >= 1.8141316287340417 AND close_ema_21_daily_volatility_5_daily >= 0.5048951676587204 AND close_to_close_ema_3_daily_difference_pct >= 0.37388545459352607,237,97,140,40.92827004219409,16.895715440582055,24.032554601612038,19.15925626515764,311.2798708360341,0,7,1.372365942657975,325.2507284099401,-12.931024875082281,19.9218788136996,,,,,,,,,,
LLOYDSENGG_MINED_BASE_G0_C765,,0,3,3,close_ema_8_daily_volatility_5_daily >= 0.8645495401600428 AND close_ema_21_daily_volatility_5_daily >= 0.5048951676587204 AND close_to_close_ema_3_daily_difference_pct >= 1.127345753351754,224,94,130,41.964285714285715,16.895715440582055,25.06857027370366,18.108326596604687,311.2720750345743,0,6.5,1.4764078886853471,330.71536706551774,-12.931024875082281,19.9218788136996,,,,,,,,,,
LLOYDSENGG_MINED_BASE_G0_C766,,0,3,3,close_ema_8_daily_volatility_5_daily >= 0.8645495401600428 AND close_ema_21_daily_volatility_5_daily >= 0.5048951676587204 AND close_ema_3_daily_slope_pct >= 1.1401997467767693,224,94,130,41.964285714285715,16.895715440582055,25.06857027370366,18.108326596604687,311.2720750345743,0,6.5,1.4764078886853471,330.71536706551774,-12.931024875082281,19.9218788136996,,,,,,,,,,
LLOYDSENGG_MINED_BASE_G0_C767,,0,2,2,close_ema_3_daily_volatility_5_daily >= 2.551529495595912 AND close_ema_21_daily_volatility_5_daily >= 0.5048951676587204,236,97,139,41.10169491525424,16.895715440582055,24.205979474672187,19.078415521422798,311.2682676374722,0,6.95,1.062790088037094,250.81846077675416,-12.931024875082281,17.175581052420334,,,,,,,,,,
LLOYDSENGG_MINED_BASE_G0_C768,,0,3,3,close_ema_8_daily_volatility_5_daily >= 0.8645495401600428 AND close_ema_3_daily_volatility_5_daily >= 2.551529495595912 AND close_ema_21_daily_volatility_5_daily >= 0.5048951676587204,236,97,139,41.10169491525424,16.895715440582055,24.205979474672187,19.078415521422798,311.2682676374722,0,6.95,1.062790088037094,250.81846077675416,-12.931024875082281,17.175581052420334,,,,,,,,,,
LLOYDSENGG_MINED_BASE_G0_C769,,0,2,2,close_ema_3_daily_volatility_5_daily >= 2.551529495595912 AND close_ema_3_daily_slope_pct >= 0.3776715879064552,160,77,83,48.125,16.895715440582055,31.229284559417945,12.934518997574779,311.2426234484022,0,4.15,1.7487335504374912,279.7973680699986,-12.931024875082281,10.000015661015443,,,,,,,,,,
LLOYDSENGG_MINED_BASE_G0_C770,,0,2,2,close_ema_3_daily_volatility_5_daily >= 2.551529495595912 AND close_to_close_ema_3_daily_difference_pct >= 0.37388545459352607,160,77,83,48.125,16.895715440582055,31.229284559417945,12.934518997574779,311.2426234484022,0,4.15,1.7487335504374912,279.7973680699986,-12.931024875082281,10.000015661015443,,,,,,,,,,
LLOYDSENGG_MINED_BASE_G0_C771,,0,3,3,close_ema_8_daily_volatility_5_daily >= 0.8645495401600428 AND close_ema_3_daily_volatility_5_daily >= 2.551529495595912 AND close_ema_3_daily_slope_pct >= 0.3776715879064552,160,77,83,48.125,16.895715440582055,31.229284559417945,12.934518997574779,311.2426234484022,0,4.15,1.7487335504374912,279.7973680699986,-12.931024875082281,10.000015661015443,,,,,,,,,,
LLOYDSENGG_MINED_BASE_G0_C772,,0,3,3,close_ema_8_daily_volatility_5_daily >= 0.8645495401600428 AND close_ema_3_daily_volatility_5_daily >= 2.551529495595912 AND close_to_close_ema_3_daily_difference_pct >= 0.37388545459352607,160,77,83,48.125,16.895715440582055,31.229284559417945,12.934518997574779,311.2426234484022,0,4.15,1.7487335504374912,279.7973680699986,-12.931024875082281,10.000015661015443,,,,,,,,,,
LLOYDSENGG_MINED_BASE_G0_C773,,0,3,3,close_ema_3_daily_volatility_5_daily >= 2.551529495595912 AND close_ema_3_daily_slope_pct >= 0.3776715879064552 AND close_to_close_ema_3_daily_difference_pct >= 0.37388545459352607,160,77,83,48.125,16.895715440582055,31.229284559417945,12.934518997574779,311.2426234484022,0,4.15,1.7487335504374912,279.7973680699986,-12.931024875082281,10.000015661015443,,,,,,,,,,
LLOYDSENGG_MINED_BASE_G0_C774,,0,3,3,close_ema_3_daily_slope_pct >= 2.1777186239842106 AND close_ema_3_daily_range_5_pct >= 4.683096254230115 AND close_ema_8_daily_volatility_5_daily >= 0.8645495401600428,192,86,106,44.79166666666667,16.895715440582055,27.895951226084616,15.521422797089734,311.2104345797688,0,5.300000000000001,1.6768928164485661,321.9634207581247,-12.931024875082281,19.9218788136996,,,,,,,,,,
LLOYDSENGG_MINED_BASE_G0_C775,,0,3,3,close_to_close_ema_3_daily_difference_pct >= 2.1306145320817853 AND close_ema_3_daily_volatility_5_daily >= 1.8141316287340417 AND close_ema_8_daily_range_5_pct >= 3.117710901412895,181,83,98,45.85635359116022,16.895715440582055,28.960638150578166,14.632174616006468,311.04357670855217,0,4.9,1.7134619852204316,310.1366193248981,-12.931024875082281,19.9218788136996,,,,,,,,,,
LLOYDSENGG_MINED_BASE_G0_C776,,0,3,3,close_ema_3_daily_volatility_5_daily >= 2.1517313552241197 AND close_ema_3_daily_range_5_pct >= 4.683096254230115 AND close_ema_8_daily_volatility_5_daily >= 1.2672772609808338,296,109,187,36.82432432432432,16.895715440582055,19.928608883742267,23.92886014551334,311.00969149394035,0,9.35,0.9055490250763498,268.04251142259955,-12.931024875082281,17.175581052420334,,,,,,,,,,
LLOYDSENGG_MINED_BASE_G0_C777,,0,3,3,close_ema_3_daily_volatility_5_daily >= 2.1517313552241197 AND close_ema_3_daily_range_5_pct >= 5.878821482298 AND close_ema_13_daily_volatility_5_daily >= 0.8014195041727374,296,109,187,36.82432432432432,16.895715440582055,19.928608883742267,23.92886014551334,310.80321812856266,0,9.35,0.83672456995046,247.67047270533615,-12.931024875082281,17.175581052420334,,,,,,,,,,
LLOYDSENGG_MINED_BASE_G0_C778,,0,3,3,close_ema_3_daily_range_5_pct >= 5.878821482298 AND close_ema_21_daily_volatility_5_daily >= 0.5048951676587204 AND close_ema_8_daily_volatility_5_daily >= 1.0367159490053137,350,118,232,33.714285714285715,16.895715440582055,16.81857027370366,28.294260307194826,310.75854643830166,0,11.600000000000001,0.7552316899277997,264.3310914747299,-12.931024875082281,19.9218788136996,,,,,,,,,,
LLOYDSENGG_MINED_BASE_G0_C779,,0,3,3,close_ema_3_daily_volatility_5_daily >= 1.8141316287340417 AND close_ema_21_daily_volatility_5_daily >= 0.5048951676587204 AND close_ema_13_daily_volatility_5_daily >= 0.8014195041727374,363,120,243,33.057851239669425,16.895715440582055,16.16213579908737,29.345189975747775,310.75681767096665,0,12.15,0.6987128918432722,253.63277973910783,-12.931024875082281,19.9218788136996,,,,,,,,,,
LLOYDSENGG_MINED_BASE_G0_C780,,0,3,3,close_ema_21_daily_volatility_5_daily >= 0.5048951676587204 AND close_ema_8_daily_volatility_5_daily >= 1.0367159490053137 AND close_to_close_ema_3_daily_difference_pct >= 1.127345753351754,208,90,118,43.269230769230774,16.895715440582055,26.37351532864872,16.814874696847212,310.65195206228054,0,5.9,1.561458473012317,324.783362386562,-12.931024875082281,19.9218788136996,,,,,,,,,,
LLOYDSENGG_MINED_BASE_G0_C781,,0,3,3,close_ema_21_daily_volatility_5_daily >= 0.5048951676587204 AND close_ema_8_daily_volatility_5_daily >= 1.0367159490053137 AND close_ema_3_daily_slope_pct >= 1.1401997467767693,208,90,118,43.269230769230774,16.895715440582055,26.37351532864872,16.814874696847212,310.65195206228054,0,5.9,1.561458473012317,324.783362386562,-12.931024875082281,19.9218788136996,,,,,,,,,,
LLOYDSENGG_MINED_BASE_G0_C782,,0,3,3,close_ema_3_daily_range_5_pct >= 4.683096254230115 AND close_ema_8_daily_range_5_pct >= 3.117710901412895 AND close_ema_21_daily_range_5_pct >= 6.280967301429598,110,60,50,54.54545454545454,16.895715440582055,37.64973910487248,8.89248181083266,310.64061930693947,0,2.5,1.6306412608590226,179.3705386944925,-9.254259760270903,10.000014739437525,,,,,,,,,,
LLOYDSENGG_MINED_BASE_G0_C783,,0,3,3,close_ema_8_daily_range_5_pct >= 3.117710901412895 AND close_ema_3_daily_range_5_pct >= 5.878821482298 AND close_ema_21_daily_range_5_pct >= 6.280967301429598,110,60,50,54.54545454545454,16.895715440582055,37.64973910487248,8.89248181083266,310.64061930693947,0,2.5,1.6306412608590226,179.3705386944925,-9.254259760270903,10.000014739437525,,,,,,,,,,
LLOYDSENGG_MINED_BASE_G0_C784,,0,3,3,close_ema_3_daily_slope_pct >= 2.1777186239842106 AND close_ema_8_daily_volatility_5_daily >= 0.8645495401600428 AND close_ema_3_daily_range_5_pct >= 7.091176553732353,164,78,86,47.5609756097561,16.895715440582055,30.665260169174044,13.257881972514147,310.62327731666204,0,4.3,1.8656588235972769,305.9680470699534,-12.931024875082281,19.9218788136996,,,,,,,,,,
LLOYDSENGG_MINED_BASE_G0_C785,,0,3,3,close_ema_3_daily_volatility_5_daily >= 2.1517313552241197 AND close_ema_3_daily_slope_pct >= 2.1777186239842106 AND close_ema_3_daily_range_5_pct >= 4.683096254230115,167,79,88,47.30538922155689,16.895715440582055,30.40967378097483,13.500404203718674,310.62171941871947,0,4.4,1.657783504615088,276.8498452707197,-12.931024875082281,10.000015661015443,,,,,,,,,,
LLOYDSENGG_MINED_BASE_G0_C786,,0,3,3,close_ema_3_daily_volatility_5_daily >= 1.4807591382075385 AND close_ema_8_daily_range_5_pct >= 3.117710901412895 AND close_ema_21_daily_range_5_pct >= 6.280967301429598,118,63,55,53.38983050847458,16.895715440582055,36.49411506789252,9.539207760711399,310.5197555552713,0,2.75,1.5997267386028982,188.76775515514197,-9.254259760270903,10.000014739437525,,,,,,,,,,
LLOYDSENGG_MINED_BASE_G0_C787,,0,3,3,close_ema_3_daily_volatility_5_daily >= 2.1517313552241197 AND close_ema_3_daily_slope_pct >= 2.1777186239842106 AND close_ema_3_daily_range_5_pct >= 5.878821482298,157,76,81,48.40764331210191,16.895715440582055,31.511927871519855,12.69199676637025,310.5046968718064,0,4.05,1.6650191714023845,261.40800991017437,-12.931024875082281,10.000015661015443,,,,,,,,,,
LLOYDSENGG_MINED_BASE_G0_C788,,0,3,3,close_ema_3_daily_slope_pct >= 2.1777186239842106 AND close_ema_3_daily_volatility_5_daily >= 1.4807591382075385 AND close_ema_13_daily_volatility_5_daily >= 0.6665343015434868,189,85,104,44.97354497354497,16.895715440582055,28.077829532962912,15.278900565885206,310.2331072200862,0,5.2,1.6813198517571992,317.76945198211064,-12.931024875082281,19.9218788136996,,,,,,,,,,
LLOYDSENGG_MINED_BASE_G0_C789,,0,3,3,close_ema_3_daily_volatility_5_daily >= 1.8141316287340417 AND close_ema_8_daily_volatility_5_daily >= 1.0367159490053137 AND close_ema_13_daily_volatility_5_daily >= 0.6665343015434868,400,125,275,31.25,16.895715440582055,14.354284559417945,32.33629749393695,310.1970625700358,0,13.75,0.7252132576486982,290.08530305947926,-12.931024875082281,19.9218788136996,,,,,,,,,,
LLOYDSENGG_MINED_BASE_G0_C790,,0,2,2,close_ema_3_daily_volatility_5_daily >= 2.1517313552241197 AND close_to_close_ema_3_daily_difference_pct >= 3.6112616349206315,103,57,46,55.33980582524271,16.895715440582055,38.444090384660655,8.326596604688763,310.08411946703643,0,2.3000000000000003,2.054555847911059,211.61925233483905,-12.931024875082281,10.000015661015443,,,,,,,,,,
LLOYDSENGG_MINED_BASE_G0_C791,,0,2,2,close_ema_3_daily_volatility_5_daily >= 2.1517313552241197 AND close_ema_3_daily_slope_pct >= 3.7465597082957087,103,57,46,55.33980582524271,16.895715440582055,38.444090384660655,8.326596604688763,310.08411946703643,0,2.3000000000000003,2.054555847911059,211.61925233483905,-12.931024875082281,10.000015661015443,,,,,,,,,,
LLOYDSENGG_MINED_BASE_G0_C792,,0,3,3,close_ema_3_daily_volatility_5_daily >= 2.1517313552241197 AND close_ema_3_daily_slope_pct >= 2.1777186239842106 AND close_to_close_ema_3_daily_difference_pct >= 3.6112616349206315,103,57,46,55.33980582524271,16.895715440582055,38.444090384660655,8.326596604688763,310.08411946703643,0,2.3000000000000003,2.054555847911059,211.61925233483905,-12.931024875082281,10.000015661015443,,,,,,,,,,
LLOYDSENGG_MINED_BASE_G0_C793,,0,3,3,close_ema_3_daily_volatility_5_daily >= 2.1517313552241197 AND close_to_close_ema_3_daily_difference_pct >= 2.1306145320817853 AND close_ema_3_daily_slope_pct >= 3.7465597082957087,103,57,46,55.33980582524271,16.895715440582055,38.444090384660655,8.326596604688763,310.08411946703643,0,2.3000000000000003,2.054555847911059,211.61925233483905,-12.931024875082281,10.000015661015443,,,,,,,,,,
LLOYDSENGG_MINED_BASE_G0_C794,,0,3,3,close_ema_3_daily_volatility_5_daily >= 2.1517313552241197 AND close_ema_3_daily_range_5_pct >= 4.683096254230115 AND close_to_close_ema_3_daily_difference_pct >= 3.6112616349206315,103,57,46,55.33980582524271,16.895715440582055,38.444090384660655,8.326596604688763,310.08411946703643,0,2.3000000000000003,2.054555847911059,211.61925233483905,-12.931024875082281,10.000015661015443,,,,,,,,,,
LLOYDSENGG_MINED_BASE_G0_C795,,0,3,3,close_ema_3_daily_volatility_5_daily >= 2.1517313552241197 AND close_ema_3_daily_range_5_pct >= 4.683096254230115 AND close_ema_3_daily_slope_pct >= 3.7465597082957087,103,57,46,55.33980582524271,16.895715440582055,38.444090384660655,8.326596604688763,310.08411946703643,0,2.3000000000000003,2.054555847911059,211.61925233483905,-12.931024875082281,10.000015661015443,,,,,,,,,,
LLOYDSENGG_MINED_BASE_G0_C796,,0,3,3,close_ema_3_daily_volatility_5_daily >= 2.1517313552241197 AND close_to_close_ema_3_daily_difference_pct >= 3.6112616349206315 AND close_ema_3_daily_slope_pct >= 3.7465597082957087,103,57,46,55.33980582524271,16.895715440582055,38.444090384660655,8.326596604688763,310.08411946703643,0,2.3000000000000003,2.054555847911059,211.61925233483905,-12.931024875082281,10.000015661015443,,,,,,,,,,
LLOYDSENGG_MINED_BASE_G0_C797,,0,3,3,close_ema_3_daily_volatility_5_daily >= 2.1517313552241197 AND close_to_close_ema_3_daily_difference_pct >= 3.6112616349206315 AND close_ema_8_daily_volatility_5_daily >= 0.8645495401600428,103,57,46,55.33980582524271,16.895715440582055,38.444090384660655,8.326596604688763,310.08411946703643,0,2.3000000000000003,2.054555847911059,211.61925233483905,-12.931024875082281,10.000015661015443,,,,,,,,,,
LLOYDSENGG_MINED_BASE_G0_C798,,0,3,3,close_ema_3_daily_volatility_5_daily >= 2.1517313552241197 AND close_to_close_ema_3_daily_difference_pct >= 3.6112616349206315 AND close_ema_3_daily_slope_pct >= 1.1401997467767693,103,57,46,55.33980582524271,16.895715440582055,38.444090384660655,8.326596604688763,310.08411946703643,0,2.3000000000000003,2.054555847911059,211.61925233483905,-12.931024875082281,10.000015661015443,,,,,,,,,,
LLOYDSENGG_MINED_BASE_G0_C799,,0,3,3,close_ema_3_daily_volatility_5_daily >= 2.1517313552241197 AND close_to_close_ema_3_daily_difference_pct >= 3.6112616349206315 AND close_ema_13_daily_volatility_5_daily >= 0.6665343015434868,103,57,46,55.33980582524271,16.895715440582055,38.444090384660655,8.326596604688763,310.08411946703643,0,2.3000000000000003,2.054555847911059,211.61925233483905,-12.931024875082281,10.000015661015443,,,,,,,,,,
LLOYDSENGG_MINED_BASE_G0_C800,,0,3,3,close_ema_3_daily_volatility_5_daily >= 2.1517313552241197 AND close_to_close_ema_3_daily_difference_pct >= 3.6112616349206315 AND close_ema_3_daily_slope_pct >= 0.3776715879064552,103,57,46,55.33980582524271,16.895715440582055,38.444090384660655,8.326596604688763,310.08411946703643,0,2.3000000000000003,2.054555847911059,211.61925233483905,-12.931024875082281,10.000015661015443,,,,,,,,,,
LLOYDSENGG_MINED_BASE_G0_C801,,0,3,3,close_ema_3_daily_volatility_5_daily >= 2.1517313552241197 AND close_ema_3_daily_slope_pct >= 3.7465597082957087 AND close_ema_8_daily_volatility_5_daily >= 0.8645495401600428,103,57,46,55.33980582524271,16.895715440582055,38.444090384660655,8.326596604688763,310.08411946703643,0,2.3000000000000003,2.054555847911059,211.61925233483905,-12.931024875082281,10.000015661015443,,,,,,,,,,
LLOYDSENGG_MINED_BASE_G0_C802,,0,3,3,close_ema_3_daily_volatility_5_daily >= 2.1517313552241197 AND close_ema_3_daily_slope_pct >= 3.7465597082957087 AND close_to_close_ema_3_daily_difference_pct >= 1.127345753351754,103,57,46,55.33980582524271,16.895715440582055,38.444090384660655,8.326596604688763,310.08411946703643,0,2.3000000000000003,2.054555847911059,211.61925233483905,-12.931024875082281,10.000015661015443,,,,,,,,,,
LLOYDSENGG_MINED_BASE_G0_C803,,0,3,3,close_ema_3_daily_volatility_5_daily >= 2.1517313552241197 AND close_ema_3_daily_slope_pct >= 3.7465597082957087 AND close_ema_13_daily_volatility_5_daily >= 0.6665343015434868,103,57,46,55.33980582524271,16.895715440582055,38.444090384660655,8.326596604688763,310.08411946703643,0,2.3000000000000003,2.054555847911059,211.61925233483905,-12.931024875082281,10.000015661015443,,,,,,,,,,
LLOYDSENGG_MINED_BASE_G0_C804,,0,3,3,close_ema_3_daily_volatility_5_daily >= 2.1517313552241197 AND close_ema_3_daily_slope_pct >= 3.7465597082957087 AND close_to_close_ema_3_daily_difference_pct >= 0.37388545459352607,103,57,46,55.33980582524271,16.895715440582055,38.444090384660655,8.326596604688763,310.08411946703643,0,2.3000000000000003,2.054555847911059,211.61925233483905,-12.931024875082281,10.000015661015443,,,,,,,,,,
LLOYDSENGG_MINED_BASE_G0_C805,,0,3,3,close_ema_3_daily_volatility_5_daily >= 1.8141316287340417 AND close_ema_8_daily_range_5_pct >= 3.117710901412895 AND close_ema_8_daily_volatility_5_daily >= 1.0367159490053137,386,123,263,31.865284974093267,16.895715440582055,14.969569533511212,31.204527081649154,310.0334430704398,0,13.15,0.7785318009612353,300.5132751710368,-12.931024875082281,19.9218788136996,,,,,,,,,,
LLOYDSENGG_MINED_BASE_G0_C806,,0,2,2,close_ema_3_daily_volatility_5_daily >= 2.551529495595912 AND close_ema_21_daily_range_5_pct >= 6.280967301429598,105,58,47,55.23809523809524,16.895715440582055,38.34237979751319,8.488278092158447,310.02291475715924,0,2.35,1.5536719231977618,163.135551935765,-9.254259760270903,10.000014739437525,,,,,,,,,,
LLOYDSENGG_MINED_BASE_G0_C807,,0,3,3,close_ema_8_daily_volatility_5_daily >= 0.8645495401600428 AND close_ema_3_daily_volatility_5_daily >= 2.551529495595912 AND close_ema_21_daily_range_5_pct >= 6.280967301429598,105,58,47,55.23809523809524,16.895715440582055,38.34237979751319,8.488278092158447,310.02291475715924,0,2.35,1.5536719231977618,163.135551935765,-9.254259760270903,10.000014739437525,,,,,,,,,,
LLOYDSENGG_MINED_BASE_G0_C808,,0,3,3,close_ema_3_daily_volatility_5_daily >= 2.551529495595912 AND close_ema_21_daily_range_5_pct >= 6.280967301429598 AND close_ema_21_daily_volatility_5_daily >= 0.5048951676587204,105,58,47,55.23809523809524,16.895715440582055,38.34237979751319,8.488278092158447,310.02291475715924,0,2.35,1.5536719231977618,163.135551935765,-9.254259760270903,10.000014739437525,,,,,,,,,,
LLOYDSENGG_MINED_BASE_G0_C809,,0,3,3,close_ema_3_daily_volatility_5_daily >= 2.551529495595912 AND close_ema_21_daily_range_5_pct >= 6.280967301429598 AND close_ema_8_daily_volatility_5_daily >= 1.0367159490053137,105,58,47,55.23809523809524,16.895715440582055,38.34237979751319,8.488278092158447,310.02291475715924,0,2.35,1.5536719231977618,163.135551935765,-9.254259760270903,10.000014739437525,,,,,,,,,,
LLOYDSENGG_MINED_BASE_G0_C810,,0,3,3,close_ema_3_daily_volatility_5_daily >= 2.551529495595912 AND close_ema_21_daily_range_5_pct >= 6.280967301429598 AND close_ema_8_daily_volatility_5_daily >= 1.2672772609808338,105,58,47,55.23809523809524,16.895715440582055,38.34237979751319,8.488278092158447,310.02291475715924,0,2.35,1.5536719231977618,163.135551935765,-9.254259760270903,10.000014739437525,,,,,,,,,,
LLOYDSENGG_MINED_BASE_G0_C811,,0,3,3,close_ema_3_daily_volatility_5_daily >= 2.551529495595912 AND close_ema_21_daily_range_5_pct >= 6.280967301429598 AND close_ema_13_daily_volatility_5_daily >= 0.6665343015434868,105,58,47,55.23809523809524,16.895715440582055,38.34237979751319,8.488278092158447,310.02291475715924,0,2.35,1.5536719231977618,163.135551935765,-9.254259760270903,10.000014739437525,,,,,,,,,,
LLOYDSENGG_MINED_BASE_G0_C812,,0,3,3,close_ema_3_daily_volatility_5_daily >= 2.551529495595912 AND close_ema_21_daily_range_5_pct >= 6.280967301429598 AND close_ema_13_daily_volatility_5_daily >= 0.8014195041727374,105,58,47,55.23809523809524,16.895715440582055,38.34237979751319,8.488278092158447,310.02291475715924,0,2.35,1.5536719231977618,163.135551935765,-9.254259760270903,10.000014739437525,,,,,,,,,,
LLOYDSENGG_MINED_BASE_G0_C813,,0,3,3,close_to_close_ema_3_daily_difference_pct >= 3.6112616349206315 AND close_ema_3_daily_volatility_5_daily >= 1.8141316287340417 AND close_ema_13_daily_volatility_5_daily >= 0.6665343015434868,111,60,51,54.054054054054056,16.895715440582055,37.158338613472,8.973322554567503,310.0135997656166,0,2.5500000000000003,2.2573022327522234,250.5605478354968,-12.931024875082281,19.9218788136996,,,,,,,,,,
LLOYDSENGG_MINED_BASE_G0_C814,,0,3,3,close_ema_3_daily_slope_pct >= 3.7465597082957087 AND close_ema_3_daily_volatility_5_daily >= 1.8141316287340417 AND close_ema_13_daily_volatility_5_daily >= 0.6665343015434868,111,60,51,54.054054054054056,16.895715440582055,37.158338613472,8.973322554567503,310.0135997656166,0,2.5500000000000003,2.2573022327522234,250.5605478354968,-12.931024875082281,19.9218788136996,,,,,,,,,,
LLOYDSENGG_MINED_BASE_G0_C815,,0,3,3,close_to_close_ema_3_daily_difference_pct >= 2.1306145320817853 AND close_ema_3_daily_range_5_pct >= 4.683096254230115 AND close_ema_8_daily_volatility_5_daily >= 0.8645495401600428,193,86,107,44.559585492227974,16.895715440582055,27.66387005164592,15.602263540824577,309.9753183738787,0,5.3500000000000005,1.6686560385496987,322.05061544009186,-12.931024875082281,19.9218788136996,,,,,,,,,,
LLOYDSENGG_MINED_BASE_G0_C816,,0,3,3,close_ema_3_daily_range_5_pct >= 4.683096254230115 AND close_ema_3_daily_volatility_5_daily >= 1.8141316287340417 AND close_ema_13_daily_volatility_5_daily >= 0.8014195041727374,345,117,228,33.91304347826087,16.895715440582055,17.017328037678812,27.89005658852061,309.9611911714599,0,11.4,0.758183661021932,261.57336305256655,-12.931024875082281,19.9218788136996,,,,,,,,,,
LLOYDSENGG_MINED_BASE_G0_C817,,0,2,2,close_ema_3_daily_range_5_pct >= 4.683096254230115 AND close_ema_8_daily_range_5_pct >= 3.117710901412895,502,137,365,27.290836653386453,16.895715440582055,10.395121212804398,40.58205335489086,309.92147135651874,0,18.25,0.7319550974989278,367.4414589444618,-12.931024875082281,19.9218788136996,,,,,,,,,,
LLOYDSENGG_MINED_BASE_G0_C818,,0,3,3,close_ema_3_daily_volatility_5_daily >= 2.1517313552241197 AND close_ema_3_daily_range_5_pct >= 4.683096254230115 AND close_ema_8_daily_range_5_pct >= 3.117710901412895,333,115,218,34.53453453453454,16.895715440582055,17.63881909395248,26.919967663702504,309.8348230532134,0,10.9,0.8469091944836804,282.0207617630656,-12.931024875082281,17.175581052420334,,,,,,,,,,
LLOYDSENGG_MINED_BASE_G0_C819,,0,3,3,close_to_close_ema_3_daily_difference_pct >= 2.1306145320817853 AND close_ema_3_daily_range_5_pct >= 4.683096254230115 AND close_ema_8_daily_volatility_5_daily >= 1.2672772609808338,148,73,75,49.32432432432432,16.895715440582055,32.42860888374227,11.96443007275667,309.76416778401375,0,3.75,1.7903744551007832,264.9754193549159,-12.931024875082281,19.9218788136996,,,,,,,,,,
LLOYDSENGG_MINED_BASE_G0_C820,,0,3,3,close_ema_3_daily_volatility_5_daily >= 2.551529495595912 AND close_ema_3_daily_range_5_pct >= 7.091176553732353 AND close_to_close_ema_3_daily_difference_pct >= 1.127345753351754,139,70,69,50.35971223021583,16.895715440582055,33.46399678963377,11.236863379143088,309.7333144837767,0,3.45,1.9544435118692882,271.66764814983105,-12.931024875082281,10.000015661015443,,,,,,,,,,
LLOYDSENGG_MINED_BASE_G0_C821,,0,3,3,close_ema_3_daily_volatility_5_daily >= 2.551529495595912 AND close_ema_3_daily_range_5_pct >= 7.091176553732353 AND close_ema_3_daily_slope_pct >= 1.1401997467767693,139,70,69,50.35971223021583,16.895715440582055,33.46399678963377,11.236863379143088,309.7333144837767,0,3.45,1.9544435118692882,271.66764814983105,-12.931024875082281,10.000015661015443,,,,,,,,,,
LLOYDSENGG_MINED_BASE_G0_C822,,0,2,2,close_ema_3_daily_range_5_pct >= 4.683096254230115 AND close_to_close_ema_3_daily_difference_pct >= 3.6112616349206315,122,64,58,52.459016393442624,16.895715440582055,35.56330095286057,9.862570735650769,309.7248252454206,0,2.9000000000000004,2.2694401603725796,276.8716995654547,-12.931024875082281,19.9218788136996,,,,,,,,,,
LLOYDSENGG_MINED_BASE_G0_C823,,0,2,2,close_ema_3_daily_range_5_pct >= 4.683096254230115 AND close_ema_3_daily_slope_pct >= 3.7465597082957087,122,64,58,52.459016393442624,16.895715440582055,35.56330095286057,9.862570735650769,309.7248252454206,0,2.9000000000000004,2.2694401603725796,276.8716995654547,-12.931024875082281,19.9218788136996,,,,,,,,,,
LLOYDSENGG_MINED_BASE_G0_C824,,0,3,3,close_ema_3_daily_slope_pct >= 2.1777186239842106 AND close_ema_3_daily_range_5_pct >= 4.683096254230115 AND close_to_close_ema_3_daily_difference_pct >= 3.6112616349206315,122,64,58,52.459016393442624,16.895715440582055,35.56330095286057,9.862570735650769,309.7248252454206,0,2.9000000000000004,2.2694401603725796,276.8716995654547,-12.931024875082281,19.9218788136996,,,,,,,,,,
LLOYDSENGG_MINED_BASE_G0_C825,,0,3,3,close_to_close_ema_3_daily_difference_pct >= 2.1306145320817853 AND close_ema_3_daily_range_5_pct >= 4.683096254230115 AND close_ema_3_daily_slope_pct >= 3.7465597082957087,122,64,58,52.459016393442624,16.895715440582055,35.56330095286057,9.862570735650769,309.7248252454206,0,2.9000000000000004,2.2694401603725796,276.8716995654547,-12.931024875082281,19.9218788136996,,,,,,,,,,
LLOYDSENGG_MINED_BASE_G0_C826,,0,3,3,close_ema_3_daily_range_5_pct >= 4.683096254230115 AND close_to_close_ema_3_daily_difference_pct >= 3.6112616349206315 AND close_ema_3_daily_slope_pct >= 3.7465597082957087,122,64,58,52.459016393442624,16.895715440582055,35.56330095286057,9.862570735650769,309.7248252454206,0,2.9000000000000004,2.2694401603725796,276.8716995654547,-12.931024875082281,19.9218788136996,,,,,,,,,,
LLOYDSENGG_MINED_BASE_G0_C827,,0,3,3,close_ema_3_daily_range_5_pct >= 4.683096254230115 AND close_to_close_ema_3_daily_difference_pct >= 3.6112616349206315 AND close_ema_3_daily_slope_pct >= 1.1401997467767693,122,64,58,52.459016393442624,16.895715440582055,35.56330095286057,9.862570735650769,309.7248252454206,0,2.9000000000000004,2.2694401603725796,276.8716995654547,-12.931024875082281,19.9218788136996,,,,,,,,,,
LLOYDSENGG_MINED_BASE_G0_C828,,0,3,3,close_ema_3_daily_range_5_pct >= 4.683096254230115 AND close_to_close_ema_3_daily_difference_pct >= 3.6112616349206315 AND close_ema_3_daily_slope_pct >= 0.3776715879064552,122,64,58,52.459016393442624,16.895715440582055,35.56330095286057,9.862570735650769,309.7248252454206,0,2.9000000000000004,2.2694401603725796,276.8716995654547,-12.931024875082281,19.9218788136996,,,,,,,,,,
LLOYDSENGG_MINED_BASE_G0_C829,,0,3,3,close_ema_3_daily_range_5_pct >= 4.683096254230115 AND close_ema_3_daily_slope_pct >= 3.7465597082957087 AND close_to_close_ema_3_daily_difference_pct >= 1.127345753351754,122,64,58,52.459016393442624,16.895715440582055,35.56330095286057,9.862570735650769,309.7248252454206,0,2.9000000000000004,2.2694401603725796,276.8716995654547,-12.931024875082281,19.9218788136996,,,,,,,,,,
LLOYDSENGG_MINED_BASE_G0_C830,,0,3,3,close_ema_3_daily_range_5_pct >= 4.683096254230115 AND close_ema_3_daily_slope_pct >= 3.7465597082957087 AND close_to_close_ema_3_daily_difference_pct >= 0.37388545459352607,122,64,58,52.459016393442624,16.895715440582055,35.56330095286057,9.862570735650769,309.7248252454206,0,2.9000000000000004,2.2694401603725796,276.8716995654547,-12.931024875082281,19.9218788136996,,,,,,,,,,
LLOYDSENGG_MINED_BASE_G0_C831,,0,3,3,close_ema_8_daily_range_5_pct >= 3.117710901412895 AND close_ema_3_daily_volatility_5_daily >= 2.551529495595912 AND close_to_close_ema_3_daily_difference_pct >= 1.127345753351754,142,71,71,50,16.895715440582055,33.10428455941795,11.479385610347617,309.7119827597868,0,3.5500000000000003,1.9135199875657036,271.7198382343299,-12.931024875082281,10.000015661015443,,,,,,,,,,
LLOYDSENGG_MINED_BASE_G0_C832,,0,3,3,close_ema_8_daily_range_5_pct >= 3.117710901412895 AND close_ema_3_daily_volatility_5_daily >= 2.551529495595912 AND close_ema_3_daily_slope_pct >= 1.1401997467767693,142,71,71,50,16.895715440582055,33.10428455941795,11.479385610347617,309.7119827597868,0,3.5500000000000003,1.9135199875657036,271.7198382343299,-12.931024875082281,10.000015661015443,,,,,,,,,,
LLOYDSENGG_MINED_BASE_G0_C833,,0,3,3,close_to_close_ema_3_daily_difference_pct >= 3.6112616349206315 AND close_ema_3_daily_range_5_pct >= 7.091176553732353 AND close_ema_8_daily_volatility_5_daily >= 1.2672772609808338,96,54,42,56.25,16.895715440582055,39.35428455941795,7.760711398544867,309.65797368426746,0,2.1,2.3288502957259145,223.5696283896878,-12.931024875082281,19.9218788136996,,,,,,,,,,
LLOYDSENGG_MINED_BASE_G0_C834,,0,3,3,close_ema_3_daily_slope_pct >= 3.7465597082957087 AND close_ema_3_daily_range_5_pct >= 7.091176553732353 AND close_ema_8_daily_volatility_5_daily >= 1.2672772609808338,96,54,42,56.25,16.895715440582055,39.35428455941795,7.760711398544867,309.65797368426746,0,2.1,2.3288502957259145,223.5696283896878,-12.931024875082281,19.9218788136996,,,,,,,,,,
LLOYDSENGG_MINED_BASE_G0_C835,,0,3,3,close_to_close_ema_3_daily_difference_pct >= 3.6112616349206315 AND close_ema_8_daily_range_5_pct >= 3.117710901412895 AND close_ema_8_daily_volatility_5_daily >= 1.2672772609808338,96,54,42,56.25,16.895715440582055,39.35428455941795,7.760711398544867,309.6490286128467,0,2.1,2.325868605252325,223.28338610422318,-12.931024875082281,19.9218788136996,,,,,,,,,,
LLOYDSENGG_MINED_BASE_G0_C836,,0,3,3,close_ema_3_daily_slope_pct >= 3.7465597082957087 AND close_ema_8_daily_range_5_pct >= 3.117710901412895 AND close_ema_8_daily_volatility_5_daily >= 1.2672772609808338,96,54,42,56.25,16.895715440582055,39.35428455941795,7.760711398544867,309.6490286128467,0,2.1,2.325868605252325,223.28338610422318,-12.931024875082281,19.9218788136996,,,,,,,,,,
LLOYDSENGG_MINED_BASE_G0_C837,,0,3,3,close_ema_3_daily_slope_pct >= 2.1777186239842106 AND close_ema_3_daily_range_5_pct >= 5.878821482298 AND close_ema_8_daily_volatility_5_daily >= 1.2672772609808338,145,72,73,49.6551724137931,16.895715440582055,32.759456973211044,11.721907841552143,309.609837649078,0,3.6500000000000004,1.8208509276742333,264.0233845127638,-12.931024875082281,19.9218788136996,,,,,,,,,,
LLOYDSENGG_MINED_BASE_G0_C838,,0,2,2,close_ema_21_daily_volatility_5_daily >= 0.5048951676587204 AND close_to_close_ema_3_daily_difference_pct >= 1.127345753351754,244,98,146,40.16393442622951,16.895715440582055,23.268218985647454,19.725141471301537,309.5423093253417,0,7.300000000000001,1.500404799034816,366.0987709644951,-12.931024875082281,19.9218788136996,,,,,,,,,,
LLOYDSENGG_MINED_BASE_G0_C839,,0,2,2,close_ema_21_daily_volatility_5_daily >= 0.5048951676587204 AND close_ema_3_daily_slope_pct >= 1.1401997467767693,244,98,146,40.16393442622951,16.895715440582055,23.268218985647454,19.725141471301537,309.5423093253417,0,7.300000000000001,1.500404799034816,366.0987709644951,-12.931024875082281,19.9218788136996,,,,,,,,,,
LLOYDSENGG_MINED_BASE_G0_C840,,0,3,3,close_ema_21_daily_volatility_5_daily >= 0.5048951676587204 AND close_to_close_ema_3_daily_difference_pct >= 1.127345753351754 AND close_ema_3_daily_slope_pct >= 1.1401997467767693,244,98,146,40.16393442622951,16.895715440582055,23.268218985647454,19.725141471301537,309.5423093253417,0,7.300000000000001,1.500404799034816,366.0987709644951,-12.931024875082281,19.9218788136996,,,,,,,,,,
LLOYDSENGG_MINED_BASE_G0_C841,,0,3,3,close_ema_21_daily_volatility_5_daily >= 0.5048951676587204 AND close_to_close_ema_3_daily_difference_pct >= 1.127345753351754 AND close_ema_3_daily_slope_pct >= 0.3776715879064552,244,98,146,40.16393442622951,16.895715440582055,23.268218985647454,19.725141471301537,309.5423093253417,0,7.300000000000001,1.500404799034816,366.0987709644951,-12.931024875082281,19.9218788136996,,,,,,,,,,
LLOYDSENGG_MINED_BASE_G0_C842,,0,3,3,close_ema_21_daily_volatility_5_daily >= 0.5048951676587204 AND close_ema_3_daily_slope_pct >= 1.1401997467767693 AND close_to_close_ema_3_daily_difference_pct >= 0.37388545459352607,244,98,146,40.16393442622951,16.895715440582055,23.268218985647454,19.725141471301537,309.5423093253417,0,7.300000000000001,1.500404799034816,366.0987709644951,-12.931024875082281,19.9218788136996,,,,,,,,,,
LLOYDSENGG_MINED_BASE_G0_C843,,0,2,2,close_ema_3_daily_range_5_pct >= 4.683096254230115 AND close_ema_3_daily_volatility_5_daily >= 1.4807591382075385,531,140,391,26.365348399246702,16.895715440582055,9.469632958664647,42.9264349232013,309.4257711709993,0,19.55,0.5425354592253597,288.086328848666,-12.931024875082281,19.9218788136996,,,,,,,,,,
LLOYDSENGG_MINED_BASE_G0_C844,,0,1,1,close_ema_8_daily_range_5_pct >= 3.117710901412895,619,148,471,23.909531502423263,16.895715440582055,7.013816061841208,50.04042037186742,309.3524657382638,0,23.55,0.6111284763526011,378.28852686226014,-12.931024875082281,19.9218788136996,,,,,,,,,,
LLOYDSENGG_MINED_BASE_G0_C845,,0,2,2,close_ema_3_daily_range_5_pct >= 4.683096254230115 AND close_ema_8_daily_volatility_5_daily >= 0.8645495401600428,503,137,366,27.236580516898606,16.895715440582055,10.34086507631655,40.662894098625706,309.33978039027113,0,18.3,0.6451516695627919,324.51128979008433,-12.931024875082281,19.9218788136996,,,,,,,,,,
LLOYDSENGG_MINED_BASE_G0_C846,,0,2,2,close_ema_3_daily_volatility_5_daily >= 2.1517313552241197 AND close_to_close_ema_3_daily_difference_pct >= 1.127345753351754,205,89,116,43.41463414634146,16.895715440582055,26.518918705759408,16.572352465642684,309.28489520296705,0,5.800000000000001,1.4967672247233277,306.83728106828215,-12.931024875082281,10.000015661015443,,,,,,,,,,
LLOYDSENGG_MINED_BASE_G0_C847,,0,2,2,close_ema_3_daily_volatility_5_daily >= 2.1517313552241197 AND close_ema_3_daily_slope_pct >= 1.1401997467767693,205,89,116,43.41463414634146,16.895715440582055,26.518918705759408,16.572352465642684,309.28489520296705,0,5.800000000000001,1.4967672247233277,306.83728106828215,-12.931024875082281,10.000015661015443,,,,,,,,,,
LLOYDSENGG_MINED_BASE_G0_C848,,0,3,3,close_ema_3_daily_volatility_5_daily >= 2.1517313552241197 AND close_ema_8_daily_volatility_5_daily >= 0.8645495401600428 AND close_to_close_ema_3_daily_difference_pct >= 1.127345753351754,205,89,116,43.41463414634146,16.895715440582055,26.518918705759408,16.572352465642684,309.28489520296705,0,5.800000000000001,1.4967672247233277,306.83728106828215,-12.931024875082281,10.000015661015443,,,,,,,,,,
LLOYDSENGG_MINED_BASE_G0_C849,,0,3,3,close_ema_3_daily_volatility_5_daily >= 2.1517313552241197 AND close_ema_8_daily_volatility_5_daily >= 0.8645495401600428 AND close_ema_3_daily_slope_pct >= 1.1401997467767693,205,89,116,43.41463414634146,16.895715440582055,26.518918705759408,16.572352465642684,309.28489520296705,0,5.800000000000001,1.4967672247233277,306.83728106828215,-12.931024875082281,10.000015661015443,,,,,,,,,,
LLOYDSENGG_MINED_BASE_G0_C850,,0,3,3,close_ema_3_daily_volatility_5_daily >= 2.1517313552241197 AND close_to_close_ema_3_daily_difference_pct >= 1.127345753351754 AND close_ema_3_daily_slope_pct >= 1.1401997467767693,205,89,116,43.41463414634146,16.895715440582055,26.518918705759408,16.572352465642684,309.28489520296705,0,5.800000000000001,1.4967672247233277,306.83728106828215,-12.931024875082281,10.000015661015443,,,,,,,,,,
LLOYDSENGG_MINED_BASE_G0_C851,,0,3,3,close_ema_3_daily_volatility_5_daily >= 2.1517313552241197 AND close_to_close_ema_3_daily_difference_pct >= 1.127345753351754 AND close_ema_3_daily_slope_pct >= 0.3776715879064552,205,89,116,43.41463414634146,16.895715440582055,26.518918705759408,16.572352465642684,309.28489520296705,0,5.800000000000001,1.4967672247233277,306.83728106828215,-12.931024875082281,10.000015661015443,,,,,,,,,,
LLOYDSENGG_MINED_BASE_G0_C852,,0,3,3,close_ema_3_daily_volatility_5_daily >= 2.1517313552241197 AND close_ema_3_daily_slope_pct >= 1.1401997467767693 AND close_to_close_ema_3_daily_difference_pct >= 0.37388545459352607,205,89,116,43.41463414634146,16.895715440582055,26.518918705759408,16.572352465642684,309.28489520296705,0,5.800000000000001,1.4967672247233277,306.83728106828215,-12.931024875082281,10.000015661015443,,,,,,,,,,
LLOYDSENGG_MINED_BASE_G0_C853,,0,3,3,close_ema_3_daily_slope_pct >= 2.1777186239842106 AND close_ema_3_daily_range_5_pct >= 4.683096254230115 AND close_ema_13_daily_volatility_5_daily >= 0.6665343015434868,186,84,102,45.16129032258064,16.895715440582055,28.265574881998585,15.036378334680677,309.24414487399616,0,5.1000000000000005,1.6720901546677727,311.0087687682057,-12.931024875082281,19.9218788136996,,,,,,,,,,
LLOYDSENGG_MINED_BASE_G0_C854,,0,2,2,close_ema_21_daily_range_5_pct >= 6.280967301429598 AND close_ema_8_daily_volatility_5_daily >= 1.0367159490053137,124,65,59,52.41935483870967,16.895715440582055,35.523639398127614,10.024252223120452,309.1797591395404,0,2.95,1.5038540496341144,186.4779021546302,-9.254259760270903,10.000014739437525,,,,,,,,,,
LLOYDSENGG_MINED_BASE_G0_C855,,0,3,3,close_ema_21_daily_range_5_pct >= 6.280967301429598 AND close_ema_21_daily_volatility_5_daily >= 0.5048951676587204 AND close_ema_8_daily_volatility_5_daily >= 1.0367159490053137,124,65,59,52.41935483870967,16.895715440582055,35.523639398127614,10.024252223120452,309.1797591395404,0,2.95,1.5038540496341144,186.4779021546302,-9.254259760270903,10.000014739437525,,,,,,,,,,
LLOYDSENGG_MINED_BASE_G0_C856,,0,3,3,close_ema_21_daily_range_5_pct >= 6.280967301429598 AND close_ema_8_daily_volatility_5_daily >= 1.0367159490053137 AND close_ema_13_daily_volatility_5_daily >= 0.6665343015434868,124,65,59,52.41935483870967,16.895715440582055,35.523639398127614,10.024252223120452,309.1797591395404,0,2.95,1.5038540496341144,186.4779021546302,-9.254259760270903,10.000014739437525,,,,,,,,,,
LLOYDSENGG_MINED_BASE_G0_C857,,0,3,3,close_ema_21_daily_range_5_pct >= 6.280967301429598 AND close_ema_8_daily_volatility_5_daily >= 1.0367159490053137 AND close_ema_13_daily_volatility_5_daily >= 0.8014195041727374,124,65,59,52.41935483870967,16.895715440582055,35.523639398127614,10.024252223120452,309.1797591395404,0,2.95,1.5038540496341144,186.4779021546302,-9.254259760270903,10.000014739437525,,,,,,,,,,
LLOYDSENGG_MINED_BASE_G0_C858,,0,3,3,close_ema_3_daily_volatility_5_daily >= 2.1517313552241197 AND close_ema_21_daily_range_5_pct >= 1.8831689286059863 AND close_ema_3_daily_slope_pct >= 0.3776715879064552,197,87,110,44.16243654822335,16.895715440582055,27.266721107641292,15.925626515763943,309.1525025989118,0,5.5,1.4396323535684399,283.60757365298264,-12.931024875082281,10.000014739437525,,,,,,,,,,
LLOYDSENGG_MINED_BASE_G0_C859,,0,3,3,close_ema_3_daily_volatility_5_daily >= 2.1517313552241197 AND close_ema_21_daily_range_5_pct >= 1.8831689286059863 AND close_to_close_ema_3_daily_difference_pct >= 0.37388545459352607,197,87,110,44.16243654822335,16.895715440582055,27.266721107641292,15.925626515763943,309.1525025989118,0,5.5,1.4396323535684399,283.60757365298264,-12.931024875082281,10.000014739437525,,,,,,,,,,
LLOYDSENGG_MINED_BASE_G0_C860,,0,3,3,close_ema_3_daily_volatility_5_daily >= 2.1517313552241197 AND close_to_close_ema_3_daily_difference_pct >= 2.1306145320817853 AND close_ema_3_daily_range_5_pct >= 4.683096254230115,168,79,89,47.023809523809526,16.895715440582055,30.12809408322747,13.581244947453516,309.13577470100677,0,4.45,1.6484347616231365,276.9370399526869,-12.931024875082281,10.000015661015443,,,,,,,,,,
LLOYDSENGG_MINED_BASE_G0_C861,,0,3,3,close_ema_3_daily_range_5_pct >= 4.683096254230115 AND close_to_close_ema_3_daily_difference_pct >= 3.6112616349206315 AND close_ema_8_daily_volatility_5_daily >= 0.8645495401600428,114,61,53,53.50877192982456,16.895715440582055,36.61305648924251,9.21584478577203,309.1345842574329,0,2.6500000000000004,2.239767270406764,255.3334688263711,-12.931024875082281,19.9218788136996,,,,,,,,,,
LLOYDSENGG_MINED_BASE_G0_C862,,0,3,3,close_ema_3_daily_range_5_pct >= 4.683096254230115 AND close_ema_3_daily_slope_pct >= 3.7465597082957087 AND close_ema_8_daily_volatility_5_daily >= 0.8645495401600428,114,61,53,53.50877192982456,16.895715440582055,36.61305648924251,9.21584478577203,309.1345842574329,0,2.6500000000000004,2.239767270406764,255.3334688263711,-12.931024875082281,19.9218788136996,,,,,,,,,,
LLOYDSENGG_MINED_BASE_G0_C863,,0,3,3,close_ema_3_daily_volatility_5_daily >= 1.4807591382075385 AND close_to_close_ema_3_daily_difference_pct >= 3.6112616349206315 AND close_ema_8_daily_volatility_5_daily >= 0.8645495401600428,114,61,53,53.50877192982456,16.895715440582055,36.61305648924251,9.21584478577203,309.1345842574329,0,2.6500000000000004,2.239767270406764,255.3334688263711,-12.931024875082281,19.9218788136996,,,,,,,,,,
LLOYDSENGG_MINED_BASE_G0_C864,,0,3,3,close_ema_3_daily_volatility_5_daily >= 1.4807591382075385 AND close_ema_3_daily_slope_pct >= 3.7465597082957087 AND close_ema_8_daily_volatility_5_daily >= 0.8645495401600428,114,61,53,53.50877192982456,16.895715440582055,36.61305648924251,9.21584478577203,309.1345842574329,0,2.6500000000000004,2.239767270406764,255.3334688263711,-12.931024875082281,19.9218788136996,,,,,,,,,,
LLOYDSENGG_MINED_BASE_G0_C865,,0,3,3,close_to_close_ema_3_daily_difference_pct >= 2.1306145320817853 AND close_ema_8_daily_volatility_5_daily >= 0.8645495401600428 AND close_ema_3_daily_range_5_pct >= 7.091176553732353,165,78,87,47.27272727272727,16.895715440582055,30.377011832145218,13.338722716248991,309.0996999198519,0,4.3500000000000005,1.8548802530419435,306.0552417519207,-12.931024875082281,19.9218788136996,,,,,,,,,,
LLOYDSENGG_MINED_BASE_G0_C866,,0,3,3,close_ema_8_daily_volatility_5_daily >= 0.8645495401600428 AND close_ema_3_daily_volatility_5_daily >= 1.8141316287340417 AND close_ema_8_daily_range_5_pct >= 3.117710901412895,418,127,291,30.38277511961722,16.895715440582055,13.487059679035166,33.79143088116411,308.98916386834827,0,14.55,0.7012884910574825,293.13858926202766,-12.931024875082281,19.9218788136996,,,,,,,,,,
LLOYDSENGG_MINED_BASE_G0_C867,,0,2,2,close_to_close_ema_3_daily_difference_pct >= 3.6112616349206315 AND close_ema_3_daily_volatility_5_daily >= 1.8141316287340417,114,61,53,53.50877192982456,16.895715440582055,36.61305648924251,9.21584478577203,308.98452631825944,0,2.6500000000000004,2.1897479573489536,249.63126713778072,-12.931024875082281,19.9218788136996,,,,,,,,,,
LLOYDSENGG_MINED_BASE_G0_C868,,0,2,2,close_ema_3_daily_slope_pct >= 3.7465597082957087 AND close_ema_3_daily_volatility_5_daily >= 1.8141316287340417,114,61,53,53.50877192982456,16.895715440582055,36.61305648924251,9.21584478577203,308.98452631825944,0,2.6500000000000004,2.1897479573489536,249.63126713778072,-12.931024875082281,19.9218788136996,,,,,,,,,,
LLOYDSENGG_MINED_BASE_G0_C869,,0,3,3,close_ema_3_daily_slope_pct >= 2.1777186239842106 AND close_to_close_ema_3_daily_difference_pct >= 3.6112616349206315 AND close_ema_3_daily_volatility_5_daily >= 1.8141316287340417,114,61,53,53.50877192982456,16.895715440582055,36.61305648924251,9.21584478577203,308.98452631825944,0,2.6500000000000004,2.1897479573489536,249.63126713778072,-12.931024875082281,19.9218788136996,,,,,,,,,,
LLOYDSENGG_MINED_BASE_G0_C870,,0,3,3,close_to_close_ema_3_daily_difference_pct >= 2.1306145320817853 AND close_ema_3_daily_slope_pct >= 3.7465597082957087 AND close_ema_3_daily_volatility_5_daily >= 1.8141316287340417,114,61,53,53.50877192982456,16.895715440582055,36.61305648924251,9.21584478577203,308.98452631825944,0,2.6500000000000004,2.1897479573489536,249.63126713778072,-12.931024875082281,19.9218788136996,,,,,,,,,,
LLOYDSENGG_MINED_BASE_G0_C871,,0,3,3,close_ema_3_daily_range_5_pct >= 4.683096254230115 AND close_to_close_ema_3_daily_difference_pct >= 3.6112616349206315 AND close_ema_3_daily_volatility_5_daily >= 1.8141316287340417,114,61,53,53.50877192982456,16.895715440582055,36.61305648924251,9.21584478577203,308.98452631825944,0,2.6500000000000004,2.1897479573489536,249.63126713778072,-12.931024875082281,19.9218788136996,,,,,,,,,,
LLOYDSENGG_MINED_BASE_G0_C872,,0,3,3,close_ema_3_daily_range_5_pct >= 4.683096254230115 AND close_ema_3_daily_slope_pct >= 3.7465597082957087 AND close_ema_3_daily_volatility_5_daily >= 1.8141316287340417,114,61,53,53.50877192982456,16.895715440582055,36.61305648924251,9.21584478577203,308.98452631825944,0,2.6500000000000004,2.1897479573489536,249.63126713778072,-12.931024875082281,19.9218788136996,,,,,,,,,,
LLOYDSENGG_MINED_BASE_G0_C873,,0,3,3,close_to_close_ema_3_daily_difference_pct >= 3.6112616349206315 AND close_ema_3_daily_slope_pct >= 3.7465597082957087 AND close_ema_3_daily_volatility_5_daily >= 1.8141316287340417,114,61,53,53.50877192982456,16.895715440582055,36.61305648924251,9.21584478577203,308.98452631825944,0,2.6500000000000004,2.1897479573489536,249.63126713778072,-12.931024875082281,19.9218788136996,,,,,,,,,,
LLOYDSENGG_MINED_BASE_G0_C874,,0,3,3,close_to_close_ema_3_daily_difference_pct >= 3.6112616349206315 AND close_ema_3_daily_volatility_5_daily >= 1.8141316287340417 AND close_ema_3_daily_slope_pct >= 1.1401997467767693,114,61,53,53.50877192982456,16.895715440582055,36.61305648924251,9.21584478577203,308.98452631825944,0,2.6500000000000004,2.1897479573489536,249.63126713778072,-12.931024875082281,19.9218788136996,,,,,,,,,,
LLOYDSENGG_MINED_BASE_G0_C875,,0,3,3,close_to_close_ema_3_daily_difference_pct >= 3.6112616349206315 AND close_ema_3_daily_volatility_5_daily >= 1.8141316287340417 AND close_ema_3_daily_slope_pct >= 0.3776715879064552,114,61,53,53.50877192982456,16.895715440582055,36.61305648924251,9.21584478577203,308.98452631825944,0,2.6500000000000004,2.1897479573489536,249.63126713778072,-12.931024875082281,19.9218788136996,,,,,,,,,,
LLOYDSENGG_MINED_BASE_G0_C876,,0,3,3,close_ema_3_daily_slope_pct >= 3.7465597082957087 AND close_ema_3_daily_volatility_5_daily >= 1.8141316287340417 AND close_to_close_ema_3_daily_difference_pct >= 1.127345753351754,114,61,53,53.50877192982456,16.895715440582055,36.61305648924251,9.21584478577203,308.98452631825944,0,2.6500000000000004,2.1897479573489536,249.63126713778072,-12.931024875082281,19.9218788136996,,,,,,,,,,
LLOYDSENGG_MINED_BASE_G0_C877,,0,3,3,close_ema_3_daily_slope_pct >= 3.7465597082957087 AND close_ema_3_daily_volatility_5_daily >= 1.8141316287340417 AND close_to_close_ema_3_daily_difference_pct >= 0.37388545459352607,114,61,53,53.50877192982456,16.895715440582055,36.61305648924251,9.21584478577203,308.98452631825944,0,2.6500000000000004,2.1897479573489536,249.63126713778072,-12.931024875082281,19.9218788136996,,,,,,,,,,
LLOYDSENGG_MINED_BASE_G0_C878,,0,3,3,close_ema_3_daily_volatility_5_daily >= 2.551529495595912 AND close_ema_21_daily_range_5_pct >= 1.8831689286059863 AND close_ema_3_daily_slope_pct >= 0.3776715879064552,142,71,71,50,16.895715440582055,33.10428455941795,11.479385610347617,308.9825721104769,0,3.5500000000000003,1.670383104462407,237.19440083366177,-12.931024875082281,10.000014739437525,,,,,,,,,,
LLOYDSENGG_MINED_BASE_G0_C879,,0,3,3,close_ema_3_daily_volatility_5_daily >= 2.551529495595912 AND close_ema_21_daily_range_5_pct >= 1.8831689286059863 AND close_to_close_ema_3_daily_difference_pct >= 0.37388545459352607,142,71,71,50,16.895715440582055,33.10428455941795,11.479385610347617,308.9825721104769,0,3.5500000000000003,1.670383104462407,237.19440083366177,-12.931024875082281,10.000014739437525,,,,,,,,,,
LLOYDSENGG_MINED_BASE_G0_C880,,0,3,3,close_to_close_ema_3_daily_difference_pct >= 2.1306145320817853 AND close_ema_3_daily_volatility_5_daily >= 1.4807591382075385 AND close_ema_13_daily_volatility_5_daily >= 0.6665343015434868,190,85,105,44.73684210526316,16.895715440582055,27.841126664681102,15.359741309620048,308.9744224812594,0,5.25,1.6729297192846206,317.8566466640779,-12.931024875082281,19.9218788136996,,,,,,,,,,
LLOYDSENGG_MINED_BASE_G0_C881,,0,1,1,close_ema_3_daily_volatility_5_daily >= 2.551529495595912,248,99,149,39.91935483870967,16.895715440582055,23.023639398127617,20.048504446240905,308.9359694369945,0,7.45,1.089257482118811,270.13585556546514,-12.931024875082281,17.175581052420334,,,,,,,,,,
LLOYDSENGG_MINED_BASE_G0_C882,,0,2,2,close_ema_8_daily_volatility_5_daily >= 0.8645495401600428 AND close_ema_3_daily_volatility_5_daily >= 2.551529495595912,248,99,149,39.91935483870967,16.895715440582055,23.023639398127617,20.048504446240905,308.9359694369945,0,7.45,1.089257482118811,270.13585556546514,-12.931024875082281,17.175581052420334,,,,,,,,,,
LLOYDSENGG_MINED_BASE_G0_C883,,0,3,3,close_ema_3_daily_volatility_5_daily >= 2.1517313552241197 AND close_to_close_ema_3_daily_difference_pct >= 2.1306145320817853 AND close_ema_3_daily_range_5_pct >= 5.878821482298,158,76,82,48.10126582278481,16.895715440582055,31.205550382202755,12.772837510105091,308.8928507323835,0,4.1000000000000005,1.6550329404565924,261.4952045921416,-12.931024875082281,10.000015661015443,,,,,,,,,,
LLOYDSENGG_MINED_BASE_G0_C884,,0,2,2,close_ema_21_daily_range_5_pct >= 6.280967301429598 AND close_ema_3_daily_range_5_pct >= 7.091176553732353,103,57,46,55.33980582524271,16.895715440582055,38.444090384660655,8.326596604688763,308.83163249109936,0,2.3000000000000003,1.6370601892653722,168.61719949433333,-9.254259760270903,10.000014739437525,,,,,,,,,,
LLOYDSENGG_MINED_BASE_G0_C885,,0,3,3,close_ema_3_daily_volatility_5_daily >= 2.1517313552241197 AND close_ema_21_daily_range_5_pct >= 6.280967301429598 AND close_ema_3_daily_range_5_pct >= 7.091176553732353,103,57,46,55.33980582524271,16.895715440582055,38.444090384660655,8.326596604688763,308.83163249109936,0,2.3000000000000003,1.6370601892653722,168.61719949433333,-9.254259760270903,10.000014739437525,,,,,,,,,,
LLOYDSENGG_MINED_BASE_G0_C886,,0,3,3,close_ema_3_daily_volatility_5_daily >= 1.4807591382075385 AND close_ema_21_daily_range_5_pct >= 6.280967301429598 AND close_ema_3_daily_range_5_pct >= 7.091176553732353,103,57,46,55.33980582524271,16.895715440582055,38.444090384660655,8.326596604688763,308.83163249109936,0,2.3000000000000003,1.6370601892653722,168.61719949433333,-9.254259760270903,10.000014739437525,,,,,,,,,,
LLOYDSENGG_MINED_BASE_G0_C887,,0,3,3,close_ema_8_daily_volatility_5_daily >= 0.8645495401600428 AND close_ema_21_daily_range_5_pct >= 6.280967301429598 AND close_ema_3_daily_range_5_pct >= 7.091176553732353,103,57,46,55.33980582524271,16.895715440582055,38.444090384660655,8.326596604688763,308.83163249109936,0,2.3000000000000003,1.6370601892653722,168.61719949433333,-9.254259760270903,10.000014739437525,,,,,,,,,,
LLOYDSENGG_MINED_BASE_G0_C888,,0,3,3,close_ema_3_daily_volatility_5_daily >= 1.8141316287340417 AND close_ema_21_daily_range_5_pct >= 6.280967301429598 AND close_ema_3_daily_range_5_pct >= 7.091176553732353,103,57,46,55.33980582524271,16.895715440582055,38.444090384660655,8.326596604688763,308.83163249109936,0,2.3000000000000003,1.6370601892653722,168.61719949433333,-9.254259760270903,10.000014739437525,,,,,,,,,,
LLOYDSENGG_MINED_BASE_G0_C889,,0,3,3,close_ema_21_daily_range_5_pct >= 6.280967301429598 AND close_ema_21_daily_volatility_5_daily >= 0.5048951676587204 AND close_ema_3_daily_range_5_pct >= 7.091176553732353,103,57,46,55.33980582524271,16.895715440582055,38.444090384660655,8.326596604688763,308.83163249109936,0,2.3000000000000003,1.6370601892653722,168.61719949433333,-9.254259760270903,10.000014739437525,,,,,,,,,,
LLOYDSENGG_MINED_BASE_G0_C890,,0,3,3,close_ema_21_daily_range_5_pct >= 6.280967301429598 AND close_ema_8_daily_volatility_5_daily >= 1.0367159490053137 AND close_ema_3_daily_range_5_pct >= 7.091176553732353,103,57,46,55.33980582524271,16.895715440582055,38.444090384660655,8.326596604688763,308.83163249109936,0,2.3000000000000003,1.6370601892653722,168.61719949433333,-9.254259760270903,10.000014739437525,,,,,,,,,,
LLOYDSENGG_MINED_BASE_G0_C891,,0,3,3,close_ema_21_daily_range_5_pct >= 6.280967301429598 AND close_ema_3_daily_range_5_pct >= 7.091176553732353 AND close_ema_8_daily_volatility_5_daily >= 1.2672772609808338,103,57,46,55.33980582524271,16.895715440582055,38.444090384660655,8.326596604688763,308.83163249109936,0,2.3000000000000003,1.6370601892653722,168.61719949433333,-9.254259760270903,10.000014739437525,,,,,,,,,,
LLOYDSENGG_MINED_BASE_G0_C892,,0,3,3,close_ema_21_daily_range_5_pct >= 6.280967301429598 AND close_ema_3_daily_range_5_pct >= 7.091176553732353 AND close_ema_13_daily_volatility_5_daily >= 0.6665343015434868,103,57,46,55.33980582524271,16.895715440582055,38.444090384660655,8.326596604688763,308.83163249109936,0,2.3000000000000003,1.6370601892653722,168.61719949433333,-9.254259760270903,10.000014739437525,,,,,,,,,,
LLOYDSENGG_MINED_BASE_G0_C893,,0,3,3,close_ema_21_daily_range_5_pct >= 6.280967301429598 AND close_ema_3_daily_range_5_pct >= 7.091176553732353 AND close_ema_13_daily_volatility_5_daily >= 0.8014195041727374,103,57,46,55.33980582524271,16.895715440582055,38.444090384660655,8.326596604688763,308.83163249109936,0,2.3000000000000003,1.6370601892653722,168.61719949433333,-9.254259760270903,10.000014739437525,,,,,,,,,,
LLOYDSENGG_MINED_BASE_G0_C894,,0,3,3,close_ema_3_daily_range_5_pct >= 4.683096254230115 AND close_ema_21_daily_volatility_5_daily >= 0.5048951676587204 AND close_ema_21_daily_range_5_pct >= 1.8831689286059863,411,126,285,30.656934306569344,16.895715440582055,13.761218865987288,33.225545675020214,308.7745923193851,0,14.25,0.7394993298161999,303.9342245544582,-12.931024875082281,19.9218788136996,,,,,,,,,,
LLOYDSENGG_MINED_BASE_G0_C895,,0,3,3,close_ema_3_daily_slope_pct >= 2.1777186239842106 AND close_ema_3_daily_range_5_pct >= 4.683096254230115 AND close_ema_3_daily_volatility_5_daily >= 1.4807591382075385,202,88,114,43.56435643564357,16.895715440582055,26.668640995061512,16.329830234438155,308.7360056561203,0,5.7,1.697600226937582,342.9152458413916,-12.931024875082281,19.9218788136996,,,,,,,,,,
LLOYDSENGG_MINED_BASE_G0_C896,,0,3,3,close_ema_3_daily_volatility_5_daily >= 2.1517313552241197 AND close_to_close_ema_3_daily_difference_pct >= 3.6112616349206315 AND close_ema_3_daily_range_5_pct >= 7.091176553732353,101,56,45,55.44554455445545,16.895715440582055,38.5498291138734,8.164915117219078,308.6650406855145,0,2.25,2.055298372049177,207.58513557696685,-12.931024875082281,10.000015661015443,,,,,,,,,,
LLOYDSENGG_MINED_BASE_G0_C897,,0,3,3,close_ema_3_daily_volatility_5_daily >= 2.1517313552241197 AND close_ema_3_daily_slope_pct >= 3.7465597082957087 AND close_ema_3_daily_range_5_pct >= 7.091176553732353,101,56,45,55.44554455445545,16.895715440582055,38.5498291138734,8.164915117219078,308.6650406855145,0,2.25,2.055298372049177,207.58513557696685,-12.931024875082281,10.000015661015443,,,,,,,,,,
LLOYDSENGG_MINED_BASE_G0_C898,,0,2,2,close_ema_21_daily_volatility_5_daily >= 0.5048951676587204 AND close_ema_8_daily_volatility_5_daily >= 1.0367159490053137,443,130,313,29.345372460496616,16.895715440582055,12.44965701991456,35.81244947453517,308.6305207994073,0,15.65,0.6774118999448256,300.09347167555774,-12.931024875082281,19.9218788136996,,,,,,,,,,
LLOYDSENGG_MINED_BASE_G0_C899,,0,2,2,close_ema_3_daily_volatility_5_daily >= 2.1517313552241197 AND close_ema_3_daily_slope_pct >= 0.3776715879064552,231,95,136,41.125541125541126,16.895715440582055,24.22982568495907,18.674211802748587,308.498957147419,0,6.800000000000001,1.3832762408745647,319.5368116420244,-12.931024875082281,10.000015661015443,,,,,,,,,,
LLOYDSENGG_MINED_BASE_G0_C900,,0,2,2,close_ema_3_daily_volatility_5_daily >= 2.1517313552241197 AND close_to_close_ema_3_daily_difference_pct >= 0.37388545459352607,231,95,136,41.125541125541126,16.895715440582055,24.22982568495907,18.674211802748587,308.498957147419,0,6.800000000000001,1.3832762408745647,319.5368116420244,-12.931024875082281,10.000015661015443,,,,,,,,,,
LLOYDSENGG_MINED_BASE_G0_C901,,0,3,3,close_ema_3_daily_volatility_5_daily >= 2.1517313552241197 AND close_ema_8_daily_volatility_5_daily >= 0.8645495401600428 AND close_ema_3_daily_slope_pct >= 0.3776715879064552,231,95,136,41.125541125541126,16.895715440582055,24.22982568495907,18.674211802748587,308.498957147419,0,6.800000000000001,1.3832762408745647,319.5368116420244,-12.931024875082281,10.000015661015443,,,,,,,,,,
LLOYDSENGG_MINED_BASE_G0_C902,,0,3,3,close_ema_3_daily_volatility_5_daily >= 2.1517313552241197 AND close_ema_8_daily_volatility_5_daily >= 0.8645495401600428 AND close_to_close_ema_3_daily_difference_pct >= 0.37388545459352607,231,95,136,41.125541125541126,16.895715440582055,24.22982568495907,18.674211802748587,308.498957147419,0,6.800000000000001,1.3832762408745647,319.5368116420244,-12.931024875082281,10.000015661015443,,,,,,,,,,
LLOYDSENGG_MINED_BASE_G0_C903,,0,3,3,close_ema_3_daily_volatility_5_daily >= 2.1517313552241197 AND close_ema_3_daily_slope_pct >= 0.3776715879064552 AND close_to_close_ema_3_daily_difference_pct >= 0.37388545459352607,231,95,136,41.125541125541126,16.895715440582055,24.22982568495907,18.674211802748587,308.498957147419,0,6.800000000000001,1.3832762408745647,319.5368116420244,-12.931024875082281,10.000015661015443,,,,,,,,,,
LLOYDSENGG_MINED_BASE_G0_C904,,0,3,3,close_ema_3_daily_volatility_5_daily >= 1.8141316287340417 AND close_ema_8_daily_range_5_pct >= 3.117710901412895 AND close_ema_13_daily_volatility_5_daily >= 0.8014195041727374,348,117,231,33.62068965517241,16.895715440582055,16.724974214590357,28.13257881972514,308.4462301738642,0,11.55,0.7904530336374574,275.0776557058352,-12.931024875082281,19.9218788136996,,,,,,,,,,
LLOYDSENGG_MINED_BASE_G0_C905,,0,3,3,close_to_close_ema_3_daily_difference_pct >= 3.6112616349206315 AND close_ema_8_daily_volatility_5_daily >= 0.8645495401600428 AND close_ema_3_daily_range_5_pct >= 7.091176553732353,109,59,50,54.12844036697248,16.895715440582055,37.23272492639042,8.811641067097817,308.4367446562141,0,2.5,2.2577066747540004,246.09002754818604,-12.931024875082281,19.9218788136996,,,,,,,,,,
LLOYDSENGG_MINED_BASE_G0_C906,,0,3,3,close_ema_3_daily_slope_pct >= 3.7465597082957087 AND close_ema_8_daily_volatility_5_daily >= 0.8645495401600428 AND close_ema_3_daily_range_5_pct >= 7.091176553732353,109,59,50,54.12844036697248,16.895715440582055,37.23272492639042,8.811641067097817,308.4367446562141,0,2.5,2.2577066747540004,246.09002754818604,-12.931024875082281,19.9218788136996,,,,,,,,,,
LLOYDSENGG_MINED_BASE_G0_C907,,0,3,3,close_to_close_ema_3_daily_difference_pct >= 3.6112616349206315 AND close_ema_8_daily_range_5_pct >= 3.117710901412895 AND close_ema_13_daily_volatility_5_daily >= 0.6665343015434868,109,59,50,54.12844036697248,16.895715440582055,37.23272492639042,8.811641067097817,308.37562307833286,0,2.5,2.237332815460266,243.869276885169,-12.931024875082281,19.9218788136996,,,,,,,,,,
LLOYDSENGG_MINED_BASE_G0_C908,,0,3,3,close_ema_3_daily_slope_pct >= 3.7465597082957087 AND close_ema_8_daily_range_5_pct >= 3.117710901412895 AND close_ema_13_daily_volatility_5_daily >= 0.6665343015434868,109,59,50,54.12844036697248,16.895715440582055,37.23272492639042,8.811641067097817,308.37562307833286,0,2.5,2.237332815460266,243.869276885169,-12.931024875082281,19.9218788136996,,,,,,,,,,
LLOYDSENGG_MINED_BASE_G0_C909,,0,3,3,close_ema_3_daily_range_5_pct >= 4.683096254230115 AND close_ema_8_daily_volatility_5_daily >= 0.8645495401600428 AND close_ema_21_daily_volatility_5_daily >= 0.5048951676587204,412,126,286,30.582524271844658,16.895715440582055,13.686808831262603,33.306386418755054,308.36992397688283,0,14.3,0.7452932735232787,307.0608286915908,-12.931024875082281,19.9218788136996,,,,,,,,,,
LLOYDSENGG_MINED_BASE_G0_C910,,0,1,1,close_ema_3_daily_range_5_pct >= 5.878821482298,496,136,360,27.419354838709676,16.895715440582055,10.52363939812762,40.09700889248181,308.25218876724665,0,18,0.5446639255361824,270.1533070659465,-12.931024875082281,19.9218788136996,,,,,,,,,,
LLOYDSENGG_MINED_BASE_G0_C911,,0,3,3,close_ema_3_daily_volatility_5_daily >= 1.8141316287340417 AND close_ema_21_daily_range_5_pct >= 6.280967301429598 AND close_ema_8_daily_volatility_5_daily >= 1.2672772609808338,119,63,56,52.94117647058824,16.895715440582055,36.04546103000618,9.62004850444624,308.2448337804345,0,2.8000000000000003,1.605842876801195,191.0953023393422,-9.254259760270903,10.000014739437525,,,,,,,,,,
LLOYDSENGG_MINED_BASE_G0_C912,,0,3,3,close_ema_3_daily_volatility_5_daily >= 1.8141316287340417 AND close_ema_21_daily_volatility_5_daily >= 0.5048951676587204 AND close_ema_3_daily_range_5_pct >= 7.091176553732353,300,109,191,36.333333333333336,16.895715440582055,19.43761789275128,24.252223120452708,308.1566125871169,0,9.55,0.8395077077868467,251.852312336054,-12.931024875082281,19.9218788136996,,,,,,,,,,
LLOYDSENGG_MINED_BASE_G0_C913,,0,3,3,close_ema_8_daily_range_5_pct >= 3.117710901412895 AND close_ema_21_daily_range_5_pct >= 6.280967301429598 AND close_ema_8_daily_volatility_5_daily >= 1.2672772609808338,119,63,56,52.94117647058824,16.895715440582055,36.04546103000618,9.62004850444624,308.0932829019919,0,2.8000000000000003,1.5553259173203426,185.08378416112078,-9.254259760270903,10.000014739437525,,,,,,,,,,
LLOYDSENGG_MINED_BASE_G0_C914,,0,3,3,close_ema_3_daily_volatility_5_daily >= 2.551529495595912 AND close_ema_21_daily_volatility_5_daily >= 0.5048951676587204 AND close_ema_8_daily_volatility_5_daily >= 1.0367159490053137,235,96,139,40.85106382978723,16.895715440582055,23.955348389205174,18.997574777687955,307.9683227066963,0,6.95,1.0471935868901323,246.09049291918112,-12.931024875082281,17.175581052420334,,,,,,,,,,
LLOYDSENGG_MINED_BASE_G0_C915,,0,3,3,close_ema_3_daily_volatility_5_daily >= 1.8141316287340417 AND close_ema_8_daily_volatility_5_daily >= 1.2672772609808338 AND close_ema_13_daily_volatility_5_daily >= 0.8014195041727374,330,114,216,34.54545454545455,16.895715440582055,17.64973910487249,26.677445432497983,307.9676952569521,0,10.8,0.8396665775298823,277.08997058486113,-12.931024875082281,19.9218788136996,,,,,,,,,,
LLOYDSENGG_MINED_BASE_G0_C916,,0,3,3,close_to_close_ema_3_daily_difference_pct >= 2.1306145320817853 AND close_ema_3_daily_range_5_pct >= 4.683096254230115 AND close_ema_13_daily_volatility_5_daily >= 0.6665343015434868,187,84,103,44.919786096256686,16.895715440582055,28.02407065567463,15.117219078415523,307.9611976117984,0,5.15,1.663614777808411,311.09596345017286,-12.931024875082281,19.9218788136996,,,,,,,,,,
LLOYDSENGG_MINED_BASE_G0_C917,,0,3,3,close_ema_3_daily_volatility_5_daily >= 1.8141316287340417 AND close_ema_8_daily_volatility_5_daily >= 1.0367159490053137 AND close_ema_3_daily_range_5_pct >= 7.091176553732353,318,112,206,35.22012578616352,16.895715440582055,18.324410345581466,25.70735650767987,307.92241469418997,0,10.3,0.8667876554275536,275.63847442596204,-12.931024875082281,19.9218788136996,,,,,,,,,,
LLOYDSENGG_MINED_BASE_G0_C918,,0,3,3,close_ema_3_daily_range_5_pct >= 4.683096254230115 AND close_ema_3_daily_volatility_5_daily >= 1.4807591382075385 AND close_ema_8_daily_volatility_5_daily >= 1.0367159490053137,413,126,287,30.508474576271187,16.895715440582055,13.612759135689132,33.38722716248989,307.8965113027636,0,14.350000000000001,0.7275718747726518,300.4871842811052,-12.931024875082281,19.9218788136996,,,,,,,,,,
LLOYDSENGG_MINED_BASE_G0_C919,,0,3,3,close_to_close_ema_3_daily_difference_pct >= 2.1306145320817853 AND close_ema_3_daily_range_5_pct >= 5.878821482298 AND close_ema_8_daily_volatility_5_daily >= 1.2672772609808338,146,72,74,49.31506849315068,16.895715440582055,32.419353052568624,11.802748585286984,307.8236949723239,0,3.7,1.8089765698269245,264.110579194731,-12.931024875082281,19.9218788136996,,,,,,,,,,
LLOYDSENGG_MINED_BASE_G0_C920,,0,3,3,close_ema_8_daily_volatility_5_daily >= 0.8645495401600428 AND close_ema_3_daily_volatility_5_daily >= 1.8141316287340417 AND close_ema_13_daily_volatility_5_daily >= 0.6665343015434868,413,126,287,30.508474576271187,16.895715440582055,13.612759135689132,33.38722716248989,307.80271901554664,0,14.350000000000001,0.6963077790336578,287.5751127409007,-12.931024875082281,19.9218788136996,,,,,,,,,,
LLOYDSENGG_MINED_BASE_G0_C921,,0,3,3,close_ema_3_daily_slope_pct >= 2.1777186239842106 AND close_ema_3_daily_range_5_pct >= 7.091176553732353 AND close_ema_8_daily_volatility_5_daily >= 1.2672772609808338,140,70,70,50,16.895715440582055,33.10428455941795,11.317704122877931,307.7527355461167,0,3.5,1.9104375830090041,267.4612616212606,-12.931024875082281,19.9218788136996,,,,,,,,,,
LLOYDSENGG_MINED_BASE_G0_C922,,0,3,3,close_ema_3_daily_volatility_5_daily >= 1.8141316287340417 AND close_ema_21_daily_range_5_pct >= 1.8831689286059863 AND close_ema_13_daily_volatility_5_daily >= 0.8014195041727374,349,117,232,33.5243553008596,16.895715440582055,16.62863986027754,28.213419563459986,307.67696336865635,0,11.600000000000001,0.7112546890895463,248.22788649225166,-12.931024875082281,19.9218788136996,,,,,,,,,,
LLOYDSENGG_MINED_BASE_G0_C923,,0,3,3,close_ema_3_daily_volatility_5_daily >= 2.1517313552241197 AND close_ema_8_daily_volatility_5_daily >= 1.0367159490053137 AND close_ema_3_daily_range_5_pct >= 7.091176553732353,295,108,187,36.610169491525426,16.895715440582055,19.71445405094337,23.848019401778497,307.66879683214944,0,9.35,0.8155088591442039,240.57511344754016,-12.931024875082281,17.175581052420334,,,,,,,,,,
LLOYDSENGG_MINED_BASE_G0_C924,,0,3,3,close_ema_3_daily_volatility_5_daily >= 1.8141316287340417 AND close_ema_3_daily_range_5_pct >= 5.878821482298 AND close_ema_13_daily_volatility_5_daily >= 0.8014195041727374,330,114,216,34.54545454545455,16.895715440582055,17.64973910487249,26.677445432497983,307.65147788170026,0,10.8,0.7342607857792636,242.30605930715697,-12.931024875082281,19.9218788136996,,,,,,,,,,
LLOYDSENGG_MINED_BASE_G0_C925,,0,3,3,close_to_close_ema_3_daily_difference_pct >= 2.1306145320817853 AND close_ema_3_daily_range_5_pct >= 4.683096254230115 AND close_ema_3_daily_volatility_5_daily >= 1.4807591382075385,203,88,115,43.34975369458128,16.895715440582055,26.454038253999226,16.410670978173002,307.5891928540852,0,5.75,1.689667194696349,343.00244052335887,-12.931024875082281,19.9218788136996,,,,,,,,,,
LLOYDSENGG_MINED_BASE_G0_C926,,0,3,3,close_ema_3_daily_volatility_5_daily >= 2.551529495595912 AND close_ema_8_daily_volatility_5_daily >= 1.0367159490053137 AND close_ema_3_daily_slope_pct >= 0.3776715879064552,159,76,83,47.79874213836478,16.895715440582055,30.903026697782725,12.853678253839934,307.555122172167,0,4.15,1.729996227751104,275.06940021242553,-12.931024875082281,10.000015661015443,,,,,,,,,,
LLOYDSENGG_MINED_BASE_G0_C927,,0,3,3,close_ema_3_daily_volatility_5_daily >= 2.551529495595912 AND close_ema_8_daily_volatility_5_daily >= 1.0367159490053137 AND close_to_close_ema_3_daily_difference_pct >= 0.37388545459352607,159,76,83,47.79874213836478,16.895715440582055,30.903026697782725,12.853678253839934,307.555122172167,0,4.15,1.729996227751104,275.06940021242553,-12.931024875082281,10.000015661015443,,,,,,,,,,
LLOYDSENGG_MINED_BASE_G0_C928,,0,3,3,close_ema_8_daily_volatility_5_daily >= 0.8645495401600428 AND close_ema_3_daily_volatility_5_daily >= 1.8141316287340417 AND close_ema_3_daily_range_5_pct >= 5.878821482298,398,124,274,31.155778894472363,16.895715440582055,14.260063453890307,32.17461600646726,307.54008186076095,0,13.700000000000001,0.6465881971031491,257.3421024470533,-12.931024875082281,19.9218788136996,,,,,,,,,,
LLOYDSENGG_MINED_BASE_G0_C929,,0,2,2,close_ema_3_daily_volatility_5_daily >= 2.551529495595912 AND close_ema_8_daily_volatility_5_daily >= 1.0367159490053137,245,98,147,40,16.895715440582055,23.104284559417945,19.805982215036376,307.5346739221846,0,7.3500000000000005,1.121083708364966,274.6655085494167,-12.931024875082281,17.175581052420334,,,,,,,,,,
LLOYDSENGG_MINED_BASE_G0_C930,,0,2,2,close_ema_3_daily_volatility_5_daily >= 1.4807591382075385 AND close_ema_8_daily_volatility_5_daily >= 1.0367159490053137,454,131,323,28.854625550660796,16.895715440582055,11.95891011007874,36.70169765561843,307.5213226395288,0,16.150000000000002,0.6255906963783643,284.0181761557774,-12.931024875082281,19.9218788136996,,,,,,,,,,
LLOYDSENGG_MINED_BASE_G0_C931,,0,3,3,close_ema_3_daily_volatility_5_daily >= 1.4807591382075385 AND close_ema_21_daily_range_5_pct >= 6.280967301429598 AND close_ema_8_daily_volatility_5_daily >= 1.0367159490053137,122,64,58,52.459016393442624,16.895715440582055,35.56330095286057,9.862570735650769,307.48168335380507,0,2.9000000000000004,1.521726196500736,185.6505959730898,-9.254259760270903,10.000014739437525,,,,,,,,,,
LLOYDSENGG_MINED_BASE_G0_C932,,0,3,3,close_ema_3_daily_volatility_5_daily >= 1.4807591382075385 AND close_to_close_ema_3_daily_difference_pct >= 3.6112616349206315 AND close_ema_13_daily_volatility_5_daily >= 0.6665343015434868,112,60,52,53.57142857142857,16.895715440582055,36.67571313084652,9.054163298302344,307.4593384101378,0,2.6,2.226924251968404,249.41551622046123,-12.931024875082281,19.9218788136996,,,,,,,,,,
LLOYDSENGG_MINED_BASE_G0_C933,,0,3,3,close_ema_3_daily_volatility_5_daily >= 1.4807591382075385 AND close_ema_3_daily_slope_pct >= 3.7465597082957087 AND close_ema_13_daily_volatility_5_daily >= 0.6665343015434868,112,60,52,53.57142857142857,16.895715440582055,36.67571313084652,9.054163298302344,307.4593384101378,0,2.6,2.226924251968404,249.41551622046123,-12.931024875082281,19.9218788136996,,,,,,,,,,
LLOYDSENGG_MINED_BASE_G0_C934,,0,2,2,close_ema_3_daily_volatility_5_daily >= 1.8141316287340417 AND close_ema_8_daily_volatility_5_daily >= 1.2672772609808338,337,115,222,34.124629080118694,16.895715440582055,17.22891363953664,27.243330638641876,307.43494157371816,0,11.100000000000001,0.7967911253449924,268.5186092412624,-12.931024875082281,19.9218788136996,,,,,,,,,,
LLOYDSENGG_MINED_BASE_G0_C935,,0,3,3,close_ema_3_daily_volatility_5_daily >= 1.8141316287340417 AND close_ema_8_daily_volatility_5_daily >= 1.2672772609808338 AND close_ema_13_daily_volatility_5_daily >= 0.6665343015434868,337,115,222,34.124629080118694,16.895715440582055,17.22891363953664,27.243330638641876,307.43494157371816,0,11.100000000000001,0.7967911253449924,268.5186092412624,-12.931024875082281,19.9218788136996,,,,,,,,,,
LLOYDSENGG_MINED_BASE_G0_C936,,0,3,3,close_ema_3_daily_volatility_5_daily >= 1.8141316287340417 AND close_to_close_ema_3_daily_difference_pct >= 1.127345753351754 AND close_ema_13_daily_volatility_5_daily >= 0.8014195041727374,195,86,109,44.1025641025641,16.895715440582055,27.206848661982047,15.76394502829426,307.3932769383979,0,5.45,1.6030112094958673,312.58718585169413,-12.931024875082281,19.9218788136996,,,,,,,,,,
LLOYDSENGG_MINED_BASE_G0_C937,,0,3,3,close_ema_3_daily_volatility_5_daily >= 1.8141316287340417 AND close_ema_3_daily_slope_pct >= 1.1401997467767693 AND close_ema_13_daily_volatility_5_daily >= 0.8014195041727374,195,86,109,44.1025641025641,16.895715440582055,27.206848661982047,15.76394502829426,307.3932769383979,0,5.45,1.6030112094958673,312.58718585169413,-12.931024875082281,19.9218788136996,,,,,,,,,,
LLOYDSENGG_MINED_BASE_G0_C938,,0,2,2,close_ema_3_daily_slope_pct >= 2.1777186239842106 AND close_ema_3_daily_range_5_pct >= 7.091176553732353,166,78,88,46.98795180722892,16.895715440582055,30.092236366646862,13.419563459983832,307.3780024088455,0,4.4,1.7722735252037098,294.1974051838158,-12.931024875082281,19.9218788136996,,,,,,,,,,
LLOYDSENGG_MINED_BASE_G0_C939,,0,3,3,close_ema_3_daily_slope_pct >= 2.1777186239842106 AND close_to_close_ema_3_daily_difference_pct >= 2.1306145320817853 AND close_ema_3_daily_range_5_pct >= 7.091176553732353,166,78,88,46.98795180722892,16.895715440582055,30.092236366646862,13.419563459983832,307.3780024088455,0,4.4,1.7722735252037098,294.1974051838158,-12.931024875082281,19.9218788136996,,,,,,,,,,
LLOYDSENGG_MINED_BASE_G0_C940,,0,3,3,close_ema_3_daily_slope_pct >= 2.1777186239842106 AND close_ema_3_daily_volatility_5_daily >= 1.4807591382075385 AND close_ema_3_daily_range_5_pct >= 7.091176553732353,166,78,88,46.98795180722892,16.895715440582055,30.092236366646862,13.419563459983832,307.3780024088455,0,4.4,1.7722735252037098,294.1974051838158,-12.931024875082281,19.9218788136996,,,,,,,,,,
LLOYDSENGG_MINED_BASE_G0_C941,,0,3,3,close_ema_3_daily_slope_pct >= 2.1777186239842106 AND close_ema_3_daily_range_5_pct >= 7.091176553732353 AND close_to_close_ema_3_daily_difference_pct >= 1.127345753351754,166,78,88,46.98795180722892,16.895715440582055,30.092236366646862,13.419563459983832,307.3780024088455,0,4.4,1.7722735252037098,294.1974051838158,-12.931024875082281,19.9218788136996,,,,,,,,,,
LLOYDSENGG_MINED_BASE_G0_C942,,0,3,3,close_ema_3_daily_slope_pct >= 2.1777186239842106 AND close_ema_3_daily_range_5_pct >= 7.091176553732353 AND close_to_close_ema_3_daily_difference_pct >= 0.37388545459352607,166,78,88,46.98795180722892,16.895715440582055,30.092236366646862,13.419563459983832,307.3780024088455,0,4.4,1.7722735252037098,294.1974051838158,-12.931024875082281,19.9218788136996,,,,,,,,,,
LLOYDSENGG_MINED_BASE_G0_C943,,0,3,3,close_ema_8_daily_volatility_5_daily >= 0.8645495401600428 AND close_ema_3_daily_range_5_pct >= 5.878821482298 AND close_ema_21_daily_volatility_5_daily >= 0.5048951676587204,370,120,250,32.432432432432435,16.895715440582055,15.53671699185038,29.911075181891672,307.3541395543225,0,12.5,0.7235181983568618,267.7017333920389,-12.931024875082281,19.9218788136996,,,,,,,,,,
LLOYDSENGG_MINED_BASE_G0_C944,,0,3,3,close_ema_3_daily_volatility_5_daily >= 1.8141316287340417 AND close_ema_21_daily_volatility_5_daily >= 0.5048951676587204 AND close_ema_8_daily_volatility_5_daily >= 1.2672772609808338,325,113,212,34.76923076923077,16.895715440582055,17.87351532864871,26.27324171382377,307.29168069168276,0,10.600000000000001,0.8413680161464107,273.44460524758347,-12.931024875082281,19.9218788136996,,,,,,,,,,
LLOYDSENGG_MINED_BASE_G0_C945,,0,2,2,close_ema_3_daily_volatility_5_daily >= 1.4807591382075385 AND close_ema_21_daily_volatility_5_daily >= 0.5048951676587204,454,131,323,28.854625550660796,16.895715440582055,11.95891011007874,36.70169765561843,307.27977118175545,0,16.150000000000002,0.5450735437872525,247.46338887941263,-12.931024875082281,19.9218788136996,,,,,,,,,,
LLOYDSENGG_MINED_BASE_G0_C946,,0,3,3,close_ema_3_daily_range_5_pct >= 5.878821482298 AND close_ema_21_daily_volatility_5_daily >= 0.5048951676587204 AND close_to_close_ema_3_daily_difference_pct >= 1.127345753351754,199,87,112,43.71859296482412,16.895715440582055,26.822877524242063,16.08730800323363,307.276597885914,0,5.6000000000000005,1.5874034215679043,315.89328089201297,-12.931024875082281,19.9218788136996,,,,,,,,,,
LLOYDSENGG_MINED_BASE_G0_C947,,0,3,3,close_ema_3_daily_range_5_pct >= 5.878821482298 AND close_ema_21_daily_volatility_5_daily >= 0.5048951676587204 AND close_ema_3_daily_slope_pct >= 1.1401997467767693,199,87,112,43.71859296482412,16.895715440582055,26.822877524242063,16.08730800323363,307.276597885914,0,5.6000000000000005,1.5874034215679043,315.89328089201297,-12.931024875082281,19.9218788136996,,,,,,,,,,
LLOYDSENGG_MINED_BASE_G0_C948,,0,3,3,close_ema_3_daily_volatility_5_daily >= 1.8141316287340417 AND close_ema_21_daily_range_5_pct >= 1.8831689286059863 AND close_to_close_ema_3_daily_difference_pct >= 1.127345753351754,199,87,112,43.71859296482412,16.895715440582055,26.822877524242063,16.08730800323363,307.183212423084,0,5.6000000000000005,1.5562749339579018,309.69871185762247,-12.931024875082281,19.9218788136996,,,,,,,,,,
LLOYDSENGG_MINED_BASE_G0_C949,,0,3,3,close_ema_3_daily_volatility_5_daily >= 1.8141316287340417 AND close_ema_21_daily_range_5_pct >= 1.8831689286059863 AND close_ema_3_daily_slope_pct >= 1.1401997467767693,199,87,112,43.71859296482412,16.895715440582055,26.822877524242063,16.08730800323363,307.183212423084,0,5.6000000000000005,1.5562749339579018,309.69871185762247,-12.931024875082281,19.9218788136996,,,,,,,,,,
LLOYDSENGG_MINED_BASE_G0_C950,,0,3,3,close_ema_3_daily_range_5_pct >= 4.683096254230115 AND close_ema_3_daily_volatility_5_daily >= 1.8141316287340417 AND close_ema_21_daily_range_5_pct >= 6.280967301429598,114,61,53,53.50877192982456,16.895715440582055,36.61305648924251,9.21584478577203,307.05352927548734,0,2.6500000000000004,1.5460822764249151,176.25337951244032,-9.254259760270903,10.000014739437525,,,,,,,,,,
LLOYDSENGG_MINED_BASE_G0_C951,,0,3,3,close_ema_3_daily_range_5_pct >= 4.683096254230115 AND close_ema_21_daily_range_5_pct >= 6.280967301429598 AND close_ema_8_daily_volatility_5_daily >= 1.0367159490053137,114,61,53,53.50877192982456,16.895715440582055,36.61305648924251,9.21584478577203,307.05352927548734,0,2.6500000000000004,1.5460822764249151,176.25337951244032,-9.254259760270903,10.000014739437525,,,,,,,,,,
LLOYDSENGG_MINED_BASE_G0_C952,,0,3,3,close_ema_3_daily_volatility_5_daily >= 1.8141316287340417 AND close_ema_3_daily_range_5_pct >= 5.878821482298 AND close_ema_21_daily_range_5_pct >= 6.280967301429598,114,61,53,53.50877192982456,16.895715440582055,36.61305648924251,9.21584478577203,307.05352927548734,0,2.6500000000000004,1.5460822764249151,176.25337951244032,-9.254259760270903,10.000014739437525,,,,,,,,,,
LLOYDSENGG_MINED_BASE_G0_C953,,0,3,3,close_ema_3_daily_range_5_pct >= 5.878821482298 AND close_ema_21_daily_range_5_pct >= 6.280967301429598 AND close_ema_8_daily_volatility_5_daily >= 1.0367159490053137,114,61,53,53.50877192982456,16.895715440582055,36.61305648924251,9.21584478577203,307.05352927548734,0,2.6500000000000004,1.5460822764249151,176.25337951244032,-9.254259760270903,10.000014739437525,,,,,,,,,,
LLOYDSENGG_MINED_BASE_G0_C954,,0,3,3,close_ema_3_daily_volatility_5_daily >= 2.1517313552241197 AND close_ema_8_daily_volatility_5_daily >= 1.0367159490053137 AND close_to_close_ema_3_daily_difference_pct >= 1.127345753351754,199,87,112,43.71859296482412,16.895715440582055,26.822877524242063,16.08730800323363,307.01884923913434,0,5.6000000000000005,1.5014872059746864,298.7959539889626,-12.931024875082281,10.000015661015443,,,,,,,,,,
LLOYDSENGG_MINED_BASE_G0_C955,,0,3,3,close_ema_3_daily_volatility_5_daily >= 2.1517313552241197 AND close_ema_8_daily_volatility_5_daily >= 1.0367159490053137 AND close_ema_3_daily_slope_pct >= 1.1401997467767693,199,87,112,43.71859296482412,16.895715440582055,26.822877524242063,16.08730800323363,307.01884923913434,0,5.6000000000000005,1.5014872059746864,298.7959539889626,-12.931024875082281,10.000015661015443,,,,,,,,,,
LLOYDSENGG_MINED_BASE_G0_C956,,0,3,3,close_ema_21_daily_volatility_5_daily >= 0.5048951676587204 AND close_ema_8_daily_volatility_5_daily >= 1.0367159490053137 AND close_ema_3_daily_range_5_pct >= 7.091176553732353,302,109,193,36.092715231788084,16.895715440582055,19.19699979120603,24.413904607922394,306.9385822001562,0,9.65,0.8678610813753324,262.0940465753504,-12.931024875082281,19.9218788136996,,,,,,,,,,
LLOYDSENGG_MINED_BASE_G0_C957,,0,1,1,close_ema_21_daily_range_5_pct >= 6.280967301429598,125,65,60,52,16.895715440582055,35.10428455941795,10.105092966855295,306.8773704883404,0,3,1.4519825637502184,181.4978204687773,-9.254259760270903,10.000014739437525,,,,,,,,,,
LLOYDSENGG_MINED_BASE_G0_C958,,0,2,2,close_ema_8_daily_volatility_5_daily >= 0.8645495401600428 AND close_ema_21_daily_range_5_pct >= 6.280967301429598,125,65,60,52,16.895715440582055,35.10428455941795,10.105092966855295,306.8773704883404,0,3,1.4519825637502184,181.4978204687773,-9.254259760270903,10.000014739437525,,,,,,,,,,
LLOYDSENGG_MINED_BASE_G0_C959,,0,2,2,close_ema_21_daily_range_5_pct >= 6.280967301429598 AND close_ema_21_daily_volatility_5_daily >= 0.5048951676587204,125,65,60,52,16.895715440582055,35.10428455941795,10.105092966855295,306.8773704883404,0,3,1.4519825637502184,181.4978204687773,-9.254259760270903,10.000014739437525,,,,,,,,,,
LLOYDSENGG_MINED_BASE_G0_C960,,0,2,2,close_ema_21_daily_range_5_pct >= 6.280967301429598 AND close_ema_13_daily_volatility_5_daily >= 0.6665343015434868,125,65,60,52,16.895715440582055,35.10428455941795,10.105092966855295,306.8773704883404,0,3,1.4519825637502184,181.4978204687773,-9.254259760270903,10.000014739437525,,,,,,,,,,
LLOYDSENGG_MINED_BASE_G0_C961,,0,2,2,close_ema_21_daily_range_5_pct >= 6.280967301429598 AND close_ema_13_daily_volatility_5_daily >= 0.8014195041727374,125,65,60,52,16.895715440582055,35.10428455941795,10.105092966855295,306.8773704883404,0,3,1.4519825637502184,181.4978204687773,-9.254259760270903,10.000014739437525,,,,,,,,,,
LLOYDSENGG_MINED_BASE_G0_C962,,0,3,3,close_ema_8_daily_volatility_5_daily >= 0.8645495401600428 AND close_ema_21_daily_range_5_pct >= 6.280967301429598 AND close_ema_21_daily_volatility_5_daily >= 0.5048951676587204,125,65,60,52,16.895715440582055,35.10428455941795,10.105092966855295,306.8773704883404,0,3,1.4519825637502184,181.4978204687773,-9.254259760270903,10.000014739437525,,,,,,,,,,
LLOYDSENGG_MINED_BASE_G0_C963,,0,3,3,close_ema_8_daily_volatility_5_daily >= 0.8645495401600428 AND close_ema_21_daily_range_5_pct >= 6.280967301429598 AND close_ema_13_daily_volatility_5_daily >= 0.6665343015434868,125,65,60,52,16.895715440582055,35.10428455941795,10.105092966855295,306.8773704883404,0,3,1.4519825637502184,181.4978204687773,-9.254259760270903,10.000014739437525,,,,,,,,,,
LLOYDSENGG_MINED_BASE_G0_C964,,0,3,3,close_ema_8_daily_volatility_5_daily >= 0.8645495401600428 AND close_ema_21_daily_range_5_pct >= 6.280967301429598 AND close_ema_13_daily_volatility_5_daily >= 0.8014195041727374,125,65,60,52,16.895715440582055,35.10428455941795,10.105092966855295,306.8773704883404,0,3,1.4519825637502184,181.4978204687773,-9.254259760270903,10.000014739437525,,,,,,,,,,
LLOYDSENGG_MINED_BASE_G0_C965,,0,3,3,close_ema_21_daily_range_5_pct >= 6.280967301429598 AND close_ema_21_daily_volatility_5_daily >= 0.5048951676587204 AND close_ema_13_daily_volatility_5_daily >= 0.6665343015434868,125,65,60,52,16.895715440582055,35.10428455941795,10.105092966855295,306.8773704883404,0,3,1.4519825637502184,181.4978204687773,-9.254259760270903,10.000014739437525,,,,,,,,,,
LLOYDSENGG_MINED_BASE_G0_C966,,0,3,3,close_ema_21_daily_range_5_pct >= 6.280967301429598 AND close_ema_21_daily_volatility_5_daily >= 0.5048951676587204 AND close_ema_13_daily_volatility_5_daily >= 0.8014195041727374,125,65,60,52,16.895715440582055,35.10428455941795,10.105092966855295,306.8773704883404,0,3,1.4519825637502184,181.4978204687773,-9.254259760270903,10.000014739437525,,,,,,,,,,
LLOYDSENGG_MINED_BASE_G0_C967,,0,3,3,close_to_close_ema_3_daily_difference_pct >= 3.6112616349206315 AND close_ema_3_daily_range_5_pct >= 7.091176553732353 AND close_ema_13_daily_volatility_5_daily >= 0.6665343015434868,107,58,49,54.20560747663551,16.895715440582055,37.309892036053455,8.649959579628133,306.83325667397594,0,2.45,2.2445988312362255,240.1720749422761,-12.931024875082281,19.9218788136996,,,,,,,,,,
LLOYDSENGG_MINED_BASE_G0_C968,,0,3,3,close_ema_3_daily_slope_pct >= 3.7465597082957087 AND close_ema_3_daily_range_5_pct >= 7.091176553732353 AND close_ema_13_daily_volatility_5_daily >= 0.6665343015434868,107,58,49,54.20560747663551,16.895715440582055,37.309892036053455,8.649959579628133,306.83325667397594,0,2.45,2.2445988312362255,240.1720749422761,-12.931024875082281,19.9218788136996,,,,,,,,,,
LLOYDSENGG_MINED_BASE_G0_C969,,0,3,3,close_ema_3_daily_volatility_5_daily >= 2.1517313552241197 AND close_ema_8_daily_volatility_5_daily >= 0.8645495401600428 AND close_ema_3_daily_range_5_pct >= 7.091176553732353,302,109,193,36.092715231788084,16.895715440582055,19.19699979120603,24.413904607922394,306.67287827463826,0,9.65,0.7792931062027053,235.346518073217,-12.931024875082281,17.175581052420334,,,,,,,,,,
LLOYDSENGG_MINED_BASE_G0_C970,,0,3,3,close_ema_3_daily_range_5_pct >= 4.683096254230115 AND close_ema_3_daily_volatility_5_daily >= 2.551529495595912 AND close_ema_21_daily_volatility_5_daily >= 0.5048951676587204,232,95,137,40.94827586206897,16.895715440582055,24.052560421486913,18.755052546483427,306.5674707139348,0,6.8500000000000005,1.0515562021667548,243.96103890268714,-12.931024875082281,17.175581052420334,,,,,,,,,,
LLOYDSENGG_MINED_BASE_G0_C971,,0,3,3,close_ema_3_daily_volatility_5_daily >= 1.8141316287340417 AND close_ema_3_daily_range_5_pct >= 5.878821482298 AND close_ema_21_daily_range_5_pct >= 1.8831689286059863,332,114,218,34.33734939759036,16.895715440582055,17.441633957008303,26.839126919967665,306.5249037731319,0,10.9,0.7389113293634497,245.3185613486653,-12.931024875082281,19.9218788136996,,,,,,,,,,
LLOYDSENGG_MINED_BASE_G0_C972,,0,3,3,close_ema_3_daily_volatility_5_daily >= 2.1517313552241197 AND close_ema_8_daily_range_5_pct >= 3.117710901412895 AND close_ema_3_daily_range_5_pct >= 5.878821482298,320,112,208,35,16.895715440582055,18.104284559417945,25.869037995149558,306.50989557528106,0,10.4,0.7961575927304398,254.77042967374075,-12.931024875082281,17.175581052420334,,,,,,,,,,
LLOYDSENGG_MINED_BASE_G0_C973,,0,3,3,close_ema_3_daily_volatility_5_daily >= 2.1517313552241197 AND close_ema_3_daily_range_5_pct >= 5.878821482298 AND close_ema_8_daily_volatility_5_daily >= 1.2672772609808338,286,106,180,37.06293706293706,16.895715440582055,20.167221622355004,23.120452708164915,306.44116395222864,0,9,0.8683519468178603,248.34865678990806,-12.931024875082281,17.175581052420334,,,,,,,,,,
LLOYDSENGG_MINED_BASE_G0_C974,,0,2,2,close_ema_3_daily_volatility_5_daily >= 1.8141316287340417 AND close_ema_13_daily_volatility_5_daily >= 0.6665343015434868,416,126,290,30.288461538461537,16.895715440582055,13.392746097879481,33.629749393694425,306.4322584548626,0,14.5,0.6561759884884026,272.9692112111755,-12.931024875082281,19.9218788136996,,,,,,,,,,
LLOYDSENGG_MINED_BASE_G0_C975,,0,3,3,close_ema_3_daily_volatility_5_daily >= 1.8141316287340417 AND close_ema_8_daily_range_5_pct >= 3.117710901412895 AND close_ema_21_daily_range_5_pct >= 1.8831689286059863,352,117,235,33.23863636363637,16.895715440582055,16.34292092305431,28.455941794664515,306.3403358587803,0,11.75,0.7919104145029099,278.7524659050243,-12.931024875082281,19.9218788136996,,,,,,,,,,
LLOYDSENGG_MINED_BASE_G0_C976,,0,3,3,close_ema_3_daily_volatility_5_daily >= 1.4807591382075385 AND close_ema_3_daily_range_5_pct >= 5.878821482298 AND close_ema_21_daily_volatility_5_daily >= 0.5048951676587204,372,120,252,32.25806451612903,16.895715440582055,15.362349075546977,30.072756669361354,306.32925659588426,0,12.600000000000001,0.7058370727164552,262.57139105052136,-12.931024875082281,19.9218788136996,,,,,,,,,,
LLOYDSENGG_MINED_BASE_G0_C977,,0,2,2,close_ema_3_daily_range_5_pct >= 4.683096254230115 AND close_ema_8_daily_volatility_5_daily >= 1.0367159490053137,425,127,298,29.88235294117647,16.895715440582055,12.986637500594416,34.35731608730801,306.28236401103857,0,14.9,0.7497255026888123,318.63333864274523,-12.931024875082281,19.9218788136996,,,,,,,,,,
LLOYDSENGG_MINED_BASE_G0_C978,,0,3,3,close_ema_21_daily_volatility_5_daily >= 0.5048951676587204 AND close_to_close_ema_3_daily_difference_pct >= 1.127345753351754 AND close_ema_13_daily_volatility_5_daily >= 0.8014195041727374,208,89,119,42.78846153846153,16.895715440582055,25.892746097879478,16.814874696847212,306.2305047691876,0,5.95,1.5722580932633896,327.02968339878504,-12.931024875082281,19.9218788136996,,,,,,,,,,
LLOYDSENGG_MINED_BASE_G0_C979,,0,3,3,close_ema_21_daily_volatility_5_daily >= 0.5048951676587204 AND close_ema_3_daily_slope_pct >= 1.1401997467767693 AND close_ema_13_daily_volatility_5_daily >= 0.8014195041727374,208,89,119,42.78846153846153,16.895715440582055,25.892746097879478,16.814874696847212,306.2305047691876,0,5.95,1.5722580932633896,327.02968339878504,-12.931024875082281,19.9218788136996,,,,,,,,,,
LLOYDSENGG_MINED_BASE_G0_C980,,0,3,3,close_ema_3_daily_volatility_5_daily >= 2.1517313552241197 AND close_ema_3_daily_slope_pct >= 2.1777186239842106 AND close_ema_3_daily_range_5_pct >= 7.091176553732353,150,73,77,48.66666666666667,16.895715440582055,31.770951226084616,12.126111560226354,306.16401021336867,0,3.85,1.7197513609818644,257.9627041472797,-12.931024875082281,10.000015661015443,,,,,,,,,,
LLOYDSENGG_MINED_BASE_G0_C981,,0,3,3,close_ema_3_daily_volatility_5_daily >= 1.4807591382075385 AND close_to_close_ema_3_daily_difference_pct >= 1.127345753351754 AND close_ema_13_daily_volatility_5_daily >= 0.8014195041727374,200,87,113,43.5,16.895715440582055,26.604284559417945,16.168148746968473,306.1336779431034,0,5.65,1.5874183820045513,317.48367640091027,-12.931024875082281,19.9218788136996,,,,,,,,,,
LLOYDSENGG_MINED_BASE_G0_C982,,0,3,3,close_ema_3_daily_volatility_5_daily >= 1.4807591382075385 AND close_ema_3_daily_slope_pct >= 1.1401997467767693 AND close_ema_13_daily_volatility_5_daily >= 0.8014195041727374,200,87,113,43.5,16.895715440582055,26.604284559417945,16.168148746968473,306.1336779431034,0,5.65,1.5874183820045513,317.48367640091027,-12.931024875082281,19.9218788136996,,,,,,,,,,
LLOYDSENGG_MINED_BASE_G0_C983,,0,3,3,close_ema_3_daily_range_5_pct >= 4.683096254230115 AND close_ema_3_daily_volatility_5_daily >= 1.4807591382075385 AND close_ema_21_daily_volatility_5_daily >= 0.5048951676587204,409,125,284,30.56234718826406,16.895715440582055,13.666631747682004,33.06386418755052,306.0770575241225,0,14.200000000000001,0.6479662619041533,265.0182011187987,-12.931024875082281,19.9218788136996,,,,,,,,,,
LLOYDSENGG_MINED_BASE_G0_C984,,0,2,2,close_ema_3_daily_volatility_5_daily >= 1.8141316287340417 AND close_ema_8_daily_range_5_pct >= 3.117710901412895,425,127,298,29.88235294117647,16.895715440582055,12.986637500594416,34.35731608730801,306.0348658301999,0,14.9,0.6672261090759304,283.5710963572704,-12.931024875082281,19.9218788136996,,,,,,,,,,
LLOYDSENGG_MINED_BASE_G0_C985,,0,2,2,close_to_close_ema_3_daily_difference_pct >= 2.1306145320817853 AND close_ema_3_daily_range_5_pct >= 7.091176553732353,167,78,89,46.706586826347305,16.895715440582055,29.81087138576525,13.500404203718674,305.890906627014,0,4.45,1.7621832327292402,294.2845998657831,-12.931024875082281,19.9218788136996,,,,,,,,,,
LLOYDSENGG_MINED_BASE_G0_C986,,0,3,3,close_to_close_ema_3_daily_difference_pct >= 2.1306145320817853 AND close_ema_3_daily_volatility_5_daily >= 1.4807591382075385 AND close_ema_3_daily_range_5_pct >= 7.091176553732353,167,78,89,46.706586826347305,16.895715440582055,29.81087138576525,13.500404203718674,305.890906627014,0,4.45,1.7621832327292402,294.2845998657831,-12.931024875082281,19.9218788136996,,,,,,,,,,
LLOYDSENGG_MINED_BASE_G0_C987,,0,3,3,close_to_close_ema_3_daily_difference_pct >= 2.1306145320817853 AND close_ema_3_daily_range_5_pct >= 7.091176553732353 AND close_ema_3_daily_slope_pct >= 1.1401997467767693,167,78,89,46.706586826347305,16.895715440582055,29.81087138576525,13.500404203718674,305.890906627014,0,4.45,1.7621832327292402,294.2845998657831,-12.931024875082281,19.9218788136996,,,,,,,,,,
LLOYDSENGG_MINED_BASE_G0_C988,,0,3,3,close_to_close_ema_3_daily_difference_pct >= 2.1306145320817853 AND close_ema_3_daily_range_5_pct >= 7.091176553732353 AND close_ema_3_daily_slope_pct >= 0.3776715879064552,167,78,89,46.706586826347305,16.895715440582055,29.81087138576525,13.500404203718674,305.890906627014,0,4.45,1.7621832327292402,294.2845998657831,-12.931024875082281,19.9218788136996,,,,,,,,,,
LLOYDSENGG_MINED_BASE_G0_C989,,0,3,3,close_to_close_ema_3_daily_difference_pct >= 2.1306145320817853 AND close_ema_3_daily_range_5_pct >= 7.091176553732353 AND close_ema_8_daily_volatility_5_daily >= 1.2672772609808338,141,70,71,49.645390070921984,16.895715440582055,32.749674630339925,11.398544866612772,305.8908934985768,0,3.5500000000000003,1.8975067822923952,267.54845630322774,-12.931024875082281,19.9218788136996,,,,,,,,,,
LLOYDSENGG_MINED_BASE_G0_C990,,0,3,3,close_ema_3_daily_volatility_5_daily >= 2.551529495595912 AND close_to_close_ema_3_daily_difference_pct >= 1.127345753351754 AND close_ema_13_daily_volatility_5_daily >= 0.6665343015434868,144,71,73,49.30555555555556,16.895715440582055,32.409840114973505,11.641067097817299,305.88916298536236,0,3.6500000000000004,1.8299874701649388,263.5181957037512,-12.931024875082281,10.000015661015443,,,,,,,,,,
LLOYDSENGG_MINED_BASE_G0_C991,,0,3,3,close_ema_3_daily_volatility_5_daily >= 2.551529495595912 AND close_ema_3_daily_slope_pct >= 1.1401997467767693 AND close_ema_13_daily_volatility_5_daily >= 0.6665343015434868,144,71,73,49.30555555555556,16.895715440582055,32.409840114973505,11.641067097817299,305.88916298536236,0,3.6500000000000004,1.8299874701649388,263.5181957037512,-12.931024875082281,10.000015661015443,,,,,,,,,,
LLOYDSENGG_MINED_BASE_G0_C992,,0,3,3,close_to_close_ema_3_daily_difference_pct >= 3.6112616349206315 AND close_ema_8_daily_volatility_5_daily >= 0.8645495401600428 AND close_ema_8_daily_range_5_pct >= 3.117710901412895,110,59,51,53.63636363636364,16.895715440582055,36.74064819578159,8.89248181083266,305.84177034951904,0,2.5500000000000003,2.229509790203692,245.2460769224061,-12.931024875082281,19.9218788136996,,,,,,,,,,
LLOYDSENGG_MINED_BASE_G0_C993,,0,3,3,close_ema_3_daily_slope_pct >= 3.7465597082957087 AND close_ema_8_daily_volatility_5_daily >= 0.8645495401600428 AND close_ema_8_daily_range_5_pct >= 3.117710901412895,110,59,51,53.63636363636364,16.895715440582055,36.74064819578159,8.89248181083266,305.84177034951904,0,2.5500000000000003,2.229509790203692,245.2460769224061,-12.931024875082281,19.9218788136996,,,,,,,,,,
LLOYDSENGG_MINED_BASE_G0_C994,,0,3,3,close_ema_3_daily_volatility_5_daily >= 2.1517313552241197 AND close_to_close_ema_3_daily_difference_pct >= 3.6112616349206315 AND close_ema_8_daily_range_5_pct >= 3.117710901412895,102,56,46,54.90196078431373,16.895715440582055,38.00624534373168,8.24575586095392,305.811849805458,0,2.3000000000000003,2.0268743622665384,206.7411849511869,-12.931024875082281,10.000015661015443,,,,,,,,,,
LLOYDSENGG_MINED_BASE_G0_C995,,0,3,3,close_ema_3_daily_volatility_5_daily >= 2.1517313552241197 AND close_ema_3_daily_slope_pct >= 3.7465597082957087 AND close_ema_8_daily_range_5_pct >= 3.117710901412895,102,56,46,54.90196078431373,16.895715440582055,38.00624534373168,8.24575586095392,305.811849805458,0,2.3000000000000003,2.0268743622665384,206.7411849511869,-12.931024875082281,10.000015661015443,,,,,,,,,,
LLOYDSENGG_MINED_BASE_G0_C996,,0,3,3,close_ema_3_daily_volatility_5_daily >= 2.1517313552241197 AND close_ema_8_daily_volatility_5_daily >= 1.0367159490053137 AND close_ema_3_daily_slope_pct >= 0.3776715879064552,225,93,132,41.333333333333336,16.895715440582055,24.43761789275128,18.189167340339534,305.74136259125913,0,6.6000000000000005,1.3844243758342436,311.4954845627048,-12.931024875082281,10.000015661015443,,,,,,,,,,
LLOYDSENGG_MINED_BASE_G0_C997,,0,3,3,close_ema_3_daily_volatility_5_daily >= 2.1517313552241197 AND close_ema_8_daily_volatility_5_daily >= 1.0367159490053137 AND close_to_close_ema_3_daily_difference_pct >= 0.37388545459352607,225,93,132,41.333333333333336,16.895715440582055,24.43761789275128,18.189167340339534,305.74136259125913,0,6.6000000000000005,1.3844243758342436,311.4954845627048,-12.931024875082281,10.000015661015443,,,,,,,,,,
LLOYDSENGG_MINED_BASE_G0_C998,,0,2,2,close_to_close_ema_3_daily_difference_pct >= 3.6112616349206315 AND close_ema_3_daily_range_5_pct >= 7.091176553732353,110,59,51,53.63636363636364,16.895715440582055,36.74064819578159,8.89248181083266,305.678044458305,0,2.5500000000000003,2.1749344931323638,239.24279424456003,-12.931024875082281,19.9218788136996,,,,,,,,,,
LLOYDSENGG_MINED_BASE_G0_C999,,0,2,2,close_ema_3_daily_slope_pct >= 3.7465597082957087 AND close_ema_3_daily_range_5_pct >= 7.091176553732353,110,59,51,53.63636363636364,16.895715440582055,36.74064819578159,8.89248181083266,305.678044458305,0,2.5500000000000003,2.1749344931323638,239.24279424456003,-12.931024875082281,19.9218788136996,,,,,,,,,,
LLOYDSENGG_MINED_BASE_G0_C1000,,0,3,3,close_ema_3_daily_slope_pct >= 2.1777186239842106 AND close_to_close_ema_3_daily_difference_pct >= 3.6112616349206315 AND close_ema_3_daily_range_5_pct >= 7.091176553732353,110,59,51,53.63636363636364,16.895715440582055,36.74064819578159,8.89248181083266,305.678044458305,0,2.5500000000000003,2.1749344931323638,239.24279424456003,-12.931024875082281,19.9218788136996,,,,,,,,,,
LLOYDSENGG_MINED_BASE_G0_C1001,,0,3,3,close_to_close_ema_3_daily_difference_pct >= 2.1306145320817853 AND close_ema_3_daily_slope_pct >= 3.7465597082957087 AND close_ema_3_daily_range_5_pct >= 7.091176553732353,110,59,51,53.63636363636364,16.895715440582055,36.74064819578159,8.89248181083266,305.678044458305,0,2.5500000000000003,2.1749344931323638,239.24279424456003,-12.931024875082281,19.9218788136996,,,,,,,,,,
LLOYDSENGG_MINED_BASE_G0_C1002,,0,3,3,close_ema_3_daily_volatility_5_daily >= 1.4807591382075385 AND close_to_close_ema_3_daily_difference_pct >= 3.6112616349206315 AND close_ema_3_daily_range_5_pct >= 7.091176553732353,110,59,51,53.63636363636364,16.895715440582055,36.74064819578159,8.89248181083266,305.678044458305,0,2.5500000000000003,2.1749344931323638,239.24279424456003,-12.931024875082281,19.9218788136996,,,,,,,,,,
LLOYDSENGG_MINED_BASE_G0_C1003,,0,3,3,close_ema_3_daily_volatility_5_daily >= 1.4807591382075385 AND close_ema_3_daily_slope_pct >= 3.7465597082957087 AND close_ema_3_daily_range_5_pct >= 7.091176553732353,110,59,51,53.63636363636364,16.895715440582055,36.74064819578159,8.89248181083266,305.678044458305,0,2.5500000000000003,2.1749344931323638,239.24279424456003,-12.931024875082281,19.9218788136996,,,,,,,,,,
LLOYDSENGG_MINED_BASE_G0_C1004,,0,3,3,close_to_close_ema_3_daily_difference_pct >= 3.6112616349206315 AND close_ema_3_daily_slope_pct >= 3.7465597082957087 AND close_ema_3_daily_range_5_pct >= 7.091176553732353,110,59,51,53.63636363636364,16.895715440582055,36.74064819578159,8.89248181083266,305.678044458305,0,2.5500000000000003,2.1749344931323638,239.24279424456003,-12.931024875082281,19.9218788136996,,,,,,,,,,
LLOYDSENGG_MINED_BASE_G0_C1005,,0,3,3,close_to_close_ema_3_daily_difference_pct >= 3.6112616349206315 AND close_ema_3_daily_volatility_5_daily >= 1.8141316287340417 AND close_ema_3_daily_range_5_pct >= 7.091176553732353,110,59,51,53.63636363636364,16.895715440582055,36.74064819578159,8.89248181083266,305.678044458305,0,2.5500000000000003,2.1749344931323638,239.24279424456003,-12.931024875082281,19.9218788136996,,,,,,,,,,
LLOYDSENGG_MINED_BASE_G0_C1006,,0,3,3,close_to_close_ema_3_daily_difference_pct >= 3.6112616349206315 AND close_ema_3_daily_range_5_pct >= 7.091176553732353 AND close_ema_3_daily_slope_pct >= 1.1401997467767693,110,59,51,53.63636363636364,16.895715440582055,36.74064819578159,8.89248181083266,305.678044458305,0,2.5500000000000003,2.1749344931323638,239.24279424456003,-12.931024875082281,19.9218788136996,,,,,,,,,,
LLOYDSENGG_MINED_BASE_G0_C1007,,0,3,3,close_to_close_ema_3_daily_difference_pct >= 3.6112616349206315 AND close_ema_3_daily_range_5_pct >= 7.091176553732353 AND close_ema_3_daily_slope_pct >= 0.3776715879064552,110,59,51,53.63636363636364,16.895715440582055,36.74064819578159,8.89248181083266,305.678044458305,0,2.5500000000000003,2.1749344931323638,239.24279424456003,-12.931024875082281,19.9218788136996,,,,,,,,,,
LLOYDSENGG_MINED_BASE_G0_C1008,,0,3,3,close_ema_3_daily_slope_pct >= 3.7465597082957087 AND close_ema_3_daily_volatility_5_daily >= 1.8141316287340417 AND close_ema_3_daily_range_5_pct >= 7.091176553732353,110,59,51,53.63636363636364,16.895715440582055,36.74064819578159,8.89248181083266,305.678044458305,0,2.5500000000000003,2.1749344931323638,239.24279424456003,-12.931024875082281,19.9218788136996,,,,,,,,,,
LLOYDSENGG_MINED_BASE_G0_C1009,,0,3,3,close_ema_3_daily_slope_pct >= 3.7465597082957087 AND close_ema_3_daily_range_5_pct >= 7.091176553732353 AND close_to_close_ema_3_daily_difference_pct >= 1.127345753351754,110,59,51,53.63636363636364,16.895715440582055,36.74064819578159,8.89248181083266,305.678044458305,0,2.5500000000000003,2.1749344931323638,239.24279424456003,-12.931024875082281,19.9218788136996,,,,,,,,,,
LLOYDSENGG_MINED_BASE_G0_C1010,,0,3,3,close_ema_3_daily_slope_pct >= 3.7465597082957087 AND close_ema_3_daily_range_5_pct >= 7.091176553732353 AND close_to_close_ema_3_daily_difference_pct >= 0.37388545459352607,110,59,51,53.63636363636364,16.895715440582055,36.74064819578159,8.89248181083266,305.678044458305,0,2.5500000000000003,2.1749344931323638,239.24279424456003,-12.931024875082281,19.9218788136996,,,,,,,,,,
LLOYDSENGG_MINED_BASE_G0_C1011,,0,2,2,close_ema_3_daily_volatility_5_daily >= 2.551529495595912 AND close_ema_21_daily_range_5_pct >= 1.8831689286059863,220,92,128,41.81818181818181,16.895715440582055,24.922466377599758,17.78496362166532,305.542749030897,0,6.4,1.1101390476327435,244.23059047920358,-12.931024875082281,17.175581052420334,,,,,,,,,,
LLOYDSENGG_MINED_BASE_G0_C1012,,0,3,3,close_ema_8_daily_volatility_5_daily >= 0.8645495401600428 AND close_ema_3_daily_volatility_5_daily >= 2.551529495595912 AND close_ema_21_daily_range_5_pct >= 1.8831689286059863,220,92,128,41.81818181818181,16.895715440582055,24.922466377599758,17.78496362166532,305.542749030897,0,6.4,1.1101390476327435,244.23059047920358,-12.931024875082281,17.175581052420334,,,,,,,,,,
LLOYDSENGG_MINED_BASE_G0_C1013,,0,3,3,close_ema_3_daily_volatility_5_daily >= 2.551529495595912 AND close_ema_21_daily_volatility_5_daily >= 0.5048951676587204 AND close_ema_21_daily_range_5_pct >= 1.8831689286059863,220,92,128,41.81818181818181,16.895715440582055,24.922466377599758,17.78496362166532,305.542749030897,0,6.4,1.1101390476327435,244.23059047920358,-12.931024875082281,17.175581052420334,,,,,,,,,,
LLOYDSENGG_MINED_BASE_G0_C1014,,0,3,3,close_ema_3_daily_range_5_pct >= 4.683096254230115 AND close_ema_3_daily_volatility_5_daily >= 2.551529495595912 AND close_ema_3_daily_slope_pct >= 0.3776715879064552,157,75,82,47.77070063694268,16.895715440582055,30.874985196360623,12.69199676637025,305.47524850365613,0,4.1000000000000005,1.7334408406176665,272.15021197697365,-12.931024875082281,10.000015661015443,,,,,,,,,,
LLOYDSENGG_MINED_BASE_G0_C1015,,0,3,3,close_ema_3_daily_range_5_pct >= 4.683096254230115 AND close_ema_3_daily_volatility_5_daily >= 2.551529495595912 AND close_to_close_ema_3_daily_difference_pct >= 0.37388545459352607,157,75,82,47.77070063694268,16.895715440582055,30.874985196360623,12.69199676637025,305.47524850365613,0,4.1000000000000005,1.7334408406176665,272.15021197697365,-12.931024875082281,10.000015661015443,,,,,,,,,,
LLOYDSENGG_MINED_BASE_G0_C1016,,0,3,3,close_ema_8_daily_range_5_pct >= 3.117710901412895 AND close_ema_21_daily_volatility_5_daily >= 0.5048951676587204 AND close_to_close_ema_3_daily_difference_pct >= 1.127345753351754,213,90,123,42.25352112676056,16.895715440582055,25.357805686178505,17.219078415521423,305.4047864584144,0,6.15,1.5885860091739352,338.3688199540482,-12.931024875082281,19.9218788136996,,,,,,,,,,
LLOYDSENGG_MINED_BASE_G0_C1017,,0,3,3,close_ema_8_daily_range_5_pct >= 3.117710901412895 AND close_ema_21_daily_volatility_5_daily >= 0.5048951676587204 AND close_ema_3_daily_slope_pct >= 1.1401997467767693,213,90,123,42.25352112676056,16.895715440582055,25.357805686178505,17.219078415521423,305.4047864584144,0,6.15,1.5885860091739352,338.3688199540482,-12.931024875082281,19.9218788136996,,,,,,,,,,
LLOYDSENGG_MINED_BASE_G0_C1018,,0,2,2,close_ema_3_daily_volatility_5_daily >= 2.1517313552241197 AND close_ema_3_daily_range_5_pct >= 7.091176553732353,304,109,195,35.85526315789473,16.895715440582055,18.959547717312677,24.575586095392076,305.30689178475916,0,9.75,0.7530510660652766,228.9275240838441,-12.931024875082281,17.175581052420334,,,,,,,,,,
LLOYDSENGG_MINED_BASE_G0_C1019,,0,3,3,close_ema_3_daily_volatility_5_daily >= 1.8141316287340417 AND close_ema_21_daily_range_5_pct >= 1.8831689286059863 AND close_ema_13_daily_volatility_5_daily >= 0.6665343015434868,367,119,248,32.42506811989101,16.895715440582055,15.529352679308953,29.668552950687143,305.2974081880547,0,12.4,0.6835482638366314,250.8622128280437,-12.931024875082281,19.9218788136996,,,,,,,,,,
LLOYDSENGG_MINED_BASE_G0_C1020,,0,2,2,close_ema_21_daily_range_5_pct >= 6.280967301429598 AND close_ema_8_daily_volatility_5_daily >= 1.2672772609808338,123,64,59,52.03252032520326,16.895715440582055,35.1368048846212,9.943411479385611,305.17223478844915,0,2.95,1.4794034551143789,181.9666249790686,-9.254259760270903,10.000014739437525,,,,,,,,,,
LLOYDSENGG_MINED_BASE_G0_C1021,,0,3,3,close_ema_21_daily_range_5_pct >= 6.280967301429598 AND close_ema_21_daily_volatility_5_daily >= 0.5048951676587204 AND close_ema_8_daily_volatility_5_daily >= 1.2672772609808338,123,64,59,52.03252032520326,16.895715440582055,35.1368048846212,9.943411479385611,305.17223478844915,0,2.95,1.4794034551143789,181.9666249790686,-9.254259760270903,10.000014739437525,,,,,,,,,,
LLOYDSENGG_MINED_BASE_G0_C1022,,0,3,3,close_ema_21_daily_range_5_pct >= 6.280967301429598 AND close_ema_8_daily_volatility_5_daily >= 1.2672772609808338 AND close_ema_13_daily_volatility_5_daily >= 0.6665343015434868,123,64,59,52.03252032520326,16.895715440582055,35.1368048846212,9.943411479385611,305.17223478844915,0,2.95,1.4794034551143789,181.9666249790686,-9.254259760270903,10.000014739437525,,,,,,,,,,
LLOYDSENGG_MINED_BASE_G0_C1023,,0,3,3,close_ema_21_daily_range_5_pct >= 6.280967301429598 AND close_ema_8_daily_volatility_5_daily >= 1.2672772609808338 AND close_ema_13_daily_volatility_5_daily >= 0.8014195041727374,123,64,59,52.03252032520326,16.895715440582055,35.1368048846212,9.943411479385611,305.17223478844915,0,2.95,1.4794034551143789,181.9666249790686,-9.254259760270903,10.000014739437525,,,,,,,,,,
LLOYDSENGG_MINED_BASE_G0_C1024,,0,2,2,close_ema_8_daily_range_5_pct >= 3.117710901412895 AND close_ema_3_daily_range_5_pct >= 5.878821482298,444,129,315,29.054054054054053,16.895715440582055,12.158338613471997,35.89329021827001,305.1483311365077,0,15.75,0.7022126897159128,311.7824342338653,-12.931024875082281,19.9218788136996,,,,,,,,,,
LLOYDSENGG_MINED_BASE_G0_C1025,,0,2,2,close_ema_3_daily_volatility_5_daily >= 1.4807591382075385 AND close_ema_21_daily_range_5_pct >= 6.280967301429598,123,64,59,52.03252032520326,16.895715440582055,35.1368048846212,9.943411479385611,305.14062233255083,0,2.95,1.4688659698149347,180.67051428723695,-9.254259760270903,10.000014739437525,,,,,,,,,,
LLOYDSENGG_MINED_BASE_G0_C1026,,0,3,3,close_ema_3_daily_volatility_5_daily >= 1.4807591382075385 AND close_ema_8_daily_volatility_5_daily >= 0.8645495401600428 AND close_ema_21_daily_range_5_pct >= 6.280967301429598,123,64,59,52.03252032520326,16.895715440582055,35.1368048846212,9.943411479385611,305.14062233255083,0,2.95,1.4688659698149347,180.67051428723695,-9.254259760270903,10.000014739437525,,,,,,,,,,
LLOYDSENGG_MINED_BASE_G0_C1027,,0,3,3,close_ema_3_daily_volatility_5_daily >= 1.4807591382075385 AND close_ema_21_daily_range_5_pct >= 6.280967301429598 AND close_ema_21_daily_volatility_5_daily >= 0.5048951676587204,123,64,59,52.03252032520326,16.895715440582055,35.1368048846212,9.943411479385611,305.14062233255083,0,2.95,1.4688659698149347,180.67051428723695,-9.254259760270903,10.000014739437525,,,,,,,,,,
LLOYDSENGG_MINED_BASE_G0_C1028,,0,3,3,close_ema_3_daily_volatility_5_daily >= 1.4807591382075385 AND close_ema_21_daily_range_5_pct >= 6.280967301429598 AND close_ema_13_daily_volatility_5_daily >= 0.6665343015434868,123,64,59,52.03252032520326,16.895715440582055,35.1368048846212,9.943411479385611,305.14062233255083,0,2.95,1.4688659698149347,180.67051428723695,-9.254259760270903,10.000014739437525,,,,,,,,,,
LLOYDSENGG_MINED_BASE_G0_C1029,,0,3,3,close_ema_3_daily_volatility_5_daily >= 1.4807591382075385 AND close_ema_21_daily_range_5_pct >= 6.280967301429598 AND close_ema_13_daily_volatility_5_daily >= 0.8014195041727374,123,64,59,52.03252032520326,16.895715440582055,35.1368048846212,9.943411479385611,305.14062233255083,0,2.95,1.4688659698149347,180.67051428723695,-9.254259760270903,10.000014739437525,,,,,,,,,,
LLOYDSENGG_MINED_BASE_G0_C1030,,0,3,3,close_ema_3_daily_range_5_pct >= 4.683096254230115 AND close_ema_21_daily_volatility_5_daily >= 0.5048951676587204 AND close_ema_13_daily_volatility_5_daily >= 0.6665343015434868,420,126,294,30,16.895715440582055,13.104284559417945,33.95311236863379,304.9808568704949,0,14.700000000000001,0.7198113578017331,302.3207702767279,-12.931024875082281,19.9218788136996,,,,,,,,,,
LLOYDSENGG_MINED_BASE_G0_C1031,,0,3,3,close_ema_3_daily_slope_pct >= 2.1777186239842106 AND close_ema_3_daily_volatility_5_daily >= 1.8141316287340417 AND close_ema_3_daily_range_5_pct >= 5.878821482298,178,81,97,45.50561797752809,16.895715440582055,28.609902536946034,14.38965238480194,304.9528682144989,0,4.8500000000000005,1.5844518432562373,282.03242809961023,-12.931024875082281,19.9218788136996,,,,,,,,,,
LLOYDSENGG_MINED_BASE_G0_C1032,,0,2,2,close_ema_3_daily_range_5_pct >= 5.878821482298 AND close_ema_21_daily_volatility_5_daily >= 0.5048951676587204,382,121,261,31.675392670157066,16.895715440582055,14.779677229575011,30.88116410670978,304.9153222570126,0,13.05,0.6889787030458535,263.18986456351604,-12.931024875082281,19.9218788136996,,,,,,,,,,
LLOYDSENGG_MINED_BASE_G0_C1033,,0,3,3,close_ema_3_daily_volatility_5_daily >= 2.1517313552241197 AND close_to_close_ema_3_daily_difference_pct >= 1.127345753351754 AND close_ema_13_daily_volatility_5_daily >= 0.8014195041727374,178,81,97,45.50561797752809,16.895715440582055,28.609902536946034,14.38965238480194,304.89065059878834,0,4.8500000000000005,1.5637126380193909,278.3408495674516,-12.931024875082281,10.000015661015443,,,,,,,,,,
LLOYDSENGG_MINED_BASE_G0_C1034,,0,3,3,close_ema_3_daily_volatility_5_daily >= 2.1517313552241197 AND close_ema_3_daily_slope_pct >= 1.1401997467767693 AND close_ema_13_daily_volatility_5_daily >= 0.8014195041727374,178,81,97,45.50561797752809,16.895715440582055,28.609902536946034,14.38965238480194,304.89065059878834,0,4.8500000000000005,1.5637126380193909,278.3408495674516,-12.931024875082281,10.000015661015443,,,,,,,,,,
LLOYDSENGG_MINED_BASE_G0_C1035,,0,3,3,close_ema_3_daily_volatility_5_daily >= 1.4807591382075385 AND close_ema_8_daily_volatility_5_daily >= 0.8645495401600428 AND close_ema_3_daily_range_5_pct >= 5.878821482298,436,128,308,29.357798165137616,16.895715440582055,12.462082724555561,35.24656426839127,304.8201771021602,0,15.4,0.6365878264607849,277.5522923369022,-12.931024875082281,19.9218788136996,,,,,,,,,,
LLOYDSENGG_MINED_BASE_G0_C1036,,0,3,3,close_ema_8_daily_range_5_pct >= 3.117710901412895 AND close_ema_3_daily_volatility_5_daily >= 2.551529495595912 AND close_ema_8_daily_volatility_5_daily >= 1.0367159490053137,239,96,143,40.1673640167364,16.895715440582055,23.271648576154345,19.320937752627323,304.7577983989201,0,7.15,1.1831851727161182,282.7812562791523,-12.931024875082281,17.175581052420334,,,,,,,,,,
LLOYDSENGG_MINED_BASE_G0_C1037,,0,3,3,close_ema_8_daily_volatility_5_daily >= 0.8645495401600428 AND close_ema_3_daily_volatility_5_daily >= 1.8141316287340417 AND close_ema_3_daily_range_5_pct >= 7.091176553732353,342,115,227,33.62573099415205,16.895715440582055,16.730015553569995,27.64753435731609,304.6970403961383,0,11.350000000000001,0.7989875427627636,273.25373962486515,-12.931024875082281,19.9218788136996,,,,,,,,,,
LLOYDSENGG_MINED_BASE_G0_C1038,,0,3,3,close_ema_3_daily_volatility_5_daily >= 1.8141316287340417 AND close_ema_3_daily_slope_pct >= 0.3776715879064552 AND close_ema_13_daily_volatility_5_daily >= 0.8014195041727374,222,92,130,41.44144144144144,16.895715440582055,24.545726000859386,17.946645109135005,304.6122015063291,0,6.5,1.461190500677398,324.38429115038235,-12.931024875082281,19.9218788136996,,,,,,,,,,
LLOYDSENGG_MINED_BASE_G0_C1039,,0,3,3,close_ema_3_daily_volatility_5_daily >= 1.8141316287340417 AND close_to_close_ema_3_daily_difference_pct >= 0.37388545459352607 AND close_ema_13_daily_volatility_5_daily >= 0.8014195041727374,222,92,130,41.44144144144144,16.895715440582055,24.545726000859386,17.946645109135005,304.6122015063291,0,6.5,1.461190500677398,324.38429115038235,-12.931024875082281,19.9218788136996,,,,,,,,,,
LLOYDSENGG_MINED_BASE_G0_C1040,,0,2,2,close_ema_3_daily_range_5_pct >= 4.683096254230115 AND close_ema_21_daily_range_5_pct >= 6.280967301429598,115,61,54,53.04347826086957,16.895715440582055,36.14776282028751,9.296685529506872,304.50681317517467,0,2.7,1.4893330245790215,171.27329782658748,-9.254259760270903,10.000014739437525,,,,,,,,,,
LLOYDSENGG_MINED_BASE_G0_C1041,,0,2,2,close_ema_3_daily_range_5_pct >= 5.878821482298 AND close_ema_21_daily_range_5_pct >= 6.280967301429598,115,61,54,53.04347826086957,16.895715440582055,36.14776282028751,9.296685529506872,304.50681317517467,0,2.7,1.4893330245790215,171.27329782658748,-9.254259760270903,10.000014739437525,,,,,,,,,,
LLOYDSENGG_MINED_BASE_G0_C1042,,0,3,3,close_ema_3_daily_range_5_pct >= 4.683096254230115 AND close_ema_3_daily_volatility_5_daily >= 1.4807591382075385 AND close_ema_21_daily_range_5_pct >= 6.280967301429598,115,61,54,53.04347826086957,16.895715440582055,36.14776282028751,9.296685529506872,304.50681317517467,0,2.7,1.4893330245790215,171.27329782658748,-9.254259760270903,10.000014739437525,,,,,,,,,,
LLOYDSENGG_MINED_BASE_G0_C1043,,0,3,3,close_ema_3_daily_range_5_pct >= 4.683096254230115 AND close_ema_8_daily_volatility_5_daily >= 0.8645495401600428 AND close_ema_21_daily_range_5_pct >= 6.280967301429598,115,61,54,53.04347826086957,16.895715440582055,36.14776282028751,9.296685529506872,304.50681317517467,0,2.7,1.4893330245790215,171.27329782658748,-9.254259760270903,10.000014739437525,,,,,,,,,,
LLOYDSENGG_MINED_BASE_G0_C1044,,0,3,3,close_ema_3_daily_range_5_pct >= 4.683096254230115 AND close_ema_21_daily_range_5_pct >= 6.280967301429598 AND close_ema_21_daily_volatility_5_daily >= 0.5048951676587204,115,61,54,53.04347826086957,16.895715440582055,36.14776282028751,9.296685529506872,304.50681317517467,0,2.7,1.4893330245790215,171.27329782658748,-9.254259760270903,10.000014739437525,,,,,,,,,,
LLOYDSENGG_MINED_BASE_G0_C1045,,0,3,3,close_ema_3_daily_range_5_pct >= 4.683096254230115 AND close_ema_21_daily_range_5_pct >= 6.280967301429598 AND close_ema_13_daily_volatility_5_daily >= 0.6665343015434868,115,61,54,53.04347826086957,16.895715440582055,36.14776282028751,9.296685529506872,304.50681317517467,0,2.7,1.4893330245790215,171.27329782658748,-9.254259760270903,10.000014739437525,,,,,,,,,,
LLOYDSENGG_MINED_BASE_G0_C1046,,0,3,3,close_ema_3_daily_range_5_pct >= 4.683096254230115 AND close_ema_21_daily_range_5_pct >= 6.280967301429598 AND close_ema_13_daily_volatility_5_daily >= 0.8014195041727374,115,61,54,53.04347826086957,16.895715440582055,36.14776282028751,9.296685529506872,304.50681317517467,0,2.7,1.4893330245790215,171.27329782658748,-9.254259760270903,10.000014739437525,,,,,,,,,,
LLOYDSENGG_MINED_BASE_G0_C1047,,0,3,3,close_ema_3_daily_volatility_5_daily >= 1.4807591382075385 AND close_ema_3_daily_range_5_pct >= 5.878821482298 AND close_ema_21_daily_range_5_pct >= 6.280967301429598,115,61,54,53.04347826086957,16.895715440582055,36.14776282028751,9.296685529506872,304.50681317517467,0,2.7,1.4893330245790215,171.27329782658748,-9.254259760270903,10.000014739437525,,,,,,,,,,
LLOYDSENGG_MINED_BASE_G0_C1048,,0,3,3,close_ema_8_daily_volatility_5_daily >= 0.8645495401600428 AND close_ema_3_daily_range_5_pct >= 5.878821482298 AND close_ema_21_daily_range_5_pct >= 6.280967301429598,115,61,54,53.04347826086957,16.895715440582055,36.14776282028751,9.296685529506872,304.50681317517467,0,2.7,1.4893330245790215,171.27329782658748,-9.254259760270903,10.000014739437525,,,,,,,,,,
LLOYDSENGG_MINED_BASE_G0_C1049,,0,3,3,close_ema_3_daily_range_5_pct >= 5.878821482298 AND close_ema_21_daily_range_5_pct >= 6.280967301429598 AND close_ema_21_daily_volatility_5_daily >= 0.5048951676587204,115,61,54,53.04347826086957,16.895715440582055,36.14776282028751,9.296685529506872,304.50681317517467,0,2.7,1.4893330245790215,171.27329782658748,-9.254259760270903,10.000014739437525,,,,,,,,,,
LLOYDSENGG_MINED_BASE_G0_C1050,,0,3,3,close_ema_3_daily_range_5_pct >= 5.878821482298 AND close_ema_21_daily_range_5_pct >= 6.280967301429598 AND close_ema_13_daily_volatility_5_daily >= 0.6665343015434868,115,61,54,53.04347826086957,16.895715440582055,36.14776282028751,9.296685529506872,304.50681317517467,0,2.7,1.4893330245790215,171.27329782658748,-9.254259760270903,10.000014739437525,,,,,,,,,,
LLOYDSENGG_MINED_BASE_G0_C1051,,0,3,3,close_ema_3_daily_range_5_pct >= 5.878821482298 AND close_ema_21_daily_range_5_pct >= 6.280967301429598 AND close_ema_13_daily_volatility_5_daily >= 0.8014195041727374,115,61,54,53.04347826086957,16.895715440582055,36.14776282028751,9.296685529506872,304.50681317517467,0,2.7,1.4893330245790215,171.27329782658748,-9.254259760270903,10.000014739437525,,,,,,,,,,
LLOYDSENGG_MINED_BASE_G0_C1052,,0,3,3,close_ema_3_daily_volatility_5_daily >= 2.1517313552241197 AND close_to_close_ema_3_daily_difference_pct >= 2.1306145320817853 AND close_ema_3_daily_range_5_pct >= 7.091176553732353,151,73,78,48.34437086092716,16.895715440582055,31.4486554203451,12.206952303961197,304.47009628376355,0,3.9000000000000004,1.7089397273460059,258.0498988292469,-12.931024875082281,10.000015661015443,,,,,,,,,,
LLOYDSENGG_MINED_BASE_G0_C1053,,0,3,3,close_ema_3_daily_volatility_5_daily >= 1.4807591382075385 AND close_ema_3_daily_range_5_pct >= 5.878821482298 AND close_ema_8_daily_volatility_5_daily >= 1.0367159490053137,383,121,262,31.59268929503917,16.895715440582055,14.696973854457113,30.962004850444625,304.4332292445204,0,13.100000000000001,0.6827866574116305,261.5072897886545,-12.931024875082281,19.9218788136996,,,,,,,,,,
LLOYDSENGG_MINED_BASE_G0_C1054,,0,3,3,close_ema_21_daily_volatility_5_daily >= 0.5048951676587204 AND close_ema_21_daily_range_5_pct >= 1.8831689286059863 AND close_to_close_ema_3_daily_difference_pct >= 1.127345753351754,227,93,134,40.969162995594715,16.895715440582055,24.07344755501266,18.350848827809216,304.39007759719067,0,6.7,1.5742799407091117,357.36154654096833,-12.931024875082281,19.9218788136996,,,,,,,,,,
LLOYDSENGG_MINED_BASE_G0_C1055,,0,3,3,close_ema_21_daily_volatility_5_daily >= 0.5048951676587204 AND close_ema_21_daily_range_5_pct >= 1.8831689286059863 AND close_ema_3_daily_slope_pct >= 1.1401997467767693,227,93,134,40.969162995594715,16.895715440582055,24.07344755501266,18.350848827809216,304.39007759719067,0,6.7,1.5742799407091117,357.36154654096833,-12.931024875082281,19.9218788136996,,,,,,,,,,
LLOYDSENGG_MINED_BASE_G0_C1056,,0,3,3,close_ema_8_daily_range_5_pct >= 3.117710901412895 AND close_ema_3_daily_volatility_5_daily >= 2.551529495595912 AND close_ema_21_daily_volatility_5_daily >= 0.5048951676587204,230,94,136,40.869565217391305,16.895715440582055,23.97384977680925,18.593371059013744,304.32198826671817,0,6.800000000000001,1.0842464608906568,249.37668600485105,-12.931024875082281,17.175581052420334,,,,,,,,,,
LLOYDSENGG_MINED_BASE_G0_C1057,,0,3,3,close_ema_3_daily_range_5_pct >= 4.683096254230115 AND close_ema_3_daily_volatility_5_daily >= 2.551529495595912 AND close_ema_21_daily_range_5_pct >= 6.280967301429598,102,56,46,54.90196078431373,16.895715440582055,38.00624534373168,8.24575586095392,304.26550458712285,0,2.3000000000000003,1.5114259561548329,154.16544752779296,-9.254259760270903,10.000014739437525,,,,,,,,,,
LLOYDSENGG_MINED_BASE_G0_C1058,,0,3,3,close_ema_3_daily_volatility_5_daily >= 2.551529495595912 AND close_ema_3_daily_range_5_pct >= 5.878821482298 AND close_ema_21_daily_range_5_pct >= 6.280967301429598,102,56,46,54.90196078431373,16.895715440582055,38.00624534373168,8.24575586095392,304.26550458712285,0,2.3000000000000003,1.5114259561548329,154.16544752779296,-9.254259760270903,10.000014739437525,,,,,,,,,,
LLOYDSENGG_MINED_BASE_G0_C1059,,0,3,3,close_ema_3_daily_range_5_pct >= 4.683096254230115 AND close_ema_3_daily_volatility_5_daily >= 1.4807591382075385 AND close_to_close_ema_3_daily_difference_pct >= 3.6112616349206315,116,61,55,52.58620689655172,16.895715440582055,35.69049145596966,9.377526273241713,304.26041311151874,0,2.75,2.1859852772234785,253.5742921579235,-12.931024875082281,19.9218788136996,,,,,,,,,,
LLOYDSENGG_MINED_BASE_G0_C1060,,0,3,3,close_ema_3_daily_range_5_pct >= 4.683096254230115 AND close_ema_3_daily_volatility_5_daily >= 1.4807591382075385 AND close_ema_3_daily_slope_pct >= 3.7465597082957087,116,61,55,52.58620689655172,16.895715440582055,35.69049145596966,9.377526273241713,304.26041311151874,0,2.75,2.1859852772234785,253.5742921579235,-12.931024875082281,19.9218788136996,,,,,,,,,,
LLOYDSENGG_MINED_BASE_G0_C1061,,0,3,3,close_ema_3_daily_slope_pct >= 2.1777186239842106 AND close_ema_3_daily_range_5_pct >= 7.091176553732353 AND close_ema_13_daily_volatility_5_daily >= 0.6665343015434868,158,75,83,47.46835443037975,16.895715440582055,30.572638989797692,12.772837510105091,304.1956851988195,0,4.15,1.827496749943668,288.74448649109956,-12.931024875082281,19.9218788136996,,,,,,,,,,
LLOYDSENGG_MINED_BASE_G0_C1062,,0,2,2,close_ema_3_daily_range_5_pct >= 4.683096254230115 AND close_ema_3_daily_volatility_5_daily >= 2.551529495595912,244,97,147,39.75409836065574,16.895715440582055,22.858382920073684,19.725141471301537,304.1789445228036,0,7.3500000000000005,1.0790099741450745,263.27843369139816,-12.931024875082281,17.175581052420334,,,,,,,,,,
LLOYDSENGG_MINED_BASE_G0_C1063,,0,3,3,close_ema_3_daily_range_5_pct >= 4.683096254230115 AND close_ema_8_daily_volatility_5_daily >= 0.8645495401600428 AND close_ema_3_daily_volatility_5_daily >= 2.551529495595912,244,97,147,39.75409836065574,16.895715440582055,22.858382920073684,19.725141471301537,304.1789445228036,0,7.3500000000000005,1.0790099741450745,263.27843369139816,-12.931024875082281,17.175581052420334,,,,,,,,,,
LLOYDSENGG_MINED_BASE_G0_C1064,,0,3,3,close_ema_3_daily_slope_pct >= 2.1777186239842106 AND close_ema_3_daily_range_5_pct >= 4.683096254230115 AND close_ema_3_daily_volatility_5_daily >= 1.8141316287340417,190,84,106,44.21052631578947,16.895715440582055,27.314810875207417,15.359741309620048,304.0028916397136,0,5.300000000000001,1.5762790878921746,299.49302669951317,-12.931024875082281,19.9218788136996,,,,,,,,,,
LLOYDSENGG_MINED_BASE_G0_C1065,,0,3,3,close_ema_3_daily_volatility_5_daily >= 2.551529495595912 AND close_ema_3_daily_range_5_pct >= 5.878821482298 AND close_to_close_ema_3_daily_difference_pct >= 1.127345753351754,142,70,72,49.29577464788733,16.895715440582055,32.400059207305276,11.479385610347617,303.9501878494672,0,3.6,1.849963937646965,262.69487914586904,-12.931024875082281,10.000015661015443,,,,,,,,,,
LLOYDSENGG_MINED_BASE_G0_C1066,,0,3,3,close_ema_3_daily_volatility_5_daily >= 2.551529495595912 AND close_ema_3_daily_range_5_pct >= 5.878821482298 AND close_ema_3_daily_slope_pct >= 1.1401997467767693,142,70,72,49.29577464788733,16.895715440582055,32.400059207305276,11.479385610347617,303.9501878494672,0,3.6,1.849963937646965,262.69487914586904,-12.931024875082281,10.000015661015443,,,,,,,,,,
LLOYDSENGG_MINED_BASE_G0_C1067,,0,3,3,close_ema_3_daily_volatility_5_daily >= 1.4807591382075385 AND close_ema_21_daily_volatility_5_daily >= 0.5048951676587204 AND close_ema_3_daily_slope_pct >= 0.3776715879064552,250,98,152,39.2,16.895715440582055,22.304284559417948,20.21018593371059,303.89160032187846,0,7.6000000000000005,1.3233925082629152,330.8481270657288,-12.931024875082281,19.9218788136996,,,,,,,,,,
LLOYDSENGG_MINED_BASE_G0_C1068,,0,3,3,close_ema_3_daily_volatility_5_daily >= 1.4807591382075385 AND close_ema_21_daily_volatility_5_daily >= 0.5048951676587204 AND close_to_close_ema_3_daily_difference_pct >= 0.37388545459352607,250,98,152,39.2,16.895715440582055,22.304284559417948,20.21018593371059,303.89160032187846,0,7.6000000000000005,1.3233925082629152,330.8481270657288,-12.931024875082281,19.9218788136996,,,,,,,,,,
LLOYDSENGG_MINED_BASE_G0_C1069,,0,3,3,close_ema_3_daily_slope_pct >= 2.1777186239842106 AND close_ema_3_daily_volatility_5_daily >= 1.8141316287340417 AND close_ema_3_daily_range_5_pct >= 7.091176553732353,165,77,88,46.666666666666664,16.895715440582055,29.77095122608461,13.338722716248991,303.72811397389484,0,4.4,1.7577859478239093,290.034681390945,-12.931024875082281,19.9218788136996,,,,,,,,,,
LLOYDSENGG_MINED_BASE_G0_C1070,,0,3,3,close_ema_21_daily_volatility_5_daily >= 0.5048951676587204 AND close_to_close_ema_3_daily_difference_pct >= 1.127345753351754 AND close_ema_13_daily_volatility_5_daily >= 0.6665343015434868,232,94,138,40.51724137931034,16.895715440582055,23.621525938728286,18.755052546483427,303.7135962638317,0,6.9,1.5019888567300739,348.4614147613771,-12.931024875082281,19.9218788136996,,,,,,,,,,
LLOYDSENGG_MINED_BASE_G0_C1071,,0,3,3,close_ema_21_daily_volatility_5_daily >= 0.5048951676587204 AND close_ema_3_daily_slope_pct >= 1.1401997467767693 AND close_ema_13_daily_volatility_5_daily >= 0.6665343015434868,232,94,138,40.51724137931034,16.895715440582055,23.621525938728286,18.755052546483427,303.7135962638317,0,6.9,1.5019888567300739,348.4614147613771,-12.931024875082281,19.9218788136996,,,,,,,,,,
LLOYDSENGG_MINED_BASE_G0_C1072,,0,3,3,close_ema_3_daily_volatility_5_daily >= 1.8141316287340417 AND close_ema_8_daily_range_5_pct >= 3.117710901412895 AND close_ema_13_daily_volatility_5_daily >= 0.6665343015434868,385,121,264,31.428571428571427,16.895715440582055,14.532855987989372,31.123686337914307,303.65341600055945,0,13.200000000000001,0.7297120202041999,280.939127778617,-12.931024875082281,19.9218788136996,,,,,,,,,,
LLOYDSENGG_MINED_BASE_G0_C1073,,0,3,3,close_to_close_ema_3_daily_difference_pct >= 2.1306145320817853 AND close_ema_3_daily_volatility_5_daily >= 1.8141316287340417 AND close_ema_3_daily_range_5_pct >= 5.878821482298,179,81,98,45.2513966480447,16.895715440582055,28.35568120746264,14.470493128536782,303.6066678716413,0,4.9,1.5760872781093715,282.1196227815775,-12.931024875082281,19.9218788136996,,,,,,,,,,
LLOYDSENGG_MINED_BASE_G0_C1074,,0,3,3,close_ema_3_daily_volatility_5_daily >= 2.551529495595912 AND close_to_close_ema_3_daily_difference_pct >= 1.127345753351754 AND close_ema_13_daily_volatility_5_daily >= 0.8014195041727374,139,69,70,49.64028776978417,16.895715440582055,32.744572329202114,11.236863379143088,303.5395928919007,0,3.5,1.7722437486300404,246.34188105957563,-12.931024875082281,10.000015661015443,,,,,,,,,,
LLOYDSENGG_MINED_BASE_G0_C1075,,0,3,3,close_ema_3_daily_volatility_5_daily >= 2.551529495595912 AND close_ema_3_daily_slope_pct >= 1.1401997467767693 AND close_ema_13_daily_volatility_5_daily >= 0.8014195041727374,139,69,70,49.64028776978417,16.895715440582055,32.744572329202114,11.236863379143088,303.5395928919007,0,3.5,1.7722437486300404,246.34188105957563,-12.931024875082281,10.000015661015443,,,,,,,,,,
LLOYDSENGG_MINED_BASE_G0_C1076,,0,2,2,close_ema_3_daily_volatility_5_daily >= 1.4807591382075385 AND close_ema_13_daily_volatility_5_daily >= 0.8014195041727374,415,125,290,30.120481927710845,16.895715440582055,13.22476648712879,33.54890864995958,303.5025704499082,0,14.5,0.6262460047547442,259.89209197321884,-12.931024875082281,19.9218788136996,,,,,,,,,,
LLOYDSENGG_MINED_BASE_G0_C1077,,0,2,2,close_ema_3_daily_range_5_pct >= 5.878821482298 AND close_ema_8_daily_volatility_5_daily >= 1.0367159490053137,385,121,264,31.428571428571427,16.895715440582055,14.532855987989372,31.123686337914307,303.4827632190793,0,13.200000000000001,0.6728277597108258,259.0386874886679,-12.931024875082281,19.9218788136996,,,,,,,,,,
LLOYDSENGG_MINED_BASE_G0_C1078,,0,3,3,close_ema_8_daily_range_5_pct >= 3.117710901412895 AND close_ema_3_daily_volatility_5_daily >= 2.551529495595912 AND close_ema_3_daily_slope_pct >= 0.3776715879064552,155,74,81,47.74193548387097,16.895715440582055,30.846220043288913,12.530315278900567,303.4802043497503,0,4.05,1.7663680444352337,273.7870468874612,-12.931024875082281,10.000015661015443,,,,,,,,,,
LLOYDSENGG_MINED_BASE_G0_C1079,,0,3,3,close_ema_8_daily_range_5_pct >= 3.117710901412895 AND close_ema_3_daily_volatility_5_daily >= 2.551529495595912 AND close_to_close_ema_3_daily_difference_pct >= 0.37388545459352607,155,74,81,47.74193548387097,16.895715440582055,30.846220043288913,12.530315278900567,303.4802043497503,0,4.05,1.7663680444352337,273.7870468874612,-12.931024875082281,10.000015661015443,,,,,,,,,,
LLOYDSENGG_MINED_BASE_G0_C1080,,0,3,3,close_ema_3_daily_volatility_5_daily >= 1.8141316287340417 AND close_ema_21_daily_range_5_pct >= 1.8831689286059863 AND close_ema_3_daily_slope_pct >= 0.3776715879064552,223,92,131,41.25560538116592,16.895715440582055,24.359889940583866,18.027485852869845,303.45485296863177,0,6.550000000000001,1.4018010885708232,312.6016427512936,-12.931024875082281,19.9218788136996,,,,,,,,,,
LLOYDSENGG_MINED_BASE_G0_C1081,,0,3,3,close_ema_3_daily_volatility_5_daily >= 1.8141316287340417 AND close_ema_21_daily_range_5_pct >= 1.8831689286059863 AND close_to_close_ema_3_daily_difference_pct >= 0.37388545459352607,223,92,131,41.25560538116592,16.895715440582055,24.359889940583866,18.027485852869845,303.45485296863177,0,6.550000000000001,1.4018010885708232,312.6016427512936,-12.931024875082281,19.9218788136996,,,,,,,,,,
LLOYDSENGG_MINED_BASE_G0_C1082,,0,3,3,close_ema_3_daily_volatility_5_daily >= 1.4807591382075385 AND close_ema_21_daily_range_5_pct >= 6.280967301429598 AND close_ema_8_daily_volatility_5_daily >= 1.2672772609808338,121,63,58,52.066115702479344,16.895715440582055,35.170400261897285,9.781729991915926,303.44305880033426,0,2.9000000000000004,1.497019163615936,181.13931879752826,-9.254259760270903,10.000014739437525,,,,,,,,,,
LLOYDSENGG_MINED_BASE_G0_C1083,,0,3,3,close_ema_3_daily_volatility_5_daily >= 1.8141316287340417 AND close_ema_3_daily_range_5_pct >= 5.878821482298 AND close_ema_13_daily_volatility_5_daily >= 0.6665343015434868,364,118,246,32.417582417582416,16.895715440582055,15.52186697700036,29.426030719482622,303.3691873970823,0,12.3,0.6866175040268593,249.92877146577678,-12.931024875082281,19.9218788136996,,,,,,,,,,
LLOYDSENGG_MINED_BASE_G0_C1084,,0,1,1,close_ema_21_daily_volatility_5_daily >= 0.5048951676587204,619,146,473,23.586429725363487,16.895715440582055,6.690714284781432,50.04042037186742,303.3263465310324,0,23.650000000000002,0.5075917023750716,314.1992637701693,-12.931024875082281,19.9218788136996,,,,,,,,,,
LLOYDSENGG_MINED_BASE_G0_C1085,,0,3,3,close_ema_3_daily_volatility_5_daily >= 1.4807591382075385 AND close_ema_8_daily_volatility_5_daily >= 0.8645495401600428 AND close_ema_21_daily_range_5_pct >= 1.8831689286059863,424,126,298,29.71698113207547,16.895715440582055,12.821265691493416,34.27647534357316,303.2462823551868,0,14.9,0.6799846325732402,288.31348421105383,-12.931024875082281,19.9218788136996,,,,,,,,,,
LLOYDSENGG_MINED_BASE_G0_C1086,,0,3,3,close_ema_3_daily_volatility_5_daily >= 2.1517313552241197 AND close_to_close_ema_3_daily_difference_pct >= 1.127345753351754 AND close_ema_8_daily_volatility_5_daily >= 1.2672772609808338,172,79,93,45.93023255813954,16.895715440582055,29.03451711755748,13.904607922392886,303.2406204595039,0,4.65,1.5726782905721535,270.5006659784104,-12.931024875082281,10.000015661015443,,,,,,,,,,
LLOYDSENGG_MINED_BASE_G0_C1087,,0,3,3,close_ema_3_daily_volatility_5_daily >= 2.1517313552241197 AND close_ema_3_daily_slope_pct >= 1.1401997467767693 AND close_ema_8_daily_volatility_5_daily >= 1.2672772609808338,172,79,93,45.93023255813954,16.895715440582055,29.03451711755748,13.904607922392886,303.2406204595039,0,4.65,1.5726782905721535,270.5006659784104,-12.931024875082281,10.000015661015443,,,,,,,,,,
LLOYDSENGG_MINED_BASE_G0_C1088,,0,3,3,close_ema_3_daily_volatility_5_daily >= 1.4807591382075385 AND close_to_close_ema_3_daily_difference_pct >= 3.6112616349206315 AND close_ema_8_daily_range_5_pct >= 3.117710901412895,111,59,52,53.153153153153156,16.895715440582055,36.257437712571104,8.973322554567503,303.13040055255226,0,2.6,2.1477373298989195,238.3988436187801,-12.931024875082281,19.9218788136996,,,,,,,,,,
LLOYDSENGG_MINED_BASE_G0_C1089,,0,3,3,close_ema_3_daily_volatility_5_daily >= 1.4807591382075385 AND close_ema_3_daily_slope_pct >= 3.7465597082957087 AND close_ema_8_daily_range_5_pct >= 3.117710901412895,111,59,52,53.153153153153156,16.895715440582055,36.257437712571104,8.973322554567503,303.13040055255226,0,2.6,2.1477373298989195,238.3988436187801,-12.931024875082281,19.9218788136996,,,,,,,,,,
LLOYDSENGG_MINED_BASE_G0_C1090,,0,3,3,close_to_close_ema_3_daily_difference_pct >= 3.6112616349206315 AND close_ema_3_daily_volatility_5_daily >= 1.8141316287340417 AND close_ema_8_daily_range_5_pct >= 3.117710901412895,111,59,52,53.153153153153156,16.895715440582055,36.257437712571104,8.973322554567503,303.13040055255226,0,2.6,2.1477373298989195,238.3988436187801,-12.931024875082281,19.9218788136996,,,,,,,,,,
LLOYDSENGG_MINED_BASE_G0_C1091,,0,3,3,close_ema_3_daily_slope_pct >= 3.7465597082957087 AND close_ema_3_daily_volatility_5_daily >= 1.8141316287340417 AND close_ema_8_daily_range_5_pct >= 3.117710901412895,111,59,52,53.153153153153156,16.895715440582055,36.257437712571104,8.973322554567503,303.13040055255226,0,2.6,2.1477373298989195,238.3988436187801,-12.931024875082281,19.9218788136996,,,,,,,,,,
LLOYDSENGG_MINED_BASE_G0_C1092,,0,3,3,close_ema_3_daily_range_5_pct >= 4.683096254230115 AND close_ema_21_daily_range_5_pct >= 6.280967301429598 AND close_ema_8_daily_volatility_5_daily >= 1.2672772609808338,113,60,53,53.09734513274337,16.895715440582055,36.20162969216132,9.135004042037187,302.9176733016087,0,2.6500000000000004,1.5198416136006971,171.7421023368788,-9.254259760270903,10.000014739437525,,,,,,,,,,
LLOYDSENGG_MINED_BASE_G0_C1093,,0,3,3,close_ema_3_daily_range_5_pct >= 5.878821482298 AND close_ema_21_daily_range_5_pct >= 6.280967301429598 AND close_ema_8_daily_volatility_5_daily >= 1.2672772609808338,113,60,53,53.09734513274337,16.895715440582055,36.20162969216132,9.135004042037187,302.9176733016087,0,2.6500000000000004,1.5198416136006971,171.7421023368788,-9.254259760270903,10.000014739437525,,,,,,,,,,
LLOYDSENGG_MINED_BASE_G0_C1094,,0,3,3,close_ema_3_daily_volatility_5_daily >= 1.4807591382075385 AND close_ema_21_daily_range_5_pct >= 1.8831689286059863 AND close_to_close_ema_3_daily_difference_pct >= 1.127345753351754,207,88,119,42.51207729468599,16.895715440582055,25.616361854103932,16.734033953112366,302.86796151705676,0,5.95,1.5787174155123647,326.79450501105947,-12.931024875082281,19.9218788136996,,,,,,,,,,
LLOYDSENGG_MINED_BASE_G0_C1095,,0,3,3,close_ema_3_daily_volatility_5_daily >= 1.4807591382075385 AND close_ema_21_daily_range_5_pct >= 1.8831689286059863 AND close_ema_3_daily_slope_pct >= 1.1401997467767693,207,88,119,42.51207729468599,16.895715440582055,25.616361854103932,16.734033953112366,302.86796151705676,0,5.95,1.5787174155123647,326.79450501105947,-12.931024875082281,19.9218788136996,,,,,,,,,,
LLOYDSENGG_MINED_BASE_G0_C1096,,0,2,2,close_ema_8_daily_range_5_pct >= 3.117710901412895 AND close_ema_3_daily_volatility_5_daily >= 2.551529495595912,241,96,145,39.83402489626556,16.895715440582055,22.938309455683505,19.48261924009701,302.84640581083613,0,7.25,1.1349528441395338,273.52363543762766,-12.931024875082281,17.175581052420334,,,,,,,,,,
LLOYDSENGG_MINED_BASE_G0_C1097,,0,3,3,close_ema_8_daily_volatility_5_daily >= 0.8645495401600428 AND close_ema_8_daily_range_5_pct >= 3.117710901412895 AND close_ema_3_daily_volatility_5_daily >= 2.551529495595912,241,96,145,39.83402489626556,16.895715440582055,22.938309455683505,19.48261924009701,302.84640581083613,0,7.25,1.1349528441395338,273.52363543762766,-12.931024875082281,17.175581052420334,,,,,,,,,,
LLOYDSENGG_MINED_BASE_G0_C1098,,0,3,3,close_ema_3_daily_range_5_pct >= 5.878821482298 AND close_ema_21_daily_volatility_5_daily >= 0.5048951676587204 AND close_ema_13_daily_volatility_5_daily >= 0.6665343015434868,372,119,253,31.989247311827956,16.895715440582055,15.0935318712459,30.072756669361354,302.82641170361154,0,12.65,0.6695841157940126,249.08529107537265,-12.931024875082281,19.9218788136996,,,,,,,,,,
LLOYDSENGG_MINED_BASE_G0_C1099,,0,3,3,close_ema_3_daily_range_5_pct >= 4.683096254230115 AND close_ema_3_daily_volatility_5_daily >= 2.551529495595912 AND close_ema_8_daily_volatility_5_daily >= 1.0367159490053137,241,96,145,39.83402489626556,16.895715440582055,22.938309455683505,19.48261924009701,302.7752579009323,0,7.25,1.111236874171576,267.8080866753498,-12.931024875082281,17.175581052420334,,,,,,,,,,
LLOYDSENGG_MINED_BASE_G0_C1100,,0,3,3,close_to_close_ema_3_daily_difference_pct >= 2.1306145320817853 AND close_ema_3_daily_range_5_pct >= 4.683096254230115 AND close_ema_3_daily_volatility_5_daily >= 1.8141316287340417,191,84,107,43.97905759162304,16.895715440582055,27.083342151040984,15.44058205335489,302.77215925857894,0,5.3500000000000005,1.5684828344580122,299.5802213814803,-12.931024875082281,19.9218788136996,,,,,,,,,,
LLOYDSENGG_MINED_BASE_G0_C1101,,0,3,3,close_ema_3_daily_volatility_5_daily >= 1.4807591382075385 AND close_ema_3_daily_range_5_pct >= 5.878821482298 AND close_ema_13_daily_volatility_5_daily >= 0.8014195041727374,352,116,236,32.95454545454545,16.895715440582055,16.058830013963398,28.455941794664515,302.6645108330983,0,11.8,0.7234535877604393,254.65566289167464,-12.931024875082281,19.9218788136996,,,,,,,,,,
LLOYDSENGG_MINED_BASE_G0_C1102,,0,3,3,close_ema_3_daily_range_5_pct >= 4.683096254230115 AND close_ema_21_daily_volatility_5_daily >= 0.5048951676587204 AND close_ema_3_daily_slope_pct >= 0.3776715879064552,242,96,146,39.66942148760331,16.895715440582055,22.773706047021253,19.56345998383185,302.664101551439,0,7.300000000000001,1.3651904387775673,330.3760861841713,-12.931024875082281,19.9218788136996,,,,,,,,,,
LLOYDSENGG_MINED_BASE_G0_C1103,,0,3,3,close_ema_3_daily_range_5_pct >= 4.683096254230115 AND close_ema_21_daily_volatility_5_daily >= 0.5048951676587204 AND close_to_close_ema_3_daily_difference_pct >= 0.37388545459352607,242,96,146,39.66942148760331,16.895715440582055,22.773706047021253,19.56345998383185,302.664101551439,0,7.300000000000001,1.3651904387775673,330.3760861841713,-12.931024875082281,19.9218788136996,,,,,,,,,,
LLOYDSENGG_MINED_BASE_G0_C1104,,0,3,3,close_ema_3_daily_volatility_5_daily >= 1.8141316287340417 AND close_ema_3_daily_range_5_pct >= 7.091176553732353 AND close_ema_13_daily_volatility_5_daily >= 0.8014195041727374,286,105,181,36.71328671328671,16.895715440582055,19.817571272704658,23.120452708164915,302.6570773547688,0,9.05,0.8730736637484946,249.69906783206946,-12.931024875082281,19.9218788136996,,,,,,,,,,
LLOYDSENGG_MINED_BASE_G0_C1105,,0,1,1,close_ema_8_daily_volatility_5_daily >= 1.0367159490053137,495,134,361,27.070707070707073,16.895715440582055,10.174991630125017,40.016168148746964,302.65235891746005,0,18.05,0.6091335889449863,301.5211265277682,-12.931024875082281,19.9218788136996,,,,,,,,,,
LLOYDSENGG_MINED_BASE_G0_C1106,,0,3,3,close_to_close_ema_3_daily_difference_pct >= 2.1306145320817853 AND close_ema_3_daily_range_5_pct >= 7.091176553732353 AND close_ema_13_daily_volatility_5_daily >= 0.6665343015434868,159,75,84,47.16981132075472,16.895715440582055,30.274095880172663,12.853678253839934,302.6201337626193,0,4.2,1.8165514539186594,288.83168117306684,-12.931024875082281,19.9218788136996,,,,,,,,,,
LLOYDSENGG_MINED_BASE_G0_C1107,,0,2,2,close_ema_3_daily_range_5_pct >= 4.683096254230115 AND close_ema_21_daily_range_5_pct >= 1.8831689286059863,434,127,307,29.262672811059907,16.895715440582055,12.366957370477852,35.08488278092158,302.5647970890788,0,15.350000000000001,0.6933367455631974,300.90814757442763,-12.931024875082281,19.9218788136996,,,,,,,,,,
LLOYDSENGG_MINED_BASE_G0_C1108,,0,3,3,close_ema_8_daily_volatility_5_daily >= 0.8645495401600428 AND close_ema_21_daily_volatility_5_daily >= 0.5048951676587204 AND close_ema_3_daily_range_5_pct >= 7.091176553732353,309,109,200,35.275080906148865,16.895715440582055,18.37936546556681,24.97978981406629,302.51099315073213,0,10,0.8713886076327036,269.25907975850544,-12.931024875082281,19.9218788136996,,,,,,,,,,
LLOYDSENGG_MINED_BASE_G0_C1109,,0,2,2,close_ema_8_daily_volatility_5_daily >= 0.8645495401600428 AND close_ema_3_daily_range_5_pct >= 5.878821482298,442,128,314,28.95927601809955,16.895715440582055,12.063560577517496,35.731608730800325,302.4901541426543,0,15.700000000000001,0.6241170850222632,275.8597515798403,-12.931024875082281,19.9218788136996,,,,,,,,,,
LLOYDSENGG_MINED_BASE_G0_C1110,,0,3,3,close_ema_3_daily_volatility_5_daily >= 1.8141316287340417 AND close_ema_8_daily_volatility_5_daily >= 1.0367159490053137 AND close_to_close_ema_3_daily_difference_pct >= 1.127345753351754,220,91,129,41.36363636363637,16.895715440582055,24.46792092305431,17.78496362166532,302.4901011824141,0,6.45,1.5334988557141622,337.3697482571157,-12.931024875082281,19.9218788136996,,,,,,,,,,
LLOYDSENGG_MINED_BASE_G0_C1111,,0,3,3,close_ema_3_daily_volatility_5_daily >= 1.8141316287340417 AND close_ema_8_daily_volatility_5_daily >= 1.0367159490053137 AND close_ema_3_daily_slope_pct >= 1.1401997467767693,220,91,129,41.36363636363637,16.895715440582055,24.46792092305431,17.78496362166532,302.4901011824141,0,6.45,1.5334988557141622,337.3697482571157,-12.931024875082281,19.9218788136996,,,,,,,,,,
LLOYDSENGG_MINED_BASE_G0_C1112,,0,2,2,close_ema_3_daily_volatility_5_daily >= 1.4807591382075385 AND close_ema_8_daily_range_5_pct >= 3.117710901412895,496,134,362,27.016129032258064,16.895715440582055,10.120413591676009,40.09700889248181,302.46499885355485,0,18.1,0.6543102983915967,324.537908002232,-12.931024875082281,19.9218788136996,,,,,,,,,,
LLOYDSENGG_MINED_BASE_G0_C1113,,0,3,3,close_ema_3_daily_volatility_5_daily >= 1.4807591382075385 AND close_ema_8_daily_volatility_5_daily >= 0.8645495401600428 AND close_ema_13_daily_volatility_5_daily >= 0.8014195041727374,410,124,286,30.24390243902439,16.895715440582055,13.348186998442333,33.14470493128537,302.3434917990677,0,14.3,0.6341856022853346,260.0160969369872,-12.931024875082281,19.9218788136996,,,,,,,,,,
LLOYDSENGG_MINED_BASE_G0_C1114,,0,3,3,close_ema_3_daily_volatility_5_daily >= 2.1517313552241197 AND close_ema_3_daily_slope_pct >= 0.3776715879064552 AND close_ema_13_daily_volatility_5_daily >= 0.8014195041727374,203,87,116,42.857142857142854,16.895715440582055,25.9614274165608,16.410670978173002,302.3368528599975,0,5.800000000000001,1.4432385923978497,292.9774342567635,-12.931024875082281,10.000015661015443,,,,,,,,,,
LLOYDSENGG_MINED_BASE_G0_C1115,,0,3,3,close_ema_3_daily_volatility_5_daily >= 2.1517313552241197 AND close_to_close_ema_3_daily_difference_pct >= 0.37388545459352607 AND close_ema_13_daily_volatility_5_daily >= 0.8014195041727374,203,87,116,42.857142857142854,16.895715440582055,25.9614274165608,16.410670978173002,302.3368528599975,0,5.800000000000001,1.4432385923978497,292.9774342567635,-12.931024875082281,10.000015661015443,,,,,,,,,,
LLOYDSENGG_MINED_BASE_G0_C1116,,0,2,2,close_ema_3_daily_volatility_5_daily >= 1.4807591382075385 AND close_ema_3_daily_range_5_pct >= 5.878821482298,468,131,337,27.99145299145299,16.895715440582055,11.095737550870936,37.833468067906225,302.27870454325,0,16.85,0.5500055962984576,257.40261906767813,-12.931024875082281,19.9218788136996,,,,,,,,,,
LLOYDSENGG_MINED_BASE_G0_C1117,,0,3,3,close_to_close_ema_3_daily_difference_pct >= 2.1306145320817853 AND close_ema_3_daily_volatility_5_daily >= 1.8141316287340417 AND close_ema_3_daily_range_5_pct >= 7.091176553732353,166,77,89,46.3855421686747,16.895715440582055,29.48982672809264,13.419563459983832,302.2423000755158,0,4.45,1.7477221450175433,290.1218760729122,-12.931024875082281,19.9218788136996,,,,,,,,,,
LLOYDSENGG_MINED_BASE_G0_C1118,,0,3,3,close_ema_3_daily_volatility_5_daily >= 2.1517313552241197 AND close_ema_8_daily_volatility_5_daily >= 1.2672772609808338 AND close_ema_3_daily_slope_pct >= 0.3776715879064552,195,85,110,43.58974358974359,16.895715440582055,26.694028149161536,15.76394502829426,302.24042561976785,0,5.5,1.4234282913200673,277.5685168074131,-12.931024875082281,10.000015661015443,,,,,,,,,,
LLOYDSENGG_MINED_BASE_G0_C1119,,0,3,3,close_ema_3_daily_volatility_5_daily >= 2.1517313552241197 AND close_ema_8_daily_volatility_5_daily >= 1.2672772609808338 AND close_to_close_ema_3_daily_difference_pct >= 0.37388545459352607,195,85,110,43.58974358974359,16.895715440582055,26.694028149161536,15.76394502829426,302.24042561976785,0,5.5,1.4234282913200673,277.5685168074131,-12.931024875082281,10.000015661015443,,,,,,,,,,
LLOYDSENGG_MINED_BASE_G0_C1120,,0,3,3,close_ema_3_daily_range_5_pct >= 4.683096254230115 AND close_ema_3_daily_volatility_5_daily >= 1.8141316287340417 AND close_ema_13_daily_volatility_5_daily >= 0.6665343015434868,388,121,267,31.185567010309278,16.895715440582055,14.289851569727222,31.366208569118836,302.2264731074378,0,13.350000000000001,0.7090717529339265,275.1198401383635,-12.931024875082281,19.9218788136996,,,,,,,,,,
LLOYDSENGG_MINED_BASE_G0_C1121,,0,3,3,close_ema_8_daily_volatility_5_daily >= 0.8645495401600428 AND close_ema_3_daily_range_5_pct >= 5.878821482298 AND close_ema_13_daily_volatility_5_daily >= 0.8014195041727374,353,116,237,32.86118980169972,16.895715440582055,15.965474361117668,28.53678253839935,302.17983500845423,0,11.850000000000001,0.7341544009553093,259.1565035372242,-12.931024875082281,19.9218788136996,,,,,,,,,,
LLOYDSENGG_MINED_BASE_G0_C1122,,0,3,3,close_ema_3_daily_volatility_5_daily >= 2.551529495595912 AND close_ema_8_daily_volatility_5_daily >= 1.0367159490053137 AND close_ema_21_daily_range_5_pct >= 1.8831689286059863,219,91,128,41.55251141552511,16.895715440582055,24.656795974943055,17.704122877930477,302.1648377188472,0,6.4,1.0936192813773085,239.50262262163054,-12.931024875082281,17.175581052420334,,,,,,,,,,
LLOYDSENGG_MINED_BASE_G0_C1123,,0,3,3,close_ema_3_daily_range_5_pct >= 4.683096254230115 AND close_ema_3_daily_volatility_5_daily >= 1.4807591382075385 AND close_ema_13_daily_volatility_5_daily >= 0.8014195041727374,374,119,255,31.818181818181817,16.895715440582055,14.922466377599761,30.234438156831047,302.074563625406,0,12.75,0.7374105791357054,275.7915565967538,-12.931024875082281,19.9218788136996,,,,,,,,,,
LLOYDSENGG_MINED_BASE_G0_C1124,,0,3,3,close_ema_3_daily_volatility_5_daily >= 2.1517313552241197 AND close_ema_3_daily_range_5_pct >= 7.091176553732353 AND close_ema_13_daily_volatility_5_daily >= 0.6665343015434868,292,106,186,36.3013698630137,16.895715440582055,19.405654422431642,23.60549717057397,302.02262652535376,0,9.3,0.7647848043985189,223.31716288436752,-12.931024875082281,17.175581052420334,,,,,,,,,,
LLOYDSENGG_MINED_BASE_G0_C1125,,0,2,2,close_ema_8_daily_volatility_5_daily >= 1.0367159490053137 AND close_ema_3_daily_range_5_pct >= 7.091176553732353,328,112,216,34.146341463414636,16.895715440582055,17.25062602283258,26.515763945028294,302.00692785622186,0,10.8,0.8512659140196525,279.215219798446,-12.931024875082281,19.9218788136996,,,,,,,,,,
LLOYDSENGG_MINED_BASE_G0_C1126,,0,3,3,close_ema_3_daily_volatility_5_daily >= 1.4807591382075385 AND close_ema_8_daily_volatility_5_daily >= 1.0367159490053137 AND close_ema_3_daily_range_5_pct >= 7.091176553732353,328,112,216,34.146341463414636,16.895715440582055,17.25062602283258,26.515763945028294,302.00692785622186,0,10.8,0.8512659140196525,279.215219798446,-12.931024875082281,19.9218788136996,,,,,,,,,,
LLOYDSENGG_MINED_BASE_G0_C1127,,0,2,2,close_ema_3_daily_range_5_pct >= 4.683096254230115 AND close_ema_13_daily_volatility_5_daily >= 0.8014195041727374,389,121,268,31.10539845758355,16.895715440582055,14.209683017001495,31.447049312853682,301.98077496016685,0,13.4,0.7774532917197815,302.429330478995,-12.931024875082281,19.9218788136996,,,,,,,,,,
LLOYDSENGG_MINED_BASE_G0_C1128,,0,3,3,close_ema_3_daily_volatility_5_daily >= 1.8141316287340417 AND close_ema_8_daily_range_5_pct >= 3.117710901412895 AND close_ema_8_daily_volatility_5_daily >= 1.2672772609808338,328,112,216,34.146341463414636,16.895715440582055,17.25062602283258,26.515763945028294,301.97522342874066,0,10.8,0.8406977715259255,275.7488690605036,-12.931024875082281,19.9218788136996,,,,,,,,,,
LLOYDSENGG_MINED_BASE_G0_C1129,,0,2,2,close_to_close_ema_3_daily_difference_pct >= 1.127345753351754 AND close_ema_13_daily_volatility_5_daily >= 0.8014195041727374,212,89,123,41.9811320754717,16.895715440582055,25.085416634889643,17.13823767178658,301.9536715551722,0,6.15,1.5588627935746489,330.47891223782557,-12.931024875082281,19.9218788136996,,,,,,,,,,
LLOYDSENGG_MINED_BASE_G0_C1130,,0,2,2,close_ema_3_daily_slope_pct >= 1.1401997467767693 AND close_ema_13_daily_volatility_5_daily >= 0.8014195041727374,212,89,123,41.9811320754717,16.895715440582055,25.085416634889643,17.13823767178658,301.9536715551722,0,6.15,1.5588627935746489,330.47891223782557,-12.931024875082281,19.9218788136996,,,,,,,,,,
LLOYDSENGG_MINED_BASE_G0_C1131,,0,3,3,close_to_close_ema_3_daily_difference_pct >= 1.127345753351754 AND close_ema_3_daily_slope_pct >= 1.1401997467767693 AND close_ema_13_daily_volatility_5_daily >= 0.8014195041727374,212,89,123,41.9811320754717,16.895715440582055,25.085416634889643,17.13823767178658,301.9536715551722,0,6.15,1.5588627935746489,330.47891223782557,-12.931024875082281,19.9218788136996,,,,,,,,,,
LLOYDSENGG_MINED_BASE_G0_C1132,,0,3,3,close_to_close_ema_3_daily_difference_pct >= 1.127345753351754 AND close_ema_3_daily_slope_pct >= 0.3776715879064552 AND close_ema_13_daily_volatility_5_daily >= 0.8014195041727374,212,89,123,41.9811320754717,16.895715440582055,25.085416634889643,17.13823767178658,301.9536715551722,0,6.15,1.5588627935746489,330.47891223782557,-12.931024875082281,19.9218788136996,,,,,,,,,,
LLOYDSENGG_MINED_BASE_G0_C1133,,0,3,3,close_ema_3_daily_slope_pct >= 1.1401997467767693 AND close_to_close_ema_3_daily_difference_pct >= 0.37388545459352607 AND close_ema_13_daily_volatility_5_daily >= 0.8014195041727374,212,89,123,41.9811320754717,16.895715440582055,25.085416634889643,17.13823767178658,301.9536715551722,0,6.15,1.5588627935746489,330.47891223782557,-12.931024875082281,19.9218788136996,,,,,,,,,,
LLOYDSENGG_MINED_BASE_G0_C1134,,0,3,3,close_ema_3_daily_volatility_5_daily >= 1.4807591382075385 AND close_ema_21_daily_volatility_5_daily >= 0.5048951676587204 AND close_ema_13_daily_volatility_5_daily >= 0.6665343015434868,435,127,308,29.195402298850574,16.895715440582055,12.299686858268519,35.16572352465643,301.90663774425315,0,15.4,0.6027344843035061,262.18950067202513,-12.931024875082281,19.9218788136996,,,,,,,,,,
LLOYDSENGG_MINED_BASE_G0_C1135,,0,2,2,close_ema_3_daily_volatility_5_daily >= 1.4807591382075385 AND close_to_close_ema_3_daily_difference_pct >= 3.6112616349206315,117,61,56,52.13675213675214,16.895715440582055,35.241036696170084,9.458367016976556,301.8791161698759,0,2.8000000000000003,2.157977563008487,252.483374871993,-12.931024875082281,19.9218788136996,,,,,,,,,,
LLOYDSENGG_MINED_BASE_G0_C1136,,0,2,2,close_ema_3_daily_volatility_5_daily >= 1.4807591382075385 AND close_ema_3_daily_slope_pct >= 3.7465597082957087,117,61,56,52.13675213675214,16.895715440582055,35.241036696170084,9.458367016976556,301.8791161698759,0,2.8000000000000003,2.157977563008487,252.483374871993,-12.931024875082281,19.9218788136996,,,,,,,,,,
LLOYDSENGG_MINED_BASE_G0_C1137,,0,3,3,close_ema_3_daily_slope_pct >= 2.1777186239842106 AND close_ema_3_daily_volatility_5_daily >= 1.4807591382075385 AND close_to_close_ema_3_daily_difference_pct >= 3.6112616349206315,117,61,56,52.13675213675214,16.895715440582055,35.241036696170084,9.458367016976556,301.8791161698759,0,2.8000000000000003,2.157977563008487,252.483374871993,-12.931024875082281,19.9218788136996,,,,,,,,,,
LLOYDSENGG_MINED_BASE_G0_C1138,,0,3,3,close_to_close_ema_3_daily_difference_pct >= 2.1306145320817853 AND close_ema_3_daily_volatility_5_daily >= 1.4807591382075385 AND close_ema_3_daily_slope_pct >= 3.7465597082957087,117,61,56,52.13675213675214,16.895715440582055,35.241036696170084,9.458367016976556,301.8791161698759,0,2.8000000000000003,2.157977563008487,252.483374871993,-12.931024875082281,19.9218788136996,,,,,,,,,,
LLOYDSENGG_MINED_BASE_G0_C1139,,0,3,3,close_ema_3_daily_volatility_5_daily >= 1.4807591382075385 AND close_to_close_ema_3_daily_difference_pct >= 3.6112616349206315 AND close_ema_3_daily_slope_pct >= 3.7465597082957087,117,61,56,52.13675213675214,16.895715440582055,35.241036696170084,9.458367016976556,301.8791161698759,0,2.8000000000000003,2.157977563008487,252.483374871993,-12.931024875082281,19.9218788136996,,,,,,,,,,
LLOYDSENGG_MINED_BASE_G0_C1140,,0,3,3,close_ema_3_daily_volatility_5_daily >= 1.4807591382075385 AND close_to_close_ema_3_daily_difference_pct >= 3.6112616349206315 AND close_ema_3_daily_slope_pct >= 1.1401997467767693,117,61,56,52.13675213675214,16.895715440582055,35.241036696170084,9.458367016976556,301.8791161698759,0,2.8000000000000003,2.157977563008487,252.483374871993,-12.931024875082281,19.9218788136996,,,,,,,,,,
LLOYDSENGG_MINED_BASE_G0_C1141,,0,3,3,close_ema_3_daily_volatility_5_daily >= 1.4807591382075385 AND close_to_close_ema_3_daily_difference_pct >= 3.6112616349206315 AND close_ema_3_daily_slope_pct >= 0.3776715879064552,117,61,56,52.13675213675214,16.895715440582055,35.241036696170084,9.458367016976556,301.8791161698759,0,2.8000000000000003,2.157977563008487,252.483374871993,-12.931024875082281,19.9218788136996,,,,,,,,,,
LLOYDSENGG_MINED_BASE_G0_C1142,,0,3,3,close_ema_3_daily_volatility_5_daily >= 1.4807591382075385 AND close_ema_3_daily_slope_pct >= 3.7465597082957087 AND close_to_close_ema_3_daily_difference_pct >= 1.127345753351754,117,61,56,52.13675213675214,16.895715440582055,35.241036696170084,9.458367016976556,301.8791161698759,0,2.8000000000000003,2.157977563008487,252.483374871993,-12.931024875082281,19.9218788136996,,,,,,,,,,
LLOYDSENGG_MINED_BASE_G0_C1143,,0,3,3,close_ema_3_daily_volatility_5_daily >= 1.4807591382075385 AND close_ema_3_daily_slope_pct >= 3.7465597082957087 AND close_to_close_ema_3_daily_difference_pct >= 0.37388545459352607,117,61,56,52.13675213675214,16.895715440582055,35.241036696170084,9.458367016976556,301.8791161698759,0,2.8000000000000003,2.157977563008487,252.483374871993,-12.931024875082281,19.9218788136996,,,,,,,,,,
LLOYDSENGG_MINED_BASE_G0_C1144,,0,2,2,close_ema_21_daily_volatility_5_daily >= 0.5048951676587204 AND close_ema_13_daily_volatility_5_daily >= 0.6665343015434868,558,140,418,25.089605734767023,16.895715440582055,8.193890294184968,45.10913500404204,301.8738124092302,0,20.900000000000002,0.6014536461017855,335.61113452479634,-12.931024875082281,19.9218788136996,,,,,,,,,,
LLOYDSENGG_MINED_BASE_G0_C1145,,0,2,2,close_ema_8_daily_volatility_5_daily >= 0.8645495401600428 AND close_ema_3_daily_range_5_pct >= 7.091176553732353,361,117,244,32.40997229916898,16.895715440582055,15.514256858586922,29.183508488278093,301.8158902626418,0,12.200000000000001,0.8148686565690743,294.1675850214358,-12.931024875082281,19.9218788136996,,,,,,,,,,
LLOYDSENGG_MINED_BASE_G0_C1146,,0,3,3,close_ema_3_daily_volatility_5_daily >= 1.4807591382075385 AND close_ema_8_daily_volatility_5_daily >= 0.8645495401600428 AND close_ema_3_daily_range_5_pct >= 7.091176553732353,361,117,244,32.40997229916898,16.895715440582055,15.514256858586922,29.183508488278093,301.8158902626418,0,12.200000000000001,0.8148686565690743,294.1675850214358,-12.931024875082281,19.9218788136996,,,,,,,,,,
LLOYDSENGG_MINED_BASE_G0_C1147,,0,3,3,close_ema_3_daily_volatility_5_daily >= 1.4807591382075385 AND close_ema_21_daily_volatility_5_daily >= 0.5048951676587204 AND close_ema_21_daily_range_5_pct >= 1.8831689286059863,427,126,301,29.508196721311474,16.895715440582055,12.612481280729419,34.518997574777686,301.76021145622457,0,15.05,0.5826016841924916,248.7709191501939,-12.931024875082281,19.9218788136996,,,,,,,,,,
LLOYDSENGG_MINED_BASE_G0_C1148,,0,3,3,close_ema_3_daily_volatility_5_daily >= 1.8141316287340417 AND close_ema_8_daily_volatility_5_daily >= 1.0367159490053137 AND close_ema_3_daily_slope_pct >= 0.3776715879064552,248,97,151,39.11290322580645,16.895715440582055,22.217187785224393,20.048504446240905,301.73629940322155,0,7.550000000000001,1.4001201590332029,347.22979944023433,-12.931024875082281,19.9218788136996,,,,,,,,,,
LLOYDSENGG_MINED_BASE_G0_C1149,,0,3,3,close_ema_3_daily_volatility_5_daily >= 1.8141316287340417 AND close_ema_8_daily_volatility_5_daily >= 1.0367159490053137 AND close_to_close_ema_3_daily_difference_pct >= 0.37388545459352607,248,97,151,39.11290322580645,16.895715440582055,22.217187785224393,20.048504446240905,301.73629940322155,0,7.550000000000001,1.4001201590332029,347.22979944023433,-12.931024875082281,19.9218788136996,,,,,,,,,,
LLOYDSENGG_MINED_BASE_G0_C1150,,0,3,3,close_ema_3_daily_volatility_5_daily >= 2.551529495595912 AND close_to_close_ema_3_daily_difference_pct >= 1.127345753351754 AND close_ema_8_daily_volatility_5_daily >= 1.2672772609808338,140,69,71,49.28571428571429,16.895715440582055,32.38999884513224,11.317704122877931,301.71924315497444,0,3.5500000000000003,1.7730829764377491,248.23161670128488,-12.931024875082281,10.000015661015443,,,,,,,,,,
LLOYDSENGG_MINED_BASE_G0_C1151,,0,3,3,close_ema_3_daily_volatility_5_daily >= 2.551529495595912 AND close_ema_3_daily_slope_pct >= 1.1401997467767693 AND close_ema_8_daily_volatility_5_daily >= 1.2672772609808338,140,69,71,49.28571428571429,16.895715440582055,32.38999884513224,11.317704122877931,301.71924315497444,0,3.5500000000000003,1.7730829764377491,248.23161670128488,-12.931024875082281,10.000015661015443,,,,,,,,,,
LLOYDSENGG_MINED_BASE_G0_C1152,,0,3,3,close_ema_3_daily_volatility_5_daily >= 2.1517313552241197 AND close_ema_3_daily_range_5_pct >= 7.091176553732353 AND close_ema_13_daily_volatility_5_daily >= 0.8014195041727374,271,102,169,37.63837638376384,16.895715440582055,20.742660943181786,21.90784155214228,301.70567297571483,0,8.450000000000001,0.8141227532686406,220.6272661358016,-12.931024875082281,17.175581052420334,,,,,,,,,,
LLOYDSENGG_MINED_BASE_G0_C1153,,0,3,3,close_ema_3_daily_range_5_pct >= 4.683096254230115 AND close_ema_21_daily_range_5_pct >= 1.8831689286059863 AND close_to_close_ema_3_daily_difference_pct >= 1.127345753351754,204,87,117,42.64705882352941,16.895715440582055,25.751343382947358,16.49151172190784,301.6546985976312,0,5.8500000000000005,1.5826605609648017,322.86275443681956,-12.931024875082281,19.9218788136996,,,,,,,,,,
LLOYDSENGG_MINED_BASE_G0_C1154,,0,3,3,close_ema_3_daily_range_5_pct >= 4.683096254230115 AND close_ema_21_daily_range_5_pct >= 1.8831689286059863 AND close_ema_3_daily_slope_pct >= 1.1401997467767693,204,87,117,42.64705882352941,16.895715440582055,25.751343382947358,16.49151172190784,301.6546985976312,0,5.8500000000000005,1.5826605609648017,322.86275443681956,-12.931024875082281,19.9218788136996,,,,,,,,,,
LLOYDSENGG_MINED_BASE_G0_C1155,,0,3,3,close_ema_8_daily_volatility_5_daily >= 0.8645495401600428 AND close_to_close_ema_3_daily_difference_pct >= 1.127345753351754 AND close_ema_13_daily_volatility_5_daily >= 0.8014195041727374,208,88,120,42.30769230769231,16.895715440582055,25.41197686711025,16.814874696847212,301.6337861083799,0,6,1.5246339242762206,317.12385624945387,-12.931024875082281,19.9218788136996,,,,,,,,,,
LLOYDSENGG_MINED_BASE_G0_C1156,,0,3,3,close_ema_8_daily_volatility_5_daily >= 0.8645495401600428 AND close_ema_3_daily_slope_pct >= 1.1401997467767693 AND close_ema_13_daily_volatility_5_daily >= 0.8014195041727374,208,88,120,42.30769230769231,16.895715440582055,25.41197686711025,16.814874696847212,301.6337861083799,0,6,1.5246339242762206,317.12385624945387,-12.931024875082281,19.9218788136996,,,,,,,,,,
LLOYDSENGG_MINED_BASE_G0_C1157,,0,3,3,close_ema_21_daily_range_5_pct >= 1.8831689286059863 AND close_to_close_ema_3_daily_difference_pct >= 1.127345753351754 AND close_ema_13_daily_volatility_5_daily >= 0.8014195041727374,200,86,114,43,16.895715440582055,26.104284559417945,16.168148746968473,301.5582922814063,0,5.7,1.5789564947721972,315.79129895443947,-12.931024875082281,19.9218788136996,,,,,,,,,,
LLOYDSENGG_MINED_BASE_G0_C1158,,0,3,3,close_ema_21_daily_range_5_pct >= 1.8831689286059863 AND close_ema_3_daily_slope_pct >= 1.1401997467767693 AND close_ema_13_daily_volatility_5_daily >= 0.8014195041727374,200,86,114,43,16.895715440582055,26.104284559417945,16.168148746968473,301.5582922814063,0,5.7,1.5789564947721972,315.79129895443947,-12.931024875082281,19.9218788136996,,,,,,,,,,
LLOYDSENGG_MINED_BASE_G0_C1159,,0,3,3,close_to_close_ema_3_daily_difference_pct >= 3.6112616349206315 AND close_ema_8_daily_range_5_pct >= 3.117710901412895 AND close_ema_3_daily_range_5_pct >= 7.091176553732353,109,58,51,53.21100917431193,16.895715440582055,36.315293733729874,8.811641067097817,301.47687399509635,0,2.5500000000000003,2.1501351088156686,234.3647268609079,-12.931024875082281,19.9218788136996,,,,,,,,,,
LLOYDSENGG_MINED_BASE_G0_C1160,,0,3,3,close_ema_3_daily_slope_pct >= 3.7465597082957087 AND close_ema_8_daily_range_5_pct >= 3.117710901412895 AND close_ema_3_daily_range_5_pct >= 7.091176553732353,109,58,51,53.21100917431193,16.895715440582055,36.315293733729874,8.811641067097817,301.47687399509635,0,2.5500000000000003,2.1501351088156686,234.3647268609079,-12.931024875082281,19.9218788136996,,,,,,,,,,
LLOYDSENGG_MINED_BASE_G0_C1161,,0,3,3,close_ema_3_daily_volatility_5_daily >= 2.1517313552241197 AND close_ema_3_daily_range_5_pct >= 7.091176553732353 AND close_ema_21_daily_range_5_pct >= 1.8831689286059863,266,101,165,37.96992481203007,16.895715440582055,21.074209371448017,21.503637833468066,301.4511344328478,0,8.25,0.7766958585358994,206.60109837054924,-12.931024875082281,17.175581052420334,,,,,,,,,,
LLOYDSENGG_MINED_BASE_G0_C1162,,0,3,3,close_ema_3_daily_volatility_5_daily >= 1.4807591382075385 AND close_ema_8_daily_volatility_5_daily >= 1.0367159490053137 AND close_ema_21_daily_range_5_pct >= 1.8831689286059863,397,122,275,30.730478589420656,16.895715440582055,13.8347631488386,32.093775262732414,301.45096878689174,0,13.75,0.6757176808995703,268.2599193171294,-12.931024875082281,19.9218788136996,,,,,,,,,,
LLOYDSENGG_MINED_BASE_G0_C1163,,0,2,2,close_ema_21_daily_volatility_5_daily >= 0.5048951676587204 AND close_ema_3_daily_range_5_pct >= 7.091176553732353,311,109,202,35.048231511254016,16.895715440582055,18.15251607067196,25.141471301535972,301.2075163646836,0,10.100000000000001,0.8483120037746231,263.8250331739078,-12.931024875082281,19.9218788136996,,,,,,,,,,
LLOYDSENGG_MINED_BASE_G0_C1164,,0,3,3,close_ema_3_daily_volatility_5_daily >= 1.4807591382075385 AND close_ema_21_daily_volatility_5_daily >= 0.5048951676587204 AND close_ema_3_daily_range_5_pct >= 7.091176553732353,311,109,202,35.048231511254016,16.895715440582055,18.15251607067196,25.141471301535972,301.2075163646836,0,10.100000000000001,0.8483120037746231,263.8250331739078,-12.931024875082281,19.9218788136996,,,,,,,,,,
LLOYDSENGG_MINED_BASE_G0_C1165,,0,3,3,close_ema_3_daily_volatility_5_daily >= 1.4807591382075385 AND close_ema_21_daily_volatility_5_daily >= 0.5048951676587204 AND close_ema_13_daily_volatility_5_daily >= 0.8014195041727374,405,123,282,30.37037037037037,16.895715440582055,13.474654929788315,32.74050121261116,301.20584241867215,0,14.100000000000001,0.6441892565768628,260.8966489136294,-12.931024875082281,19.9218788136996,,,,,,,,,,
LLOYDSENGG_MINED_BASE_G0_C1166,,0,3,3,close_ema_3_daily_range_5_pct >= 4.683096254230115 AND close_ema_3_daily_volatility_5_daily >= 1.8141316287340417 AND close_ema_8_daily_volatility_5_daily >= 1.2672772609808338,317,110,207,34.70031545741325,16.895715440582055,17.80460001683119,25.62651576394503,301.16507152833327,0,10.350000000000001,0.8306904813924394,263.3288826014033,-12.931024875082281,19.9218788136996,,,,,,,,,,
LLOYDSENGG_MINED_BASE_G0_C1167,,0,2,2,close_ema_3_daily_range_5_pct >= 5.878821482298 AND close_ema_13_daily_volatility_5_daily >= 0.8014195041727374,355,116,239,32.67605633802817,16.895715440582055,15.780340897446113,28.698464025869036,301.0984137224651,0,11.950000000000001,0.7155697450781789,254.0272595027535,-12.931024875082281,19.9218788136996,,,,,,,,,,
LLOYDSENGG_MINED_BASE_G0_C1168,,0,3,3,close_ema_3_daily_volatility_5_daily >= 2.551529495595912 AND close_ema_3_daily_range_5_pct >= 7.091176553732353 AND close_ema_3_daily_slope_pct >= 0.3776715879064552,150,72,78,48,16.895715440582055,31.104284559417945,12.126111560226354,301.03943368954015,0,3.9000000000000004,1.8060036308168042,270.9005446225206,-12.931024875082281,10.000015661015443,,,,,,,,,,
LLOYDSENGG_MINED_BASE_G0_C1169,,0,3,3,close_ema_3_daily_volatility_5_daily >= 2.551529495595912 AND close_ema_3_daily_range_5_pct >= 7.091176553732353 AND close_to_close_ema_3_daily_difference_pct >= 0.37388545459352607,150,72,78,48,16.895715440582055,31.104284559417945,12.126111560226354,301.03943368954015,0,3.9000000000000004,1.8060036308168042,270.9005446225206,-12.931024875082281,10.000015661015443,,,,,,,,,,
LLOYDSENGG_MINED_BASE_G0_C1170,,0,3,3,close_ema_3_daily_range_5_pct >= 4.683096254230115 AND close_ema_8_daily_volatility_5_daily >= 0.8645495401600428 AND close_ema_13_daily_volatility_5_daily >= 0.8014195041727374,384,120,264,31.25,16.895715440582055,14.354284559417945,31.042845594179468,300.90714765329295,0,13.200000000000001,0.7785749520677442,298.9727815940138,-12.931024875082281,19.9218788136996,,,,,,,,,,
LLOYDSENGG_MINED_BASE_G0_C1171,,0,3,3,close_ema_3_daily_volatility_5_daily >= 1.4807591382075385 AND close_ema_8_daily_volatility_5_daily >= 1.0367159490053137 AND close_ema_13_daily_volatility_5_daily >= 0.8014195041727374,398,122,276,30.65326633165829,16.895715440582055,13.757550891076235,32.17461600646726,300.8784490147368,0,13.8,0.6302315197852151,250.8321448745156,-12.931024875082281,19.9218788136996,,,,,,,,,,
LLOYDSENGG_MINED_BASE_G0_C1172,,0,2,2,close_ema_3_daily_volatility_5_daily >= 1.8141316287340417 AND close_ema_3_daily_range_5_pct >= 5.878821482298,413,124,289,30.024213075060537,16.895715440582055,13.128497634478482,33.38722716248989,300.8702250376472,0,14.450000000000001,0.5592456217515768,230.9684417834012,-12.931024875082281,19.9218788136996,,,,,,,,,,
LLOYDSENGG_MINED_BASE_G0_C1173,,0,3,3,close_ema_3_daily_range_5_pct >= 4.683096254230115 AND close_ema_3_daily_volatility_5_daily >= 2.551529495595912 AND close_ema_21_daily_range_5_pct >= 1.8831689286059863,216,90,126,41.66666666666667,16.895715440582055,24.770951226084616,17.461600646725948,300.8516056943833,0,6.300000000000001,1.09894985465341,237.37316860513656,-12.931024875082281,17.175581052420334,,,,,,,,,,
LLOYDSENGG_MINED_BASE_G0_C1174,,0,3,3,close_ema_3_daily_range_5_pct >= 5.878821482298 AND close_to_close_ema_3_daily_difference_pct >= 1.127345753351754 AND close_ema_13_daily_volatility_5_daily >= 0.8014195041727374,185,82,103,44.32432432432433,16.895715440582055,27.428608883742275,14.955537590945836,300.76865764683396,0,5.15,1.5918710760408492,294.4961490675571,-12.931024875082281,19.9218788136996,,,,,,,,,,
LLOYDSENGG_MINED_BASE_G0_C1175,,0,3,3,close_ema_3_daily_range_5_pct >= 5.878821482298 AND close_ema_3_daily_slope_pct >= 1.1401997467767693 AND close_ema_13_daily_volatility_5_daily >= 0.8014195041727374,185,82,103,44.32432432432433,16.895715440582055,27.428608883742275,14.955537590945836,300.76865764683396,0,5.15,1.5918710760408492,294.4961490675571,-12.931024875082281,19.9218788136996,,,,,,,,,,
LLOYDSENGG_MINED_BASE_G0_C1176,,0,2,2,close_ema_3_daily_volatility_5_daily >= 1.8141316287340417 AND close_ema_3_daily_range_5_pct >= 7.091176553732353,349,115,234,32.95128939828081,16.895715440582055,16.05557395769875,28.213419563459986,300.69661415783713,0,11.700000000000001,0.7062481231144545,246.48059496694464,-12.931024875082281,19.9218788136996,,,,,,,,,,
LLOYDSENGG_MINED_BASE_G0_C1177,,0,3,3,close_ema_3_daily_volatility_5_daily >= 2.551529495595912 AND close_ema_8_daily_volatility_5_daily >= 1.0367159490053137 AND close_ema_3_daily_range_5_pct >= 7.091176553732353,225,92,133,40.88888888888889,16.895715440582055,23.993173448306838,18.189167340339534,300.5863978379284,0,6.65,1.0901768654647401,245.28979472956655,-12.931024875082281,17.175581052420334,,,,,,,,,,
LLOYDSENGG_MINED_BASE_G0_C1178,,0,3,3,close_ema_3_daily_volatility_5_daily >= 1.8141316287340417 AND close_ema_3_daily_range_5_pct >= 7.091176553732353 AND close_ema_21_daily_range_5_pct >= 1.8831689286059863,289,105,184,36.332179930795846,16.895715440582055,19.43646449021379,23.362974939369444,300.55862095101025,0,9.200000000000001,0.8587661666470875,248.18342216100828,-12.931024875082281,19.9218788136996,,,,,,,,,,
LLOYDSENGG_MINED_BASE_G0_C1179,,0,3,3,close_ema_3_daily_volatility_5_daily >= 1.4807591382075385 AND close_ema_8_daily_range_5_pct >= 3.117710901412895 AND close_ema_3_daily_range_5_pct >= 5.878821482298,423,125,298,29.550827423167846,16.895715440582055,12.65511198258579,34.19563459983832,300.54371575901746,0,14.9,0.7227186153628312,305.7099742984776,-12.931024875082281,19.9218788136996,,,,,,,,,,
LLOYDSENGG_MINED_BASE_G0_C1180,,0,3,3,close_ema_21_daily_volatility_5_daily >= 0.5048951676587204 AND close_ema_8_daily_volatility_5_daily >= 1.0367159490053137 AND close_ema_21_daily_range_5_pct >= 1.8831689286059863,423,125,298,29.550827423167846,16.895715440582055,12.65511198258579,34.19563459983832,300.45895547239667,0,14.9,0.6944651864892398,293.7587738849484,-12.931024875082281,19.9218788136996,,,,,,,,,,
LLOYDSENGG_MINED_BASE_G0_C1181,,0,3,3,close_ema_3_daily_range_5_pct >= 5.878821482298 AND close_ema_8_daily_volatility_5_daily >= 1.0367159490053137 AND close_ema_13_daily_volatility_5_daily >= 0.8014195041727374,343,114,229,33.23615160349854,16.895715440582055,16.340436162916486,27.72837510105093,300.3900836184433,0,11.450000000000001,0.7126342679536153,244.43355390809003,-12.931024875082281,19.9218788136996,,,,,,,,,,
LLOYDSENGG_MINED_BASE_G0_C1182,,0,3,3,close_ema_3_daily_volatility_5_daily >= 2.1517313552241197 AND close_ema_8_daily_range_5_pct >= 3.117710901412895 AND close_ema_3_daily_slope_pct >= 0.3776715879064552,213,89,124,41.78403755868544,16.895715440582055,24.888322118103385,17.219078415521423,300.32937770313646,0,6.2,1.3625890375398442,290.2314649959868,-12.931024875082281,10.000015661015443,,,,,,,,,,
LLOYDSENGG_MINED_BASE_G0_C1183,,0,3,3,close_ema_3_daily_volatility_5_daily >= 2.1517313552241197 AND close_ema_8_daily_range_5_pct >= 3.117710901412895 AND close_to_close_ema_3_daily_difference_pct >= 0.37388545459352607,213,89,124,41.78403755868544,16.895715440582055,24.888322118103385,17.219078415521423,300.32937770313646,0,6.2,1.3625890375398442,290.2314649959868,-12.931024875082281,10.000015661015443,,,,,,,,,,
LLOYDSENGG_MINED_BASE_G0_C1184,,0,3,3,close_ema_3_daily_range_5_pct >= 4.683096254230115 AND close_to_close_ema_3_daily_difference_pct >= 1.127345753351754 AND close_ema_13_daily_volatility_5_daily >= 0.8014195041727374,193,84,109,43.523316062176164,16.895715440582055,26.62760062159411,15.602263540824577,300.31073947751,0,5.45,1.54091212317981,297.3960397737033,-12.931024875082281,19.9218788136996,,,,,,,,,,
LLOYDSENGG_MINED_BASE_G0_C1185,,0,3,3,close_ema_3_daily_range_5_pct >= 4.683096254230115 AND close_ema_3_daily_slope_pct >= 1.1401997467767693 AND close_ema_13_daily_volatility_5_daily >= 0.8014195041727374,193,84,109,43.523316062176164,16.895715440582055,26.62760062159411,15.602263540824577,300.31073947751,0,5.45,1.54091212317981,297.3960397737033,-12.931024875082281,19.9218788136996,,,,,,,,,,
LLOYDSENGG_MINED_BASE_G0_C1186,,0,3,3,close_ema_3_daily_range_5_pct >= 4.683096254230115 AND close_ema_3_daily_volatility_5_daily >= 1.8141316287340417 AND close_ema_8_daily_range_5_pct >= 3.117710901412895,400,122,278,30.5,16.895715440582055,13.604284559417945,32.33629749393695,300.26187217374854,0,13.9,0.7134831255529421,285.39325022117686,-12.931024875082281,19.9218788136996,,,,,,,,,,
LLOYDSENGG_MINED_BASE_G0_C1187,,0,3,3,close_ema_3_daily_volatility_5_daily >= 2.1517313552241197 AND close_ema_8_daily_range_5_pct >= 3.117710901412895 AND close_to_close_ema_3_daily_difference_pct >= 1.127345753351754,189,83,106,43.91534391534391,16.895715440582055,27.019628474761856,15.278900565885206,300.2083978875791,0,5.300000000000001,1.4700851712565954,277.84609736749655,-12.931024875082281,10.000015661015443,,,,,,,,,,
LLOYDSENGG_MINED_BASE_G0_C1188,,0,3,3,close_ema_3_daily_volatility_5_daily >= 2.1517313552241197 AND close_ema_8_daily_range_5_pct >= 3.117710901412895 AND close_ema_3_daily_slope_pct >= 1.1401997467767693,189,83,106,43.91534391534391,16.895715440582055,27.019628474761856,15.278900565885206,300.2083978875791,0,5.300000000000001,1.4700851712565954,277.84609736749655,-12.931024875082281,10.000015661015443,,,,,,,,,,
LLOYDSENGG_MINED_BASE_G0_C1189,,0,3,3,close_ema_21_daily_volatility_5_daily >= 0.5048951676587204 AND close_ema_8_daily_volatility_5_daily >= 1.0367159490053137 AND close_ema_13_daily_volatility_5_daily >= 0.6665343015434868,440,127,313,28.863636363636363,16.895715440582055,11.967920923054308,35.56992724333064,300.1398838875654,0,15.65,0.6500930907646202,286.0409599364329,-12.931024875082281,19.9218788136996,,,,,,,,,,
LLOYDSENGG_MINED_BASE_G0_C1190,,0,3,3,close_ema_3_daily_range_5_pct >= 5.878821482298 AND close_ema_21_daily_volatility_5_daily >= 0.5048951676587204 AND close_ema_21_daily_range_5_pct >= 1.8831689286059863,357,116,241,32.49299719887955,16.895715440582055,15.597281758297495,28.860145513338725,300.13714164085934,0,12.05,0.7335776164572951,261.88720907525436,-12.931024875082281,19.9218788136996,,,,,,,,,,
LLOYDSENGG_MINED_BASE_G0_C1191,,0,3,3,close_ema_3_daily_volatility_5_daily >= 2.551529495595912 AND close_ema_13_daily_volatility_5_daily >= 0.6665343015434868 AND close_ema_3_daily_slope_pct >= 0.3776715879064552,157,74,83,47.13375796178344,16.895715440582055,30.238042521201383,12.69199676637025,300.1150929440365,0,4.15,1.6916267793431994,265.5854043568823,-12.931024875082281,10.000015661015443,,,,,,,,,,
LLOYDSENGG_MINED_BASE_G0_C1192,,0,3,3,close_ema_3_daily_volatility_5_daily >= 2.551529495595912 AND close_ema_13_daily_volatility_5_daily >= 0.6665343015434868 AND close_to_close_ema_3_daily_difference_pct >= 0.37388545459352607,157,74,83,47.13375796178344,16.895715440582055,30.238042521201383,12.69199676637025,300.1150929440365,0,4.15,1.6916267793431994,265.5854043568823,-12.931024875082281,10.000015661015443,,,,,,,,,,
LLOYDSENGG_MINED_BASE_G0_C1193,,0,3,3,close_ema_3_daily_slope_pct >= 2.1777186239842106 AND close_ema_8_daily_range_5_pct >= 3.117710901412895 AND close_ema_3_daily_range_5_pct >= 7.091176553732353,164,76,88,46.34146341463415,16.895715440582055,29.445747974052093,13.257881972514147,300.03120324726615,0,4.4,1.7341544590018811,284.4013312763085,-12.931024875082281,19.9218788136996,,,,,,,,,,
LLOYDSENGG_MINED_BASE_G0_C1194,,0,3,3,close_ema_3_daily_volatility_5_daily >= 1.4807591382075385 AND close_ema_3_daily_slope_pct >= 0.3776715879064552 AND close_ema_13_daily_volatility_5_daily >= 0.8014195041727374,231,93,138,40.25974025974026,16.895715440582055,23.364024819158207,18.674211802748587,300.01796202448287,0,6.9,1.3659459762306194,315.5335205092731,-12.931024875082281,19.9218788136996,,,,,,,,,,
LLOYDSENGG_MINED_BASE_G0_C1195,,0,3,3,close_ema_3_daily_volatility_5_daily >= 1.4807591382075385 AND close_to_close_ema_3_daily_difference_pct >= 0.37388545459352607 AND close_ema_13_daily_volatility_5_daily >= 0.8014195041727374,231,93,138,40.25974025974026,16.895715440582055,23.364024819158207,18.674211802748587,300.01796202448287,0,6.9,1.3659459762306194,315.5335205092731,-12.931024875082281,19.9218788136996,,,,,,,,,,
LLOYDSENGG_MINED_BASE_G0_C1196,,0,3,3,close_ema_3_daily_volatility_5_daily >= 1.8141316287340417 AND close_ema_21_daily_range_5_pct >= 1.8831689286059863 AND close_ema_8_daily_volatility_5_daily >= 1.2672772609808338,313,109,204,34.82428115015975,16.895715440582055,17.928565709577693,25.303152789005658,299.91974739706626,0,10.200000000000001,0.8256396163925886,258.42519993088024,-12.931024875082281,19.9218788136996,,,,,,,,,,
LLOYDSENGG_MINED_BASE_G0_C1197,,0,3,3,close_ema_3_daily_range_5_pct >= 4.683096254230115 AND close_ema_8_daily_volatility_5_daily >= 1.0367159490053137 AND close_ema_21_daily_range_5_pct >= 1.8831689286059863,372,118,254,31.72043010752688,16.895715440582055,14.824714666944825,30.072756669361354,299.76108160262396,0,12.700000000000001,0.7791694226332607,289.851025219573,-12.931024875082281,19.9218788136996,,,,,,,,,,
LLOYDSENGG_MINED_BASE_G0_C1198,,0,2,2,close_ema_8_daily_volatility_5_daily >= 0.8645495401600428 AND close_ema_21_daily_volatility_5_daily >= 0.5048951676587204,504,134,370,26.58730158730159,16.895715440582055,9.691586146719533,40.74373484236055,299.7147984446623,0,18.5,0.5856225703548644,295.15377545885167,-12.931024875082281,19.9218788136996,,,,,,,,,,
LLOYDSENGG_MINED_BASE_G0_C1199,,0,1,1,close_ema_3_daily_range_5_pct >= 7.091176553732353,372,118,254,31.72043010752688,16.895715440582055,14.824714666944825,30.072756669361354,299.6782964618084,0,12.700000000000001,0.7515743756947404,279.58566775844344,-12.931024875082281,19.9218788136996,,,,,,,,,,
LLOYDSENGG_MINED_BASE_G0_C1200,,0,2,2,close_ema_3_daily_volatility_5_daily >= 1.4807591382075385 AND close_ema_3_daily_range_5_pct >= 7.091176553732353,372,118,254,31.72043010752688,16.895715440582055,14.824714666944825,30.072756669361354,299.6782964618084,0,12.700000000000001,0.7515743756947404,279.58566775844344,-12.931024875082281,19.9218788136996,,,,,,,,,,
LLOYDSENGG_MINED_BASE_G0_C1201,,0,3,3,close_ema_3_daily_range_5_pct >= 4.683096254230115 AND close_ema_8_daily_volatility_5_daily >= 1.0367159490053137 AND close_ema_13_daily_volatility_5_daily >= 0.8014195041727374,372,118,254,31.72043010752688,16.895715440582055,14.824714666944825,30.072756669361354,299.6761347971087,0,12.700000000000001,0.7508538207948524,279.3176213356851,-12.931024875082281,19.9218788136996,,,,,,,,,,
LLOYDSENGG_MINED_BASE_G0_C1202,,0,3,3,close_ema_8_daily_volatility_5_daily >= 0.8645495401600428 AND close_ema_3_daily_volatility_5_daily >= 1.8141316287340417 AND close_to_close_ema_3_daily_difference_pct >= 1.127345753351754,241,95,146,39.41908713692946,16.895715440582055,22.523371696347407,19.48261924009701,299.66045184846445,0,7.300000000000001,1.4478644555758131,348.93533379377095,-12.931024875082281,19.9218788136996,,,,,,,,,,
LLOYDSENGG_MINED_BASE_G0_C1203,,0,3,3,close_ema_8_daily_volatility_5_daily >= 0.8645495401600428 AND close_ema_3_daily_volatility_5_daily >= 1.8141316287340417 AND close_ema_3_daily_slope_pct >= 1.1401997467767693,241,95,146,39.41908713692946,16.895715440582055,22.523371696347407,19.48261924009701,299.66045184846445,0,7.300000000000001,1.4478644555758131,348.93533379377095,-12.931024875082281,19.9218788136996,,,,,,,,,,
LLOYDSENGG_MINED_BASE_G0_C1204,,0,3,3,close_ema_3_daily_range_5_pct >= 4.683096254230115 AND close_ema_8_daily_range_5_pct >= 3.117710901412895 AND close_ema_21_daily_volatility_5_daily >= 0.5048951676587204,395,121,274,30.632911392405067,16.895715440582055,13.737195951823011,31.932093775262732,299.4298537313679,0,13.700000000000001,0.8146246574176151,321.776739679958,-12.931024875082281,19.9218788136996,,,,,,,,,,
LLOYDSENGG_MINED_BASE_G0_C1205,,0,3,3,close_ema_3_daily_range_5_pct >= 4.683096254230115 AND close_ema_21_daily_volatility_5_daily >= 0.5048951676587204 AND close_ema_13_daily_volatility_5_daily >= 0.8014195041727374,380,119,261,31.31578947368421,16.895715440582055,14.420074033102154,30.719482619240097,299.4118811086974,0,13.05,0.7871703143955463,299.1247194703076,-12.931024875082281,19.9218788136996,,,,,,,,,,
LLOYDSENGG_MINED_BASE_G0_C1206,,0,3,3,close_ema_3_daily_volatility_5_daily >= 2.1517313552241197 AND close_ema_3_daily_range_5_pct >= 7.091176553732353 AND close_ema_8_daily_volatility_5_daily >= 1.2672772609808338,264,100,164,37.878787878787875,16.895715440582055,20.98307243820582,21.341956345998383,299.28363916908967,0,8.200000000000001,0.8560923260201978,226.0083740693322,-12.931024875082281,17.175581052420334,,,,,,,,,,
LLOYDSENGG_MINED_BASE_G0_C1207,,0,3,3,close_ema_21_daily_volatility_5_daily >= 0.5048951676587204 AND close_ema_8_daily_volatility_5_daily >= 1.0367159490053137 AND close_ema_3_daily_slope_pct >= 0.3776715879064552,246,96,150,39.02439024390244,16.895715440582055,22.128674803320383,19.886822958771223,299.0625579007188,0,7.5,1.3063946280389567,321.3730784975833,-12.931024875082281,19.9218788136996,,,,,,,,,,
LLOYDSENGG_MINED_BASE_G0_C1208,,0,3,3,close_ema_21_daily_volatility_5_daily >= 0.5048951676587204 AND close_ema_8_daily_volatility_5_daily >= 1.0367159490053137 AND close_to_close_ema_3_daily_difference_pct >= 0.37388545459352607,246,96,150,39.02439024390244,16.895715440582055,22.128674803320383,19.886822958771223,299.0625579007188,0,7.5,1.3063946280389567,321.3730784975833,-12.931024875082281,19.9218788136996,,,,,,,,,,
LLOYDSENGG_MINED_BASE_G0_C1209,,0,3,3,close_ema_3_daily_range_5_pct >= 5.878821482298 AND close_ema_21_daily_volatility_5_daily >= 0.5048951676587204 AND close_ema_13_daily_volatility_5_daily >= 0.8014195041727374,346,114,232,32.947976878612714,16.895715440582055,16.05226143803066,27.970897332255458,298.8352029863446,0,11.600000000000001,0.7246319320637754,250.72264849406628,-12.931024875082281,19.9218788136996,,,,,,,,,,
LLOYDSENGG_MINED_BASE_G0_C1210,,0,3,3,close_ema_8_daily_volatility_5_daily >= 0.8645495401600428 AND close_ema_21_daily_range_5_pct >= 1.8831689286059863 AND close_to_close_ema_3_daily_difference_pct >= 1.127345753351754,215,89,126,41.3953488372093,16.895715440582055,24.499633396627242,17.38075990299111,298.8239837387245,0,6.300000000000001,1.5419389185294237,331.5168674838261,-12.931024875082281,19.9218788136996,,,,,,,,,,
LLOYDSENGG_MINED_BASE_G0_C1211,,0,3,3,close_ema_8_daily_volatility_5_daily >= 0.8645495401600428 AND close_ema_21_daily_range_5_pct >= 1.8831689286059863 AND close_ema_3_daily_slope_pct >= 1.1401997467767693,215,89,126,41.3953488372093,16.895715440582055,24.499633396627242,17.38075990299111,298.8239837387245,0,6.300000000000001,1.5419389185294237,331.5168674838261,-12.931024875082281,19.9218788136996,,,,,,,,,,
LLOYDSENGG_MINED_BASE_G0_C1212,,0,2,2,close_ema_21_daily_range_5_pct >= 1.8831689286059863 AND close_to_close_ema_3_daily_difference_pct >= 1.127345753351754,233,93,140,39.91416309012876,16.895715440582055,23.018447649546705,18.83589329021827,298.8100909360131,0,7,1.5726175627598715,366.4198921230501,-12.931024875082281,19.9218788136996,,,,,,,,,,
LLOYDSENGG_MINED_BASE_G0_C1213,,0,2,2,close_ema_21_daily_range_5_pct >= 1.8831689286059863 AND close_ema_3_daily_slope_pct >= 1.1401997467767693,233,93,140,39.91416309012876,16.895715440582055,23.018447649546705,18.83589329021827,298.8100909360131,0,7,1.5726175627598715,366.4198921230501,-12.931024875082281,19.9218788136996,,,,,,,,,,
LLOYDSENGG_MINED_BASE_G0_C1214,,0,3,3,close_ema_21_daily_range_5_pct >= 1.8831689286059863 AND close_to_close_ema_3_daily_difference_pct >= 1.127345753351754 AND close_ema_3_daily_slope_pct >= 1.1401997467767693,233,93,140,39.91416309012876,16.895715440582055,23.018447649546705,18.83589329021827,298.8100909360131,0,7,1.5726175627598715,366.4198921230501,-12.931024875082281,19.9218788136996,,,,,,,,,,
LLOYDSENGG_MINED_BASE_G0_C1215,,0,3,3,close_ema_21_daily_range_5_pct >= 1.8831689286059863 AND close_to_close_ema_3_daily_difference_pct >= 1.127345753351754 AND close_ema_3_daily_slope_pct >= 0.3776715879064552,233,93,140,39.91416309012876,16.895715440582055,23.018447649546705,18.83589329021827,298.8100909360131,0,7,1.5726175627598715,366.4198921230501,-12.931024875082281,19.9218788136996,,,,,,,,,,
LLOYDSENGG_MINED_BASE_G0_C1216,,0,3,3,close_ema_21_daily_range_5_pct >= 1.8831689286059863 AND close_ema_3_daily_slope_pct >= 1.1401997467767693 AND close_to_close_ema_3_daily_difference_pct >= 0.37388545459352607,233,93,140,39.91416309012876,16.895715440582055,23.018447649546705,18.83589329021827,298.8100909360131,0,7,1.5726175627598715,366.4198921230501,-12.931024875082281,19.9218788136996,,,,,,,,,,
LLOYDSENGG_MINED_BASE_G0_C1217,,0,3,3,close_ema_8_daily_range_5_pct >= 3.117710901412895 AND close_ema_21_daily_volatility_5_daily >= 0.5048951676587204 AND close_ema_8_daily_volatility_5_daily >= 1.0367159490053137,419,124,295,29.594272076372313,16.895715440582055,12.698556635790258,33.87227162489895,298.8047342532937,0,14.75,0.6873170247807955,287.9858333831533,-12.931024875082281,19.9218788136996,,,,,,,,,,
LLOYDSENGG_MINED_BASE_G0_C1218,,0,3,3,close_ema_3_daily_volatility_5_daily >= 2.1517313552241197 AND close_ema_8_daily_range_5_pct >= 3.117710901412895 AND close_ema_3_daily_range_5_pct >= 7.091176553732353,297,106,191,35.69023569023569,16.895715440582055,18.794520249653633,24.00970088924818,298.7480615747948,0,9.55,0.7751534421755446,230.22057232613673,-12.931024875082281,17.175581052420334,,,,,,,,,,
LLOYDSENGG_MINED_BASE_G0_C1219,,0,3,3,close_ema_3_daily_volatility_5_daily >= 1.4807591382075385 AND close_ema_8_daily_volatility_5_daily >= 0.8645495401600428 AND close_ema_8_daily_range_5_pct >= 3.117710901412895,479,131,348,27.348643006263046,16.895715440582055,10.45292756568099,38.72271624898949,298.74475508340004,0,17.400000000000002,0.626705751665022,300.1920550475455,-12.931024875082281,19.9218788136996,,,,,,,,,,
LLOYDSENGG_MINED_BASE_G0_C1220,,0,3,3,close_ema_3_daily_range_5_pct >= 4.683096254230115 AND close_ema_8_daily_volatility_5_daily >= 0.8645495401600428 AND close_ema_21_daily_range_5_pct >= 1.8831689286059863,404,122,282,30.198019801980198,16.895715440582055,13.302304361398143,32.65966046887631,298.7300840381082,0,14.100000000000001,0.7728540770391712,312.23304712382514,-12.931024875082281,19.9218788136996,,,,,,,,,,
LLOYDSENGG_MINED_BASE_G0_C1221,,0,3,3,close_ema_3_daily_volatility_5_daily >= 2.551529495595912 AND close_ema_3_daily_range_5_pct >= 5.878821482298 AND close_ema_8_daily_volatility_5_daily >= 1.0367159490053137,236,94,142,39.83050847457627,16.895715440582055,22.934793033994215,19.078415521422798,298.68144025732556,0,7.1000000000000005,1.0358250291181594,244.4547068718856,-12.931024875082281,17.175581052420334,,,,,,,,,,
LLOYDSENGG_MINED_BASE_G0_C1222,,0,2,2,close_ema_3_daily_volatility_5_daily >= 2.551529495595912 AND close_ema_13_daily_volatility_5_daily >= 0.6665343015434868,241,95,146,39.41908713692946,16.895715440582055,22.523371696347407,19.48261924009701,298.6211226077249,0,7.300000000000001,1.1014213753292847,265.4425514543576,-12.931024875082281,17.175581052420334,,,,,,,,,,
LLOYDSENGG_MINED_BASE_G0_C1223,,0,3,3,close_ema_8_daily_volatility_5_daily >= 0.8645495401600428 AND close_ema_3_daily_volatility_5_daily >= 2.551529495595912 AND close_ema_13_daily_volatility_5_daily >= 0.6665343015434868,241,95,146,39.41908713692946,16.895715440582055,22.523371696347407,19.48261924009701,298.6211226077249,0,7.300000000000001,1.1014213753292847,265.4425514543576,-12.931024875082281,17.175581052420334,,,,,,,,,,
LLOYDSENGG_MINED_BASE_G0_C1224,,0,3,3,close_ema_3_daily_volatility_5_daily >= 2.551529495595912 AND close_ema_8_daily_volatility_5_daily >= 1.0367159490053137 AND close_ema_13_daily_volatility_5_daily >= 0.6665343015434868,241,95,146,39.41908713692946,16.895715440582055,22.523371696347407,19.48261924009701,298.6211226077249,0,7.300000000000001,1.1014213753292847,265.4425514543576,-12.931024875082281,17.175581052420334,,,,,,,,,,
LLOYDSENGG_MINED_BASE_G0_C1225,,0,3,3,close_ema_8_daily_volatility_5_daily >= 0.8645495401600428 AND close_ema_3_daily_volatility_5_daily >= 1.8141316287340417 AND close_ema_3_daily_slope_pct >= 0.3776715879064552,272,101,171,37.13235294117647,16.895715440582055,20.236637500594416,21.988682295877123,298.58971589659967,0,8.55,1.3188427978758683,358.72524102223616,-12.931024875082281,19.9218788136996,,,,,,,,,,
LLOYDSENGG_MINED_BASE_G0_C1226,,0,3,3,close_ema_8_daily_volatility_5_daily >= 0.8645495401600428 AND close_ema_3_daily_volatility_5_daily >= 1.8141316287340417 AND close_to_close_ema_3_daily_difference_pct >= 0.37388545459352607,272,101,171,37.13235294117647,16.895715440582055,20.236637500594416,21.988682295877123,298.58971589659967,0,8.55,1.3188427978758683,358.72524102223616,-12.931024875082281,19.9218788136996,,,,,,,,,,
LLOYDSENGG_MINED_BASE_G0_C1227,,0,3,3,close_to_close_ema_3_daily_difference_pct >= 2.1306145320817853 AND close_ema_8_daily_range_5_pct >= 3.117710901412895 AND close_ema_3_daily_range_5_pct >= 7.091176553732353,165,76,89,46.06060606060606,16.895715440582055,29.164890620024007,13.338722716248991,298.54697175390686,0,4.45,1.7241728845956108,284.4885259582758,-12.931024875082281,19.9218788136996,,,,,,,,,,
LLOYDSENGG_MINED_BASE_G0_C1228,,0,3,3,close_ema_3_daily_volatility_5_daily >= 2.551529495595912 AND close_ema_21_daily_range_5_pct >= 6.280967301429598 AND close_ema_3_daily_range_5_pct >= 7.091176553732353,99,54,45,54.54545454545454,16.895715440582055,37.64973910487248,8.003233629749394,298.53848721741133,0,2.25,1.5132638976829813,149.81312587061515,-9.254259760270903,10.000014739437525,,,,,,,,,,
LLOYDSENGG_MINED_BASE_G0_C1229,,0,2,2,close_ema_3_daily_volatility_5_daily >= 2.551529495595912 AND close_ema_3_daily_range_5_pct >= 7.091176553732353,227,92,135,40.52863436123348,16.895715440582055,23.632918920651424,18.350848827809216,298.53396254010346,0,6.75,1.0397893122821231,236.03217388804194,-12.931024875082281,17.175581052420334,,,,,,,,,,
LLOYDSENGG_MINED_BASE_G0_C1230,,0,3,3,close_ema_8_daily_volatility_5_daily >= 0.8645495401600428 AND close_ema_3_daily_volatility_5_daily >= 2.551529495595912 AND close_ema_3_daily_range_5_pct >= 7.091176553732353,227,92,135,40.52863436123348,16.895715440582055,23.632918920651424,18.350848827809216,298.53396254010346,0,6.75,1.0397893122821231,236.03217388804194,-12.931024875082281,17.175581052420334,,,,,,,,,,
LLOYDSENGG_MINED_BASE_G0_C1231,,0,3,3,close_ema_3_daily_volatility_5_daily >= 2.551529495595912 AND close_ema_21_daily_volatility_5_daily >= 0.5048951676587204 AND close_ema_3_daily_range_5_pct >= 7.091176553732353,218,90,128,41.284403669724774,16.895715440582055,24.38868822914272,17.623282134195634,298.53215028054706,0,6.4,0.9962363782778237,217.17953046456557,-12.931024875082281,17.175581052420334,,,,,,,,,,
LLOYDSENGG_MINED_BASE_G0_C1232,,0,3,3,close_ema_3_daily_volatility_5_daily >= 1.4807591382075385 AND close_ema_8_daily_volatility_5_daily >= 1.0367159490053137 AND close_to_close_ema_3_daily_difference_pct >= 1.127345753351754,224,91,133,40.625,16.895715440582055,23.729284559417945,18.108326596604687,298.45121722705807,0,6.65,1.4849314766561155,332.6246507709699,-12.931024875082281,19.9218788136996,,,,,,,,,,
LLOYDSENGG_MINED_BASE_G0_C1233,,0,3,3,close_ema_3_daily_volatility_5_daily >= 1.4807591382075385 AND close_ema_8_daily_volatility_5_daily >= 1.0367159490053137 AND close_ema_3_daily_slope_pct >= 1.1401997467767693,224,91,133,40.625,16.895715440582055,23.729284559417945,18.108326596604687,298.45121722705807,0,6.65,1.4849314766561155,332.6246507709699,-12.931024875082281,19.9218788136996,,,,,,,,,,
LLOYDSENGG_MINED_BASE_G0_C1234,,0,3,3,close_ema_3_daily_range_5_pct >= 4.683096254230115 AND close_ema_3_daily_volatility_5_daily >= 1.4807591382075385 AND close_ema_8_daily_range_5_pct >= 3.117710901412895,454,128,326,28.193832599118945,16.895715440582055,11.29811715853689,36.70169765561843,298.43997189913676,0,16.3,0.7497953688174465,340.4070974431207,-12.931024875082281,19.9218788136996,,,,,,,,,,
LLOYDSENGG_MINED_BASE_G0_C1235,,0,3,3,close_ema_3_daily_volatility_5_daily >= 1.4807591382075385 AND close_ema_8_daily_volatility_5_daily >= 0.8645495401600428 AND close_to_close_ema_3_daily_difference_pct >= 1.127345753351754,252,97,155,38.492063492063494,16.895715440582055,21.59634805148144,20.371867421180276,298.43759272220257,0,7.75,1.4019508215984615,353.2916070428123,-12.931024875082281,19.9218788136996,,,,,,,,,,
LLOYDSENGG_MINED_BASE_G0_C1236,,0,3,3,close_ema_3_daily_volatility_5_daily >= 1.4807591382075385 AND close_ema_8_daily_volatility_5_daily >= 0.8645495401600428 AND close_ema_3_daily_slope_pct >= 1.1401997467767693,252,97,155,38.492063492063494,16.895715440582055,21.59634805148144,20.371867421180276,298.43759272220257,0,7.75,1.4019508215984615,353.2916070428123,-12.931024875082281,19.9218788136996,,,,,,,,,,
LLOYDSENGG_MINED_BASE_G0_C1237,,0,3,3,close_ema_3_daily_volatility_5_daily >= 2.551529495595912 AND close_ema_3_daily_range_5_pct >= 5.878821482298 AND close_ema_21_daily_volatility_5_daily >= 0.5048951676587204,227,92,135,40.52863436123348,16.895715440582055,23.632918920651424,18.350848827809216,298.3729986292824,0,6.75,0.9861346753417555,223.8525713025785,-12.931024875082281,17.175581052420334,,,,,,,,,,
LLOYDSENGG_MINED_BASE_G0_C1238,,0,3,3,close_ema_3_daily_volatility_5_daily >= 1.4807591382075385 AND close_ema_8_daily_range_5_pct >= 3.117710901412895 AND close_ema_21_daily_volatility_5_daily >= 0.5048951676587204,405,122,283,30.12345679012346,16.895715440582055,13.227741349541404,32.74050121261116,298.20883431092216,0,14.15,0.7400425210717058,299.71722103404085,-12.931024875082281,19.9218788136996,,,,,,,,,,
LLOYDSENGG_MINED_BASE_G0_C1239,,0,3,3,close_ema_3_daily_range_5_pct >= 5.878821482298 AND close_ema_21_daily_volatility_5_daily >= 0.5048951676587204 AND close_ema_3_daily_slope_pct >= 0.3776715879064552,224,91,133,40.625,16.895715440582055,23.729284559417945,18.108326596604687,298.2063310406916,0,6.65,1.4033027478672897,314.3398155222729,-12.931024875082281,19.9218788136996,,,,,,,,,,
LLOYDSENGG_MINED_BASE_G0_C1240,,0,3,3,close_ema_3_daily_range_5_pct >= 5.878821482298 AND close_ema_21_daily_volatility_5_daily >= 0.5048951676587204 AND close_to_close_ema_3_daily_difference_pct >= 0.37388545459352607,224,91,133,40.625,16.895715440582055,23.729284559417945,18.108326596604687,298.2063310406916,0,6.65,1.4033027478672897,314.3398155222729,-12.931024875082281,19.9218788136996,,,,,,,,,,
LLOYDSENGG_MINED_BASE_G0_C1241,,0,3,3,close_ema_8_daily_range_5_pct >= 3.117710901412895 AND close_ema_3_daily_volatility_5_daily >= 2.551529495595912 AND close_ema_13_daily_volatility_5_daily >= 0.6665343015434868,237,94,143,39.66244725738397,16.895715440582055,22.76673181680191,19.15925626515764,298.1438916521195,0,7.15,1.1534108560366443,273.35837288068467,-12.931024875082281,17.175581052420334,,,,,,,,,,
LLOYDSENGG_MINED_BASE_G0_C1242,,0,3,3,close_ema_3_daily_volatility_5_daily >= 1.8141316287340417 AND close_ema_8_daily_range_5_pct >= 3.117710901412895 AND close_ema_3_daily_range_5_pct >= 5.878821482298,382,119,263,31.151832460732987,16.895715440582055,14.256117020150931,30.88116410670978,298.1400369531493,0,13.15,0.6698172841315579,255.8702025382551,-12.931024875082281,19.9218788136996,,,,,,,,,,
LLOYDSENGG_MINED_BASE_G0_C1243,,0,3,3,close_ema_8_daily_volatility_5_daily >= 1.0367159490053137 AND close_ema_21_daily_range_5_pct >= 1.8831689286059863 AND close_to_close_ema_3_daily_difference_pct >= 1.127345753351754,199,85,114,42.71356783919598,16.895715440582055,25.817852398613926,16.08730800323363,298.1060162546474,0,5.7,1.5722514205259244,312.87803268465893,-12.931024875082281,19.9218788136996,,,,,,,,,,
LLOYDSENGG_MINED_BASE_G0_C1244,,0,3,3,close_ema_8_daily_volatility_5_daily >= 1.0367159490053137 AND close_ema_21_daily_range_5_pct >= 1.8831689286059863 AND close_ema_3_daily_slope_pct >= 1.1401997467767693,199,85,114,42.71356783919598,16.895715440582055,25.817852398613926,16.08730800323363,298.1060162546474,0,5.7,1.5722514205259244,312.87803268465893,-12.931024875082281,19.9218788136996,,,,,,,,,,
LLOYDSENGG_MINED_BASE_G0_C1245,,0,3,3,close_ema_3_daily_range_5_pct >= 4.683096254230115 AND close_ema_8_daily_range_5_pct >= 3.117710901412895 AND close_ema_3_daily_volatility_5_daily >= 2.551529495595912,237,94,143,39.66244725738397,16.895715440582055,22.76673181680191,19.15925626515764,298.0591807746876,0,7.15,1.1251738968926612,266.6662135635607,-12.931024875082281,17.175581052420334,,,,,,,,,,
LLOYDSENGG_MINED_BASE_G0_C1246,,0,3,3,close_ema_3_daily_volatility_5_daily >= 1.8141316287340417 AND close_ema_3_daily_range_5_pct >= 7.091176553732353 AND close_ema_8_daily_volatility_5_daily >= 1.2672772609808338,271,101,170,37.269372693726936,16.895715440582055,20.37365725314488,21.90784155214228,298.0586683056094,0,8.5,0.8967940132949841,243.0311776029407,-12.931024875082281,19.9218788136996,,,,,,,,,,
LLOYDSENGG_MINED_BASE_G0_C1247,,0,3,3,close_ema_21_daily_volatility_5_daily >= 0.5048951676587204 AND close_ema_3_daily_range_5_pct >= 7.091176553732353 AND close_to_close_ema_3_daily_difference_pct >= 1.127345753351754,176,79,97,44.88636363636363,16.895715440582055,27.990648195781578,14.227970897332257,298.0205671097487,0,4.8500000000000005,1.639108710280277,288.48313300932875,-12.931024875082281,19.9218788136996,,,,,,,,,,
LLOYDSENGG_MINED_BASE_G0_C1248,,0,3,3,close_ema_21_daily_volatility_5_daily >= 0.5048951676587204 AND close_ema_3_daily_range_5_pct >= 7.091176553732353 AND close_ema_3_daily_slope_pct >= 1.1401997467767693,176,79,97,44.88636363636363,16.895715440582055,27.990648195781578,14.227970897332257,298.0205671097487,0,4.8500000000000005,1.639108710280277,288.48313300932875,-12.931024875082281,19.9218788136996,,,,,,,,,,
LLOYDSENGG_MINED_BASE_G0_C1249,,0,3,3,close_ema_3_daily_volatility_5_daily >= 2.551529495595912 AND close_ema_21_daily_volatility_5_daily >= 0.5048951676587204 AND close_ema_13_daily_volatility_5_daily >= 0.6665343015434868,232,93,139,40.08620689655172,16.895715440582055,23.190491455969667,18.755052546483427,298.00294841579733,0,6.95,1.0001637119830016,232.0379811800564,-12.931024875082281,17.175581052420334,,,,,,,,,,
LLOYDSENGG_MINED_BASE_G0_C1250,,0,2,2,close_ema_3_daily_volatility_5_daily >= 1.4807591382075385 AND close_ema_21_daily_range_5_pct >= 1.8831689286059863,445,127,318,28.539325842696627,16.895715440582055,11.643610402114572,35.97413096200485,297.9784579618959,0,15.9,0.5534686504410137,246.29354944625106,-12.931024875082281,19.9218788136996,,,,,,,,,,
LLOYDSENGG_MINED_BASE_G0_C1251,,0,3,3,close_ema_3_daily_volatility_5_daily >= 1.4807591382075385 AND close_ema_8_daily_volatility_5_daily >= 1.2672772609808338 AND close_ema_13_daily_volatility_5_daily >= 0.8014195041727374,348,114,234,32.758620689655174,16.895715440582055,15.862905249073119,28.13257881972514,297.883606217758,0,11.700000000000001,0.7563599907974503,263.2132767975127,-12.931024875082281,19.9218788136996,,,,,,,,,,
LLOYDSENGG_MINED_BASE_G0_C1252,,0,3,3,close_ema_8_daily_volatility_5_daily >= 1.0367159490053137 AND close_ema_3_daily_range_5_pct >= 7.091176553732353 AND close_ema_13_daily_volatility_5_daily >= 0.8014195041727374,293,105,188,35.83617747440273,16.895715440582055,18.940462033820676,23.68633791430881,297.8574677202953,0,9.4,0.8517191837306244,249.55372083307296,-12.931024875082281,19.9218788136996,,,,,,,,,,
LLOYDSENGG_MINED_BASE_G0_C1253,,0,3,3,close_ema_8_daily_range_5_pct >= 3.117710901412895 AND close_ema_3_daily_range_5_pct >= 5.878821482298 AND close_ema_21_daily_volatility_5_daily >= 0.5048951676587204,355,115,240,32.3943661971831,16.895715440582055,15.498650756601048,28.698464025869036,297.83085819878863,0,12,0.7792014719278105,276.61652253437273,-12.931024875082281,19.9218788136996,,,,,,,,,,
LLOYDSENGG_MINED_BASE_G0_C1254,,0,1,1,close_ema_21_daily_range_5_pct >= 1.8831689286059863,619,144,475,23.263327948303715,16.895715440582055,6.36761250772166,50.04042037186742,297.7209030523228,0,23.75,0.5442801712381578,336.90942599641966,-12.931024875082281,19.9218788136996,,,,,,,,,,
LLOYDSENGG_MINED_BASE_G0_C1255,,0,1,1,close_to_close_ema_3_daily_difference_pct >= 1.127345753351754,372,117,255,31.451612903225808,16.895715440582055,14.555897462643753,30.072756669361354,297.69775687975965,0,12.75,1.2227565221802987,454.86542625107114,-12.931024875082281,19.9218788136996,,,,,,,,,,
LLOYDSENGG_MINED_BASE_G0_C1256,,0,1,1,close_ema_3_daily_slope_pct >= 1.1401997467767693,372,117,255,31.451612903225808,16.895715440582055,14.555897462643753,30.072756669361354,297.69775687975965,0,12.75,1.2227565221802987,454.86542625107114,-12.931024875082281,19.9218788136996,,,,,,,,,,
LLOYDSENGG_MINED_BASE_G0_C1257,,0,2,2,close_to_close_ema_3_daily_difference_pct >= 1.127345753351754 AND close_ema_3_daily_slope_pct >= 1.1401997467767693,372,117,255,31.451612903225808,16.895715440582055,14.555897462643753,30.072756669361354,297.69775687975965,0,12.75,1.2227565221802987,454.86542625107114,-12.931024875082281,19.9218788136996,,,,,,,,,,
LLOYDSENGG_MINED_BASE_G0_C1258,,0,2,2,close_to_close_ema_3_daily_difference_pct >= 1.127345753351754 AND close_ema_3_daily_slope_pct >= 0.3776715879064552,372,117,255,31.451612903225808,16.895715440582055,14.555897462643753,30.072756669361354,297.69775687975965,0,12.75,1.2227565221802987,454.86542625107114,-12.931024875082281,19.9218788136996,,,,,,,,,,
LLOYDSENGG_MINED_BASE_G0_C1259,,0,2,2,close_ema_3_daily_slope_pct >= 1.1401997467767693 AND close_to_close_ema_3_daily_difference_pct >= 0.37388545459352607,372,117,255,31.451612903225808,16.895715440582055,14.555897462643753,30.072756669361354,297.69775687975965,0,12.75,1.2227565221802987,454.86542625107114,-12.931024875082281,19.9218788136996,,,,,,,,,,
LLOYDSENGG_MINED_BASE_G0_C1260,,0,3,3,close_ema_3_daily_volatility_5_daily >= 1.4807591382075385 AND close_to_close_ema_3_daily_difference_pct >= 1.127345753351754 AND close_ema_8_daily_volatility_5_daily >= 1.2672772609808338,180,80,100,44.44444444444444,16.895715440582055,27.548729003862388,14.551333872271623,297.66362692082885,0,5,1.6399939671722945,295.198914091013,-12.931024875082281,19.9218788136996,,,,,,,,,,
LLOYDSENGG_MINED_BASE_G0_C1261,,0,3,3,close_ema_3_daily_volatility_5_daily >= 1.4807591382075385 AND close_ema_3_daily_slope_pct >= 1.1401997467767693 AND close_ema_8_daily_volatility_5_daily >= 1.2672772609808338,180,80,100,44.44444444444444,16.895715440582055,27.548729003862388,14.551333872271623,297.66362692082885,0,5,1.6399939671722945,295.198914091013,-12.931024875082281,19.9218788136996,,,,,,,,,,
LLOYDSENGG_MINED_BASE_G0_C1262,,0,3,3,close_ema_3_daily_volatility_5_daily >= 1.8141316287340417 AND close_to_close_ema_3_daily_difference_pct >= 1.127345753351754 AND close_ema_8_daily_volatility_5_daily >= 1.2672772609808338,180,80,100,44.44444444444444,16.895715440582055,27.548729003862388,14.551333872271623,297.66362692082885,0,5,1.6399939671722945,295.198914091013,-12.931024875082281,19.9218788136996,,,,,,,,,,
LLOYDSENGG_MINED_BASE_G0_C1263,,0,3,3,close_ema_3_daily_volatility_5_daily >= 1.8141316287340417 AND close_ema_3_daily_slope_pct >= 1.1401997467767693 AND close_ema_8_daily_volatility_5_daily >= 1.2672772609808338,180,80,100,44.44444444444444,16.895715440582055,27.548729003862388,14.551333872271623,297.66362692082885,0,5,1.6399939671722945,295.198914091013,-12.931024875082281,19.9218788136996,,,,,,,,,,
LLOYDSENGG_MINED_BASE_G0_C1264,,0,2,2,close_ema_3_daily_volatility_5_daily >= 1.4807591382075385 AND close_ema_8_daily_volatility_5_daily >= 1.2672772609808338,355,115,240,32.3943661971831,16.895715440582055,15.498650756601048,28.698464025869036,297.64515729388336,0,12,0.7173011702927159,254.64191545391415,-12.931024875082281,19.9218788136996,,,,,,,,,,
LLOYDSENGG_MINED_BASE_G0_C1265,,0,3,3,close_ema_3_daily_volatility_5_daily >= 1.4807591382075385 AND close_ema_8_daily_volatility_5_daily >= 1.2672772609808338 AND close_ema_13_daily_volatility_5_daily >= 0.6665343015434868,355,115,240,32.3943661971831,16.895715440582055,15.498650756601048,28.698464025869036,297.64515729388336,0,12,0.7173011702927159,254.64191545391415,-12.931024875082281,19.9218788136996,,,,,,,,,,
LLOYDSENGG_MINED_BASE_G0_C1266,,0,3,3,close_ema_21_daily_volatility_5_daily >= 0.5048951676587204 AND close_to_close_ema_3_daily_difference_pct >= 1.127345753351754 AND close_ema_8_daily_volatility_5_daily >= 1.2672772609808338,180,80,100,44.44444444444444,16.895715440582055,27.548729003862388,14.551333872271623,297.6361221650533,0,5,1.630825715247113,293.54862874448037,-12.931024875082281,19.9218788136996,,,,,,,,,,
LLOYDSENGG_MINED_BASE_G0_C1267,,0,3,3,close_ema_21_daily_volatility_5_daily >= 0.5048951676587204 AND close_ema_3_daily_slope_pct >= 1.1401997467767693 AND close_ema_8_daily_volatility_5_daily >= 1.2672772609808338,180,80,100,44.44444444444444,16.895715440582055,27.548729003862388,14.551333872271623,297.6361221650533,0,5,1.630825715247113,293.54862874448037,-12.931024875082281,19.9218788136996,,,,,,,,,,
LLOYDSENGG_MINED_BASE_G0_C1268,,0,3,3,close_ema_3_daily_volatility_5_daily >= 1.4807591382075385 AND close_ema_21_daily_volatility_5_daily >= 0.5048951676587204 AND close_ema_8_daily_volatility_5_daily >= 1.2672772609808338,342,113,229,33.04093567251462,16.895715440582055,16.145220231932566,27.64753435731609,297.5594699634564,0,11.450000000000001,0.7611229345978603,260.3040436324682,-12.931024875082281,19.9218788136996,,,,,,,,,,
LLOYDSENGG_MINED_BASE_G0_C1269,,0,3,3,close_ema_3_daily_range_5_pct >= 5.878821482298 AND close_ema_8_daily_volatility_5_daily >= 1.0367159490053137 AND close_ema_13_daily_volatility_5_daily >= 0.6665343015434868,376,118,258,31.382978723404253,16.895715440582055,14.487263282822198,30.39611964430073,297.5077921994841,0,12.9,0.6571585951243505,247.09163176675577,-12.931024875082281,19.9218788136996,,,,,,,,,,
LLOYDSENGG_MINED_BASE_G0_C1270,,0,3,3,close_ema_3_daily_volatility_5_daily >= 1.8141316287340417 AND close_ema_3_daily_range_5_pct >= 7.091176553732353 AND close_ema_13_daily_volatility_5_daily >= 0.6665343015434868,317,109,208,34.38485804416404,16.895715440582055,17.489142603581985,25.62651576394503,297.4550538914541,0,10.4,0.8031136245147177,254.5870189711655,-12.931024875082281,19.9218788136996,,,,,,,,,,
LLOYDSENGG_MINED_BASE_G0_C1271,,0,3,3,close_ema_3_daily_range_5_pct >= 5.878821482298 AND close_ema_8_daily_volatility_5_daily >= 1.0367159490053137 AND close_ema_21_daily_range_5_pct >= 1.8831689286059863,342,113,229,33.04093567251462,16.895715440582055,16.145220231932566,27.64753435731609,297.42362552964613,0,11.450000000000001,0.7158414566610957,244.8177781780947,-12.931024875082281,19.9218788136996,,,,,,,,,,
LLOYDSENGG_MINED_BASE_G0_C1272,,0,3,3,close_ema_8_daily_volatility_5_daily >= 0.8645495401600428 AND close_ema_21_daily_volatility_5_daily >= 0.5048951676587204 AND close_ema_3_daily_slope_pct >= 0.3776715879064552,268,100,168,37.3134328358209,16.895715440582055,20.417717395238842,21.665319320937755,297.27993325888843,0,8.4,1.197115427564732,320.82693458734815,-12.931024875082281,19.9218788136996,,,,,,,,,,
LLOYDSENGG_MINED_BASE_G0_C1273,,0,3,3,close_ema_8_daily_volatility_5_daily >= 0.8645495401600428 AND close_ema_21_daily_volatility_5_daily >= 0.5048951676587204 AND close_to_close_ema_3_daily_difference_pct >= 0.37388545459352607,268,100,168,37.3134328358209,16.895715440582055,20.417717395238842,21.665319320937755,297.27993325888843,0,8.4,1.197115427564732,320.82693458734815,-12.931024875082281,19.9218788136996,,,,,,,,,,
LLOYDSENGG_MINED_BASE_G0_C1274,,0,3,3,close_ema_3_daily_volatility_5_daily >= 2.551529495595912 AND close_ema_3_daily_slope_pct >= 0.3776715879064552 AND close_ema_13_daily_volatility_5_daily >= 0.8014195041727374,152,72,80,47.368421052631575,16.895715440582055,30.47270561204952,12.287793047696038,297.2663390414195,0,4,1.6342703270572816,248.40908971270682,-12.931024875082281,10.000015661015443,,,,,,,,,,
LLOYDSENGG_MINED_BASE_G0_C1275,,0,3,3,close_ema_3_daily_volatility_5_daily >= 2.551529495595912 AND close_to_close_ema_3_daily_difference_pct >= 0.37388545459352607 AND close_ema_13_daily_volatility_5_daily >= 0.8014195041727374,152,72,80,47.368421052631575,16.895715440582055,30.47270561204952,12.287793047696038,297.2663390414195,0,4,1.6342703270572816,248.40908971270682,-12.931024875082281,10.000015661015443,,,,,,,,,,
LLOYDSENGG_MINED_BASE_G0_C1276,,0,3,3,close_ema_3_daily_range_5_pct >= 4.683096254230115 AND close_ema_3_daily_volatility_5_daily >= 1.4807591382075385 AND close_ema_21_daily_range_5_pct >= 1.8831689286059863,399,121,278,30.32581453634085,16.895715440582055,13.430099095758795,32.2554567502021,297.2493553117224,0,13.9,0.6662866109761318,265.8483577794766,-12.931024875082281,19.9218788136996,,,,,,,,,,
LLOYDSENGG_MINED_BASE_G0_C1277,,0,2,2,close_ema_3_daily_volatility_5_daily >= 2.551529495595912 AND close_ema_8_daily_volatility_5_daily >= 1.2672772609808338,233,93,140,39.91416309012876,16.895715440582055,23.018447649546705,18.83589329021827,297.2291405520996,0,7,1.0456341014553514,243.63274563909687,-12.931024875082281,17.175581052420334,,,,,,,,,,
LLOYDSENGG_MINED_BASE_G0_C1278,,0,3,3,close_ema_3_daily_volatility_5_daily >= 2.551529495595912 AND close_ema_8_daily_volatility_5_daily >= 1.2672772609808338 AND close_ema_13_daily_volatility_5_daily >= 0.6665343015434868,233,93,140,39.91416309012876,16.895715440582055,23.018447649546705,18.83589329021827,297.2291405520996,0,7,1.0456341014553514,243.63274563909687,-12.931024875082281,17.175581052420334,,,,,,,,,,
LLOYDSENGG_MINED_BASE_G0_C1279,,0,2,2,close_ema_3_daily_volatility_5_daily >= 2.551529495595912 AND close_ema_13_daily_volatility_5_daily >= 0.8014195041727374,233,93,140,39.91416309012876,16.895715440582055,23.018447649546705,18.83589329021827,297.1958574488486,0,7,1.034539733705025,241.04775795327083,-12.931024875082281,17.175581052420334,,,,,,,,,,
LLOYDSENGG_MINED_BASE_G0_C1280,,0,3,3,close_ema_8_daily_volatility_5_daily >= 0.8645495401600428 AND close_ema_3_daily_volatility_5_daily >= 2.551529495595912 AND close_ema_13_daily_volatility_5_daily >= 0.8014195041727374,233,93,140,39.91416309012876,16.895715440582055,23.018447649546705,18.83589329021827,297.1958574488486,0,7,1.034539733705025,241.04775795327083,-12.931024875082281,17.175581052420334,,,,,,,,,,
LLOYDSENGG_MINED_BASE_G0_C1281,,0,3,3,close_ema_3_daily_volatility_5_daily >= 2.551529495595912 AND close_ema_8_daily_volatility_5_daily >= 1.0367159490053137 AND close_ema_13_daily_volatility_5_daily >= 0.8014195041727374,233,93,140,39.91416309012876,16.895715440582055,23.018447649546705,18.83589329021827,297.1958574488486,0,7,1.034539733705025,241.04775795327083,-12.931024875082281,17.175581052420334,,,,,,,,,,
LLOYDSENGG_MINED_BASE_G0_C1282,,0,3,3,close_ema_21_daily_volatility_5_daily >= 0.5048951676587204 AND close_ema_3_daily_range_5_pct >= 7.091176553732353 AND close_ema_13_daily_volatility_5_daily >= 0.6665343015434868,306,107,199,34.967320261437905,16.895715440582055,18.07160482085585,24.73726758286176,296.97762645506197,0,9.950000000000001,0.8565341169275595,262.09943977983323,-12.931024875082281,19.9218788136996,,,,,,,,,,
LLOYDSENGG_MINED_BASE_G0_C1283,,0,3,3,close_ema_8_daily_volatility_5_daily >= 1.0367159490053137 AND close_to_close_ema_3_daily_difference_pct >= 1.127345753351754 AND close_ema_13_daily_volatility_5_daily >= 0.8014195041727374,200,85,115,42.5,16.895715440582055,25.604284559417945,16.168148746968473,296.95167292912544,0,5.75,1.5600833773452376,312.0166754690475,-12.931024875082281,19.9218788136996,,,,,,,,,,
LLOYDSENGG_MINED_BASE_G0_C1284,,0,3,3,close_ema_8_daily_volatility_5_daily >= 1.0367159490053137 AND close_ema_3_daily_slope_pct >= 1.1401997467767693 AND close_ema_13_daily_volatility_5_daily >= 0.8014195041727374,200,85,115,42.5,16.895715440582055,25.604284559417945,16.168148746968473,296.95167292912544,0,5.75,1.5600833773452376,312.0166754690475,-12.931024875082281,19.9218788136996,,,,,,,,,,
LLOYDSENGG_MINED_BASE_G0_C1285,,0,3,3,close_ema_8_daily_range_5_pct >= 3.117710901412895 AND close_ema_3_daily_volatility_5_daily >= 2.551529495595912 AND close_ema_8_daily_volatility_5_daily >= 1.2672772609808338,229,92,137,40.174672489082965,16.895715440582055,23.27895704850091,18.512530315278898,296.8401813175974,0,6.8500000000000005,1.0984653583642967,251.54856706542392,-12.931024875082281,17.175581052420334,,,,,,,,,,
LLOYDSENGG_MINED_BASE_G0_C1286,,0,3,3,close_ema_3_daily_volatility_5_daily >= 1.8141316287340417 AND close_ema_8_daily_volatility_5_daily >= 1.2672772609808338 AND close_ema_3_daily_slope_pct >= 0.3776715879064552,204,86,118,42.15686274509804,16.895715440582055,25.261147304515983,16.49151172190784,296.82599991858115,0,5.9,1.4734211320004005,300.5779109280817,-12.931024875082281,19.9218788136996,,,,,,,,,,
LLOYDSENGG_MINED_BASE_G0_C1287,,0,3,3,close_ema_3_daily_volatility_5_daily >= 1.8141316287340417 AND close_ema_8_daily_volatility_5_daily >= 1.2672772609808338 AND close_to_close_ema_3_daily_difference_pct >= 0.37388545459352607,204,86,118,42.15686274509804,16.895715440582055,25.261147304515983,16.49151172190784,296.82599991858115,0,5.9,1.4734211320004005,300.5779109280817,-12.931024875082281,19.9218788136996,,,,,,,,,,
LLOYDSENGG_MINED_BASE_G0_C1288,,0,3,3,close_ema_8_daily_range_5_pct >= 3.117710901412895 AND close_ema_3_daily_volatility_5_daily >= 2.551529495595912 AND close_ema_13_daily_volatility_5_daily >= 0.8014195041727374,229,92,137,40.174672489082965,16.895715440582055,23.27895704850091,18.512530315278898,296.8063168500975,0,6.8500000000000005,1.0871772025309954,248.96357937959792,-12.931024875082281,17.175581052420334,,,,,,,,,,
LLOYDSENGG_MINED_BASE_G0_C1289,,0,3,3,close_ema_3_daily_volatility_5_daily >= 1.8141316287340417 AND close_ema_3_daily_range_5_pct >= 5.878821482298 AND close_ema_8_daily_volatility_5_daily >= 1.2672772609808338,306,107,199,34.967320261437905,16.895715440582055,18.07160482085585,24.73726758286176,296.7681340593273,0,9.950000000000001,0.7867033183493445,240.73121541489942,-12.931024875082281,19.9218788136996,,,,,,,,,,
LLOYDSENGG_MINED_BASE_G0_C1290,,0,2,2,close_ema_3_daily_volatility_5_daily >= 2.551529495595912 AND close_ema_3_daily_range_5_pct >= 5.878821482298,238,94,144,39.49579831932773,16.895715440582055,22.600082878745678,19.24009700889248,296.7650835453716,0,7.2,0.9882230505477353,235.197086030361,-12.931024875082281,17.175581052420334,,,,,,,,,,
LLOYDSENGG_MINED_BASE_G0_C1291,,0,3,3,close_ema_8_daily_volatility_5_daily >= 0.8645495401600428 AND close_ema_3_daily_volatility_5_daily >= 2.551529495595912 AND close_ema_3_daily_range_5_pct >= 5.878821482298,238,94,144,39.49579831932773,16.895715440582055,22.600082878745678,19.24009700889248,296.7650835453716,0,7.2,0.9882230505477353,235.197086030361,-12.931024875082281,17.175581052420334,,,,,,,,,,
LLOYDSENGG_MINED_BASE_G0_C1292,,0,3,3,close_ema_8_daily_volatility_5_daily >= 0.8645495401600428 AND close_ema_3_daily_range_5_pct >= 5.878821482298 AND close_ema_21_daily_range_5_pct >= 1.8831689286059863,364,116,248,31.868131868131865,16.895715440582055,14.97241642754981,29.426030719482622,296.6895307591658,0,12.4,0.7424828738055784,270.2637660652305,-12.931024875082281,19.9218788136996,,,,,,,,,,
LLOYDSENGG_MINED_BASE_G0_C1293,,0,3,3,close_ema_3_daily_volatility_5_daily >= 1.8141316287340417 AND close_ema_8_daily_range_5_pct >= 3.117710901412895 AND close_ema_3_daily_range_5_pct >= 7.091176553732353,337,112,225,33.23442136498516,16.895715440582055,16.338705924403104,27.243330638641876,296.6871046001395,0,11.25,0.74785832604133,252.0282558759282,-12.931024875082281,19.9218788136996,,,,,,,,,,
LLOYDSENGG_MINED_BASE_G0_C1294,,0,2,2,close_ema_3_daily_range_5_pct >= 7.091176553732353 AND close_ema_13_daily_volatility_5_daily >= 0.8014195041727374,295,105,190,35.59322033898305,16.895715440582055,18.697504898400997,23.848019401778497,296.65677549611837,0,9.5,0.8897503347044653,262.47634873781726,-12.931024875082281,19.9218788136996,,,,,,,,,,
LLOYDSENGG_MINED_BASE_G0_C1295,,0,3,3,close_ema_3_daily_volatility_5_daily >= 1.4807591382075385 AND close_ema_3_daily_range_5_pct >= 7.091176553732353 AND close_ema_13_daily_volatility_5_daily >= 0.8014195041727374,295,105,190,35.59322033898305,16.895715440582055,18.697504898400997,23.848019401778497,296.65677549611837,0,9.5,0.8897503347044653,262.47634873781726,-12.931024875082281,19.9218788136996,,,,,,,,,,
LLOYDSENGG_MINED_BASE_G0_C1296,,0,3,3,close_ema_8_daily_volatility_5_daily >= 0.8645495401600428 AND close_ema_3_daily_range_5_pct >= 7.091176553732353 AND close_ema_13_daily_volatility_5_daily >= 0.8014195041727374,295,105,190,35.59322033898305,16.895715440582055,18.697504898400997,23.848019401778497,296.65677549611837,0,9.5,0.8897503347044653,262.47634873781726,-12.931024875082281,19.9218788136996,,,,,,,,,,
LLOYDSENGG_MINED_BASE_G0_C1297,,0,3,3,close_ema_3_daily_volatility_5_daily >= 1.4807591382075385 AND close_ema_3_daily_range_5_pct >= 5.878821482298 AND close_ema_21_daily_range_5_pct >= 1.8831689286059863,364,116,248,31.868131868131865,16.895715440582055,14.97241642754981,29.426030719482622,296.61146149449763,0,12.4,0.7164597855828472,260.79136195215636,-12.931024875082281,19.9218788136996,,,,,,,,,,
LLOYDSENGG_MINED_BASE_G0_C1298,,0,3,3,close_ema_8_daily_range_5_pct >= 3.117710901412895 AND close_ema_21_daily_volatility_5_daily >= 0.5048951676587204 AND close_ema_3_daily_range_5_pct >= 7.091176553732353,301,106,195,35.21594684385382,16.895715440582055,18.320231403271766,24.33306386418755,296.4716902116305,0,9.75,0.8735110650905791,262.9268305922643,-12.931024875082281,19.9218788136996,,,,,,,,,,
LLOYDSENGG_MINED_BASE_G0_C1299,,0,3,3,close_ema_3_daily_volatility_5_daily >= 1.4807591382075385 AND close_ema_21_daily_range_5_pct >= 1.8831689286059863 AND close_ema_13_daily_volatility_5_daily >= 0.8014195041727374,393,120,273,30.53435114503817,16.895715440582055,13.638635704456114,31.77041228779305,296.460843325335,0,13.65,0.6392216010181492,251.21408920013263,-12.931024875082281,19.9218788136996,,,,,,,,,,
LLOYDSENGG_MINED_BASE_G0_C1300,,0,3,3,close_ema_8_daily_range_5_pct >= 3.117710901412895 AND close_ema_3_daily_volatility_5_daily >= 2.551529495595912 AND close_ema_21_daily_range_5_pct >= 1.8831689286059863,216,89,127,41.2037037037037,16.895715440582055,24.307988263121647,17.461600646725948,296.44776733377427,0,6.3500000000000005,1.0859420060553495,234.5634733079555,-12.931024875082281,17.175581052420334,,,,,,,,,,
LLOYDSENGG_MINED_BASE_G0_C1301,,0,3,3,close_ema_3_daily_volatility_5_daily >= 1.4807591382075385 AND close_ema_8_daily_range_5_pct >= 3.117710901412895 AND close_ema_8_daily_volatility_5_daily >= 1.0367159490053137,425,124,301,29.176470588235293,16.895715440582055,12.280755147653238,34.35731608730801,296.34907481238895,0,15.05,0.6650996913742644,282.66736883406236,-12.931024875082281,19.9218788136996,,,,,,,,,,
LLOYDSENGG_MINED_BASE_G0_C1302,,0,3,3,close_ema_8_daily_range_5_pct >= 3.117710901412895 AND close_ema_3_daily_volatility_5_daily >= 2.551529495595912 AND close_ema_3_daily_range_5_pct >= 5.878821482298,234,93,141,39.743589743589745,16.895715440582055,22.84787430300769,18.916734033953112,296.31683882709456,0,7.050000000000001,1.0424891040187017,243.94245034037618,-12.931024875082281,17.175581052420334,,,,,,,,,,
LLOYDSENGG_MINED_BASE_G0_C1303,,0,2,2,close_ema_8_daily_volatility_5_daily >= 1.2672772609808338 AND close_ema_13_daily_volatility_5_daily >= 0.8014195041727374,365,116,249,31.780821917808222,16.895715440582055,14.885106477226167,29.50687146321746,296.2940137658447,0,12.450000000000001,0.7728271265712753,282.0819011985155,-12.931024875082281,19.9218788136996,,,,,,,,,,
LLOYDSENGG_MINED_BASE_G0_C1304,,0,1,1,close_ema_8_daily_volatility_5_daily >= 1.2672772609808338,372,117,255,31.451612903225808,16.895715440582055,14.555897462643753,30.072756669361354,296.23521747333905,0,12.75,0.7352433867067655,273.5105398549168,-12.931024875082281,19.9218788136996,,,,,,,,,,
LLOYDSENGG_MINED_BASE_G0_C1305,,0,2,2,close_ema_8_daily_volatility_5_daily >= 1.2672772609808338 AND close_ema_13_daily_volatility_5_daily >= 0.6665343015434868,372,117,255,31.451612903225808,16.895715440582055,14.555897462643753,30.072756669361354,296.23521747333905,0,12.75,0.7352433867067655,273.5105398549168,-12.931024875082281,19.9218788136996,,,,,,,,,,
LLOYDSENGG_MINED_BASE_G0_C1306,,0,3,3,close_ema_8_daily_range_5_pct >= 3.117710901412895 AND close_ema_3_daily_volatility_5_daily >= 2.551529495595912 AND close_ema_3_daily_range_5_pct >= 7.091176553732353,225,91,134,40.44444444444444,16.895715440582055,23.548729003862388,18.189167340339534,296.1866137248456,0,6.7,1.0476562351778844,235.722652915024,-12.931024875082281,17.175581052420334,,,,,,,,,,
LLOYDSENGG_MINED_BASE_G0_C1307,,0,3,3,close_ema_21_daily_volatility_5_daily >= 0.5048951676587204 AND close_ema_3_daily_range_5_pct >= 7.091176553732353 AND close_ema_21_daily_range_5_pct >= 1.8831689286059863,290,104,186,35.86206896551724,16.895715440582055,18.966353524935183,23.443815683104287,296.16306264509393,0,9.3,0.8770983401393431,254.3585186404095,-12.931024875082281,19.9218788136996,,,,,,,,,,
LLOYDSENGG_MINED_BASE_G0_C1308,,0,2,2,close_ema_8_daily_range_5_pct >= 3.117710901412895 AND close_to_close_ema_3_daily_difference_pct >= 1.127345753351754,250,96,154,38.4,16.895715440582055,21.504284559417943,20.21018593371059,296.1462862395848,0,7.7,1.4416211474983682,360.40528687459204,-12.931024875082281,19.9218788136996,,,,,,,,,,
LLOYDSENGG_MINED_BASE_G0_C1309,,0,2,2,close_ema_8_daily_range_5_pct >= 3.117710901412895 AND close_ema_3_daily_slope_pct >= 1.1401997467767693,250,96,154,38.4,16.895715440582055,21.504284559417943,20.21018593371059,296.1462862395848,0,7.7,1.4416211474983682,360.40528687459204,-12.931024875082281,19.9218788136996,,,,,,,,,,
LLOYDSENGG_MINED_BASE_G0_C1310,,0,3,3,close_ema_8_daily_range_5_pct >= 3.117710901412895 AND close_to_close_ema_3_daily_difference_pct >= 1.127345753351754 AND close_ema_3_daily_slope_pct >= 1.1401997467767693,250,96,154,38.4,16.895715440582055,21.504284559417943,20.21018593371059,296.1462862395848,0,7.7,1.4416211474983682,360.40528687459204,-12.931024875082281,19.9218788136996,,,,,,,,,,
LLOYDSENGG_MINED_BASE_G0_C1311,,0,3,3,close_ema_8_daily_range_5_pct >= 3.117710901412895 AND close_to_close_ema_3_daily_difference_pct >= 1.127345753351754 AND close_ema_3_daily_slope_pct >= 0.3776715879064552,250,96,154,38.4,16.895715440582055,21.504284559417943,20.21018593371059,296.1462862395848,0,7.7,1.4416211474983682,360.40528687459204,-12.931024875082281,19.9218788136996,,,,,,,,,,
LLOYDSENGG_MINED_BASE_G0_C1312,,0,3,3,close_ema_8_daily_range_5_pct >= 3.117710901412895 AND close_ema_3_daily_slope_pct >= 1.1401997467767693 AND close_to_close_ema_3_daily_difference_pct >= 0.37388545459352607,250,96,154,38.4,16.895715440582055,21.504284559417943,20.21018593371059,296.1462862395848,0,7.7,1.4416211474983682,360.40528687459204,-12.931024875082281,19.9218788136996,,,,,,,,,,
LLOYDSENGG_MINED_BASE_G0_C1313,,0,3,3,close_ema_8_daily_volatility_5_daily >= 0.8645495401600428 AND close_ema_8_daily_range_5_pct >= 3.117710901412895 AND close_ema_3_daily_range_5_pct >= 7.091176553732353,352,114,238,32.38636363636363,16.895715440582055,15.490648195781578,28.455941794664515,295.9994006199917,0,11.9,0.8153865470279359,287.0160645538334,-12.931024875082281,19.9218788136996,,,,,,,,,,
LLOYDSENGG_MINED_BASE_G0_C1314,,0,2,2,close_ema_3_daily_volatility_5_daily >= 1.4807591382075385 AND close_to_close_ema_3_daily_difference_pct >= 1.127345753351754,276,101,175,36.594202898550726,16.895715440582055,19.69848745796867,22.31204527081649,295.94889775202233,0,8.75,1.4021534873929924,386.99436252046587,-12.931024875082281,19.9218788136996,,,,,,,,,,
LLOYDSENGG_MINED_BASE_G0_C1315,,0,2,2,close_ema_3_daily_volatility_5_daily >= 1.4807591382075385 AND close_ema_3_daily_slope_pct >= 1.1401997467767693,276,101,175,36.594202898550726,16.895715440582055,19.69848745796867,22.31204527081649,295.94889775202233,0,8.75,1.4021534873929924,386.99436252046587,-12.931024875082281,19.9218788136996,,,,,,,,,,
LLOYDSENGG_MINED_BASE_G0_C1316,,0,3,3,close_ema_3_daily_volatility_5_daily >= 1.4807591382075385 AND close_to_close_ema_3_daily_difference_pct >= 1.127345753351754 AND close_ema_3_daily_slope_pct >= 1.1401997467767693,276,101,175,36.594202898550726,16.895715440582055,19.69848745796867,22.31204527081649,295.94889775202233,0,8.75,1.4021534873929924,386.99436252046587,-12.931024875082281,19.9218788136996,,,,,,,,,,
LLOYDSENGG_MINED_BASE_G0_C1317,,0,3,3,close_ema_3_daily_volatility_5_daily >= 1.4807591382075385 AND close_to_close_ema_3_daily_difference_pct >= 1.127345753351754 AND close_ema_3_daily_slope_pct >= 0.3776715879064552,276,101,175,36.594202898550726,16.895715440582055,19.69848745796867,22.31204527081649,295.94889775202233,0,8.75,1.4021534873929924,386.99436252046587,-12.931024875082281,19.9218788136996,,,,,,,,,,
LLOYDSENGG_MINED_BASE_G0_C1318,,0,3,3,close_ema_3_daily_volatility_5_daily >= 1.4807591382075385 AND close_ema_3_daily_slope_pct >= 1.1401997467767693 AND close_to_close_ema_3_daily_difference_pct >= 0.37388545459352607,276,101,175,36.594202898550726,16.895715440582055,19.69848745796867,22.31204527081649,295.94889775202233,0,8.75,1.4021534873929924,386.99436252046587,-12.931024875082281,19.9218788136996,,,,,,,,,,
LLOYDSENGG_MINED_BASE_G0_C1319,,0,3,3,close_ema_3_daily_volatility_5_daily >= 2.551529495595912 AND close_ema_3_daily_range_5_pct >= 5.878821482298 AND close_ema_3_daily_slope_pct >= 0.3776715879064552,153,72,81,47.05882352941176,16.895715440582055,30.163108088829706,12.36863379143088,295.90137918176725,0,4.05,1.711946245872932,261.9277756185586,-12.931024875082281,10.000015661015443,,,,,,,,,,
LLOYDSENGG_MINED_BASE_G0_C1320,,0,3,3,close_ema_3_daily_volatility_5_daily >= 2.551529495595912 AND close_ema_3_daily_range_5_pct >= 5.878821482298 AND close_to_close_ema_3_daily_difference_pct >= 0.37388545459352607,153,72,81,47.05882352941176,16.895715440582055,30.163108088829706,12.36863379143088,295.90137918176725,0,4.05,1.711946245872932,261.9277756185586,-12.931024875082281,10.000015661015443,,,,,,,,,,
LLOYDSENGG_MINED_BASE_G0_C1321,,0,2,2,close_ema_8_daily_range_5_pct >= 3.117710901412895 AND close_ema_3_daily_range_5_pct >= 7.091176553732353,359,115,244,32.03342618384401,16.895715440582055,15.137710743261952,29.021827000808408,295.8642126678263,0,12.200000000000001,0.7918863171721772,284.2871878648116,-12.931024875082281,19.9218788136996,,,,,,,,,,
LLOYDSENGG_MINED_BASE_G0_C1322,,0,3,3,close_ema_3_daily_volatility_5_daily >= 1.4807591382075385 AND close_ema_8_daily_range_5_pct >= 3.117710901412895 AND close_ema_3_daily_range_5_pct >= 7.091176553732353,359,115,244,32.03342618384401,16.895715440582055,15.137710743261952,29.021827000808408,295.8642126678263,0,12.200000000000001,0.7918863171721772,284.2871878648116,-12.931024875082281,19.9218788136996,,,,,,,,,,
LLOYDSENGG_MINED_BASE_G0_C1323,,0,2,2,close_ema_21_daily_volatility_5_daily >= 0.5048951676587204 AND close_ema_8_daily_volatility_5_daily >= 1.2672772609808338,359,115,244,32.03342618384401,16.895715440582055,15.137710743261952,29.021827000808408,295.82147294778724,0,12.200000000000001,0.7776397438258248,279.1726680334711,-12.931024875082281,19.9218788136996,,,,,,,,,,
LLOYDSENGG_MINED_BASE_G0_C1324,,0,3,3,close_ema_21_daily_volatility_5_daily >= 0.5048951676587204 AND close_ema_8_daily_volatility_5_daily >= 1.2672772609808338 AND close_ema_13_daily_volatility_5_daily >= 0.6665343015434868,359,115,244,32.03342618384401,16.895715440582055,15.137710743261952,29.021827000808408,295.82147294778724,0,12.200000000000001,0.7776397438258248,279.1726680334711,-12.931024875082281,19.9218788136996,,,,,,,,,,
LLOYDSENGG_MINED_BASE_G0_C1325,,0,2,2,close_ema_21_daily_volatility_5_daily >= 0.5048951676587204 AND close_ema_21_daily_range_5_pct >= 1.8831689286059863,580,140,440,24.137931034482758,16.895715440582055,7.242215593900703,46.88763136620857,295.82045209683486,0,22,0.5364580424437921,311.14566461739946,-12.931024875082281,19.9218788136996,,,,,,,,,,
LLOYDSENGG_MINED_BASE_G0_C1326,,0,3,3,close_ema_3_daily_volatility_5_daily >= 1.4807591382075385 AND close_ema_8_daily_volatility_5_daily >= 1.0367159490053137 AND close_ema_3_daily_slope_pct >= 0.3776715879064552,255,97,158,38.03921568627451,16.895715440582055,21.143500245692454,20.6143896523848,295.7435897278695,0,7.9,1.3086961664690826,333.71752244961607,-12.931024875082281,19.9218788136996,,,,,,,,,,
LLOYDSENGG_MINED_BASE_G0_C1327,,0,3,3,close_ema_3_daily_volatility_5_daily >= 1.4807591382075385 AND close_ema_8_daily_volatility_5_daily >= 1.0367159490053137 AND close_to_close_ema_3_daily_difference_pct >= 0.37388545459352607,255,97,158,38.03921568627451,16.895715440582055,21.143500245692454,20.6143896523848,295.7435897278695,0,7.9,1.3086961664690826,333.71752244961607,-12.931024875082281,19.9218788136996,,,,,,,,,,
LLOYDSENGG_MINED_BASE_G0_C1328,,0,3,3,close_ema_3_daily_volatility_5_daily >= 2.551529495595912 AND close_ema_8_daily_volatility_5_daily >= 1.2672772609808338 AND close_ema_3_daily_slope_pct >= 0.3776715879064552,153,72,81,47.05882352941176,16.895715440582055,30.163108088829706,12.36863379143088,295.67336054913704,0,4.05,1.6359400349961835,250.29882535441607,-12.931024875082281,10.000015661015443,,,,,,,,,,
LLOYDSENGG_MINED_BASE_G0_C1329,,0,3,3,close_ema_3_daily_volatility_5_daily >= 2.551529495595912 AND close_ema_8_daily_volatility_5_daily >= 1.2672772609808338 AND close_to_close_ema_3_daily_difference_pct >= 0.37388545459352607,153,72,81,47.05882352941176,16.895715440582055,30.163108088829706,12.36863379143088,295.67336054913704,0,4.05,1.6359400349961835,250.29882535441607,-12.931024875082281,10.000015661015443,,,,,,,,,,
LLOYDSENGG_MINED_BASE_G0_C1330,,0,3,3,close_ema_3_daily_volatility_5_daily >= 1.4807591382075385 AND close_ema_8_daily_volatility_5_daily >= 1.0367159490053137 AND close_ema_13_daily_volatility_5_daily >= 0.6665343015434868,443,126,317,28.442437923250562,16.895715440582055,11.546722482668507,35.81244947453517,295.67043438467147,0,15.850000000000001,0.595607323776317,263.85404443290844,-12.931024875082281,19.9218788136996,,,,,,,,,,
LLOYDSENGG_MINED_BASE_G0_C1331,,0,2,2,close_ema_8_daily_volatility_5_daily >= 1.0367159490053137 AND close_ema_21_daily_range_5_pct >= 1.8831689286059863,435,125,310,28.735632183908045,16.895715440582055,11.83991674332599,35.16572352465643,295.6568035399398,0,15.5,0.6524066077699524,283.7968743799293,-12.931024875082281,19.9218788136996,,,,,,,,,,
LLOYDSENGG_MINED_BASE_G0_C1332,,0,3,3,close_ema_3_daily_volatility_5_daily >= 1.4807591382075385 AND close_ema_8_daily_volatility_5_daily >= 1.2672772609808338 AND close_ema_3_daily_slope_pct >= 0.3776715879064552,205,86,119,41.951219512195124,16.895715440582055,25.05550407161307,16.572352465642684,295.6356899473223,0,5.95,1.4360565297523258,294.3915885992268,-12.931024875082281,19.9218788136996,,,,,,,,,,
LLOYDSENGG_MINED_BASE_G0_C1333,,0,3,3,close_ema_3_daily_volatility_5_daily >= 1.4807591382075385 AND close_ema_8_daily_volatility_5_daily >= 1.2672772609808338 AND close_to_close_ema_3_daily_difference_pct >= 0.37388545459352607,205,86,119,41.951219512195124,16.895715440582055,25.05550407161307,16.572352465642684,295.6356899473223,0,5.95,1.4360565297523258,294.3915885992268,-12.931024875082281,19.9218788136996,,,,,,,,,,
LLOYDSENGG_MINED_BASE_G0_C1334,,0,3,3,close_ema_3_daily_volatility_5_daily >= 2.1517313552241197 AND close_ema_13_daily_volatility_5_daily >= 0.6665343015434868 AND close_ema_3_daily_slope_pct >= 0.3776715879064552,222,90,132,40.54054054054054,16.895715440582055,23.644825099958485,17.946645109135005,295.62212738255556,0,6.6000000000000005,1.3326672942543947,295.8521393244756,-12.931024875082281,10.000015661015443,,,,,,,,,,
LLOYDSENGG_MINED_BASE_G0_C1335,,0,3,3,close_ema_3_daily_volatility_5_daily >= 2.1517313552241197 AND close_ema_13_daily_volatility_5_daily >= 0.6665343015434868 AND close_to_close_ema_3_daily_difference_pct >= 0.37388545459352607,222,90,132,40.54054054054054,16.895715440582055,23.644825099958485,17.946645109135005,295.62212738255556,0,6.6000000000000005,1.3326672942543947,295.8521393244756,-12.931024875082281,10.000015661015443,,,,,,,,,,
LLOYDSENGG_MINED_BASE_G0_C1336,,0,3,3,close_ema_3_daily_volatility_5_daily >= 1.4807591382075385 AND close_ema_3_daily_range_5_pct >= 5.878821482298 AND close_ema_13_daily_volatility_5_daily >= 0.6665343015434868,395,120,275,30.37974683544304,16.895715440582055,13.484031394860985,31.932093775262732,295.58416600870316,0,13.75,0.6380030114660772,252.01118952910048,-12.931024875082281,19.9218788136996,,,,,,,,,,
LLOYDSENGG_MINED_BASE_G0_C1337,,0,2,2,close_ema_8_daily_volatility_5_daily >= 0.8645495401600428 AND close_to_close_ema_3_daily_difference_pct >= 1.127345753351754,266,99,167,37.21804511278196,16.895715440582055,20.322329672199903,21.503637833468066,295.4063069225284,0,8.35,1.3815528538429676,367.4930591222294,-12.931024875082281,19.9218788136996,,,,,,,,,,
LLOYDSENGG_MINED_BASE_G0_C1338,,0,2,2,close_ema_8_daily_volatility_5_daily >= 0.8645495401600428 AND close_ema_3_daily_slope_pct >= 1.1401997467767693,266,99,167,37.21804511278196,16.895715440582055,20.322329672199903,21.503637833468066,295.4063069225284,0,8.35,1.3815528538429676,367.4930591222294,-12.931024875082281,19.9218788136996,,,,,,,,,,
LLOYDSENGG_MINED_BASE_G0_C1339,,0,3,3,close_ema_8_daily_volatility_5_daily >= 0.8645495401600428 AND close_to_close_ema_3_daily_difference_pct >= 1.127345753351754 AND close_ema_3_daily_slope_pct >= 1.1401997467767693,266,99,167,37.21804511278196,16.895715440582055,20.322329672199903,21.503637833468066,295.4063069225284,0,8.35,1.3815528538429676,367.4930591222294,-12.931024875082281,19.9218788136996,,,,,,,,,,
LLOYDSENGG_MINED_BASE_G0_C1340,,0,3,3,close_ema_8_daily_volatility_5_daily >= 0.8645495401600428 AND close_to_close_ema_3_daily_difference_pct >= 1.127345753351754 AND close_ema_3_daily_slope_pct >= 0.3776715879064552,266,99,167,37.21804511278196,16.895715440582055,20.322329672199903,21.503637833468066,295.4063069225284,0,8.35,1.3815528538429676,367.4930591222294,-12.931024875082281,19.9218788136996,,,,,,,,,,
LLOYDSENGG_MINED_BASE_G0_C1341,,0,3,3,close_ema_8_daily_volatility_5_daily >= 0.8645495401600428 AND close_ema_3_daily_slope_pct >= 1.1401997467767693 AND close_to_close_ema_3_daily_difference_pct >= 0.37388545459352607,266,99,167,37.21804511278196,16.895715440582055,20.322329672199903,21.503637833468066,295.4063069225284,0,8.35,1.3815528538429676,367.4930591222294,-12.931024875082281,19.9218788136996,,,,,,,,,,
LLOYDSENGG_MINED_BASE_G0_C1342,,0,3,3,close_ema_3_daily_volatility_5_daily >= 2.1517313552241197 AND close_to_close_ema_3_daily_difference_pct >= 1.127345753351754 AND close_ema_13_daily_volatility_5_daily >= 0.6665343015434868,197,84,113,42.63959390862944,16.895715440582055,25.743878468047388,15.925626515763943,295.35186271539175,0,5.65,1.427490125051592,281.2155546351636,-12.931024875082281,10.000015661015443,,,,,,,,,,
LLOYDSENGG_MINED_BASE_G0_C1343,,0,3,3,close_ema_3_daily_volatility_5_daily >= 2.1517313552241197 AND close_ema_3_daily_slope_pct >= 1.1401997467767693 AND close_ema_13_daily_volatility_5_daily >= 0.6665343015434868,197,84,113,42.63959390862944,16.895715440582055,25.743878468047388,15.925626515763943,295.35186271539175,0,5.65,1.427490125051592,281.2155546351636,-12.931024875082281,10.000015661015443,,,,,,,,,,
LLOYDSENGG_MINED_BASE_G0_C1344,,0,3,3,close_ema_8_daily_range_5_pct >= 3.117710901412895 AND close_ema_8_daily_volatility_5_daily >= 1.0367159490053137 AND close_ema_3_daily_range_5_pct >= 7.091176553732353,321,109,212,33.95638629283489,16.895715440582055,17.060670852252837,25.949878738884397,295.26771636185276,0,10.600000000000001,0.8547873668628728,274.3867447629822,-12.931024875082281,19.9218788136996,,,,,,,,,,
LLOYDSENGG_MINED_BASE_G0_C1345,,0,3,3,close_ema_3_daily_range_5_pct >= 4.683096254230115 AND close_ema_3_daily_volatility_5_daily >= 1.4807591382075385 AND close_ema_8_daily_volatility_5_daily >= 1.2672772609808338,327,110,217,33.63914373088685,16.895715440582055,16.743428290304795,26.434923201293454,295.24580195476085,0,10.850000000000001,0.7928868344122983,259.27399485282155,-12.931024875082281,19.9218788136996,,,,,,,,,,
LLOYDSENGG_MINED_BASE_G0_C1346,,0,2,2,close_ema_8_daily_volatility_5_daily >= 1.0367159490053137 AND close_ema_13_daily_volatility_5_daily >= 0.8014195041727374,436,125,311,28.6697247706422,16.895715440582055,11.774009330060146,35.24656426839127,295.15286155812623,0,15.55,0.6109383026085213,266.3690999373153,-12.931024875082281,19.9218788136996,,,,,,,,,,
LLOYDSENGG_MINED_BASE_G0_C1347,,0,2,2,close_ema_21_daily_volatility_5_daily >= 0.5048951676587204 AND close_ema_3_daily_slope_pct >= 0.3776715879064552,299,105,194,35.11705685618729,16.895715440582055,18.221341415605234,24.171382376717865,295.1477491389164,0,9.700000000000001,1.2470140202967466,372.8571920687272,-12.931024875082281,19.9218788136996,,,,,,,,,,
LLOYDSENGG_MINED_BASE_G0_C1348,,0,2,2,close_ema_21_daily_volatility_5_daily >= 0.5048951676587204 AND close_to_close_ema_3_daily_difference_pct >= 0.37388545459352607,299,105,194,35.11705685618729,16.895715440582055,18.221341415605234,24.171382376717865,295.1477491389164,0,9.700000000000001,1.2470140202967466,372.8571920687272,-12.931024875082281,19.9218788136996,,,,,,,,,,
LLOYDSENGG_MINED_BASE_G0_C1349,,0,3,3,close_ema_21_daily_volatility_5_daily >= 0.5048951676587204 AND close_ema_3_daily_slope_pct >= 0.3776715879064552 AND close_to_close_ema_3_daily_difference_pct >= 0.37388545459352607,299,105,194,35.11705685618729,16.895715440582055,18.221341415605234,24.171382376717865,295.1477491389164,0,9.700000000000001,1.2470140202967466,372.8571920687272,-12.931024875082281,19.9218788136996,,,,,,,,,,
LLOYDSENGG_MINED_BASE_G0_C1350,,0,3,3,close_ema_8_daily_volatility_5_daily >= 1.0367159490053137 AND close_ema_3_daily_range_5_pct >= 7.091176553732353 AND close_ema_13_daily_volatility_5_daily >= 0.6665343015434868,321,109,212,33.95638629283489,16.895715440582055,17.060670852252837,25.949878738884397,295.1254641693249,0,10.600000000000001,0.8073699693535779,259.1657601624985,-12.931024875082281,19.9218788136996,,,,,,,,,,
LLOYDSENGG_MINED_BASE_G0_C1351,,0,2,2,close_ema_3_daily_range_5_pct >= 7.091176553732353 AND close_ema_8_daily_volatility_5_daily >= 1.2672772609808338,275,101,174,36.72727272727273,16.895715440582055,19.83155728669067,22.23120452708165,295.04885920568876,0,8.700000000000001,0.8636909240784704,237.51500412157935,-12.931024875082281,19.9218788136996,,,,,,,,,,
LLOYDSENGG_MINED_BASE_G0_C1352,,0,3,3,close_ema_3_daily_volatility_5_daily >= 1.4807591382075385 AND close_ema_3_daily_range_5_pct >= 7.091176553732353 AND close_ema_8_daily_volatility_5_daily >= 1.2672772609808338,275,101,174,36.72727272727273,16.895715440582055,19.83155728669067,22.23120452708165,295.04885920568876,0,8.700000000000001,0.8636909240784704,237.51500412157935,-12.931024875082281,19.9218788136996,,,,,,,,,,
LLOYDSENGG_MINED_BASE_G0_C1353,,0,3,3,close_ema_3_daily_range_5_pct >= 7.091176553732353 AND close_ema_8_daily_volatility_5_daily >= 1.2672772609808338 AND close_ema_13_daily_volatility_5_daily >= 0.6665343015434868,275,101,174,36.72727272727273,16.895715440582055,19.83155728669067,22.23120452708165,295.04885920568876,0,8.700000000000001,0.8636909240784704,237.51500412157935,-12.931024875082281,19.9218788136996,,,,,,,,,,
LLOYDSENGG_MINED_BASE_G0_C1354,,0,2,2,close_ema_3_daily_range_5_pct >= 4.683096254230115 AND close_ema_13_daily_volatility_5_daily >= 0.6665343015434868,463,128,335,27.645788336933048,16.895715440582055,10.750072896350993,37.429264349232014,295.00028267999147,0,16.75,0.6666393994121773,308.6540419278381,-12.931024875082281,19.9218788136996,,,,,,,,,,
LLOYDSENGG_MINED_BASE_G0_C1355,,0,2,2,close_ema_3_daily_range_5_pct >= 4.683096254230115 AND close_to_close_ema_3_daily_difference_pct >= 1.127345753351754,272,100,172,36.76470588235294,16.895715440582055,19.868990441770887,21.988682295877123,294.9823467051901,0,8.6,1.4124648321118733,384.19043433442954,-12.931024875082281,19.9218788136996,,,,,,,,,,
LLOYDSENGG_MINED_BASE_G0_C1356,,0,2,2,close_ema_3_daily_range_5_pct >= 4.683096254230115 AND close_ema_3_daily_slope_pct >= 1.1401997467767693,272,100,172,36.76470588235294,16.895715440582055,19.868990441770887,21.988682295877123,294.9823467051901,0,8.6,1.4124648321118733,384.19043433442954,-12.931024875082281,19.9218788136996,,,,,,,,,,
LLOYDSENGG_MINED_BASE_G0_C1357,,0,3,3,close_ema_3_daily_range_5_pct >= 4.683096254230115 AND close_to_close_ema_3_daily_difference_pct >= 1.127345753351754 AND close_ema_3_daily_slope_pct >= 1.1401997467767693,272,100,172,36.76470588235294,16.895715440582055,19.868990441770887,21.988682295877123,294.9823467051901,0,8.6,1.4124648321118733,384.19043433442954,-12.931024875082281,19.9218788136996,,,,,,,,,,
LLOYDSENGG_MINED_BASE_G0_C1358,,0,3,3,close_ema_3_daily_range_5_pct >= 4.683096254230115 AND close_to_close_ema_3_daily_difference_pct >= 1.127345753351754 AND close_ema_3_daily_slope_pct >= 0.3776715879064552,272,100,172,36.76470588235294,16.895715440582055,19.868990441770887,21.988682295877123,294.9823467051901,0,8.6,1.4124648321118733,384.19043433442954,-12.931024875082281,19.9218788136996,,,,,,,,,,
LLOYDSENGG_MINED_BASE_G0_C1359,,0,3,3,close_ema_3_daily_range_5_pct >= 4.683096254230115 AND close_ema_3_daily_slope_pct >= 1.1401997467767693 AND close_to_close_ema_3_daily_difference_pct >= 0.37388545459352607,272,100,172,36.76470588235294,16.895715440582055,19.868990441770887,21.988682295877123,294.9823467051901,0,8.6,1.4124648321118733,384.19043433442954,-12.931024875082281,19.9218788136996,,,,,,,,,,
LLOYDSENGG_MINED_BASE_G0_C1360,,0,2,2,close_ema_3_daily_range_5_pct >= 5.878821482298 AND close_ema_13_daily_volatility_5_daily >= 0.6665343015434868,404,121,283,29.950495049504948,16.895715440582055,13.054779608922892,32.65966046887631,294.96164763327727,0,14.15,0.6125831962209164,247.48361127325023,-12.931024875082281,19.9218788136996,,,,,,,,,,
LLOYDSENGG_MINED_BASE_G0_C1361,,0,1,1,close_ema_13_daily_volatility_5_daily >= 0.6665343015434868,619,143,476,23.101777059773827,16.895715440582055,6.206061619191772,50.04042037186742,294.93192372119154,0,23.8,0.5672052084109006,351.1000240063475,-12.931024875082281,19.9218788136996,,,,,,,,,,
LLOYDSENGG_MINED_BASE_G0_C1362,,0,3,3,close_ema_3_daily_volatility_5_daily >= 2.551529495595912 AND close_ema_8_daily_volatility_5_daily >= 1.2672772609808338 AND close_ema_13_daily_volatility_5_daily >= 0.8014195041727374,231,92,139,39.82683982683983,16.895715440582055,22.931124386257775,18.674211802748587,294.8018515610731,0,6.95,1.0320765432613952,238.4096814933823,-12.931024875082281,17.175581052420334,,,,,,,,,,
LLOYDSENGG_MINED_BASE_G0_C1363,,0,3,3,close_ema_3_daily_range_5_pct >= 5.878821482298 AND close_ema_3_daily_slope_pct >= 0.3776715879064552 AND close_ema_13_daily_volatility_5_daily >= 0.8014195041727374,210,87,123,41.42857142857143,16.895715440582055,24.532855987989375,16.976556184316895,294.76700899448963,0,6.15,1.4175763515142505,297.6910338179926,-12.931024875082281,19.9218788136996,,,,,,,,,,
LLOYDSENGG_MINED_BASE_G0_C1364,,0,3,3,close_ema_3_daily_range_5_pct >= 5.878821482298 AND close_to_close_ema_3_daily_difference_pct >= 0.37388545459352607 AND close_ema_13_daily_volatility_5_daily >= 0.8014195041727374,210,87,123,41.42857142857143,16.895715440582055,24.532855987989375,16.976556184316895,294.76700899448963,0,6.15,1.4175763515142505,297.6910338179926,-12.931024875082281,19.9218788136996,,,,,,,,,,
LLOYDSENGG_MINED_BASE_G0_C1365,,0,3,3,close_ema_8_daily_range_5_pct >= 3.117710901412895 AND close_ema_3_daily_range_5_pct >= 5.878821482298 AND close_ema_8_daily_volatility_5_daily >= 1.0367159490053137,368,116,252,31.521739130434785,16.895715440582055,14.62602368985273,29.74939369442199,294.69510632469996,0,12.600000000000001,0.7216626251454433,265.57184605352313,-12.931024875082281,19.9218788136996,,,,,,,,,,
LLOYDSENGG_MINED_BASE_G0_C1366,,0,3,3,close_ema_8_daily_volatility_5_daily >= 1.0367159490053137 AND close_ema_3_daily_range_5_pct >= 7.091176553732353 AND close_ema_21_daily_range_5_pct >= 1.8831689286059863,292,104,188,35.61643835616438,16.895715440582055,18.720722915582325,23.60549717057397,294.68625091971325,0,9.4,0.8275454472672032,241.64327060202336,-12.931024875082281,19.9218788136996,,,,,,,,,,
LLOYDSENGG_MINED_BASE_G0_C1367,,0,3,3,close_ema_3_daily_range_5_pct >= 5.878821482298 AND close_ema_21_daily_range_5_pct >= 1.8831689286059863 AND close_to_close_ema_3_daily_difference_pct >= 1.127345753351754,190,82,108,43.15789473684211,16.895715440582055,26.262179296260054,15.359741309620048,294.66692936631455,0,5.4,1.5853442950047547,301.2154160509034,-12.931024875082281,19.9218788136996,,,,,,,,,,
LLOYDSENGG_MINED_BASE_G0_C1368,,0,3,3,close_ema_3_daily_range_5_pct >= 5.878821482298 AND close_ema_21_daily_range_5_pct >= 1.8831689286059863 AND close_ema_3_daily_slope_pct >= 1.1401997467767693,190,82,108,43.15789473684211,16.895715440582055,26.262179296260054,15.359741309620048,294.66692936631455,0,5.4,1.5853442950047547,301.2154160509034,-12.931024875082281,19.9218788136996,,,,,,,,,,
LLOYDSENGG_MINED_BASE_G0_C1369,,0,3,3,close_ema_3_daily_volatility_5_daily >= 1.4807591382075385 AND close_ema_21_daily_range_5_pct >= 1.8831689286059863 AND close_ema_3_daily_slope_pct >= 0.3776715879064552,237,93,144,39.24050632911392,16.895715440582055,22.344790888531865,19.15925626515764,294.5088189891009,0,7.2,1.328288182147208,314.8042991688883,-12.931024875082281,19.9218788136996,,,,,,,,,,
LLOYDSENGG_MINED_BASE_G0_C1370,,0,3,3,close_ema_3_daily_volatility_5_daily >= 1.4807591382075385 AND close_ema_21_daily_range_5_pct >= 1.8831689286059863 AND close_to_close_ema_3_daily_difference_pct >= 0.37388545459352607,237,93,144,39.24050632911392,16.895715440582055,22.344790888531865,19.15925626515764,294.5088189891009,0,7.2,1.328288182147208,314.8042991688883,-12.931024875082281,19.9218788136996,,,,,,,,,,
LLOYDSENGG_MINED_BASE_G0_C1371,,0,3,3,close_ema_21_daily_volatility_5_daily >= 0.5048951676587204 AND close_ema_3_daily_range_5_pct >= 7.091176553732353 AND close_ema_3_daily_slope_pct >= 0.3776715879064552,194,83,111,42.78350515463917,16.895715440582055,25.887789714057117,15.683104284559418,294.4785484696289,0,5.550000000000001,1.5298666331144515,296.7941268242036,-12.931024875082281,19.9218788136996,,,,,,,,,,
LLOYDSENGG_MINED_BASE_G0_C1372,,0,3,3,close_ema_21_daily_volatility_5_daily >= 0.5048951676587204 AND close_ema_3_daily_range_5_pct >= 7.091176553732353 AND close_to_close_ema_3_daily_difference_pct >= 0.37388545459352607,194,83,111,42.78350515463917,16.895715440582055,25.887789714057117,15.683104284559418,294.4785484696289,0,5.550000000000001,1.5298666331144515,296.7941268242036,-12.931024875082281,19.9218788136996,,,,,,,,,,
LLOYDSENGG_MINED_BASE_G0_C1373,,0,3,3,close_ema_3_daily_range_5_pct >= 4.683096254230115 AND close_ema_8_daily_volatility_5_daily >= 1.0367159490053137 AND close_ema_13_daily_volatility_5_daily >= 0.6665343015434868,414,122,292,29.468599033816425,16.895715440582055,12.57288359323437,33.46806790622473,294.4272383061709,0,14.600000000000001,0.7209401133330343,298.4692069198762,-12.931024875082281,19.9218788136996,,,,,,,,,,
LLOYDSENGG_MINED_BASE_G0_C1374,,0,3,3,close_ema_3_daily_range_5_pct >= 4.683096254230115 AND close_ema_21_daily_range_5_pct >= 1.8831689286059863 AND close_ema_13_daily_volatility_5_daily >= 0.8014195041727374,369,116,253,31.43631436314363,16.895715440582055,14.540598922561575,29.830234438156833,294.4083111847957,0,12.65,0.7851055239959356,289.7039383545002,-12.931024875082281,19.9218788136996,,,,,,,,,,
LLOYDSENGG_MINED_BASE_G0_C1375,,0,3,3,close_ema_8_daily_volatility_5_daily >= 0.8645495401600428 AND close_ema_3_daily_range_5_pct >= 5.878821482298 AND close_ema_13_daily_volatility_5_daily >= 0.6665343015434868,398,120,278,30.15075376884422,16.895715440582055,13.255038328262163,32.17461600646726,294.36243283254254,0,13.9,0.6624137304105704,263.640664703407,-12.931024875082281,19.9218788136996,,,,,,,,,,
LLOYDSENGG_MINED_BASE_G0_C1376,,0,3,3,close_ema_3_daily_range_5_pct >= 4.683096254230115 AND close_ema_3_daily_slope_pct >= 0.3776715879064552 AND close_ema_13_daily_volatility_5_daily >= 0.8014195041727374,219,89,130,40.63926940639269,16.895715440582055,23.743553965810637,17.704122877930477,294.31236700131,0,6.5,1.3648657240856092,298.9055935747484,-12.931024875082281,19.9218788136996,,,,,,,,,,
LLOYDSENGG_MINED_BASE_G0_C1377,,0,3,3,close_ema_3_daily_range_5_pct >= 4.683096254230115 AND close_to_close_ema_3_daily_difference_pct >= 0.37388545459352607 AND close_ema_13_daily_volatility_5_daily >= 0.8014195041727374,219,89,130,40.63926940639269,16.895715440582055,23.743553965810637,17.704122877930477,294.31236700131,0,6.5,1.3648657240856092,298.9055935747484,-12.931024875082281,19.9218788136996,,,,,,,,,,
LLOYDSENGG_MINED_BASE_G0_C1378,,0,2,2,close_ema_3_daily_range_5_pct >= 5.878821482298 AND close_ema_21_daily_range_5_pct >= 1.8831689286059863,376,117,259,31.117021276595747,16.895715440582055,14.221305836013691,30.39611964430073,294.2494634019014,0,12.950000000000001,0.6976447406109499,262.31442246971716,-12.931024875082281,19.9218788136996,,,,,,,,,,
LLOYDSENGG_MINED_BASE_G0_C1379,,0,3,3,close_ema_3_daily_volatility_5_daily >= 2.1517313552241197 AND close_ema_3_daily_range_5_pct >= 4.683096254230115 AND close_to_close_ema_3_daily_difference_pct >= 1.127345753351754,198,84,114,42.42424242424242,16.895715440582055,25.528526983660367,16.006467259498788,294.2278315958571,0,5.7,1.4283988925184108,282.82298071864534,-12.931024875082281,10.000015661015443,,,,,,,,,,
LLOYDSENGG_MINED_BASE_G0_C1380,,0,3,3,close_ema_3_daily_volatility_5_daily >= 2.1517313552241197 AND close_ema_3_daily_range_5_pct >= 4.683096254230115 AND close_ema_3_daily_slope_pct >= 1.1401997467767693,198,84,114,42.42424242424242,16.895715440582055,25.528526983660367,16.006467259498788,294.2278315958571,0,5.7,1.4283988925184108,282.82298071864534,-12.931024875082281,10.000015661015443,,,,,,,,,,
LLOYDSENGG_MINED_BASE_G0_C1381,,0,3,3,close_ema_3_daily_range_5_pct >= 7.091176553732353 AND close_ema_8_daily_volatility_5_daily >= 1.2672772609808338 AND close_ema_13_daily_volatility_5_daily >= 0.8014195041727374,271,100,171,36.90036900369004,16.895715440582055,20.004653563107983,21.90784155214228,294.0799262679524,0,8.55,0.8688861508041712,235.4681468679304,-12.931024875082281,19.9218788136996,,,,,,,,,,
LLOYDSENGG_MINED_BASE_G0_C1382,,0,3,3,close_ema_3_daily_volatility_5_daily >= 2.551529495595912 AND close_ema_3_daily_range_5_pct >= 7.091176553732353 AND close_ema_13_daily_volatility_5_daily >= 0.6665343015434868,223,90,133,40.35874439461883,16.895715440582055,23.463028954036776,18.027485852869845,293.83824223203726,0,6.65,1.0576991539511167,235.866911331099,-12.931024875082281,17.175581052420334,,,,,,,,,,
LLOYDSENGG_MINED_BASE_G0_C1383,,0,3,3,close_ema_3_daily_range_5_pct >= 4.683096254230115 AND close_ema_3_daily_volatility_5_daily >= 2.551529495595912 AND close_ema_13_daily_volatility_5_daily >= 0.6665343015434868,237,93,144,39.24050632911392,16.895715440582055,22.344790888531865,19.15925626515764,293.7971839310174,0,7.2,1.0910764961193697,258.58512958029064,-12.931024875082281,17.175581052420334,,,,,,,,,,
LLOYDSENGG_MINED_BASE_G0_C1384,,0,3,3,close_ema_3_daily_range_5_pct >= 4.683096254230115 AND close_ema_8_daily_range_5_pct >= 3.117710901412895 AND close_to_close_ema_3_daily_difference_pct >= 1.127345753351754,229,91,138,39.737991266375545,16.895715440582055,22.84227582579349,18.512530315278898,293.65351111590303,0,6.9,1.4473773289785135,331.44940833607956,-12.931024875082281,19.9218788136996,,,,,,,,,,
LLOYDSENGG_MINED_BASE_G0_C1385,,0,3,3,close_ema_3_daily_range_5_pct >= 4.683096254230115 AND close_ema_8_daily_range_5_pct >= 3.117710901412895 AND close_ema_3_daily_slope_pct >= 1.1401997467767693,229,91,138,39.737991266375545,16.895715440582055,22.84227582579349,18.512530315278898,293.65351111590303,0,6.9,1.4473773289785135,331.44940833607956,-12.931024875082281,19.9218788136996,,,,,,,,,,
LLOYDSENGG_MINED_BASE_G0_C1386,,0,2,2,close_ema_3_daily_range_5_pct >= 4.683096254230115 AND close_ema_8_daily_volatility_5_daily >= 1.2672772609808338,330,110,220,33.33333333333333,16.895715440582055,16.437617892751273,26.677445432497983,293.639674716076,0,11,0.8171950841065476,269.6743777551607,-12.931024875082281,19.9218788136996,,,,,,,,,,
LLOYDSENGG_MINED_BASE_G0_C1387,,0,3,3,close_ema_3_daily_range_5_pct >= 4.683096254230115 AND close_ema_8_daily_volatility_5_daily >= 1.2672772609808338 AND close_ema_13_daily_volatility_5_daily >= 0.6665343015434868,330,110,220,33.33333333333333,16.895715440582055,16.437617892751273,26.677445432497983,293.639674716076,0,11,0.8171950841065476,269.6743777551607,-12.931024875082281,19.9218788136996,,,,,,,,,,
LLOYDSENGG_MINED_BASE_G0_C1388,,0,3,3,close_ema_3_daily_range_5_pct >= 5.878821482298 AND close_ema_21_daily_range_5_pct >= 1.8831689286059863 AND close_ema_13_daily_volatility_5_daily >= 0.8014195041727374,336,111,225,33.035714285714285,16.895715440582055,16.13999884513223,27.162489894907033,293.56876079367794,0,11.25,0.7062555226722657,237.30185561788124,-12.931024875082281,19.9218788136996,,,,,,,,,,
LLOYDSENGG_MINED_BASE_G0_C1389,,0,3,3,close_ema_8_daily_volatility_5_daily >= 0.8645495401600428 AND close_ema_8_daily_range_5_pct >= 3.117710901412895 AND close_ema_3_daily_range_5_pct >= 5.878821482298,416,122,294,29.326923076923077,16.895715440582055,12.431207636341021,33.629749393694425,293.5147859196739,0,14.700000000000001,0.6862492459895856,285.4796863316676,-12.931024875082281,19.9218788136996,,,,,,,,,,
LLOYDSENGG_MINED_BASE_G0_C1390,,0,3,3,close_ema_3_daily_range_5_pct >= 4.683096254230115 AND close_ema_8_daily_range_5_pct >= 3.117710901412895 AND close_ema_8_daily_volatility_5_daily >= 1.0367159490053137,401,120,281,29.925187032418954,16.895715440582055,13.029471591836899,32.417138237671786,293.45149129454154,0,14.05,0.7847111117856956,314.66915582606396,-12.931024875082281,19.9218788136996,,,,,,,,,,
LLOYDSENGG_MINED_BASE_G0_C1391,,0,3,3,close_ema_3_daily_range_5_pct >= 4.683096254230115 AND close_ema_21_daily_range_5_pct >= 1.8831689286059863 AND close_ema_3_daily_slope_pct >= 0.3776715879064552,229,91,138,39.737991266375545,16.895715440582055,22.84227582579349,18.512530315278898,293.4292689755264,0,6.9,1.3726299488529723,314.33225828733066,-12.931024875082281,19.9218788136996,,,,,,,,,,
LLOYDSENGG_MINED_BASE_G0_C1392,,0,3,3,close_ema_3_daily_range_5_pct >= 4.683096254230115 AND close_ema_21_daily_range_5_pct >= 1.8831689286059863 AND close_to_close_ema_3_daily_difference_pct >= 0.37388545459352607,229,91,138,39.737991266375545,16.895715440582055,22.84227582579349,18.512530315278898,293.4292689755264,0,6.9,1.3726299488529723,314.33225828733066,-12.931024875082281,19.9218788136996,,,,,,,,,,
LLOYDSENGG_MINED_BASE_G0_C1393,,0,3,3,close_ema_21_daily_volatility_5_daily >= 0.5048951676587204 AND close_ema_8_daily_volatility_5_daily >= 1.0367159490053137 AND close_ema_13_daily_volatility_5_daily >= 0.8014195041727374,424,123,301,29.009433962264154,16.895715440582055,12.113718521682099,34.27647534357316,293.4140773303874,0,15.05,0.6318282406589792,267.8951740394072,-12.931024875082281,19.9218788136996,,,,,,,,,,
LLOYDSENGG_MINED_BASE_G0_C1394,,0,3,3,close_ema_3_daily_volatility_5_daily >= 2.1517313552241197 AND close_ema_3_daily_range_5_pct >= 4.683096254230115 AND close_ema_3_daily_slope_pct >= 0.3776715879064552,220,89,131,40.45454545454545,16.895715440582055,23.558830013963398,17.78496362166532,293.3054900096312,0,6.550000000000001,1.3537799799380932,297.8315955863805,-12.931024875082281,10.000015661015443,,,,,,,,,,
LLOYDSENGG_MINED_BASE_G0_C1395,,0,3,3,close_ema_3_daily_volatility_5_daily >= 2.1517313552241197 AND close_ema_3_daily_range_5_pct >= 4.683096254230115 AND close_to_close_ema_3_daily_difference_pct >= 0.37388545459352607,220,89,131,40.45454545454545,16.895715440582055,23.558830013963398,17.78496362166532,293.3054900096312,0,6.550000000000001,1.3537799799380932,297.8315955863805,-12.931024875082281,10.000015661015443,,,,,,,,,,
LLOYDSENGG_MINED_BASE_G0_C1396,,0,3,3,close_ema_3_daily_volatility_5_daily >= 2.551529495595912 AND close_ema_21_daily_volatility_5_daily >= 0.5048951676587204 AND close_ema_8_daily_volatility_5_daily >= 1.2672772609808338,228,91,137,39.91228070175439,16.895715440582055,23.016565261172335,18.43168957154406,293.2215292664397,0,6.8500000000000005,0.996234320192687,227.14142500393262,-12.931024875082281,17.175581052420334,,,,,,,,,,
LLOYDSENGG_MINED_BASE_G0_C1397,,0,3,3,close_ema_3_daily_range_5_pct >= 4.683096254230115 AND close_ema_21_daily_range_5_pct >= 1.8831689286059863 AND close_ema_13_daily_volatility_5_daily >= 0.6665343015434868,409,121,288,29.584352078239608,16.895715440582055,12.688636637657552,33.06386418755052,293.12568100204106,0,14.4,0.6941659379177466,283.91386860835837,-12.931024875082281,19.9218788136996,,,,,,,,,,
LLOYDSENGG_MINED_BASE_G0_C1398,,0,3,3,close_ema_21_daily_volatility_5_daily >= 0.5048951676587204 AND close_ema_3_daily_range_5_pct >= 7.091176553732353 AND close_ema_8_daily_volatility_5_daily >= 1.2672772609808338,267,99,168,37.07865168539326,16.895715440582055,20.182936244811206,21.58447857720291,293.0893352406743,0,8.4,0.8582180055394176,229.14420747902452,-12.931024875082281,19.9218788136996,,,,,,,,,,
LLOYDSENGG_MINED_BASE_G0_C1399,,0,3,3,close_ema_3_daily_volatility_5_daily >= 2.551529495595912 AND close_ema_3_daily_range_5_pct >= 5.878821482298 AND close_ema_13_daily_volatility_5_daily >= 0.6665343015434868,233,92,141,39.48497854077253,16.895715440582055,22.589263100190475,18.83589329021827,292.9846594252118,0,7.050000000000001,1.0294479747531486,239.86137811748364,-12.931024875082281,17.175581052420334,,,,,,,,,,
LLOYDSENGG_MINED_BASE_G0_C1400,,0,3,3,close_ema_3_daily_volatility_5_daily >= 2.551529495595912 AND close_ema_21_daily_range_5_pct >= 1.8831689286059863 AND close_ema_13_daily_volatility_5_daily >= 0.8014195041727374,215,88,127,40.93023255813954,16.895715440582055,24.03451711755748,17.38075990299111,292.97879468875163,0,6.3500000000000005,1.0520697003214143,226.1949855691041,-12.931024875082281,17.175581052420334,,,,,,,,,,
LLOYDSENGG_MINED_BASE_G0_C1401,,0,2,2,close_ema_8_daily_range_5_pct >= 3.117710901412895 AND close_ema_21_daily_volatility_5_daily >= 0.5048951676587204,478,129,349,26.98744769874477,16.895715440582055,10.091732258162715,38.641875505254646,292.95746612771785,0,17.45,0.6496016123014368,310.50957068008677,-12.931024875082281,19.9218788136996,,,,,,,,,,
LLOYDSENGG_MINED_BASE_G0_C1402,,0,3,3,close_ema_3_daily_range_5_pct >= 4.683096254230115 AND close_ema_8_daily_volatility_5_daily >= 1.2672772609808338 AND close_ema_13_daily_volatility_5_daily >= 0.8014195041727374,325,109,216,33.53846153846154,16.895715440582055,16.642746097879485,26.27324171382377,292.9206055808653,0,10.8,0.8356250304892898,271.5781349090192,-12.931024875082281,19.9218788136996,,,,,,,,,,
LLOYDSENGG_MINED_BASE_G0_C1403,,0,3,3,close_ema_21_daily_volatility_5_daily >= 0.5048951676587204 AND close_ema_8_daily_volatility_5_daily >= 1.2672772609808338 AND close_ema_13_daily_volatility_5_daily >= 0.8014195041727374,358,114,244,31.843575418994412,16.895715440582055,14.947859978412357,28.940986257073565,292.8479384492667,0,12.200000000000001,0.7695461857349447,275.4975344931102,-12.931024875082281,19.9218788136996,,,,,,,,,,
LLOYDSENGG_MINED_BASE_G0_C1404,,0,2,2,close_ema_8_daily_volatility_5_daily >= 1.0367159490053137 AND close_to_close_ema_3_daily_difference_pct >= 1.127345753351754,230,91,139,39.565217391304344,16.895715440582055,22.66950195072229,18.593371059013744,292.7794652423008,0,6.95,1.4606518295631066,335.94992079951453,-12.931024875082281,19.9218788136996,,,,,,,,,,
LLOYDSENGG_MINED_BASE_G0_C1405,,0,2,2,close_ema_8_daily_volatility_5_daily >= 1.0367159490053137 AND close_ema_3_daily_slope_pct >= 1.1401997467767693,230,91,139,39.565217391304344,16.895715440582055,22.66950195072229,18.593371059013744,292.7794652423008,0,6.95,1.4606518295631066,335.94992079951453,-12.931024875082281,19.9218788136996,,,,,,,,,,
LLOYDSENGG_MINED_BASE_G0_C1406,,0,3,3,close_ema_8_daily_volatility_5_daily >= 1.0367159490053137 AND close_to_close_ema_3_daily_difference_pct >= 1.127345753351754 AND close_ema_3_daily_slope_pct >= 1.1401997467767693,230,91,139,39.565217391304344,16.895715440582055,22.66950195072229,18.593371059013744,292.7794652423008,0,6.95,1.4606518295631066,335.94992079951453,-12.931024875082281,19.9218788136996,,,,,,,,,,
LLOYDSENGG_MINED_BASE_G0_C1407,,0,3,3,close_ema_8_daily_volatility_5_daily >= 1.0367159490053137 AND close_to_close_ema_3_daily_difference_pct >= 1.127345753351754 AND close_ema_3_daily_slope_pct >= 0.3776715879064552,230,91,139,39.565217391304344,16.895715440582055,22.66950195072229,18.593371059013744,292.7794652423008,0,6.95,1.4606518295631066,335.94992079951453,-12.931024875082281,19.9218788136996,,,,,,,,,,
LLOYDSENGG_MINED_BASE_G0_C1408,,0,3,3,close_ema_8_daily_volatility_5_daily >= 1.0367159490053137 AND close_ema_3_daily_slope_pct >= 1.1401997467767693 AND close_to_close_ema_3_daily_difference_pct >= 0.37388545459352607,230,91,139,39.565217391304344,16.895715440582055,22.66950195072229,18.593371059013744,292.7794652423008,0,6.95,1.4606518295631066,335.94992079951453,-12.931024875082281,19.9218788136996,,,,,,,,,,
LLOYDSENGG_MINED_BASE_G0_C1409,,0,3,3,close_ema_3_daily_volatility_5_daily >= 1.4807591382075385 AND close_ema_8_daily_volatility_5_daily >= 0.8645495401600428 AND close_ema_3_daily_slope_pct >= 0.3776715879064552,291,103,188,35.39518900343643,16.895715440582055,18.499473562854373,23.524656426839126,292.6434652014196,0,9.4,1.1820324623825744,343.97144655332914,-12.931024875082281,19.9218788136996,,,,,,,,,,
LLOYDSENGG_MINED_BASE_G0_C1410,,0,3,3,close_ema_3_daily_volatility_5_daily >= 1.4807591382075385 AND close_ema_8_daily_volatility_5_daily >= 0.8645495401600428 AND close_to_close_ema_3_daily_difference_pct >= 0.37388545459352607,291,103,188,35.39518900343643,16.895715440582055,18.499473562854373,23.524656426839126,292.6434652014196,0,9.4,1.1820324623825744,343.97144655332914,-12.931024875082281,19.9218788136996,,,,,,,,,,
LLOYDSENGG_MINED_BASE_G0_C1411,,0,2,2,close_ema_3_daily_volatility_5_daily >= 1.8141316287340417 AND close_to_close_ema_3_daily_difference_pct >= 1.127345753351754,249,95,154,38.152610441767074,16.895715440582055,21.25689500118502,20.129345189975748,292.58003560278496,0,7.7,1.3318535322866238,331.63152953936935,-12.931024875082281,19.9218788136996,,,,,,,,,,
LLOYDSENGG_MINED_BASE_G0_C1412,,0,2,2,close_ema_3_daily_volatility_5_daily >= 1.8141316287340417 AND close_ema_3_daily_slope_pct >= 1.1401997467767693,249,95,154,38.152610441767074,16.895715440582055,21.25689500118502,20.129345189975748,292.58003560278496,0,7.7,1.3318535322866238,331.63152953936935,-12.931024875082281,19.9218788136996,,,,,,,,,,
LLOYDSENGG_MINED_BASE_G0_C1413,,0,3,3,close_ema_3_daily_volatility_5_daily >= 1.8141316287340417 AND close_to_close_ema_3_daily_difference_pct >= 1.127345753351754 AND close_ema_3_daily_slope_pct >= 1.1401997467767693,249,95,154,38.152610441767074,16.895715440582055,21.25689500118502,20.129345189975748,292.58003560278496,0,7.7,1.3318535322866238,331.63152953936935,-12.931024875082281,19.9218788136996,,,,,,,,,,
LLOYDSENGG_MINED_BASE_G0_C1414,,0,3,3,close_ema_3_daily_volatility_5_daily >= 1.8141316287340417 AND close_to_close_ema_3_daily_difference_pct >= 1.127345753351754 AND close_ema_3_daily_slope_pct >= 0.3776715879064552,249,95,154,38.152610441767074,16.895715440582055,21.25689500118502,20.129345189975748,292.58003560278496,0,7.7,1.3318535322866238,331.63152953936935,-12.931024875082281,19.9218788136996,,,,,,,,,,
LLOYDSENGG_MINED_BASE_G0_C1415,,0,3,3,close_ema_3_daily_volatility_5_daily >= 1.8141316287340417 AND close_ema_3_daily_slope_pct >= 1.1401997467767693 AND close_to_close_ema_3_daily_difference_pct >= 0.37388545459352607,249,95,154,38.152610441767074,16.895715440582055,21.25689500118502,20.129345189975748,292.58003560278496,0,7.7,1.3318535322866238,331.63152953936935,-12.931024875082281,19.9218788136996,,,,,,,,,,
LLOYDSENGG_MINED_BASE_G0_C1416,,0,3,3,close_ema_8_daily_volatility_5_daily >= 0.8645495401600428 AND close_ema_21_daily_volatility_5_daily >= 0.5048951676587204 AND close_ema_21_daily_range_5_pct >= 1.8831689286059863,479,129,350,26.931106471816285,16.895715440582055,10.03539103123423,38.72271624898949,292.53698493494585,0,17.5,0.6200099262582223,296.98475467768844,-12.931024875082281,19.9218788136996,,,,,,,,,,
LLOYDSENGG_MINED_BASE_G0_C1417,,0,3,3,close_ema_8_daily_range_5_pct >= 3.117710901412895 AND close_ema_21_daily_volatility_5_daily >= 0.5048951676587204 AND close_ema_3_daily_slope_pct >= 0.3776715879064552,254,96,158,37.79527559055118,16.895715440582055,20.899560149969123,20.53354890864996,292.53259964216625,0,7.9,1.311599630773541,333.1463062164794,-12.931024875082281,19.9218788136996,,,,,,,,,,
LLOYDSENGG_MINED_BASE_G0_C1418,,0,3,3,close_ema_8_daily_range_5_pct >= 3.117710901412895 AND close_ema_21_daily_volatility_5_daily >= 0.5048951676587204 AND close_to_close_ema_3_daily_difference_pct >= 0.37388545459352607,254,96,158,37.79527559055118,16.895715440582055,20.899560149969123,20.53354890864996,292.53259964216625,0,7.9,1.311599630773541,333.1463062164794,-12.931024875082281,19.9218788136996,,,,,,,,,,
LLOYDSENGG_MINED_BASE_G0_C1419,,0,2,2,close_ema_8_daily_volatility_5_daily >= 0.8645495401600428 AND close_ema_8_daily_range_5_pct >= 3.117710901412895,549,136,413,24.772313296903462,16.895715440582055,7.876597856321407,44.381568310428456,292.45016621549024,0,20.650000000000002,0.5723923112944039,314.24337890062776,-12.931024875082281,19.9218788136996,,,,,,,,,,
LLOYDSENGG_MINED_BASE_G0_C1420,,0,3,3,close_ema_8_daily_range_5_pct >= 3.117710901412895 AND close_to_close_ema_3_daily_difference_pct >= 1.127345753351754 AND close_ema_13_daily_volatility_5_daily >= 0.8014195041727374,200,84,116,42,16.895715440582055,25.104284559417945,16.168148746968473,292.420200861408,0,5.800000000000001,1.5662593547727661,313.2518709545532,-12.931024875082281,19.9218788136996,,,,,,,,,,
LLOYDSENGG_MINED_BASE_G0_C1421,,0,3,3,close_ema_8_daily_range_5_pct >= 3.117710901412895 AND close_ema_3_daily_slope_pct >= 1.1401997467767693 AND close_ema_13_daily_volatility_5_daily >= 0.8014195041727374,200,84,116,42,16.895715440582055,25.104284559417945,16.168148746968473,292.420200861408,0,5.800000000000001,1.5662593547727661,313.2518709545532,-12.931024875082281,19.9218788136996,,,,,,,,,,
LLOYDSENGG_MINED_BASE_G0_C1422,,0,3,3,close_ema_3_daily_range_5_pct >= 4.683096254230115 AND close_ema_3_daily_volatility_5_daily >= 2.551529495595912 AND close_ema_8_daily_volatility_5_daily >= 1.2672772609808338,229,91,138,39.737991266375545,16.895715440582055,22.84227582579349,18.512530315278898,292.4132392656273,0,6.9,1.0339533788865938,236.77532376502995,-12.931024875082281,17.175581052420334,,,,,,,,,,
LLOYDSENGG_MINED_BASE_G0_C1423,,0,2,2,close_ema_3_daily_range_5_pct >= 5.878821482298 AND close_to_close_ema_3_daily_difference_pct >= 1.127345753351754,235,92,143,39.148936170212764,16.895715440582055,22.25322072963071,18.997574777687955,292.3812870189042,0,7.15,1.4217277902501981,334.10603070879654,-12.931024875082281,19.9218788136996,,,,,,,,,,
LLOYDSENGG_MINED_BASE_G0_C1424,,0,2,2,close_ema_3_daily_range_5_pct >= 5.878821482298 AND close_ema_3_daily_slope_pct >= 1.1401997467767693,235,92,143,39.148936170212764,16.895715440582055,22.25322072963071,18.997574777687955,292.3812870189042,0,7.15,1.4217277902501981,334.10603070879654,-12.931024875082281,19.9218788136996,,,,,,,,,,
LLOYDSENGG_MINED_BASE_G0_C1425,,0,3,3,close_ema_3_daily_range_5_pct >= 5.878821482298 AND close_to_close_ema_3_daily_difference_pct >= 1.127345753351754 AND close_ema_3_daily_slope_pct >= 1.1401997467767693,235,92,143,39.148936170212764,16.895715440582055,22.25322072963071,18.997574777687955,292.3812870189042,0,7.15,1.4217277902501981,334.10603070879654,-12.931024875082281,19.9218788136996,,,,,,,,,,
LLOYDSENGG_MINED_BASE_G0_C1426,,0,3,3,close_ema_3_daily_range_5_pct >= 5.878821482298 AND close_to_close_ema_3_daily_difference_pct >= 1.127345753351754 AND close_ema_3_daily_slope_pct >= 0.3776715879064552,235,92,143,39.148936170212764,16.895715440582055,22.25322072963071,18.997574777687955,292.3812870189042,0,7.15,1.4217277902501981,334.10603070879654,-12.931024875082281,19.9218788136996,,,,,,,,,,
LLOYDSENGG_MINED_BASE_G0_C1427,,0,3,3,close_ema_3_daily_range_5_pct >= 5.878821482298 AND close_ema_3_daily_slope_pct >= 1.1401997467767693 AND close_to_close_ema_3_daily_difference_pct >= 0.37388545459352607,235,92,143,39.148936170212764,16.895715440582055,22.25322072963071,18.997574777687955,292.3812870189042,0,7.15,1.4217277902501981,334.10603070879654,-12.931024875082281,19.9218788136996,,,,,,,,,,
LLOYDSENGG_MINED_BASE_G0_C1428,,0,3,3,close_ema_3_daily_range_5_pct >= 4.683096254230115 AND close_ema_3_daily_volatility_5_daily >= 2.551529495595912 AND close_ema_13_daily_volatility_5_daily >= 0.8014195041727374,229,91,138,39.737991266375545,16.895715440582055,22.84227582579349,18.512530315278898,292.37937479812734,0,6.9,1.022665223053292,234.19033607920386,-12.931024875082281,17.175581052420334,,,,,,,,,,
LLOYDSENGG_MINED_BASE_G0_C1429,,0,3,3,close_ema_21_daily_volatility_5_daily >= 0.5048951676587204 AND close_ema_3_daily_range_5_pct >= 7.091176553732353 AND close_ema_13_daily_volatility_5_daily >= 0.8014195041727374,290,103,187,35.51724137931034,16.895715440582055,18.621525938728286,23.443815683104287,292.3694635813161,0,9.35,0.8706112958915537,252.4772758085506,-12.931024875082281,19.9218788136996,,,,,,,,,,
LLOYDSENGG_MINED_BASE_G0_C1430,,0,3,3,close_ema_3_daily_volatility_5_daily >= 2.551529495595912 AND close_ema_21_daily_volatility_5_daily >= 0.5048951676587204 AND close_ema_13_daily_volatility_5_daily >= 0.8014195041727374,229,91,138,39.737991266375545,16.895715440582055,22.84227582579349,18.512530315278898,292.27344508429667,0,6.9,0.987355318443058,226.10436792346027,-12.931024875082281,17.175581052420334,,,,,,,,,,
LLOYDSENGG_MINED_BASE_G0_C1431,,0,3,3,close_ema_8_daily_range_5_pct >= 3.117710901412895 AND close_ema_3_daily_range_5_pct >= 5.878821482298 AND close_to_close_ema_3_daily_difference_pct >= 1.127345753351754,217,88,129,40.55299539170507,16.895715440582055,23.657279951123012,17.54244139046079,292.198663618475,0,6.45,1.4540879542866378,315.5370860802004,-12.931024875082281,19.9218788136996,,,,,,,,,,
LLOYDSENGG_MINED_BASE_G0_C1432,,0,3,3,close_ema_8_daily_range_5_pct >= 3.117710901412895 AND close_ema_3_daily_range_5_pct >= 5.878821482298 AND close_ema_3_daily_slope_pct >= 1.1401997467767693,217,88,129,40.55299539170507,16.895715440582055,23.657279951123012,17.54244139046079,292.198663618475,0,6.45,1.4540879542866378,315.5370860802004,-12.931024875082281,19.9218788136996,,,,,,,,,,
LLOYDSENGG_MINED_BASE_G0_C1433,,0,3,3,close_ema_3_daily_volatility_5_daily >= 1.4807591382075385 AND close_ema_8_daily_range_5_pct >= 3.117710901412895 AND close_ema_13_daily_volatility_5_daily >= 0.8014195041727374,388,118,270,30.412371134020617,16.895715440582055,13.516655693438562,31.366208569118836,292.1863306057381,0,13.5,0.7010173795150779,271.99474325185025,-12.931024875082281,19.9218788136996,,,,,,,,,,
LLOYDSENGG_MINED_BASE_G0_C1434,,0,3,3,close_ema_3_daily_range_5_pct >= 4.683096254230115 AND close_ema_21_daily_volatility_5_daily >= 0.5048951676587204 AND close_ema_8_daily_volatility_5_daily >= 1.2672772609808338,320,108,212,33.75,16.895715440582055,16.854284559417945,25.869037995149558,292.1832925118248,0,10.600000000000001,0.8372899049116926,267.93276957174163,-12.931024875082281,19.9218788136996,,,,,,,,,,
LLOYDSENGG_MINED_BASE_G0_C1435,,0,2,2,close_ema_3_daily_range_5_pct >= 7.091176553732353 AND close_ema_21_daily_range_5_pct >= 1.8831689286059863,302,105,197,34.7682119205298,16.895715440582055,17.872496479947745,24.413904607922394,292.15668834672056,0,9.850000000000001,0.8814019823272922,266.18339866284225,-12.931024875082281,19.9218788136996,,,,,,,,,,
LLOYDSENGG_MINED_BASE_G0_C1436,,0,3,3,close_ema_3_daily_volatility_5_daily >= 1.4807591382075385 AND close_ema_3_daily_range_5_pct >= 7.091176553732353 AND close_ema_21_daily_range_5_pct >= 1.8831689286059863,302,105,197,34.7682119205298,16.895715440582055,17.872496479947745,24.413904607922394,292.15668834672056,0,9.850000000000001,0.8814019823272922,266.18339866284225,-12.931024875082281,19.9218788136996,,,,,,,,,,
LLOYDSENGG_MINED_BASE_G0_C1437,,0,3,3,close_ema_8_daily_volatility_5_daily >= 0.8645495401600428 AND close_ema_3_daily_range_5_pct >= 7.091176553732353 AND close_ema_21_daily_range_5_pct >= 1.8831689286059863,302,105,197,34.7682119205298,16.895715440582055,17.872496479947745,24.413904607922394,292.15668834672056,0,9.850000000000001,0.8814019823272922,266.18339866284225,-12.931024875082281,19.9218788136996,,,,,,,,,,
LLOYDSENGG_MINED_BASE_G0_C1438,,0,3,3,close_ema_3_daily_volatility_5_daily >= 2.551529495595912 AND close_ema_21_daily_range_5_pct >= 1.8831689286059863 AND close_ema_13_daily_volatility_5_daily >= 0.6665343015434868,216,88,128,40.74074074074074,16.895715440582055,23.845025300158685,17.461600646725948,291.9563780408282,0,6.4,1.0437505133449343,225.4501108825058,-12.931024875082281,17.175581052420334,,,,,,,,,,
LLOYDSENGG_MINED_BASE_G0_C1439,,0,3,3,close_ema_3_daily_volatility_5_daily >= 1.4807591382075385 AND close_ema_8_daily_range_5_pct >= 3.117710901412895 AND close_ema_8_daily_volatility_5_daily >= 1.2672772609808338,346,112,234,32.369942196531795,16.895715440582055,15.47422675594974,27.970897332255458,291.94170177344654,0,11.700000000000001,0.756855997899293,261.8721752731554,-12.931024875082281,19.9218788136996,,,,,,,,,,
LLOYDSENGG_MINED_BASE_G0_C1440,,0,3,3,close_ema_3_daily_volatility_5_daily >= 2.551529495595912 AND close_ema_3_daily_range_5_pct >= 7.091176553732353 AND close_ema_8_daily_volatility_5_daily >= 1.2672772609808338,216,88,128,40.74074074074074,16.895715440582055,23.845025300158685,17.461600646725948,291.90887630047075,0,6.4,1.0279165998924389,222.0299855767668,-12.931024875082281,17.175581052420334,,,,,,,,,,
LLOYDSENGG_MINED_BASE_G0_C1441,,0,3,3,close_ema_3_daily_volatility_5_daily >= 2.551529495595912 AND close_ema_3_daily_range_5_pct >= 7.091176553732353 AND close_ema_13_daily_volatility_5_daily >= 0.8014195041727374,216,88,128,40.74074074074074,16.895715440582055,23.845025300158685,17.461600646725948,291.87297369372317,0,6.4,1.0159490643099107,219.4449978909407,-12.931024875082281,17.175581052420334,,,,,,,,,,
LLOYDSENGG_MINED_BASE_G0_C1442,,0,2,2,close_ema_3_daily_volatility_5_daily >= 1.8141316287340417 AND close_ema_3_daily_slope_pct >= 0.3776715879064552,281,101,180,35.94306049822064,16.895715440582055,19.047345057638584,22.716248989490705,291.8521380258809,0,9,1.2051375792293246,338.6436597634402,-12.931024875082281,19.9218788136996,,,,,,,,,,
LLOYDSENGG_MINED_BASE_G0_C1443,,0,2,2,close_ema_3_daily_volatility_5_daily >= 1.8141316287340417 AND close_to_close_ema_3_daily_difference_pct >= 0.37388545459352607,281,101,180,35.94306049822064,16.895715440582055,19.047345057638584,22.716248989490705,291.8521380258809,0,9,1.2051375792293246,338.6436597634402,-12.931024875082281,19.9218788136996,,,,,,,,,,
LLOYDSENGG_MINED_BASE_G0_C1444,,0,3,3,close_ema_3_daily_volatility_5_daily >= 1.8141316287340417 AND close_ema_3_daily_slope_pct >= 0.3776715879064552 AND close_to_close_ema_3_daily_difference_pct >= 0.37388545459352607,281,101,180,35.94306049822064,16.895715440582055,19.047345057638584,22.716248989490705,291.8521380258809,0,9,1.2051375792293246,338.6436597634402,-12.931024875082281,19.9218788136996,,,,,,,,,,
LLOYDSENGG_MINED_BASE_G0_C1445,,0,3,3,close_ema_8_daily_range_5_pct >= 3.117710901412895 AND close_to_close_ema_3_daily_difference_pct >= 1.127345753351754 AND close_ema_8_daily_volatility_5_daily >= 1.2672772609808338,181,79,102,43.646408839779006,16.895715440582055,26.75069339919695,14.632174616006468,291.8171760984804,0,5.1000000000000005,1.7212363674985505,311.5437825172376,-12.931024875082281,19.9218788136996,,,,,,,,,,
LLOYDSENGG_MINED_BASE_G0_C1446,,0,3,3,close_ema_8_daily_range_5_pct >= 3.117710901412895 AND close_ema_3_daily_slope_pct >= 1.1401997467767693 AND close_ema_8_daily_volatility_5_daily >= 1.2672772609808338,181,79,102,43.646408839779006,16.895715440582055,26.75069339919695,14.632174616006468,291.8171760984804,0,5.1000000000000005,1.7212363674985505,311.5437825172376,-12.931024875082281,19.9218788136996,,,,,,,,,,
LLOYDSENGG_MINED_BASE_G0_C1447,,0,2,2,close_ema_3_daily_range_5_pct >= 5.878821482298 AND close_ema_8_daily_volatility_5_daily >= 1.2672772609808338,314,107,207,34.07643312101911,16.895715440582055,17.180717680437052,25.3839935327405,291.81553996229525,0,10.350000000000001,0.7539838533699956,236.75092995817863,-12.931024875082281,19.9218788136996,,,,,,,,,,
LLOYDSENGG_MINED_BASE_G0_C1448,,0,3,3,close_ema_3_daily_volatility_5_daily >= 1.4807591382075385 AND close_ema_3_daily_range_5_pct >= 5.878821482298 AND close_ema_8_daily_volatility_5_daily >= 1.2672772609808338,314,107,207,34.07643312101911,16.895715440582055,17.180717680437052,25.3839935327405,291.81553996229525,0,10.350000000000001,0.7539838533699956,236.75092995817863,-12.931024875082281,19.9218788136996,,,,,,,,,,
LLOYDSENGG_MINED_BASE_G0_C1449,,0,3,3,close_ema_3_daily_range_5_pct >= 5.878821482298 AND close_ema_8_daily_volatility_5_daily >= 1.2672772609808338 AND close_ema_13_daily_volatility_5_daily >= 0.6665343015434868,314,107,207,34.07643312101911,16.895715440582055,17.180717680437052,25.3839935327405,291.81553996229525,0,10.350000000000001,0.7539838533699956,236.75092995817863,-12.931024875082281,19.9218788136996,,,,,,,,,,
LLOYDSENGG_MINED_BASE_G0_C1450,,0,2,2,close_ema_8_daily_range_5_pct >= 3.117710901412895 AND close_ema_8_daily_volatility_5_daily >= 1.0367159490053137,463,127,336,27.429805615550755,16.895715440582055,10.5340901749687,37.429264349232014,291.78491628404424,0,16.8,0.6381551364002627,295.46582815332164,-12.931024875082281,19.9218788136996,,,,,,,,,,
LLOYDSENGG_MINED_BASE_G0_C1451,,0,2,2,close_ema_8_daily_volatility_5_daily >= 0.8645495401600428 AND close_ema_13_daily_volatility_5_daily >= 0.8014195041727374,472,128,344,27.11864406779661,16.895715440582055,10.222928627214554,38.156831042845596,291.72502632066136,0,17.2,0.6034610615295066,284.83362104192713,-12.931024875082281,19.9218788136996,,,,,,,,,,
LLOYDSENGG_MINED_BASE_G0_C1452,,0,3,3,close_ema_3_daily_volatility_5_daily >= 1.4807591382075385 AND close_ema_8_daily_volatility_5_daily >= 0.8645495401600428 AND close_ema_13_daily_volatility_5_daily >= 0.6665343015434868,472,128,344,27.11864406779661,16.895715440582055,10.222928627214554,38.156831042845596,291.64517914951216,0,17.2,0.576845337813115,272.27099944779025,-12.931024875082281,19.9218788136996,,,,,,,,,,
LLOYDSENGG_MINED_BASE_G0_C1453,,0,2,2,close_ema_3_daily_slope_pct >= 0.3776715879064552 AND close_ema_13_daily_volatility_5_daily >= 0.8014195041727374,255,96,159,37.64705882352941,16.895715440582055,20.751343382947358,20.6143896523848,291.6337452447,0,7.95,1.275676109987734,325.2974080468722,-12.931024875082281,19.9218788136996,,,,,,,,,,
LLOYDSENGG_MINED_BASE_G0_C1454,,0,2,2,close_to_close_ema_3_daily_difference_pct >= 0.37388545459352607 AND close_ema_13_daily_volatility_5_daily >= 0.8014195041727374,255,96,159,37.64705882352941,16.895715440582055,20.751343382947358,20.6143896523848,291.6337452447,0,7.95,1.275676109987734,325.2974080468722,-12.931024875082281,19.9218788136996,,,,,,,,,,
LLOYDSENGG_MINED_BASE_G0_C1455,,0,3,3,close_ema_3_daily_slope_pct >= 0.3776715879064552 AND close_to_close_ema_3_daily_difference_pct >= 0.37388545459352607 AND close_ema_13_daily_volatility_5_daily >= 0.8014195041727374,255,96,159,37.64705882352941,16.895715440582055,20.751343382947358,20.6143896523848,291.6337452447,0,7.95,1.275676109987734,325.2974080468722,-12.931024875082281,19.9218788136996,,,,,,,,,,
LLOYDSENGG_MINED_BASE_G0_C1456,,0,2,2,close_ema_3_daily_volatility_5_daily >= 1.4807591382075385 AND close_ema_13_daily_volatility_5_daily >= 0.6665343015434868,481,129,352,26.819126819126822,16.895715440582055,9.923411378544767,38.88439773645918,291.60897126158613,0,17.6,0.5306381229540996,255.23693714092192,-12.931024875082281,19.9218788136996,,,,,,,,,,
LLOYDSENGG_MINED_BASE_G0_C1457,,0,3,3,close_ema_21_daily_volatility_5_daily >= 0.5048951676587204 AND close_ema_3_daily_slope_pct >= 0.3776715879064552 AND close_ema_13_daily_volatility_5_daily >= 0.8014195041727374,250,95,155,38,16.895715440582055,21.104284559417945,20.21018593371059,291.5745846405008,0,7.75,1.267720614470355,316.93015361758876,-12.931024875082281,19.9218788136996,,,,,,,,,,
LLOYDSENGG_MINED_BASE_G0_C1458,,0,3,3,close_ema_21_daily_volatility_5_daily >= 0.5048951676587204 AND close_to_close_ema_3_daily_difference_pct >= 0.37388545459352607 AND close_ema_13_daily_volatility_5_daily >= 0.8014195041727374,250,95,155,38,16.895715440582055,21.104284559417945,20.21018593371059,291.5745846405008,0,7.75,1.267720614470355,316.93015361758876,-12.931024875082281,19.9218788136996,,,,,,,,,,
LLOYDSENGG_MINED_BASE_G0_C1459,,0,3,3,close_ema_8_daily_volatility_5_daily >= 0.8645495401600428 AND close_ema_3_daily_slope_pct >= 0.3776715879064552 AND close_ema_13_daily_volatility_5_daily >= 0.8014195041727374,250,95,155,38,16.895715440582055,21.104284559417945,20.21018593371059,291.5227209447901,0,7.75,1.2504327159001294,312.60817897503233,-12.931024875082281,19.9218788136996,,,,,,,,,,
LLOYDSENGG_MINED_BASE_G0_C1460,,0,3,3,close_ema_8_daily_volatility_5_daily >= 0.8645495401600428 AND close_to_close_ema_3_daily_difference_pct >= 0.37388545459352607 AND close_ema_13_daily_volatility_5_daily >= 0.8014195041727374,250,95,155,38,16.895715440582055,21.104284559417945,20.21018593371059,291.5227209447901,0,7.75,1.2504327159001294,312.60817897503233,-12.931024875082281,19.9218788136996,,,,,,,,,,
LLOYDSENGG_MINED_BASE_G0_C1461,,0,3,3,close_ema_3_daily_volatility_5_daily >= 2.551529495595912 AND close_ema_3_daily_range_5_pct >= 5.878821482298 AND close_ema_21_daily_range_5_pct >= 1.8831689286059863,212,87,125,41.0377358490566,16.895715440582055,24.142020408474547,17.13823767178658,291.4779985882876,0,6.25,1.0059655153049547,213.2646892446504,-12.931024875082281,17.175581052420334,,,,,,,,,,
LLOYDSENGG_MINED_BASE_G0_C1462,,0,2,2,close_to_close_ema_3_daily_difference_pct >= 1.127345753351754 AND close_ema_8_daily_volatility_5_daily >= 1.2672772609808338,185,80,105,43.24324324324324,16.895715440582055,26.347527802661187,14.955537590945836,291.3942820696003,0,5.25,1.6355476854314435,302.57632180481704,-12.931024875082281,19.9218788136996,,,,,,,,,,
LLOYDSENGG_MINED_BASE_G0_C1463,,0,2,2,close_ema_3_daily_slope_pct >= 1.1401997467767693 AND close_ema_8_daily_volatility_5_daily >= 1.2672772609808338,185,80,105,43.24324324324324,16.895715440582055,26.347527802661187,14.955537590945836,291.3942820696003,0,5.25,1.6355476854314435,302.57632180481704,-12.931024875082281,19.9218788136996,,,,,,,,,,
LLOYDSENGG_MINED_BASE_G0_C1464,,0,3,3,close_to_close_ema_3_daily_difference_pct >= 1.127345753351754 AND close_ema_3_daily_slope_pct >= 1.1401997467767693 AND close_ema_8_daily_volatility_5_daily >= 1.2672772609808338,185,80,105,43.24324324324324,16.895715440582055,26.347527802661187,14.955537590945836,291.3942820696003,0,5.25,1.6355476854314435,302.57632180481704,-12.931024875082281,19.9218788136996,,,,,,,,,,
LLOYDSENGG_MINED_BASE_G0_C1465,,0,3,3,close_to_close_ema_3_daily_difference_pct >= 1.127345753351754 AND close_ema_8_daily_volatility_5_daily >= 1.2672772609808338 AND close_ema_13_daily_volatility_5_daily >= 0.6665343015434868,185,80,105,43.24324324324324,16.895715440582055,26.347527802661187,14.955537590945836,291.3942820696003,0,5.25,1.6355476854314435,302.57632180481704,-12.931024875082281,19.9218788136996,,,,,,,,,,
LLOYDSENGG_MINED_BASE_G0_C1466,,0,3,3,close_to_close_ema_3_daily_difference_pct >= 1.127345753351754 AND close_ema_8_daily_volatility_5_daily >= 1.2672772609808338 AND close_ema_3_daily_slope_pct >= 0.3776715879064552,185,80,105,43.24324324324324,16.895715440582055,26.347527802661187,14.955537590945836,291.3942820696003,0,5.25,1.6355476854314435,302.57632180481704,-12.931024875082281,19.9218788136996,,,,,,,,,,
LLOYDSENGG_MINED_BASE_G0_C1467,,0,3,3,close_ema_3_daily_slope_pct >= 1.1401997467767693 AND close_ema_8_daily_volatility_5_daily >= 1.2672772609808338 AND close_ema_13_daily_volatility_5_daily >= 0.6665343015434868,185,80,105,43.24324324324324,16.895715440582055,26.347527802661187,14.955537590945836,291.3942820696003,0,5.25,1.6355476854314435,302.57632180481704,-12.931024875082281,19.9218788136996,,,,,,,,,,
LLOYDSENGG_MINED_BASE_G0_C1468,,0,3,3,close_ema_3_daily_slope_pct >= 1.1401997467767693 AND close_ema_8_daily_volatility_5_daily >= 1.2672772609808338 AND close_to_close_ema_3_daily_difference_pct >= 0.37388545459352607,185,80,105,43.24324324324324,16.895715440582055,26.347527802661187,14.955537590945836,291.3942820696003,0,5.25,1.6355476854314435,302.57632180481704,-12.931024875082281,19.9218788136996,,,,,,,,,,
LLOYDSENGG_MINED_BASE_G0_C1469,,0,3,3,close_ema_21_daily_volatility_5_daily >= 0.5048951676587204 AND close_ema_21_daily_range_5_pct >= 1.8831689286059863 AND close_ema_13_daily_volatility_5_daily >= 0.6665343015434868,532,134,398,25.18796992481203,16.895715440582055,8.292254484229975,43.00727566693613,291.3924995863507,0,19.900000000000002,0.6104090550669298,324.73761729560664,-12.931024875082281,19.9218788136996,,,,,,,,,,
LLOYDSENGG_MINED_BASE_G0_C1470,,0,1,1,close_ema_3_daily_slope_pct >= 0.3776715879064552,495,130,365,26.262626262626267,16.895715440582055,9.366910822044211,40.016168148746964,291.38471888007757,0,18.25,0.9333882566188292,462.02718702632046,-12.931024875082281,19.9218788136996,,,,,,,,,,
LLOYDSENGG_MINED_BASE_G0_C1471,,0,2,2,close_ema_3_daily_slope_pct >= 0.3776715879064552 AND close_to_close_ema_3_daily_difference_pct >= 0.37388545459352607,495,130,365,26.262626262626267,16.895715440582055,9.366910822044211,40.016168148746964,291.38471888007757,0,18.25,0.9333882566188292,462.02718702632046,-12.931024875082281,19.9218788136996,,,,,,,,,,
LLOYDSENGG_MINED_BASE_G0_C1472,,0,3,3,close_ema_21_daily_range_5_pct >= 1.8831689286059863 AND close_to_close_ema_3_daily_difference_pct >= 1.127345753351754 AND close_ema_8_daily_volatility_5_daily >= 1.2672772609808338,170,76,94,44.70588235294118,16.895715440582055,27.810166912359126,13.7429264349232,291.3278319676421,0,4.7,1.6589991352821643,282.0298529979679,-12.931024875082281,19.9218788136996,,,,,,,,,,
LLOYDSENGG_MINED_BASE_G0_C1473,,0,3,3,close_ema_21_daily_range_5_pct >= 1.8831689286059863 AND close_ema_3_daily_slope_pct >= 1.1401997467767693 AND close_ema_8_daily_volatility_5_daily >= 1.2672772609808338,170,76,94,44.70588235294118,16.895715440582055,27.810166912359126,13.7429264349232,291.3278319676421,0,4.7,1.6589991352821643,282.0298529979679,-12.931024875082281,19.9218788136996,,,,,,,,,,
LLOYDSENGG_MINED_BASE_G0_C1474,,0,3,3,close_ema_3_daily_range_5_pct >= 5.878821482298 AND close_ema_8_daily_volatility_5_daily >= 1.2672772609808338 AND close_ema_13_daily_volatility_5_daily >= 0.8014195041727374,309,106,203,34.3042071197411,16.895715440582055,17.408491679159045,24.97978981406629,291.2094941929995,0,10.15,0.7723452657347483,238.6546871120372,-12.931024875082281,19.9218788136996,,,,,,,,,,
LLOYDSENGG_MINED_BASE_G0_C1475,,0,1,1,close_to_close_ema_3_daily_difference_pct >= 0.37388545459352607,496,130,366,26.209677419354836,16.895715440582055,9.313961978772781,40.09700889248181,291.1315334043884,0,18.3,0.9539078368414955,473.1382870733818,-12.931024875082281,19.9218788136996,,,,,,,,,,
LLOYDSENGG_MINED_BASE_G0_C1476,,0,3,3,close_ema_21_daily_range_5_pct >= 1.8831689286059863 AND close_to_close_ema_3_daily_difference_pct >= 1.127345753351754 AND close_ema_13_daily_volatility_5_daily >= 0.6665343015434868,223,89,134,39.91031390134529,16.895715440582055,23.014598460763235,18.027485852869845,291.0300379404368,0,6.7,1.5523485455401849,346.1737256554612,-12.931024875082281,19.9218788136996,,,,,,,,,,
LLOYDSENGG_MINED_BASE_G0_C1477,,0,3,3,close_ema_21_daily_range_5_pct >= 1.8831689286059863 AND close_ema_3_daily_slope_pct >= 1.1401997467767693 AND close_ema_13_daily_volatility_5_daily >= 0.6665343015434868,223,89,134,39.91031390134529,16.895715440582055,23.014598460763235,18.027485852869845,291.0300379404368,0,6.7,1.5523485455401849,346.1737256554612,-12.931024875082281,19.9218788136996,,,,,,,,,,
LLOYDSENGG_MINED_BASE_G0_C1478,,0,3,3,close_ema_3_daily_volatility_5_daily >= 1.8141316287340417 AND close_ema_13_daily_volatility_5_daily >= 0.6665343015434868 AND close_ema_3_daily_slope_pct >= 0.3776715879064552,251,95,156,37.84860557768924,16.895715440582055,20.952890137107186,20.29102667744543,290.9322219092135,0,7.800000000000001,1.3225904078925326,331.9701923810257,-12.931024875082281,19.9218788136996,,,,,,,,,,
LLOYDSENGG_MINED_BASE_G0_C1479,,0,3,3,close_ema_3_daily_volatility_5_daily >= 1.8141316287340417 AND close_ema_13_daily_volatility_5_daily >= 0.6665343015434868 AND close_to_close_ema_3_daily_difference_pct >= 0.37388545459352607,251,95,156,37.84860557768924,16.895715440582055,20.952890137107186,20.29102667744543,290.9322219092135,0,7.800000000000001,1.3225904078925326,331.9701923810257,-12.931024875082281,19.9218788136996,,,,,,,,,,
LLOYDSENGG_MINED_BASE_G0_C1480,,0,3,3,close_ema_3_daily_volatility_5_daily >= 2.551529495595912 AND close_ema_3_daily_range_5_pct >= 7.091176553732353 AND close_ema_21_daily_range_5_pct >= 1.8831689286059863,204,85,119,41.66666666666667,16.895715440582055,24.770951226084616,16.49151172190784,290.88073139171235,0,5.95,0.9919917537630883,202.36631776767,-12.931024875082281,17.175581052420334,,,,,,,,,,
LLOYDSENGG_MINED_BASE_G0_C1481,,0,3,3,close_ema_3_daily_volatility_5_daily >= 2.551529495595912 AND close_ema_3_daily_range_5_pct >= 5.878821482298 AND close_ema_8_daily_volatility_5_daily >= 1.2672772609808338,226,90,136,39.823008849557525,16.895715440582055,22.92729340897547,18.270008084074373,290.8367916337687,0,6.800000000000001,1.00010819629713,226.02445236315143,-12.931024875082281,17.175581052420334,,,,,,,,,,
LLOYDSENGG_MINED_BASE_G0_C1482,,0,3,3,close_ema_3_daily_volatility_5_daily >= 2.551529495595912 AND close_ema_3_daily_range_5_pct >= 5.878821482298 AND close_ema_13_daily_volatility_5_daily >= 0.8014195041727374,226,90,136,39.823008849557525,16.895715440582055,22.92729340897547,18.270008084074373,290.8024776379392,0,6.800000000000001,0.9886701976872803,223.43946467732533,-12.931024875082281,17.175581052420334,,,,,,,,,,
LLOYDSENGG_MINED_BASE_G0_C1483,,0,2,2,close_ema_8_daily_volatility_5_daily >= 1.0367159490053137 AND close_ema_13_daily_volatility_5_daily >= 0.6665343015434868,484,129,355,26.65289256198347,16.895715440582055,9.757177121401416,39.1269199676637,290.77983392191345,0,17.75,0.5813161049687998,281.3569948048991,-12.931024875082281,19.9218788136996,,,,,,,,,,
LLOYDSENGG_MINED_BASE_G0_C1484,,0,3,3,close_ema_3_daily_range_5_pct >= 7.091176553732353 AND close_to_close_ema_3_daily_difference_pct >= 1.127345753351754 AND close_ema_13_daily_volatility_5_daily >= 0.8014195041727374,167,75,92,44.91017964071856,16.895715440582055,28.014464200136505,13.500404203718674,290.7305586913757,0,4.6000000000000005,1.7527458968977077,292.7085647819172,-12.931024875082281,19.9218788136996,,,,,,,,,,
LLOYDSENGG_MINED_BASE_G0_C1485,,0,3,3,close_ema_3_daily_range_5_pct >= 7.091176553732353 AND close_ema_3_daily_slope_pct >= 1.1401997467767693 AND close_ema_13_daily_volatility_5_daily >= 0.8014195041727374,167,75,92,44.91017964071856,16.895715440582055,28.014464200136505,13.500404203718674,290.7305586913757,0,4.6000000000000005,1.7527458968977077,292.7085647819172,-12.931024875082281,19.9218788136996,,,,,,,,,,
LLOYDSENGG_MINED_BASE_G0_C1486,,0,3,3,close_ema_21_daily_volatility_5_daily >= 0.5048951676587204 AND close_ema_13_daily_volatility_5_daily >= 0.6665343015434868 AND close_ema_3_daily_slope_pct >= 0.3776715879064552,283,101,182,35.68904593639576,16.895715440582055,18.793330495813702,22.877930476960387,290.6824277426737,0,9.1,1.2719250878684119,359.95479986676054,-12.931024875082281,19.9218788136996,,,,,,,,,,
LLOYDSENGG_MINED_BASE_G0_C1487,,0,3,3,close_ema_21_daily_volatility_5_daily >= 0.5048951676587204 AND close_ema_13_daily_volatility_5_daily >= 0.6665343015434868 AND close_to_close_ema_3_daily_difference_pct >= 0.37388545459352607,283,101,182,35.68904593639576,16.895715440582055,18.793330495813702,22.877930476960387,290.6824277426737,0,9.1,1.2719250878684119,359.95479986676054,-12.931024875082281,19.9218788136996,,,,,,,,,,
LLOYDSENGG_MINED_BASE_G0_C1488,,0,3,3,close_ema_3_daily_volatility_5_daily >= 2.551529495595912 AND close_ema_21_daily_range_5_pct >= 1.8831689286059863 AND close_ema_8_daily_volatility_5_daily >= 1.2672772609808338,213,87,126,40.845070422535215,16.895715440582055,23.94935498195316,17.219078415521423,290.595463770459,0,6.300000000000001,1.0495629535643924,223.5569091092156,-12.931024875082281,17.175581052420334,,,,,,,,,,
LLOYDSENGG_MINED_BASE_G0_C1489,,0,3,3,close_ema_3_daily_range_5_pct >= 5.878821482298 AND close_ema_21_daily_volatility_5_daily >= 0.5048951676587204 AND close_ema_8_daily_volatility_5_daily >= 1.2672772609808338,304,105,199,34.53947368421053,16.895715440582055,17.643758243628472,24.575586095392076,290.58796215670907,0,9.950000000000001,0.7730569795222354,235.00932177475957,-12.931024875082281,19.9218788136996,,,,,,,,,,
LLOYDSENGG_MINED_BASE_G0_C1490,,0,3,3,close_ema_3_daily_range_5_pct >= 4.683096254230115 AND close_ema_8_daily_volatility_5_daily >= 0.8645495401600428 AND close_ema_8_daily_range_5_pct >= 3.117710901412895,458,126,332,27.510917030567683,16.895715440582055,10.615201589985627,37.025060630557796,290.5768335597185,0,16.6,0.7002752032634786,320.7260430946732,-12.931024875082281,19.9218788136996,,,,,,,,,,
LLOYDSENGG_MINED_BASE_G0_C1491,,0,3,3,close_ema_8_daily_range_5_pct >= 3.117710901412895 AND close_ema_8_daily_volatility_5_daily >= 1.2672772609808338 AND close_ema_13_daily_volatility_5_daily >= 0.8014195041727374,356,113,243,31.741573033707866,16.895715440582055,14.84585759312581,28.77930476960388,290.5173117944304,0,12.15,0.8126746096004404,289.31216101775675,-12.931024875082281,19.9218788136996,,,,,,,,,,
LLOYDSENGG_MINED_BASE_G0_C1492,,0,2,2,close_ema_8_daily_range_5_pct >= 3.117710901412895 AND close_ema_8_daily_volatility_5_daily >= 1.2672772609808338,363,114,249,31.40495867768595,16.895715440582055,14.509243237103895,29.345189975747775,290.41638808365303,0,12.450000000000001,0.7733906327111791,280.74079967415804,-12.931024875082281,19.9218788136996,,,,,,,,,,
LLOYDSENGG_MINED_BASE_G0_C1493,,0,3,3,close_ema_8_daily_range_5_pct >= 3.117710901412895 AND close_ema_8_daily_volatility_5_daily >= 1.2672772609808338 AND close_ema_13_daily_volatility_5_daily >= 0.6665343015434868,363,114,249,31.40495867768595,16.895715440582055,14.509243237103895,29.345189975747775,290.41638808365303,0,12.450000000000001,0.7733906327111791,280.74079967415804,-12.931024875082281,19.9218788136996,,,,,,,,,,
LLOYDSENGG_MINED_BASE_G0_C1494,,0,3,3,close_ema_3_daily_volatility_5_daily >= 1.4807591382075385 AND close_ema_21_daily_range_5_pct >= 1.8831689286059863 AND close_ema_13_daily_volatility_5_daily >= 0.6665343015434868,423,122,301,28.841607565011824,16.895715440582055,11.945892124429768,34.19563459983832,290.40655863921245,0,15.05,0.5756993390211965,243.52082040596613,-12.931024875082281,19.9218788136996,,,,,,,,,,
LLOYDSENGG_MINED_BASE_G0_C1495,,0,1,1,close_ema_13_daily_volatility_5_daily >= 0.8014195041727374,495,130,365,26.262626262626267,16.895715440582055,9.366910822044211,40.016168148746964,290.3264848494036,0,18.25,0.5806435797275138,287.4185719651193,-12.931024875082281,19.9218788136996,,,,,,,,,,
LLOYDSENGG_MINED_BASE_G0_C1496,,0,3,3,close_to_close_ema_3_daily_difference_pct >= 1.127345753351754 AND close_ema_8_daily_volatility_5_daily >= 1.2672772609808338 AND close_ema_13_daily_volatility_5_daily >= 0.8014195041727374,182,79,103,43.40659340659341,16.895715440582055,26.510877966011353,14.713015359741311,290.29533707645277,0,5.15,1.6303157487986477,296.7174662813539,-12.931024875082281,19.9218788136996,,,,,,,,,,
LLOYDSENGG_MINED_BASE_G0_C1497,,0,3,3,close_ema_3_daily_slope_pct >= 1.1401997467767693 AND close_ema_8_daily_volatility_5_daily >= 1.2672772609808338 AND close_ema_13_daily_volatility_5_daily >= 0.8014195041727374,182,79,103,43.40659340659341,16.895715440582055,26.510877966011353,14.713015359741311,290.29533707645277,0,5.15,1.6303157487986477,296.7174662813539,-12.931024875082281,19.9218788136996,,,,,,,,,,
LLOYDSENGG_MINED_BASE_G0_C1498,,0,3,3,close_ema_8_daily_range_5_pct >= 3.117710901412895 AND close_ema_3_daily_range_5_pct >= 5.878821482298 AND close_ema_13_daily_volatility_5_daily >= 0.8014195041727374,336,110,226,32.73809523809524,16.895715440582055,15.842379797513185,27.162489894907033,290.2354968757563,0,11.3,0.774532629396805,260.2429634773265,-12.931024875082281,19.9218788136996,,,,,,,,,,
LLOYDSENGG_MINED_BASE_G0_C1499,,0,3,3,close_ema_3_daily_range_5_pct >= 7.091176553732353 AND close_ema_3_daily_slope_pct >= 0.3776715879064552 AND close_ema_13_daily_volatility_5_daily >= 0.8014195041727374,186,80,106,43.01075268817204,16.895715440582055,26.115037247589985,15.036378334680677,290.2096634022569,0,5.300000000000001,1.6448257214356723,305.93758418703504,-12.931024875082281,19.9218788136996,,,,,,,,,,
LLOYDSENGG_MINED_BASE_G0_C1500,,0,3,3,close_ema_3_daily_range_5_pct >= 7.091176553732353 AND close_to_close_ema_3_daily_difference_pct >= 0.37388545459352607 AND close_ema_13_daily_volatility_5_daily >= 0.8014195041727374,186,80,106,43.01075268817204,16.895715440582055,26.115037247589985,15.036378334680677,290.2096634022569,0,5.300000000000001,1.6448257214356723,305.93758418703504,-12.931024875082281,19.9218788136996,,,,,,,,,,
LLOYDSENGG_MINED_BASE_G0_C1501,,0,2,2,close_ema_3_daily_volatility_5_daily >= 1.4807591382075385 AND close_ema_3_daily_slope_pct >= 0.3776715879064552,319,107,212,33.5423197492163,16.895715440582055,16.64660430863424,25.78819725141471,290.10010869352584,0,10.600000000000001,1.1556957167848871,368.66693365437897,-12.931024875082281,19.9218788136996,,,,,,,,,,
LLOYDSENGG_MINED_BASE_G0_C1502,,0,2,2,close_ema_3_daily_volatility_5_daily >= 1.4807591382075385 AND close_to_close_ema_3_daily_difference_pct >= 0.37388545459352607,319,107,212,33.5423197492163,16.895715440582055,16.64660430863424,25.78819725141471,290.10010869352584,0,10.600000000000001,1.1556957167848871,368.66693365437897,-12.931024875082281,19.9218788136996,,,,,,,,,,
LLOYDSENGG_MINED_BASE_G0_C1503,,0,3,3,close_ema_3_daily_volatility_5_daily >= 1.4807591382075385 AND close_ema_3_daily_slope_pct >= 0.3776715879064552 AND close_to_close_ema_3_daily_difference_pct >= 0.37388545459352607,319,107,212,33.5423197492163,16.895715440582055,16.64660430863424,25.78819725141471,290.10010869352584,0,10.600000000000001,1.1556957167848871,368.66693365437897,-12.931024875082281,19.9218788136996,,,,,,,,,,
LLOYDSENGG_MINED_BASE_G0_C1504,,0,3,3,close_ema_8_daily_range_5_pct >= 3.117710901412895 AND close_ema_21_daily_volatility_5_daily >= 0.5048951676587204 AND close_ema_8_daily_volatility_5_daily >= 1.2672772609808338,350,112,238,32,16.895715440582055,15.104284559417945,28.294260307194826,290.07630503582726,0,11.9,0.8182940795791779,286.40292785271225,-12.931024875082281,19.9218788136996,,,,,,,,,,
LLOYDSENGG_MINED_BASE_G0_C1505,,0,2,2,close_ema_3_daily_range_5_pct >= 7.091176553732353 AND close_ema_13_daily_volatility_5_daily >= 0.6665343015434868,330,109,221,33.03030303030303,16.895715440582055,16.134587589720976,26.677445432497983,290.0733540197914,0,11.05,0.8168053570621654,269.5457678305146,-12.931024875082281,19.9218788136996,,,,,,,,,,
LLOYDSENGG_MINED_BASE_G0_C1506,,0,3,3,close_ema_3_daily_volatility_5_daily >= 1.4807591382075385 AND close_ema_3_daily_range_5_pct >= 7.091176553732353 AND close_ema_13_daily_volatility_5_daily >= 0.6665343015434868,330,109,221,33.03030303030303,16.895715440582055,16.134587589720976,26.677445432497983,290.0733540197914,0,11.05,0.8168053570621654,269.5457678305146,-12.931024875082281,19.9218788136996,,,,,,,,,,
LLOYDSENGG_MINED_BASE_G0_C1507,,0,3,3,close_ema_8_daily_volatility_5_daily >= 0.8645495401600428 AND close_ema_3_daily_range_5_pct >= 7.091176553732353 AND close_ema_13_daily_volatility_5_daily >= 0.6665343015434868,330,109,221,33.03030303030303,16.895715440582055,16.134587589720976,26.677445432497983,290.0733540197914,0,11.05,0.8168053570621654,269.5457678305146,-12.931024875082281,19.9218788136996,,,,,,,,,,
LLOYDSENGG_MINED_BASE_G0_C1508,,0,3,3,close_ema_3_daily_volatility_5_daily >= 1.4807591382075385 AND close_ema_8_daily_range_5_pct >= 3.117710901412895 AND close_to_close_ema_3_daily_difference_pct >= 1.127345753351754,233,91,142,39.05579399141631,16.895715440582055,22.160078550834253,18.83589329021827,290.01044985028454,0,7.1000000000000005,1.4366856987044139,334.74776779812845,-12.931024875082281,19.9218788136996,,,,,,,,,,
LLOYDSENGG_MINED_BASE_G0_C1509,,0,3,3,close_ema_3_daily_volatility_5_daily >= 1.4807591382075385 AND close_ema_8_daily_range_5_pct >= 3.117710901412895 AND close_ema_3_daily_slope_pct >= 1.1401997467767693,233,91,142,39.05579399141631,16.895715440582055,22.160078550834253,18.83589329021827,290.01044985028454,0,7.1000000000000005,1.4366856987044139,334.74776779812845,-12.931024875082281,19.9218788136996,,,,,,,,,,
LLOYDSENGG_MINED_BASE_G0_C1510,,0,3,3,close_ema_3_daily_range_5_pct >= 5.878821482298 AND close_ema_21_daily_range_5_pct >= 1.8831689286059863 AND close_ema_13_daily_volatility_5_daily >= 0.6665343015434868,363,114,249,31.40495867768595,16.895715440582055,14.509243237103895,29.345189975747775,289.9810773726927,0,12.450000000000001,0.6282870623910748,228.06820364796016,-12.931024875082281,19.9218788136996,,,,,,,,,,
LLOYDSENGG_MINED_BASE_G0_C1511,,0,3,3,close_ema_8_daily_volatility_5_daily >= 0.8645495401600428 AND close_ema_21_daily_volatility_5_daily >= 0.5048951676587204 AND close_ema_13_daily_volatility_5_daily >= 0.8014195041727374,459,126,333,27.450980392156865,16.895715440582055,10.55526495157481,37.10590137429264,289.944637137935,0,16.650000000000002,0.6061041266869888,278.20179414932784,-12.931024875082281,19.9218788136996,,,,,,,,,,
LLOYDSENGG_MINED_BASE_G0_C1512,,0,2,2,close_ema_8_daily_volatility_5_daily >= 0.8645495401600428 AND close_ema_21_daily_range_5_pct >= 1.8831689286059863,497,130,367,26.156941649899395,16.895715440582055,9.26122620931734,40.177849636216656,289.85540235861066,0,18.35,0.6330904373413228,314.6459473586374,-12.931024875082281,19.9218788136996,,,,,,,,,,
LLOYDSENGG_MINED_BASE_G0_C1513,,0,3,3,close_ema_3_daily_volatility_5_daily >= 1.4807591382075385 AND close_ema_21_daily_range_5_pct >= 1.8831689286059863 AND close_ema_8_daily_volatility_5_daily >= 1.2672772609808338,330,109,221,33.03030303030303,16.895715440582055,16.134587589720976,26.677445432497983,289.85279829693,0,11.05,0.7432867827750459,245.28463831576514,-12.931024875082281,19.9218788136996,,,,,,,,,,
LLOYDSENGG_MINED_BASE_G0_C1514,,0,3,3,close_ema_3_daily_volatility_5_daily >= 1.8141316287340417 AND close_to_close_ema_3_daily_difference_pct >= 1.127345753351754 AND close_ema_13_daily_volatility_5_daily >= 0.6665343015434868,224,89,135,39.732142857142854,16.895715440582055,22.8364274165608,18.108326596604687,289.7201694990853,0,6.75,1.4293441387604358,320.1730870823376,-12.931024875082281,19.9218788136996,,,,,,,,,,
LLOYDSENGG_MINED_BASE_G0_C1515,,0,3,3,close_ema_3_daily_volatility_5_daily >= 1.8141316287340417 AND close_ema_3_daily_slope_pct >= 1.1401997467767693 AND close_ema_13_daily_volatility_5_daily >= 0.6665343015434868,224,89,135,39.732142857142854,16.895715440582055,22.8364274165608,18.108326596604687,289.7201694990853,0,6.75,1.4293441387604358,320.1730870823376,-12.931024875082281,19.9218788136996,,,,,,,,,,
LLOYDSENGG_MINED_BASE_G0_C1516,,0,3,3,close_ema_8_daily_volatility_5_daily >= 0.8645495401600428 AND close_ema_21_daily_volatility_5_daily >= 0.5048951676587204 AND close_ema_13_daily_volatility_5_daily >= 0.6665343015434868,497,130,367,26.156941649899395,16.895715440582055,9.26122620931734,40.177849636216656,289.7125151153668,0,18.35,0.5854613562600318,290.9742940612358,-12.931024875082281,19.9218788136996,,,,,,,,,,
LLOYDSENGG_MINED_BASE_G0_C1517,,0,3,3,close_ema_21_daily_volatility_5_daily >= 0.5048951676587204 AND close_ema_21_daily_range_5_pct >= 1.8831689286059863 AND close_ema_3_daily_slope_pct >= 0.3776715879064552,279,100,179,35.842293906810035,16.895715440582055,18.94657846622798,22.55456750202102,289.6377066197272,0,8.950000000000001,1.284938096195767,358.497728838619,-12.931024875082281,19.9218788136996,,,,,,,,,,
LLOYDSENGG_MINED_BASE_G0_C1518,,0,3,3,close_ema_21_daily_volatility_5_daily >= 0.5048951676587204 AND close_ema_21_daily_range_5_pct >= 1.8831689286059863 AND close_to_close_ema_3_daily_difference_pct >= 0.37388545459352607,279,100,179,35.842293906810035,16.895715440582055,18.94657846622798,22.55456750202102,289.6377066197272,0,8.950000000000001,1.284938096195767,358.497728838619,-12.931024875082281,19.9218788136996,,,,,,,,,,
LLOYDSENGG_MINED_BASE_G0_C1519,,0,3,3,close_ema_8_daily_volatility_5_daily >= 0.8645495401600428 AND close_ema_8_daily_range_5_pct >= 3.117710901412895 AND close_ema_21_daily_volatility_5_daily >= 0.5048951676587204,460,126,334,27.391304347826086,16.895715440582055,10.49558890724403,37.18674211802749,289.62136649578537,0,16.7,0.6144739865217301,282.65803379999585,-12.931024875082281,19.9218788136996,,,,,,,,,,
LLOYDSENGG_MINED_BASE_G0_C1520,,0,3,3,close_ema_21_daily_volatility_5_daily >= 0.5048951676587204 AND close_ema_21_daily_range_5_pct >= 1.8831689286059863 AND close_ema_8_daily_volatility_5_daily >= 1.2672772609808338,344,111,233,32.26744186046512,16.895715440582055,15.371726419883064,27.809215844785772,289.61201714713707,0,11.65,0.8011283492405639,275.58815213875397,-12.931024875082281,19.9218788136996,,,,,,,,,,
LLOYDSENGG_MINED_BASE_G0_C1521,,0,3,3,close_ema_3_daily_range_5_pct >= 4.683096254230115 AND close_ema_3_daily_volatility_5_daily >= 1.4807591382075385 AND close_ema_13_daily_volatility_5_daily >= 0.6665343015434868,434,123,311,28.341013824884794,16.895715440582055,11.445298384302738,35.08488278092158,289.60500543265505,0,15.55,0.6428378370471206,278.99162127845034,-12.931024875082281,19.9218788136996,,,,,,,,,,
LLOYDSENGG_MINED_BASE_G0_C1522,,0,3,3,close_ema_8_daily_range_5_pct >= 3.117710901412895 AND close_ema_3_daily_range_5_pct >= 7.091176553732353 AND close_ema_8_daily_volatility_5_daily >= 1.2672772609808338,272,99,173,36.39705882352941,16.895715440582055,19.501343382947358,21.988682295877123,289.4194131251044,0,8.65,0.8542320701225362,232.35112307332986,-12.931024875082281,19.9218788136996,,,,,,,,,,
LLOYDSENGG_MINED_BASE_G0_C1523,,0,3,3,close_ema_8_daily_range_5_pct >= 3.117710901412895 AND close_ema_3_daily_range_5_pct >= 7.091176553732353 AND close_ema_13_daily_volatility_5_daily >= 0.8014195041727374,289,102,187,35.294117647058826,16.895715440582055,18.39840220647677,23.362974939369444,289.3241334514141,0,9.35,0.8940408063434226,258.37779303324913,-12.931024875082281,19.9218788136996,,,,,,,,,,
LLOYDSENGG_MINED_BASE_G0_C1524,,0,3,3,close_ema_3_daily_range_5_pct >= 5.878821482298 AND close_to_close_ema_3_daily_difference_pct >= 1.127345753351754 AND close_ema_13_daily_volatility_5_daily >= 0.6665343015434868,211,86,125,40.758293838862556,16.895715440582055,23.8625783982805,17.057396928051737,289.27085003357917,0,6.25,1.4026526807255504,295.95971563309115,-12.931024875082281,19.9218788136996,,,,,,,,,,
LLOYDSENGG_MINED_BASE_G0_C1525,,0,3,3,close_ema_3_daily_range_5_pct >= 5.878821482298 AND close_ema_3_daily_slope_pct >= 1.1401997467767693 AND close_ema_13_daily_volatility_5_daily >= 0.6665343015434868,211,86,125,40.758293838862556,16.895715440582055,23.8625783982805,17.057396928051737,289.27085003357917,0,6.25,1.4026526807255504,295.95971563309115,-12.931024875082281,19.9218788136996,,,,,,,,,,
LLOYDSENGG_MINED_BASE_G0_C1526,,0,3,3,close_ema_21_daily_volatility_5_daily >= 0.5048951676587204 AND close_ema_8_daily_volatility_5_daily >= 1.2672772609808338 AND close_ema_3_daily_slope_pct >= 0.3776715879064552,211,86,125,40.758293838862556,16.895715440582055,23.8625783982805,17.057396928051737,289.14056795495463,0,6.25,1.3592253211840275,286.7965427698298,-12.931024875082281,19.9218788136996,,,,,,,,,,
LLOYDSENGG_MINED_BASE_G0_C1527,,0,3,3,close_ema_21_daily_volatility_5_daily >= 0.5048951676587204 AND close_ema_8_daily_volatility_5_daily >= 1.2672772609808338 AND close_to_close_ema_3_daily_difference_pct >= 0.37388545459352607,211,86,125,40.758293838862556,16.895715440582055,23.8625783982805,17.057396928051737,289.14056795495463,0,6.25,1.3592253211840275,286.7965427698298,-12.931024875082281,19.9218788136996,,,,,,,,,,
LLOYDSENGG_MINED_BASE_G0_C1528,,0,3,3,close_ema_3_daily_range_5_pct >= 5.878821482298 AND close_ema_8_daily_volatility_5_daily >= 1.0367159490053137 AND close_to_close_ema_3_daily_difference_pct >= 1.127345753351754,203,84,119,41.37931034482759,16.895715440582055,24.483594904245532,16.410670978173002,288.8640762211395,0,5.95,1.4653672333039396,297.4695483606997,-12.931024875082281,19.9218788136996,,,,,,,,,,
LLOYDSENGG_MINED_BASE_G0_C1529,,0,3,3,close_ema_3_daily_range_5_pct >= 5.878821482298 AND close_ema_8_daily_volatility_5_daily >= 1.0367159490053137 AND close_ema_3_daily_slope_pct >= 1.1401997467767693,203,84,119,41.37931034482759,16.895715440582055,24.483594904245532,16.410670978173002,288.8640762211395,0,5.95,1.4653672333039396,297.4695483606997,-12.931024875082281,19.9218788136996,,,,,,,,,,
LLOYDSENGG_MINED_BASE_G0_C1530,,0,2,2,close_ema_8_daily_range_5_pct >= 3.117710901412895 AND close_ema_3_daily_slope_pct >= 0.3776715879064552,297,103,194,34.68013468013468,16.895715440582055,17.784419239552623,24.00970088924818,288.8066575626878,0,9.700000000000001,1.194853788308234,354.8715751275455,-12.931024875082281,19.9218788136996,,,,,,,,,,
LLOYDSENGG_MINED_BASE_G0_C1531,,0,2,2,close_ema_8_daily_range_5_pct >= 3.117710901412895 AND close_to_close_ema_3_daily_difference_pct >= 0.37388545459352607,297,103,194,34.68013468013468,16.895715440582055,17.784419239552623,24.00970088924818,288.8066575626878,0,9.700000000000001,1.194853788308234,354.8715751275455,-12.931024875082281,19.9218788136996,,,,,,,,,,
LLOYDSENGG_MINED_BASE_G0_C1532,,0,3,3,close_ema_8_daily_range_5_pct >= 3.117710901412895 AND close_ema_3_daily_slope_pct >= 0.3776715879064552 AND close_to_close_ema_3_daily_difference_pct >= 0.37388545459352607,297,103,194,34.68013468013468,16.895715440582055,17.784419239552623,24.00970088924818,288.8066575626878,0,9.700000000000001,1.194853788308234,354.8715751275455,-12.931024875082281,19.9218788136996,,,,,,,,,,
LLOYDSENGG_MINED_BASE_G0_C1533,,0,3,3,close_ema_3_daily_range_5_pct >= 4.683096254230115 AND close_ema_8_daily_volatility_5_daily >= 1.0367159490053137 AND close_to_close_ema_3_daily_difference_pct >= 1.127345753351754,216,87,129,40.27777777777778,16.895715440582055,23.382062337195723,17.461600646725948,288.7946493972921,0,6.45,1.444779237104492,312.07231521457027,-12.931024875082281,19.9218788136996,,,,,,,,,,
LLOYDSENGG_MINED_BASE_G0_C1534,,0,3,3,close_ema_3_daily_range_5_pct >= 4.683096254230115 AND close_ema_8_daily_volatility_5_daily >= 1.0367159490053137 AND close_ema_3_daily_slope_pct >= 1.1401997467767693,216,87,129,40.27777777777778,16.895715440582055,23.382062337195723,17.461600646725948,288.7946493972921,0,6.45,1.444779237104492,312.07231521457027,-12.931024875082281,19.9218788136996,,,,,,,,,,
LLOYDSENGG_MINED_BASE_G0_C1535,,0,3,3,close_ema_3_daily_range_5_pct >= 4.683096254230115 AND close_ema_3_daily_volatility_5_daily >= 1.4807591382075385 AND close_to_close_ema_3_daily_difference_pct >= 1.127345753351754,254,95,159,37.40157480314961,16.895715440582055,20.505859362567552,20.53354890864996,288.7783049740423,0,7.95,1.3996693870681964,355.5160243153219,-12.931024875082281,19.9218788136996,,,,,,,,,,
LLOYDSENGG_MINED_BASE_G0_C1536,,0,3,3,close_ema_3_daily_range_5_pct >= 4.683096254230115 AND close_ema_3_daily_volatility_5_daily >= 1.4807591382075385 AND close_ema_3_daily_slope_pct >= 1.1401997467767693,254,95,159,37.40157480314961,16.895715440582055,20.505859362567552,20.53354890864996,288.7783049740423,0,7.95,1.3996693870681964,355.5160243153219,-12.931024875082281,19.9218788136996,,,,,,,,,,
LLOYDSENGG_MINED_BASE_G0_C1537,,0,3,3,close_ema_8_daily_range_5_pct >= 3.117710901412895 AND close_ema_21_daily_volatility_5_daily >= 0.5048951676587204 AND close_ema_13_daily_volatility_5_daily >= 0.6665343015434868,472,127,345,26.906779661016948,16.895715440582055,10.011064220434893,38.156831042845596,288.6931083426039,0,17.25,0.629262413476498,297.0118591609071,-12.931024875082281,19.9218788136996,,,,,,,,,,
LLOYDSENGG_MINED_BASE_G0_C1538,,0,3,3,close_ema_3_daily_range_5_pct >= 4.683096254230115 AND close_ema_8_daily_range_5_pct >= 3.117710901412895 AND close_ema_13_daily_volatility_5_daily >= 0.8014195041727374,367,114,253,31.062670299727518,16.895715440582055,14.166954859145463,29.668552950687143,288.6330271681379,0,12.65,0.8160842908035365,299.5029347248979,-12.931024875082281,19.9218788136996,,,,,,,,,,
LLOYDSENGG_MINED_BASE_G0_C1539,,0,3,3,close_ema_8_daily_volatility_5_daily >= 1.0367159490053137 AND close_ema_3_daily_slope_pct >= 0.3776715879064552 AND close_ema_13_daily_volatility_5_daily >= 0.8014195041727374,239,92,147,38.49372384937239,16.895715440582055,21.59800840879033,19.320937752627323,288.57549497914385,0,7.3500000000000005,1.311817645064067,313.524417170312,-12.931024875082281,19.9218788136996,,,,,,,,,,
LLOYDSENGG_MINED_BASE_G0_C1540,,0,3,3,close_ema_8_daily_volatility_5_daily >= 1.0367159490053137 AND close_to_close_ema_3_daily_difference_pct >= 0.37388545459352607 AND close_ema_13_daily_volatility_5_daily >= 0.8014195041727374,239,92,147,38.49372384937239,16.895715440582055,21.59800840879033,19.320937752627323,288.57549497914385,0,7.3500000000000005,1.311817645064067,313.524417170312,-12.931024875082281,19.9218788136996,,,,,,,,,,
LLOYDSENGG_MINED_BASE_G0_C1541,,0,3,3,close_ema_3_daily_range_5_pct >= 4.683096254230115 AND close_ema_8_daily_range_5_pct >= 3.117710901412895 AND close_ema_3_daily_slope_pct >= 0.3776715879064552,259,96,163,37.06563706563706,16.895715440582055,20.169921625055007,20.937752627324173,288.5364781839525,0,8.15,1.2789566862258208,331.2497817324876,-12.931024875082281,19.9218788136996,,,,,,,,,,
LLOYDSENGG_MINED_BASE_G0_C1542,,0,3,3,close_ema_3_daily_range_5_pct >= 4.683096254230115 AND close_ema_8_daily_range_5_pct >= 3.117710901412895 AND close_to_close_ema_3_daily_difference_pct >= 0.37388545459352607,259,96,163,37.06563706563706,16.895715440582055,20.169921625055007,20.937752627324173,288.5364781839525,0,8.15,1.2789566862258208,331.2497817324876,-12.931024875082281,19.9218788136996,,,,,,,,,,
LLOYDSENGG_MINED_BASE_G0_C1543,,0,3,3,close_ema_21_daily_range_5_pct >= 1.8831689286059863 AND close_ema_8_daily_volatility_5_daily >= 1.2672772609808338 AND close_ema_13_daily_volatility_5_daily >= 0.8014195041727374,346,111,235,32.080924855491325,16.895715440582055,15.18520941490927,27.970897332255458,288.49944529119296,0,11.75,0.7744660722155545,267.9652609865819,-12.931024875082281,19.9218788136996,,,,,,,,,,
LLOYDSENGG_MINED_BASE_G0_C1544,,0,3,3,close_ema_8_daily_range_5_pct >= 3.117710901412895 AND close_ema_21_daily_range_5_pct >= 1.8831689286059863 AND close_to_close_ema_3_daily_difference_pct >= 1.127345753351754,208,85,123,40.86538461538461,16.895715440582055,23.969669174802558,16.814874696847212,288.4238442328905,0,6.15,1.5751661196258828,327.63455288218364,-12.931024875082281,19.9218788136996,,,,,,,,,,
LLOYDSENGG_MINED_BASE_G0_C1545,,0,3,3,close_ema_8_daily_range_5_pct >= 3.117710901412895 AND close_ema_21_daily_range_5_pct >= 1.8831689286059863 AND close_ema_3_daily_slope_pct >= 1.1401997467767693,208,85,123,40.86538461538461,16.895715440582055,23.969669174802558,16.814874696847212,288.4238442328905,0,6.15,1.5751661196258828,327.63455288218364,-12.931024875082281,19.9218788136996,,,,,,,,,,
LLOYDSENGG_MINED_BASE_G0_C1546,,0,3,3,close_ema_8_daily_range_5_pct >= 3.117710901412895 AND close_ema_8_daily_volatility_5_daily >= 1.2672772609808338 AND close_ema_3_daily_slope_pct >= 0.3776715879064552,212,86,126,40.56603773584906,16.895715440582055,23.670322295267002,17.13823767178658,288.41428462214276,0,6.300000000000001,1.454224381935934,308.295568970418,-12.931024875082281,19.9218788136996,,,,,,,,,,
LLOYDSENGG_MINED_BASE_G0_C1547,,0,3,3,close_ema_8_daily_range_5_pct >= 3.117710901412895 AND close_ema_8_daily_volatility_5_daily >= 1.2672772609808338 AND close_to_close_ema_3_daily_difference_pct >= 0.37388545459352607,212,86,126,40.56603773584906,16.895715440582055,23.670322295267002,17.13823767178658,288.41428462214276,0,6.300000000000001,1.454224381935934,308.295568970418,-12.931024875082281,19.9218788136996,,,,,,,,,,
LLOYDSENGG_MINED_BASE_G0_C1548,,0,2,2,close_ema_21_daily_volatility_5_daily >= 0.5048951676587204 AND close_ema_13_daily_volatility_5_daily >= 0.8014195041727374,482,128,354,26.556016597510375,16.895715440582055,9.66030115692832,38.96523848019402,288.34914112741666,0,17.7,0.5825451142583403,280.78674507252003,-12.931024875082281,19.9218788136996,,,,,,,,,,
LLOYDSENGG_MINED_BASE_G0_C1549,,0,3,3,close_ema_3_daily_range_5_pct >= 7.091176553732353 AND close_ema_21_daily_range_5_pct >= 1.8831689286059863 AND close_ema_13_daily_volatility_5_daily >= 0.8014195041727374,279,100,179,35.842293906810035,16.895715440582055,18.94657846622798,22.55456750202102,288.3393122230237,0,8.950000000000001,0.8521399639612527,237.7470499451895,-12.931024875082281,19.9218788136996,,,,,,,,,,
LLOYDSENGG_MINED_BASE_G0_C1550,,0,3,3,close_ema_3_daily_volatility_5_daily >= 2.1517313552241197 AND close_ema_3_daily_range_5_pct >= 5.878821482298 AND close_to_close_ema_3_daily_difference_pct >= 1.127345753351754,187,80,107,42.780748663101605,16.895715440582055,25.88503322251955,15.117219078415523,288.3071505676426,0,5.3500000000000005,1.4106614850149748,263.79369769780027,-12.931024875082281,10.000015661015443,,,,,,,,,,
LLOYDSENGG_MINED_BASE_G0_C1551,,0,3,3,close_ema_3_daily_volatility_5_daily >= 2.1517313552241197 AND close_ema_3_daily_range_5_pct >= 5.878821482298 AND close_ema_3_daily_slope_pct >= 1.1401997467767693,187,80,107,42.780748663101605,16.895715440582055,25.88503322251955,15.117219078415523,288.3071505676426,0,5.3500000000000005,1.4106614850149748,263.79369769780027,-12.931024875082281,10.000015661015443,,,,,,,,,,
LLOYDSENGG_MINED_BASE_G0_C1552,,0,3,3,close_ema_3_daily_volatility_5_daily >= 1.4807591382075385 AND close_ema_3_daily_range_5_pct >= 5.878821482298 AND close_to_close_ema_3_daily_difference_pct >= 1.127345753351754,230,90,140,39.130434782608695,16.895715440582055,22.23471934202664,18.593371059013744,288.2472591714737,0,7,1.3578874871134887,312.3141220361024,-12.931024875082281,19.9218788136996,,,,,,,,,,
LLOYDSENGG_MINED_BASE_G0_C1553,,0,3,3,close_ema_3_daily_volatility_5_daily >= 1.4807591382075385 AND close_ema_3_daily_range_5_pct >= 5.878821482298 AND close_ema_3_daily_slope_pct >= 1.1401997467767693,230,90,140,39.130434782608695,16.895715440582055,22.23471934202664,18.593371059013744,288.2472591714737,0,7,1.3578874871134887,312.3141220361024,-12.931024875082281,19.9218788136996,,,,,,,,,,
LLOYDSENGG_MINED_BASE_G0_C1554,,0,2,2,close_ema_8_daily_volatility_5_daily >= 1.0367159490053137 AND close_ema_3_daily_slope_pct >= 0.3776715879064552,270,98,172,36.2962962962963,16.895715440582055,19.400580855714242,21.827000808407437,288.13091103840685,0,8.6,1.24266891994522,335.5206083852094,-12.931024875082281,19.9218788136996,,,,,,,,,,
LLOYDSENGG_MINED_BASE_G0_C1555,,0,2,2,close_ema_8_daily_volatility_5_daily >= 1.0367159490053137 AND close_to_close_ema_3_daily_difference_pct >= 0.37388545459352607,270,98,172,36.2962962962963,16.895715440582055,19.400580855714242,21.827000808407437,288.13091103840685,0,8.6,1.24266891994522,335.5206083852094,-12.931024875082281,19.9218788136996,,,,,,,,,,
LLOYDSENGG_MINED_BASE_G0_C1556,,0,3,3,close_ema_8_daily_volatility_5_daily >= 1.0367159490053137 AND close_ema_3_daily_slope_pct >= 0.3776715879064552 AND close_to_close_ema_3_daily_difference_pct >= 0.37388545459352607,270,98,172,36.2962962962963,16.895715440582055,19.400580855714242,21.827000808407437,288.13091103840685,0,8.6,1.24266891994522,335.5206083852094,-12.931024875082281,19.9218788136996,,,,,,,,,,
LLOYDSENGG_MINED_BASE_G0_C1557,,0,3,3,close_ema_3_daily_range_5_pct >= 4.683096254230115 AND close_ema_8_daily_range_5_pct >= 3.117710901412895 AND close_ema_8_daily_volatility_5_daily >= 1.2672772609808338,321,107,214,33.33333333333333,16.895715440582055,16.437617892751273,25.949878738884397,288.0759832728629,0,10.700000000000001,0.8626312697021865,276.9046375744019,-12.931024875082281,19.9218788136996,,,,,,,,,,
LLOYDSENGG_MINED_BASE_G0_C1558,,0,2,2,close_ema_21_daily_range_5_pct >= 1.8831689286059863 AND close_ema_3_daily_slope_pct >= 0.3776715879064552,287,101,186,35.19163763066202,16.895715440582055,18.295922190079967,23.20129345189976,288.0276905975779,0,9.3,1.2826932157260127,368.1329529133656,-12.931024875082281,19.9218788136996,,,,,,,,,,
LLOYDSENGG_MINED_BASE_G0_C1559,,0,2,2,close_ema_21_daily_range_5_pct >= 1.8831689286059863 AND close_to_close_ema_3_daily_difference_pct >= 0.37388545459352607,287,101,186,35.19163763066202,16.895715440582055,18.295922190079967,23.20129345189976,288.0276905975779,0,9.3,1.2826932157260127,368.1329529133656,-12.931024875082281,19.9218788136996,,,,,,,,,,
LLOYDSENGG_MINED_BASE_G0_C1560,,0,3,3,close_ema_21_daily_range_5_pct >= 1.8831689286059863 AND close_ema_3_daily_slope_pct >= 0.3776715879064552 AND close_to_close_ema_3_daily_difference_pct >= 0.37388545459352607,287,101,186,35.19163763066202,16.895715440582055,18.295922190079967,23.20129345189976,288.0276905975779,0,9.3,1.2826932157260127,368.1329529133656,-12.931024875082281,19.9218788136996,,,,,,,,,,
LLOYDSENGG_MINED_BASE_G0_C1561,,0,2,2,close_ema_21_daily_range_5_pct >= 1.8831689286059863 AND close_ema_8_daily_volatility_5_daily >= 1.2672772609808338,347,111,236,31.988472622478387,16.895715440582055,15.092757181896332,28.0517380759903,287.9475316966583,0,11.8,0.7612485957255555,264.15326271676776,-12.931024875082281,19.9218788136996,,,,,,,,,,
LLOYDSENGG_MINED_BASE_G0_C1562,,0,3,3,close_ema_21_daily_range_5_pct >= 1.8831689286059863 AND close_ema_8_daily_volatility_5_daily >= 1.2672772609808338 AND close_ema_13_daily_volatility_5_daily >= 0.6665343015434868,347,111,236,31.988472622478387,16.895715440582055,15.092757181896332,28.0517380759903,287.9475316966583,0,11.8,0.7612485957255555,264.15326271676776,-12.931024875082281,19.9218788136996,,,,,,,,,,
LLOYDSENGG_MINED_BASE_G0_C1563,,0,3,3,close_ema_8_daily_volatility_5_daily >= 1.0367159490053137 AND close_ema_21_daily_range_5_pct >= 1.8831689286059863 AND close_ema_3_daily_slope_pct >= 0.3776715879064552,235,91,144,38.72340425531915,16.895715440582055,21.827688814737098,18.997574777687955,287.8383368393992,0,7.2,1.2999642552378996,305.4915999809064,-12.931024875082281,19.9218788136996,,,,,,,,,,
LLOYDSENGG_MINED_BASE_G0_C1564,,0,3,3,close_ema_8_daily_volatility_5_daily >= 1.0367159490053137 AND close_ema_21_daily_range_5_pct >= 1.8831689286059863 AND close_to_close_ema_3_daily_difference_pct >= 0.37388545459352607,235,91,144,38.72340425531915,16.895715440582055,21.827688814737098,18.997574777687955,287.8383368393992,0,7.2,1.2999642552378996,305.4915999809064,-12.931024875082281,19.9218788136996,,,,,,,,,,
LLOYDSENGG_MINED_BASE_G0_C1565,,0,3,3,close_ema_3_daily_range_5_pct >= 4.683096254230115 AND close_ema_8_daily_volatility_5_daily >= 0.8645495401600428 AND close_ema_13_daily_volatility_5_daily >= 0.6665343015434868,448,124,324,27.67857142857143,16.895715440582055,10.782855987989375,36.216653193209375,287.78491354895414,0,16.2,0.6902112030024232,309.2146189450856,-12.931024875082281,19.9218788136996,,,,,,,,,,
LLOYDSENGG_MINED_BASE_G0_C1566,,0,3,3,close_ema_8_daily_range_5_pct >= 3.117710901412895 AND close_ema_8_daily_volatility_5_daily >= 1.0367159490053137 AND close_ema_13_daily_volatility_5_daily >= 0.8014195041727374,414,120,294,28.985507246376812,16.895715440582055,12.089791805794757,33.46806790622473,287.6652764638179,0,14.700000000000001,0.6387724782813711,264.4518060084876,-12.931024875082281,19.9218788136996,,,,,,,,,,
LLOYDSENGG_MINED_BASE_G0_C1567,,0,2,2,close_ema_8_daily_volatility_5_daily >= 1.2672772609808338 AND close_ema_3_daily_slope_pct >= 0.3776715879064552,217,87,130,40.09216589861751,16.895715440582055,23.196450458035454,17.54244139046079,287.63997940658845,0,6.5,1.3859090388037303,300.7422614204095,-12.931024875082281,19.9218788136996,,,,,,,,,,
LLOYDSENGG_MINED_BASE_G0_C1568,,0,2,2,close_ema_8_daily_volatility_5_daily >= 1.2672772609808338 AND close_to_close_ema_3_daily_difference_pct >= 0.37388545459352607,217,87,130,40.09216589861751,16.895715440582055,23.196450458035454,17.54244139046079,287.63997940658845,0,6.5,1.3859090388037303,300.7422614204095,-12.931024875082281,19.9218788136996,,,,,,,,,,
LLOYDSENGG_MINED_BASE_G0_C1569,,0,3,3,close_ema_8_daily_volatility_5_daily >= 1.2672772609808338 AND close_ema_13_daily_volatility_5_daily >= 0.6665343015434868 AND close_ema_3_daily_slope_pct >= 0.3776715879064552,217,87,130,40.09216589861751,16.895715440582055,23.196450458035454,17.54244139046079,287.63997940658845,0,6.5,1.3859090388037303,300.7422614204095,-12.931024875082281,19.9218788136996,,,,,,,,,,
LLOYDSENGG_MINED_BASE_G0_C1570,,0,3,3,close_ema_8_daily_volatility_5_daily >= 1.2672772609808338 AND close_ema_13_daily_volatility_5_daily >= 0.6665343015434868 AND close_to_close_ema_3_daily_difference_pct >= 0.37388545459352607,217,87,130,40.09216589861751,16.895715440582055,23.196450458035454,17.54244139046079,287.63997940658845,0,6.5,1.3859090388037303,300.7422614204095,-12.931024875082281,19.9218788136996,,,,,,,,,,
LLOYDSENGG_MINED_BASE_G0_C1571,,0,3,3,close_ema_8_daily_volatility_5_daily >= 1.2672772609808338 AND close_ema_3_daily_slope_pct >= 0.3776715879064552 AND close_to_close_ema_3_daily_difference_pct >= 0.37388545459352607,217,87,130,40.09216589861751,16.895715440582055,23.196450458035454,17.54244139046079,287.63997940658845,0,6.5,1.3859090388037303,300.7422614204095,-12.931024875082281,19.9218788136996,,,,,,,,,,
LLOYDSENGG_MINED_BASE_G0_C1572,,0,3,3,close_ema_8_daily_volatility_5_daily >= 1.0367159490053137 AND close_ema_21_daily_range_5_pct >= 1.8831689286059863 AND close_ema_13_daily_volatility_5_daily >= 0.8014195041727374,414,120,294,28.985507246376812,16.895715440582055,12.089791805794757,33.46806790622473,287.6162858200189,0,14.700000000000001,0.6224422636817126,257.691097164229,-12.931024875082281,19.9218788136996,,,,,,,,,,
LLOYDSENGG_MINED_BASE_G0_C1573,,0,3,3,close_ema_8_daily_range_5_pct >= 3.117710901412895 AND close_ema_3_daily_range_5_pct >= 5.878821482298 AND close_ema_3_daily_slope_pct >= 0.3776715879064552,245,93,152,37.95918367346939,16.895715440582055,21.063468232887335,19.805982215036376,287.6153616718846,0,7.6000000000000005,1.29934016914932,318.3383414415834,-12.931024875082281,19.9218788136996,,,,,,,,,,
LLOYDSENGG_MINED_BASE_G0_C1574,,0,3,3,close_ema_8_daily_range_5_pct >= 3.117710901412895 AND close_ema_3_daily_range_5_pct >= 5.878821482298 AND close_to_close_ema_3_daily_difference_pct >= 0.37388545459352607,245,93,152,37.95918367346939,16.895715440582055,21.063468232887335,19.805982215036376,287.6153616718846,0,7.6000000000000005,1.29934016914932,318.3383414415834,-12.931024875082281,19.9218788136996,,,,,,,,,,
LLOYDSENGG_MINED_BASE_G0_C1575,,0,2,2,close_ema_3_daily_range_5_pct >= 4.683096254230115 AND close_ema_3_daily_slope_pct >= 0.3776715879064552,311,105,206,33.762057877813504,16.895715440582055,16.86634243723145,25.141471301535972,287.57890322024275,0,10.3,1.1823970113618494,367.72547053353514,-12.931024875082281,19.9218788136996,,,,,,,,,,
LLOYDSENGG_MINED_BASE_G0_C1576,,0,2,2,close_ema_3_daily_range_5_pct >= 4.683096254230115 AND close_to_close_ema_3_daily_difference_pct >= 0.37388545459352607,311,105,206,33.762057877813504,16.895715440582055,16.86634243723145,25.141471301535972,287.57890322024275,0,10.3,1.1823970113618494,367.72547053353514,-12.931024875082281,19.9218788136996,,,,,,,,,,
LLOYDSENGG_MINED_BASE_G0_C1577,,0,3,3,close_ema_3_daily_range_5_pct >= 4.683096254230115 AND close_ema_3_daily_slope_pct >= 0.3776715879064552 AND close_to_close_ema_3_daily_difference_pct >= 0.37388545459352607,311,105,206,33.762057877813504,16.895715440582055,16.86634243723145,25.141471301535972,287.57890322024275,0,10.3,1.1823970113618494,367.72547053353514,-12.931024875082281,19.9218788136996,,,,,,,,,,
LLOYDSENGG_MINED_BASE_G0_C1578,,0,3,3,close_ema_21_daily_range_5_pct >= 1.8831689286059863 AND close_ema_3_daily_slope_pct >= 0.3776715879064552 AND close_ema_13_daily_volatility_5_daily >= 0.8014195041727374,240,92,148,38.333333333333336,16.895715440582055,21.43761789275128,19.401778496362166,287.5595347182373,0,7.4,1.2571484181602883,301.7156203584692,-12.931024875082281,19.9218788136996,,,,,,,,,,
LLOYDSENGG_MINED_BASE_G0_C1579,,0,3,3,close_ema_21_daily_range_5_pct >= 1.8831689286059863 AND close_to_close_ema_3_daily_difference_pct >= 0.37388545459352607 AND close_ema_13_daily_volatility_5_daily >= 0.8014195041727374,240,92,148,38.333333333333336,16.895715440582055,21.43761789275128,19.401778496362166,287.5595347182373,0,7.4,1.2571484181602883,301.7156203584692,-12.931024875082281,19.9218788136996,,,,,,,,,,
LLOYDSENGG_MINED_BASE_G0_C1580,,0,2,2,close_ema_8_daily_volatility_5_daily >= 0.8645495401600428 AND close_ema_3_daily_slope_pct >= 0.3776715879064552,317,106,211,33.4384858044164,16.895715440582055,16.542770363834347,25.62651576394503,287.5357621331967,0,10.55,1.1239701046749964,356.29852318197385,-12.931024875082281,19.9218788136996,,,,,,,,,,
LLOYDSENGG_MINED_BASE_G0_C1581,,0,2,2,close_ema_8_daily_volatility_5_daily >= 0.8645495401600428 AND close_to_close_ema_3_daily_difference_pct >= 0.37388545459352607,317,106,211,33.4384858044164,16.895715440582055,16.542770363834347,25.62651576394503,287.5357621331967,0,10.55,1.1239701046749964,356.29852318197385,-12.931024875082281,19.9218788136996,,,,,,,,,,
LLOYDSENGG_MINED_BASE_G0_C1582,,0,3,3,close_ema_8_daily_volatility_5_daily >= 0.8645495401600428 AND close_ema_3_daily_slope_pct >= 0.3776715879064552 AND close_to_close_ema_3_daily_difference_pct >= 0.37388545459352607,317,106,211,33.4384858044164,16.895715440582055,16.542770363834347,25.62651576394503,287.5357621331967,0,10.55,1.1239701046749964,356.29852318197385,-12.931024875082281,19.9218788136996,,,,,,,,,,
LLOYDSENGG_MINED_BASE_G0_C1583,,0,3,3,close_ema_3_daily_volatility_5_daily >= 1.8141316287340417 AND close_ema_8_daily_range_5_pct >= 3.117710901412895 AND close_ema_3_daily_slope_pct >= 0.3776715879064552,250,94,156,37.6,16.895715440582055,20.704284559417946,20.21018593371059,287.5203613199447,0,7.800000000000001,1.2663128409516737,316.5782102379184,-12.931024875082281,19.9218788136996,,,,,,,,,,
LLOYDSENGG_MINED_BASE_G0_C1584,,0,3,3,close_ema_3_daily_volatility_5_daily >= 1.8141316287340417 AND close_ema_8_daily_range_5_pct >= 3.117710901412895 AND close_to_close_ema_3_daily_difference_pct >= 0.37388545459352607,250,94,156,37.6,16.895715440582055,20.704284559417946,20.21018593371059,287.5203613199447,0,7.800000000000001,1.2663128409516737,316.5782102379184,-12.931024875082281,19.9218788136996,,,,,,,,,,
LLOYDSENGG_MINED_BASE_G0_C1585,,0,3,3,close_ema_8_daily_volatility_5_daily >= 0.8645495401600428 AND close_ema_3_daily_range_5_pct >= 5.878821482298 AND close_to_close_ema_3_daily_difference_pct >= 1.127345753351754,222,88,134,39.63963963963964,16.895715440582055,22.743924199057584,17.946645109135005,287.2156115771527,0,6.7,1.3986635272882495,310.5033030579914,-12.931024875082281,19.9218788136996,,,,,,,,,,
LLOYDSENGG_MINED_BASE_G0_C1586,,0,3,3,close_ema_8_daily_volatility_5_daily >= 0.8645495401600428 AND close_ema_3_daily_range_5_pct >= 5.878821482298 AND close_ema_3_daily_slope_pct >= 1.1401997467767693,222,88,134,39.63963963963964,16.895715440582055,22.743924199057584,17.946645109135005,287.2156115771527,0,6.7,1.3986635272882495,310.5033030579914,-12.931024875082281,19.9218788136996,,,,,,,,,,
LLOYDSENGG_MINED_BASE_G0_C1587,,0,3,3,close_ema_3_daily_range_5_pct >= 5.878821482298 AND close_ema_21_daily_range_5_pct >= 1.8831689286059863 AND close_ema_3_daily_slope_pct >= 0.3776715879064552,213,86,127,40.375586854460096,16.895715440582055,23.47987141387804,17.219078415521423,287.2139458280717,0,6.3500000000000005,1.3881962528938472,295.68580186638945,-12.931024875082281,19.9218788136996,,,,,,,,,,
LLOYDSENGG_MINED_BASE_G0_C1588,,0,3,3,close_ema_3_daily_range_5_pct >= 5.878821482298 AND close_ema_21_daily_range_5_pct >= 1.8831689286059863 AND close_to_close_ema_3_daily_difference_pct >= 0.37388545459352607,213,86,127,40.375586854460096,16.895715440582055,23.47987141387804,17.219078415521423,287.2139458280717,0,6.3500000000000005,1.3881962528938472,295.68580186638945,-12.931024875082281,19.9218788136996,,,,,,,,,,
LLOYDSENGG_MINED_BASE_G0_C1589,,0,3,3,close_ema_3_daily_volatility_5_daily >= 1.8141316287340417 AND close_ema_8_daily_range_5_pct >= 3.117710901412895 AND close_to_close_ema_3_daily_difference_pct >= 1.127345753351754,222,88,134,39.63963963963964,16.895715440582055,22.743924199057584,17.946645109135005,287.1562096507217,0,6.7,1.3788628851445819,306.10756050209716,-12.931024875082281,19.9218788136996,,,,,,,,,,
LLOYDSENGG_MINED_BASE_G0_C1590,,0,3,3,close_ema_3_daily_volatility_5_daily >= 1.8141316287340417 AND close_ema_8_daily_range_5_pct >= 3.117710901412895 AND close_ema_3_daily_slope_pct >= 1.1401997467767693,222,88,134,39.63963963963964,16.895715440582055,22.743924199057584,17.946645109135005,287.1562096507217,0,6.7,1.3788628851445819,306.10756050209716,-12.931024875082281,19.9218788136996,,,,,,,,,,
LLOYDSENGG_MINED_BASE_G0_C1591,,0,3,3,close_ema_8_daily_volatility_5_daily >= 1.0367159490053137 AND close_ema_21_daily_range_5_pct >= 1.8831689286059863 AND close_ema_13_daily_volatility_5_daily >= 0.6665343015434868,432,122,310,28.240740740740737,16.895715440582055,11.345025300158682,34.923201293451896,287.0983512413546,0,15.5,0.6244082468537143,269.7443626408046,-12.931024875082281,19.9218788136996,,,,,,,,,,
LLOYDSENGG_MINED_BASE_G0_C1592,,0,3,3,close_ema_3_daily_range_5_pct >= 4.683096254230115 AND close_ema_8_daily_range_5_pct >= 3.117710901412895 AND close_ema_13_daily_volatility_5_daily >= 0.6665343015434868,425,121,304,28.47058823529412,16.895715440582055,11.574872794712064,34.35731608730801,286.8842190509304,0,15.200000000000001,0.7366183591233738,313.0628026274339,-12.931024875082281,19.9218788136996,,,,,,,,,,
LLOYDSENGG_MINED_BASE_G0_C1593,,0,2,2,close_ema_21_daily_range_5_pct >= 1.8831689286059863 AND close_ema_13_daily_volatility_5_daily >= 0.6665343015434868,548,134,414,24.45255474452555,16.895715440582055,7.5568393039434945,44.30072756669362,286.8757481157799,0,20.700000000000003,0.5971838653541439,327.2567582140709,-12.931024875082281,19.9218788136996,,,,,,,,,,
LLOYDSENGG_MINED_BASE_G0_C1594,,0,3,3,close_ema_3_daily_volatility_5_daily >= 2.1517313552241197 AND close_ema_3_daily_range_5_pct >= 5.878821482298 AND close_ema_3_daily_slope_pct >= 0.3776715879064552,209,85,124,40.66985645933015,16.895715440582055,23.774141018748093,16.895715440582055,286.6726521640592,0,6.2,1.3339823567728966,278.8023125655354,-12.931024875082281,10.000015661015443,,,,,,,,,,
LLOYDSENGG_MINED_BASE_G0_C1595,,0,3,3,close_ema_3_daily_volatility_5_daily >= 2.1517313552241197 AND close_ema_3_daily_range_5_pct >= 5.878821482298 AND close_to_close_ema_3_daily_difference_pct >= 0.37388545459352607,209,85,124,40.66985645933015,16.895715440582055,23.774141018748093,16.895715440582055,286.6726521640592,0,6.2,1.3339823567728966,278.8023125655354,-12.931024875082281,10.000015661015443,,,,,,,,,,
LLOYDSENGG_MINED_BASE_G0_C1596,,0,2,2,close_to_close_ema_3_daily_difference_pct >= 1.127345753351754 AND close_ema_13_daily_volatility_5_daily >= 0.6665343015434868,257,95,162,36.964980544747085,16.895715440582055,20.06926510416503,20.776071139854487,286.5188202284301,0,8.1,1.424164902535009,366.01037995149727,-12.931024875082281,19.9218788136996,,,,,,,,,,
LLOYDSENGG_MINED_BASE_G0_C1597,,0,2,2,close_ema_3_daily_slope_pct >= 1.1401997467767693 AND close_ema_13_daily_volatility_5_daily >= 0.6665343015434868,257,95,162,36.964980544747085,16.895715440582055,20.06926510416503,20.776071139854487,286.5188202284301,0,8.1,1.424164902535009,366.01037995149727,-12.931024875082281,19.9218788136996,,,,,,,,,,
LLOYDSENGG_MINED_BASE_G0_C1598,,0,3,3,close_to_close_ema_3_daily_difference_pct >= 1.127345753351754 AND close_ema_3_daily_slope_pct >= 1.1401997467767693 AND close_ema_13_daily_volatility_5_daily >= 0.6665343015434868,257,95,162,36.964980544747085,16.895715440582055,20.06926510416503,20.776071139854487,286.5188202284301,0,8.1,1.424164902535009,366.01037995149727,-12.931024875082281,19.9218788136996,,,,,,,,,,
LLOYDSENGG_MINED_BASE_G0_C1599,,0,3,3,close_to_close_ema_3_daily_difference_pct >= 1.127345753351754 AND close_ema_13_daily_volatility_5_daily >= 0.6665343015434868 AND close_ema_3_daily_slope_pct >= 0.3776715879064552,257,95,162,36.964980544747085,16.895715440582055,20.06926510416503,20.776071139854487,286.5188202284301,0,8.1,1.424164902535009,366.01037995149727,-12.931024875082281,19.9218788136996,,,,,,,,,,
LLOYDSENGG_MINED_BASE_G0_C1600,,0,3,3,close_ema_3_daily_slope_pct >= 1.1401997467767693 AND close_ema_13_daily_volatility_5_daily >= 0.6665343015434868 AND close_to_close_ema_3_daily_difference_pct >= 0.37388545459352607,257,95,162,36.964980544747085,16.895715440582055,20.06926510416503,20.776071139854487,286.5188202284301,0,8.1,1.424164902535009,366.01037995149727,-12.931024875082281,19.9218788136996,,,,,,,,,,
LLOYDSENGG_MINED_BASE_G0_C1601,,0,3,3,close_ema_8_daily_volatility_5_daily >= 1.2672772609808338 AND close_ema_3_daily_slope_pct >= 0.3776715879064552 AND close_ema_13_daily_volatility_5_daily >= 0.8014195041727374,214,86,128,40.18691588785047,16.895715440582055,23.291200447268412,17.299919159256266,286.1898817582619,0,6.4,1.3779598406399367,294.88340589694644,-12.931024875082281,19.9218788136996,,,,,,,,,,
LLOYDSENGG_MINED_BASE_G0_C1602,,0,3,3,close_ema_8_daily_volatility_5_daily >= 1.2672772609808338 AND close_to_close_ema_3_daily_difference_pct >= 0.37388545459352607 AND close_ema_13_daily_volatility_5_daily >= 0.8014195041727374,214,86,128,40.18691588785047,16.895715440582055,23.291200447268412,17.299919159256266,286.1898817582619,0,6.4,1.3779598406399367,294.88340589694644,-12.931024875082281,19.9218788136996,,,,,,,,,,
LLOYDSENGG_MINED_BASE_G0_C1603,,0,3,3,close_ema_3_daily_range_5_pct >= 4.683096254230115 AND close_ema_8_daily_volatility_5_daily >= 0.8645495401600428 AND close_to_close_ema_3_daily_difference_pct >= 1.127345753351754,242,92,150,38.01652892561984,16.895715440582055,21.120813485037782,19.56345998383185,286.18204150715036,0,7.5,1.3593246939871488,328.95657594489,-12.931024875082281,19.9218788136996,,,,,,,,,,
LLOYDSENGG_MINED_BASE_G0_C1604,,0,3,3,close_ema_3_daily_range_5_pct >= 4.683096254230115 AND close_ema_8_daily_volatility_5_daily >= 0.8645495401600428 AND close_ema_3_daily_slope_pct >= 1.1401997467767693,242,92,150,38.01652892561984,16.895715440582055,21.120813485037782,19.56345998383185,286.18204150715036,0,7.5,1.3593246939871488,328.95657594489,-12.931024875082281,19.9218788136996,,,,,,,,,,
LLOYDSENGG_MINED_BASE_G0_C1605,,0,3,3,close_ema_3_daily_range_5_pct >= 4.683096254230115 AND close_ema_8_daily_volatility_5_daily >= 1.0367159490053137 AND close_ema_3_daily_slope_pct >= 0.3776715879064552,242,92,150,38.01652892561984,16.895715440582055,21.120813485037782,19.56345998383185,286.02916944898107,0,7.5,1.3083673412640444,316.62489658589874,-12.931024875082281,19.9218788136996,,,,,,,,,,
LLOYDSENGG_MINED_BASE_G0_C1606,,0,3,3,close_ema_3_daily_range_5_pct >= 4.683096254230115 AND close_ema_8_daily_volatility_5_daily >= 1.0367159490053137 AND close_to_close_ema_3_daily_difference_pct >= 0.37388545459352607,242,92,150,38.01652892561984,16.895715440582055,21.120813485037782,19.56345998383185,286.02916944898107,0,7.5,1.3083673412640444,316.62489658589874,-12.931024875082281,19.9218788136996,,,,,,,,,,
LLOYDSENGG_MINED_BASE_G0_C1607,,0,3,3,close_ema_8_daily_volatility_5_daily >= 0.8645495401600428 AND close_ema_21_daily_range_5_pct >= 1.8831689286059863 AND close_ema_3_daily_slope_pct >= 0.3776715879064552,257,95,162,36.964980544747085,16.895715440582055,20.06926510416503,20.776071139854487,285.9543288615747,0,8.1,1.236001113583201,317.65228619088265,-12.931024875082281,19.9218788136996,,,,,,,,,,
LLOYDSENGG_MINED_BASE_G0_C1608,,0,3,3,close_ema_8_daily_volatility_5_daily >= 0.8645495401600428 AND close_ema_21_daily_range_5_pct >= 1.8831689286059863 AND close_to_close_ema_3_daily_difference_pct >= 0.37388545459352607,257,95,162,36.964980544747085,16.895715440582055,20.06926510416503,20.776071139854487,285.9543288615747,0,8.1,1.236001113583201,317.65228619088265,-12.931024875082281,19.9218788136996,,,,,,,,,,
LLOYDSENGG_MINED_BASE_G0_C1609,,0,3,3,close_ema_8_daily_volatility_5_daily >= 1.0367159490053137 AND close_ema_3_daily_range_5_pct >= 7.091176553732353 AND close_ema_3_daily_slope_pct >= 0.3776715879064552,206,84,122,40.77669902912621,16.895715440582055,23.880983588544158,16.653193209377527,285.86714841815564,0,6.1000000000000005,1.5207434918116238,313.2731593131945,-12.931024875082281,19.9218788136996,,,,,,,,,,
LLOYDSENGG_MINED_BASE_G0_C1610,,0,3,3,close_ema_8_daily_volatility_5_daily >= 1.0367159490053137 AND close_ema_3_daily_range_5_pct >= 7.091176553732353 AND close_to_close_ema_3_daily_difference_pct >= 0.37388545459352607,206,84,122,40.77669902912621,16.895715440582055,23.880983588544158,16.653193209377527,285.86714841815564,0,6.1000000000000005,1.5207434918116238,313.2731593131945,-12.931024875082281,19.9218788136996,,,,,,,,,,
LLOYDSENGG_MINED_BASE_G0_C1611,,0,3,3,close_ema_3_daily_range_5_pct >= 4.683096254230115 AND close_to_close_ema_3_daily_difference_pct >= 1.127345753351754 AND close_ema_8_daily_volatility_5_daily >= 1.2672772609808338,174,76,98,43.67816091954023,16.895715440582055,26.782445478958177,14.06628940986257,285.7958608086004,0,4.9,1.594544471269833,277.45073800095093,-12.931024875082281,19.9218788136996,,,,,,,,,,
LLOYDSENGG_MINED_BASE_G0_C1612,,0,3,3,close_ema_3_daily_range_5_pct >= 4.683096254230115 AND close_ema_3_daily_slope_pct >= 1.1401997467767693 AND close_ema_8_daily_volatility_5_daily >= 1.2672772609808338,174,76,98,43.67816091954023,16.895715440582055,26.782445478958177,14.06628940986257,285.7958608086004,0,4.9,1.594544471269833,277.45073800095093,-12.931024875082281,19.9218788136996,,,,,,,,,,
LLOYDSENGG_MINED_BASE_G0_C1613,,0,3,3,close_ema_3_daily_range_5_pct >= 5.878821482298 AND close_ema_8_daily_volatility_5_daily >= 1.0367159490053137 AND close_ema_3_daily_slope_pct >= 0.3776715879064552,228,89,139,39.03508771929825,16.895715440582055,22.13937227871619,18.43168957154406,285.7430121920207,0,6.95,1.3320502661465727,303.7074606814186,-12.931024875082281,19.9218788136996,,,,,,,,,,
LLOYDSENGG_MINED_BASE_G0_C1614,,0,3,3,close_ema_3_daily_range_5_pct >= 5.878821482298 AND close_ema_8_daily_volatility_5_daily >= 1.0367159490053137 AND close_to_close_ema_3_daily_difference_pct >= 0.37388545459352607,228,89,139,39.03508771929825,16.895715440582055,22.13937227871619,18.43168957154406,285.7430121920207,0,6.95,1.3320502661465727,303.7074606814186,-12.931024875082281,19.9218788136996,,,,,,,,,,
LLOYDSENGG_MINED_BASE_G0_C1615,,0,3,3,close_ema_8_daily_range_5_pct >= 3.117710901412895 AND close_ema_3_daily_range_5_pct >= 5.878821482298 AND close_ema_8_daily_volatility_5_daily >= 1.2672772609808338,306,104,202,33.98692810457516,16.895715440582055,17.091212663993108,24.73726758286176,285.70881996719146,0,10.100000000000001,0.7842522157419682,239.98117801704228,-12.931024875082281,19.9218788136996,,,,,,,,,,
LLOYDSENGG_MINED_BASE_G0_C1616,,0,3,3,close_ema_3_daily_volatility_5_daily >= 1.4807591382075385 AND close_ema_8_daily_range_5_pct >= 3.117710901412895 AND close_ema_3_daily_slope_pct >= 0.3776715879064552,268,97,171,36.19402985074627,16.895715440582055,19.298314410164213,21.665319320937755,285.64778583628953,0,8.55,1.2354045951561727,331.0884315018543,-12.931024875082281,19.9218788136996,,,,,,,,,,
LLOYDSENGG_MINED_BASE_G0_C1617,,0,3,3,close_ema_3_daily_volatility_5_daily >= 1.4807591382075385 AND close_ema_8_daily_range_5_pct >= 3.117710901412895 AND close_to_close_ema_3_daily_difference_pct >= 0.37388545459352607,268,97,171,36.19402985074627,16.895715440582055,19.298314410164213,21.665319320937755,285.64778583628953,0,8.55,1.2354045951561727,331.0884315018543,-12.931024875082281,19.9218788136996,,,,,,,,,,
LLOYDSENGG_MINED_BASE_G0_C1618,,0,3,3,close_ema_8_daily_range_5_pct >= 3.117710901412895 AND close_ema_3_daily_range_5_pct >= 5.878821482298 AND close_ema_13_daily_volatility_5_daily >= 0.6665343015434868,380,115,265,30.263157894736842,16.895715440582055,13.367442454154787,30.719482619240097,285.62160191469985,0,13.25,0.6781298813086329,257.6893548972805,-12.931024875082281,19.9218788136996,,,,,,,,,,
LLOYDSENGG_MINED_BASE_G0_C1619,,0,2,2,close_ema_3_daily_range_5_pct >= 5.878821482298 AND close_ema_3_daily_slope_pct >= 0.3776715879064552,268,97,171,36.19402985074627,16.895715440582055,19.298314410164213,21.665319320937755,285.5867632185197,0,8.55,1.21506372256622,325.63707764774693,-12.931024875082281,19.9218788136996,,,,,,,,,,
LLOYDSENGG_MINED_BASE_G0_C1620,,0,2,2,close_ema_3_daily_range_5_pct >= 5.878821482298 AND close_to_close_ema_3_daily_difference_pct >= 0.37388545459352607,268,97,171,36.19402985074627,16.895715440582055,19.298314410164213,21.665319320937755,285.5867632185197,0,8.55,1.21506372256622,325.63707764774693,-12.931024875082281,19.9218788136996,,,,,,,,,,
LLOYDSENGG_MINED_BASE_G0_C1621,,0,3,3,close_ema_3_daily_range_5_pct >= 5.878821482298 AND close_ema_3_daily_slope_pct >= 0.3776715879064552 AND close_to_close_ema_3_daily_difference_pct >= 0.37388545459352607,268,97,171,36.19402985074627,16.895715440582055,19.298314410164213,21.665319320937755,285.5867632185197,0,8.55,1.21506372256622,325.63707764774693,-12.931024875082281,19.9218788136996,,,,,,,,,,
LLOYDSENGG_MINED_BASE_G0_C1622,,0,3,3,close_ema_3_daily_range_5_pct >= 7.091176553732353 AND close_ema_8_daily_volatility_5_daily >= 1.2672772609808338 AND close_ema_3_daily_slope_pct >= 0.3776715879064552,178,77,101,43.258426966292134,16.895715440582055,26.36271152571008,14.38965238480194,285.5766736004767,0,5.050000000000001,1.6043719906421146,285.5782143342964,-12.931024875082281,19.9218788136996,,,,,,,,,,
LLOYDSENGG_MINED_BASE_G0_C1623,,0,3,3,close_ema_3_daily_range_5_pct >= 7.091176553732353 AND close_ema_8_daily_volatility_5_daily >= 1.2672772609808338 AND close_to_close_ema_3_daily_difference_pct >= 0.37388545459352607,178,77,101,43.258426966292134,16.895715440582055,26.36271152571008,14.38965238480194,285.5766736004767,0,5.050000000000001,1.6043719906421146,285.5782143342964,-12.931024875082281,19.9218788136996,,,,,,,,,,
LLOYDSENGG_MINED_BASE_G0_C1624,,0,3,3,close_ema_8_daily_range_5_pct >= 3.117710901412895 AND close_ema_8_daily_volatility_5_daily >= 1.0367159490053137 AND close_to_close_ema_3_daily_difference_pct >= 1.127345753351754,215,86,129,40,16.895715440582055,23.104284559417945,17.38075990299111,285.5416471824835,0,6.45,1.4900747951312465,320.366080953218,-12.931024875082281,19.9218788136996,,,,,,,,,,
LLOYDSENGG_MINED_BASE_G0_C1625,,0,3,3,close_ema_8_daily_range_5_pct >= 3.117710901412895 AND close_ema_8_daily_volatility_5_daily >= 1.0367159490053137 AND close_ema_3_daily_slope_pct >= 1.1401997467767693,215,86,129,40,16.895715440582055,23.104284559417945,17.38075990299111,285.5416471824835,0,6.45,1.4900747951312465,320.366080953218,-12.931024875082281,19.9218788136996,,,,,,,,,,
LLOYDSENGG_MINED_BASE_G0_C1626,,0,3,3,close_ema_3_daily_volatility_5_daily >= 1.4807591382075385 AND close_ema_8_daily_range_5_pct >= 3.117710901412895 AND close_ema_21_daily_range_5_pct >= 1.8831689286059863,404,118,286,29.207920792079207,16.895715440582055,12.312205351497152,32.65966046887631,285.4123655761046,0,14.3,0.7171129395396169,289.7136275740052,-12.931024875082281,19.9218788136996,,,,,,,,,,
LLOYDSENGG_MINED_BASE_G0_C1627,,0,3,3,close_ema_8_daily_volatility_5_daily >= 1.0367159490053137 AND close_ema_3_daily_range_5_pct >= 7.091176553732353 AND close_to_close_ema_3_daily_difference_pct >= 1.127345753351754,186,79,107,42.473118279569896,16.895715440582055,25.57740283898784,15.036378334680677,285.4076786146754,0,5.3500000000000005,1.6235548065787433,301.98119402364625,-12.931024875082281,19.9218788136996,,,,,,,,,,
LLOYDSENGG_MINED_BASE_G0_C1628,,0,3,3,close_ema_8_daily_volatility_5_daily >= 1.0367159490053137 AND close_ema_3_daily_range_5_pct >= 7.091176553732353 AND close_ema_3_daily_slope_pct >= 1.1401997467767693,186,79,107,42.473118279569896,16.895715440582055,25.57740283898784,15.036378334680677,285.4076786146754,0,5.3500000000000005,1.6235548065787433,301.98119402364625,-12.931024875082281,19.9218788136996,,,,,,,,,,
LLOYDSENGG_MINED_BASE_G0_C1629,,0,3,3,close_ema_3_daily_volatility_5_daily >= 1.4807591382075385 AND close_ema_8_daily_range_5_pct >= 3.117710901412895 AND close_ema_13_daily_volatility_5_daily >= 0.6665343015434868,437,122,315,27.91762013729977,16.895715440582055,11.021904696717716,35.327405012126114,285.2980686588216,0,15.75,0.6461817250776625,282.3814138589385,-12.931024875082281,19.9218788136996,,,,,,,,,,
LLOYDSENGG_MINED_BASE_G0_C1630,,0,3,3,close_ema_8_daily_range_5_pct >= 3.117710901412895 AND close_to_close_ema_3_daily_difference_pct >= 1.127345753351754 AND close_ema_13_daily_volatility_5_daily >= 0.6665343015434868,229,89,140,38.864628820960704,16.895715440582055,21.96891338037865,18.512530315278898,285.1973526998758,0,7,1.4509285993275212,332.26264924600235,-12.931024875082281,19.9218788136996,,,,,,,,,,
LLOYDSENGG_MINED_BASE_G0_C1631,,0,3,3,close_ema_8_daily_range_5_pct >= 3.117710901412895 AND close_ema_3_daily_slope_pct >= 1.1401997467767693 AND close_ema_13_daily_volatility_5_daily >= 0.6665343015434868,229,89,140,38.864628820960704,16.895715440582055,21.96891338037865,18.512530315278898,285.1973526998758,0,7,1.4509285993275212,332.26264924600235,-12.931024875082281,19.9218788136996,,,,,,,,,,
LLOYDSENGG_MINED_BASE_G0_C1632,,0,3,3,close_ema_3_daily_range_5_pct >= 7.091176553732353 AND close_ema_21_daily_range_5_pct >= 1.8831689286059863 AND close_ema_13_daily_volatility_5_daily >= 0.6665343015434868,295,102,193,34.57627118644068,16.895715440582055,17.680555745858623,23.848019401778497,285.19493014972426,0,9.65,0.8140504734770472,240.14488967572893,-12.931024875082281,19.9218788136996,,,,,,,,,,
LLOYDSENGG_MINED_BASE_G0_C1633,,0,3,3,close_ema_3_daily_range_5_pct >= 5.878821482298 AND close_ema_13_daily_volatility_5_daily >= 0.6665343015434868 AND close_ema_3_daily_slope_pct >= 0.3776715879064552,238,91,147,38.23529411764706,16.895715440582055,21.339578677065003,19.24009700889248,285.1402808165322,0,7.3500000000000005,1.2641291437357305,300.86273620910384,-12.931024875082281,19.9218788136996,,,,,,,,,,
LLOYDSENGG_MINED_BASE_G0_C1634,,0,3,3,close_ema_3_daily_range_5_pct >= 5.878821482298 AND close_ema_13_daily_volatility_5_daily >= 0.6665343015434868 AND close_to_close_ema_3_daily_difference_pct >= 0.37388545459352607,238,91,147,38.23529411764706,16.895715440582055,21.339578677065003,19.24009700889248,285.1402808165322,0,7.3500000000000005,1.2641291437357305,300.86273620910384,-12.931024875082281,19.9218788136996,,,,,,,,,,
LLOYDSENGG_MINED_BASE_G0_C1635,,0,3,3,close_ema_8_daily_range_5_pct >= 3.117710901412895 AND close_ema_8_daily_volatility_5_daily >= 1.0367159490053137 AND close_ema_13_daily_volatility_5_daily >= 0.6665343015434868,455,124,331,27.252747252747252,16.895715440582055,10.357031812165197,36.78253839935328,285.0726703868964,0,16.55,0.6125037753567988,278.68921778734347,-12.931024875082281,19.9218788136996,,,,,,,,,,
LLOYDSENGG_MINED_BASE_G0_C1636,,0,3,3,close_ema_3_daily_range_5_pct >= 5.878821482298 AND close_to_close_ema_3_daily_difference_pct >= 1.127345753351754 AND close_ema_8_daily_volatility_5_daily >= 1.2672772609808338,171,75,96,43.859649122807014,16.895715440582055,26.96393368222496,13.823767178658045,284.8774094964923,0,4.800000000000001,1.6192470284558493,276.89124186595024,-12.931024875082281,19.9218788136996,,,,,,,,,,
LLOYDSENGG_MINED_BASE_G0_C1637,,0,3,3,close_ema_3_daily_range_5_pct >= 5.878821482298 AND close_ema_3_daily_slope_pct >= 1.1401997467767693 AND close_ema_8_daily_volatility_5_daily >= 1.2672772609808338,171,75,96,43.859649122807014,16.895715440582055,26.96393368222496,13.823767178658045,284.8774094964923,0,4.800000000000001,1.6192470284558493,276.89124186595024,-12.931024875082281,19.9218788136996,,,,,,,,,,
LLOYDSENGG_MINED_BASE_G0_C1638,,0,3,3,close_ema_8_daily_volatility_5_daily >= 0.8645495401600428 AND close_ema_8_daily_range_5_pct >= 3.117710901412895 AND close_ema_13_daily_volatility_5_daily >= 0.8014195041727374,438,122,316,27.85388127853881,16.895715440582055,10.958165837956756,35.40824575586095,284.87454201299533,0,15.8,0.627904274403863,275.02207218889197,-12.931024875082281,19.9218788136996,,,,,,,,,,
LLOYDSENGG_MINED_BASE_G0_C1639,,0,3,3,close_ema_3_daily_volatility_5_daily >= 1.4807591382075385 AND close_to_close_ema_3_daily_difference_pct >= 1.127345753351754 AND close_ema_13_daily_volatility_5_daily >= 0.6665343015434868,234,90,144,38.46153846153847,16.895715440582055,21.56582302095641,18.916734033953112,284.78723749599664,0,7.2,1.3860407970715127,324.333546514734,-12.931024875082281,19.9218788136996,,,,,,,,,,
LLOYDSENGG_MINED_BASE_G0_C1640,,0,3,3,close_ema_3_daily_volatility_5_daily >= 1.4807591382075385 AND close_ema_3_daily_slope_pct >= 1.1401997467767693 AND close_ema_13_daily_volatility_5_daily >= 0.6665343015434868,234,90,144,38.46153846153847,16.895715440582055,21.56582302095641,18.916734033953112,284.78723749599664,0,7.2,1.3860407970715127,324.333546514734,-12.931024875082281,19.9218788136996,,,,,,,,,,
LLOYDSENGG_MINED_BASE_G0_C1641,,0,3,3,close_ema_8_daily_range_5_pct >= 3.117710901412895 AND close_ema_3_daily_range_5_pct >= 7.091176553732353 AND close_ema_21_daily_range_5_pct >= 1.8831689286059863,296,102,194,34.45945945945946,16.895715440582055,17.563744018877404,23.92886014551334,284.7571748266661,0,9.700000000000001,0.8794849107596834,260.3275335848663,-12.931024875082281,19.9218788136996,,,,,,,,,,
LLOYDSENGG_MINED_BASE_G0_C1642,,0,3,3,close_ema_3_daily_volatility_5_daily >= 2.1517313552241197 AND close_ema_3_daily_range_5_pct >= 7.091176553732353 AND close_ema_3_daily_slope_pct >= 0.3776715879064552,194,81,113,41.75257731958763,16.895715440582055,24.856861879005574,15.683104284559418,284.73691150495847,0,5.65,1.3675340366435191,265.3016031088427,-12.931024875082281,10.000015661015443,,,,,,,,,,
LLOYDSENGG_MINED_BASE_G0_C1643,,0,3,3,close_ema_3_daily_volatility_5_daily >= 2.1517313552241197 AND close_ema_3_daily_range_5_pct >= 7.091176553732353 AND close_to_close_ema_3_daily_difference_pct >= 0.37388545459352607,194,81,113,41.75257731958763,16.895715440582055,24.856861879005574,15.683104284559418,284.73691150495847,0,5.65,1.3675340366435191,265.3016031088427,-12.931024875082281,10.000015661015443,,,,,,,,,,
LLOYDSENGG_MINED_BASE_G0_C1644,,0,3,3,close_ema_3_daily_range_5_pct >= 7.091176553732353 AND close_ema_21_daily_range_5_pct >= 1.8831689286059863 AND close_ema_8_daily_volatility_5_daily >= 1.2672772609808338,257,95,162,36.964980544747085,16.895715440582055,20.06926510416503,20.776071139854487,284.6498211600817,0,8.1,0.8011652130855114,205.89945976297642,-12.931024875082281,19.9218788136996,,,,,,,,,,
LLOYDSENGG_MINED_BASE_G0_C1645,,0,3,3,close_ema_3_daily_range_5_pct >= 4.683096254230115 AND close_ema_21_daily_range_5_pct >= 1.8831689286059863 AND close_ema_8_daily_volatility_5_daily >= 1.2672772609808338,308,104,204,33.76623376623377,16.895715440582055,16.870518325651712,24.898949070331447,284.61603348788555,0,10.200000000000001,0.8211472865423329,252.91336425503854,-12.931024875082281,19.9218788136996,,,,,,,,,,
LLOYDSENGG_MINED_BASE_G0_C1646,,0,3,3,close_ema_8_daily_range_5_pct >= 3.117710901412895 AND close_ema_3_daily_slope_pct >= 0.3776715879064552 AND close_ema_13_daily_volatility_5_daily >= 0.8014195041727374,239,91,148,38.07531380753138,16.895715440582055,21.179598366949325,19.320937752627323,284.4319095638772,0,7.4,1.3113059097101771,313.40211242073235,-12.931024875082281,19.9218788136996,,,,,,,,,,
LLOYDSENGG_MINED_BASE_G0_C1647,,0,3,3,close_ema_8_daily_range_5_pct >= 3.117710901412895 AND close_to_close_ema_3_daily_difference_pct >= 0.37388545459352607 AND close_ema_13_daily_volatility_5_daily >= 0.8014195041727374,239,91,148,38.07531380753138,16.895715440582055,21.179598366949325,19.320937752627323,284.4319095638772,0,7.4,1.3113059097101771,313.40211242073235,-12.931024875082281,19.9218788136996,,,,,,,,,,
LLOYDSENGG_MINED_BASE_G0_C1648,,0,3,3,close_ema_8_daily_volatility_5_daily >= 1.0367159490053137 AND close_to_close_ema_3_daily_difference_pct >= 1.127345753351754 AND close_ema_13_daily_volatility_5_daily >= 0.6665343015434868,225,88,137,39.111111111111114,16.895715440582055,22.21539567052906,18.189167340339534,284.42568668490105,0,6.8500000000000005,1.3995694440852564,314.9031249191827,-12.931024875082281,19.9218788136996,,,,,,,,,,
LLOYDSENGG_MINED_BASE_G0_C1649,,0,3,3,close_ema_8_daily_volatility_5_daily >= 1.0367159490053137 AND close_ema_3_daily_slope_pct >= 1.1401997467767693 AND close_ema_13_daily_volatility_5_daily >= 0.6665343015434868,225,88,137,39.111111111111114,16.895715440582055,22.21539567052906,18.189167340339534,284.42568668490105,0,6.8500000000000005,1.3995694440852564,314.9031249191827,-12.931024875082281,19.9218788136996,,,,,,,,,,
LLOYDSENGG_MINED_BASE_G0_C1650,,0,3,3,close_ema_21_daily_volatility_5_daily >= 0.5048951676587204 AND close_ema_21_daily_range_5_pct >= 1.8831689286059863 AND close_ema_13_daily_volatility_5_daily >= 0.8014195041727374,466,125,341,26.824034334763947,16.895715440582055,9.928318894181892,37.67178658043654,284.4135134171187,0,17.05,0.6073063154030813,283.0047429778359,-12.931024875082281,19.9218788136996,,,,,,,,,,
LLOYDSENGG_MINED_BASE_G0_C1651,,0,3,3,close_ema_3_daily_volatility_5_daily >= 2.1517313552241197 AND close_ema_3_daily_range_5_pct >= 7.091176553732353 AND close_to_close_ema_3_daily_difference_pct >= 1.127345753351754,175,76,99,43.42857142857143,16.895715440582055,26.532855987989375,14.147130153597413,284.05337899582804,0,4.95,1.446366351960384,253.1141115930672,-12.931024875082281,10.000015661015443,,,,,,,,,,
LLOYDSENGG_MINED_BASE_G0_C1652,,0,3,3,close_ema_3_daily_volatility_5_daily >= 2.1517313552241197 AND close_ema_3_daily_range_5_pct >= 7.091176553732353 AND close_ema_3_daily_slope_pct >= 1.1401997467767693,175,76,99,43.42857142857143,16.895715440582055,26.532855987989375,14.147130153597413,284.05337899582804,0,4.95,1.446366351960384,253.1141115930672,-12.931024875082281,10.000015661015443,,,,,,,,,,
LLOYDSENGG_MINED_BASE_G0_C1653,,0,3,3,close_ema_3_daily_range_5_pct >= 4.683096254230115 AND close_to_close_ema_3_daily_difference_pct >= 1.127345753351754 AND close_ema_13_daily_volatility_5_daily >= 0.6665343015434868,230,89,141,38.69565217391304,16.895715440582055,21.799936733330984,18.593371059013744,284.0372630587572,0,7.050000000000001,1.3625264640341122,313.3810867278458,-12.931024875082281,19.9218788136996,,,,,,,,,,
LLOYDSENGG_MINED_BASE_G0_C1654,,0,3,3,close_ema_3_daily_range_5_pct >= 4.683096254230115 AND close_ema_3_daily_slope_pct >= 1.1401997467767693 AND close_ema_13_daily_volatility_5_daily >= 0.6665343015434868,230,89,141,38.69565217391304,16.895715440582055,21.799936733330984,18.593371059013744,284.0372630587572,0,7.050000000000001,1.3625264640341122,313.3810867278458,-12.931024875082281,19.9218788136996,,,,,,,,,,
LLOYDSENGG_MINED_BASE_G0_C1655,,0,3,3,close_ema_8_daily_range_5_pct >= 3.117710901412895 AND close_ema_8_daily_volatility_5_daily >= 1.0367159490053137 AND close_ema_21_daily_range_5_pct >= 1.8831689286059863,415,119,296,28.674698795180724,16.895715440582055,11.778983354598669,33.54890864995958,283.98409638813916,0,14.8,0.6297265383819465,261.33651342850777,-12.931024875082281,19.9218788136996,,,,,,,,,,
LLOYDSENGG_MINED_BASE_G0_C1656,,0,3,3,close_ema_8_daily_volatility_5_daily >= 0.8645495401600428 AND close_ema_21_daily_range_5_pct >= 1.8831689286059863 AND close_ema_13_daily_volatility_5_daily >= 0.8014195041727374,449,123,326,27.39420935412027,16.895715440582055,10.498493913538216,36.29749393694422,283.98310019535796,0,16.3,0.5968768758889754,267.99771727415,-12.931024875082281,19.9218788136996,,,,,,,,,,
LLOYDSENGG_MINED_BASE_G0_C1657,,0,3,3,close_ema_3_daily_range_5_pct >= 4.683096254230115 AND close_ema_8_daily_range_5_pct >= 3.117710901412895 AND close_ema_21_daily_range_5_pct >= 1.8831689286059863,400,117,283,29.25,16.895715440582055,12.354284559417945,32.33629749393695,283.9406061184647,0,14.15,0.7730611071249881,309.2244428499952,-12.931024875082281,19.9218788136996,,,,,,,,,,
LLOYDSENGG_MINED_BASE_G0_C1658,,0,3,3,close_ema_3_daily_range_5_pct >= 7.091176553732353 AND close_to_close_ema_3_daily_difference_pct >= 1.127345753351754 AND close_ema_8_daily_volatility_5_daily >= 1.2672772609808338,161,72,89,44.72049689440994,16.895715440582055,27.824781453827885,13.01535974130962,283.89357918430255,0,4.45,1.7398906383877022,280.12239278042006,-12.931024875082281,19.9218788136996,,,,,,,,,,
LLOYDSENGG_MINED_BASE_G0_C1659,,0,3,3,close_ema_3_daily_range_5_pct >= 7.091176553732353 AND close_ema_3_daily_slope_pct >= 1.1401997467767693 AND close_ema_8_daily_volatility_5_daily >= 1.2672772609808338,161,72,89,44.72049689440994,16.895715440582055,27.824781453827885,13.01535974130962,283.89357918430255,0,4.45,1.7398906383877022,280.12239278042006,-12.931024875082281,19.9218788136996,,,,,,,,,,
LLOYDSENGG_MINED_BASE_G0_C1660,,0,3,3,close_ema_3_daily_range_5_pct >= 4.683096254230115 AND close_ema_8_daily_volatility_5_daily >= 1.2672772609808338 AND close_ema_3_daily_slope_pct >= 0.3776715879064552,195,81,114,41.53846153846154,16.895715440582055,24.642746097879485,15.76394502829426,283.8053073632922,0,5.7,1.4305256246315774,278.9524968031576,-12.931024875082281,19.9218788136996,,,,,,,,,,
LLOYDSENGG_MINED_BASE_G0_C1661,,0,3,3,close_ema_3_daily_range_5_pct >= 4.683096254230115 AND close_ema_8_daily_volatility_5_daily >= 1.2672772609808338 AND close_to_close_ema_3_daily_difference_pct >= 0.37388545459352607,195,81,114,41.53846153846154,16.895715440582055,24.642746097879485,15.76394502829426,283.8053073632922,0,5.7,1.4305256246315774,278.9524968031576,-12.931024875082281,19.9218788136996,,,,,,,,,,
LLOYDSENGG_MINED_BASE_G0_C1662,,0,3,3,close_ema_8_daily_volatility_5_daily >= 0.8645495401600428 AND close_to_close_ema_3_daily_difference_pct >= 1.127345753351754 AND close_ema_13_daily_volatility_5_daily >= 0.6665343015434868,245,92,153,37.55102040816327,16.895715440582055,20.655304967581213,19.805982215036376,283.774516098739,0,7.65,1.3826637536109572,338.7526196346845,-12.931024875082281,19.9218788136996,,,,,,,,,,
LLOYDSENGG_MINED_BASE_G0_C1663,,0,3,3,close_ema_8_daily_volatility_5_daily >= 0.8645495401600428 AND close_ema_3_daily_slope_pct >= 1.1401997467767693 AND close_ema_13_daily_volatility_5_daily >= 0.6665343015434868,245,92,153,37.55102040816327,16.895715440582055,20.655304967581213,19.805982215036376,283.774516098739,0,7.65,1.3826637536109572,338.7526196346845,-12.931024875082281,19.9218788136996,,,,,,,,,,
LLOYDSENGG_MINED_BASE_G0_C1664,,0,3,3,close_ema_8_daily_range_5_pct >= 3.117710901412895 AND close_ema_3_daily_range_5_pct >= 7.091176553732353 AND close_ema_13_daily_volatility_5_daily >= 0.6665343015434868,322,106,216,32.91925465838509,16.895715440582055,16.023539217803037,26.03071948261924,283.7699959523469,0,10.8,0.8174332877772467,263.2135186642734,-12.931024875082281,19.9218788136996,,,,,,,,,,
LLOYDSENGG_MINED_BASE_G0_C1665,,0,3,3,close_ema_8_daily_range_5_pct >= 3.117710901412895 AND close_ema_3_daily_range_5_pct >= 5.878821482298 AND close_ema_21_daily_range_5_pct >= 1.8831689286059863,356,111,245,31.179775280898873,16.895715440582055,14.284059840316818,28.77930476960388,283.42466029213665,0,12.25,0.7514536968508517,267.5175160789032,-12.931024875082281,19.9218788136996,,,,,,,,,,
LLOYDSENGG_MINED_BASE_G0_C1666,,0,3,3,close_ema_8_daily_range_5_pct >= 3.117710901412895 AND close_ema_21_daily_volatility_5_daily >= 0.5048951676587204 AND close_ema_21_daily_range_5_pct >= 1.8831689286059863,461,124,337,26.89804772234273,16.895715440582055,10.002332281760676,37.26758286176233,283.08846440435815,0,16.85,0.6422676651849364,296.0853936502557,-12.931024875082281,19.9218788136996,,,,,,,,,,
LLOYDSENGG_MINED_BASE_G0_C1667,,0,2,2,close_ema_8_daily_range_5_pct >= 3.117710901412895 AND close_ema_13_daily_volatility_5_daily >= 0.8014195041727374,443,122,321,27.539503386004515,16.895715440582055,10.64378794542246,35.81244947453517,283.0588072681719,0,16.05,0.6299558470198695,279.0704402298022,-12.931024875082281,19.9218788136996,,,,,,,,,,
LLOYDSENGG_MINED_BASE_G0_C1668,,0,3,3,close_ema_3_daily_range_5_pct >= 4.683096254230115 AND close_ema_3_daily_volatility_5_daily >= 1.8141316287340417 AND close_to_close_ema_3_daily_difference_pct >= 1.127345753351754,236,90,146,38.13559322033898,16.895715440582055,21.239877779756927,19.078415521422798,282.8464739914721,0,7.300000000000001,1.3156950308958368,310.5040272914175,-12.931024875082281,19.9218788136996,,,,,,,,,,
LLOYDSENGG_MINED_BASE_G0_C1669,,0,3,3,close_ema_3_daily_range_5_pct >= 4.683096254230115 AND close_ema_3_daily_volatility_5_daily >= 1.8141316287340417 AND close_ema_3_daily_slope_pct >= 1.1401997467767693,236,90,146,38.13559322033898,16.895715440582055,21.239877779756927,19.078415521422798,282.8464739914721,0,7.300000000000001,1.3156950308958368,310.5040272914175,-12.931024875082281,19.9218788136996,,,,,,,,,,
LLOYDSENGG_MINED_BASE_G0_C1670,,0,2,2,close_ema_8_daily_volatility_5_daily >= 0.8645495401600428 AND close_ema_13_daily_volatility_5_daily >= 0.6665343015434868,552,133,419,24.094202898550723,16.895715440582055,7.1984874579686675,44.62409054163298,282.7314407866247,0,20.950000000000003,0.5630011655937814,310.7766434077673,-12.931024875082281,19.9218788136996,,,,,,,,,,
LLOYDSENGG_MINED_BASE_G0_C1671,,0,3,3,close_ema_21_daily_range_5_pct >= 1.8831689286059863 AND close_ema_8_daily_volatility_5_daily >= 1.2672772609808338 AND close_ema_3_daily_slope_pct >= 0.3776715879064552,200,82,118,41,16.895715440582055,24.104284559417945,16.168148746968473,282.6744472169605,0,5.9,1.3510081399569174,270.2016279913835,-12.931024875082281,19.9218788136996,,,,,,,,,,
LLOYDSENGG_MINED_BASE_G0_C1672,,0,3,3,close_ema_21_daily_range_5_pct >= 1.8831689286059863 AND close_ema_8_daily_volatility_5_daily >= 1.2672772609808338 AND close_to_close_ema_3_daily_difference_pct >= 0.37388545459352607,200,82,118,41,16.895715440582055,24.104284559417945,16.168148746968473,282.6744472169605,0,5.9,1.3510081399569174,270.2016279913835,-12.931024875082281,19.9218788136996,,,,,,,,,,
LLOYDSENGG_MINED_BASE_G0_C1673,,0,3,3,close_ema_3_daily_range_5_pct >= 4.683096254230115 AND close_ema_3_daily_volatility_5_daily >= 1.4807591382075385 AND close_ema_3_daily_slope_pct >= 0.3776715879064552,289,100,189,34.602076124567475,16.895715440582055,17.70636068398542,23.362974939369444,282.6614651393955,0,9.450000000000001,1.1932205731561223,344.8407456421194,-12.931024875082281,19.9218788136996,,,,,,,,,,
LLOYDSENGG_MINED_BASE_G0_C1674,,0,3,3,close_ema_3_daily_range_5_pct >= 4.683096254230115 AND close_ema_3_daily_volatility_5_daily >= 1.4807591382075385 AND close_to_close_ema_3_daily_difference_pct >= 0.37388545459352607,289,100,189,34.602076124567475,16.895715440582055,17.70636068398542,23.362974939369444,282.6614651393955,0,9.450000000000001,1.1932205731561223,344.8407456421194,-12.931024875082281,19.9218788136996,,,,,,,,,,
LLOYDSENGG_MINED_BASE_G0_C1675,,0,3,3,close_ema_3_daily_range_5_pct >= 5.878821482298 AND close_ema_8_daily_volatility_5_daily >= 1.2672772609808338 AND close_ema_3_daily_slope_pct >= 0.3776715879064552,192,80,112,41.66666666666667,16.895715440582055,24.770951226084616,15.521422797089734,282.60464676586304,0,5.6000000000000005,1.4499635451466517,278.39300066815713,-12.931024875082281,19.9218788136996,,,,,,,,,,
LLOYDSENGG_MINED_BASE_G0_C1676,,0,3,3,close_ema_3_daily_range_5_pct >= 5.878821482298 AND close_ema_8_daily_volatility_5_daily >= 1.2672772609808338 AND close_to_close_ema_3_daily_difference_pct >= 0.37388545459352607,192,80,112,41.66666666666667,16.895715440582055,24.770951226084616,15.521422797089734,282.60464676586304,0,5.6000000000000005,1.4499635451466517,278.39300066815713,-12.931024875082281,19.9218788136996,,,,,,,,,,
LLOYDSENGG_MINED_BASE_G0_C1677,,0,3,3,close_ema_3_daily_range_5_pct >= 7.091176553732353 AND close_ema_21_daily_range_5_pct >= 1.8831689286059863 AND close_to_close_ema_3_daily_difference_pct >= 1.127345753351754,169,74,95,43.786982248520715,16.895715440582055,26.89126680793866,13.662085691188357,282.50165016238566,0,4.75,1.598438707564122,270.1361415783366,-12.931024875082281,19.9218788136996,,,,,,,,,,
LLOYDSENGG_MINED_BASE_G0_C1678,,0,3,3,close_ema_3_daily_range_5_pct >= 7.091176553732353 AND close_ema_21_daily_range_5_pct >= 1.8831689286059863 AND close_ema_3_daily_slope_pct >= 1.1401997467767693,169,74,95,43.786982248520715,16.895715440582055,26.89126680793866,13.662085691188357,282.50165016238566,0,4.75,1.598438707564122,270.1361415783366,-12.931024875082281,19.9218788136996,,,,,,,,,,
LLOYDSENGG_MINED_BASE_G0_C1679,,0,3,3,close_ema_3_daily_range_5_pct >= 5.878821482298 AND close_ema_21_daily_range_5_pct >= 1.8831689286059863 AND close_ema_8_daily_volatility_5_daily >= 1.2672772609808338,293,101,192,34.470989761092156,16.895715440582055,17.5752743205101,23.68633791430881,282.48787233324344,0,9.600000000000001,0.737166910230986,215.9899046976789,-12.931024875082281,19.9218788136996,,,,,,,,,,
LLOYDSENGG_MINED_BASE_G0_C1680,,0,2,2,close_ema_21_daily_range_5_pct >= 1.8831689286059863 AND close_ema_13_daily_volatility_5_daily >= 0.8014195041727374,472,125,347,26.48305084745763,16.895715440582055,9.587335406875575,38.156831042845596,282.30648212885245,0,17.35,0.5732683648248772,270.58266819734206,-12.931024875082281,19.9218788136996,,,,,,,,,,
LLOYDSENGG_MINED_BASE_G0_C1681,,0,3,3,close_ema_3_daily_range_5_pct >= 4.683096254230115 AND close_ema_3_daily_volatility_5_daily >= 1.8141316287340417 AND close_ema_3_daily_slope_pct >= 0.3776715879064552,262,95,167,36.25954198473282,16.895715440582055,19.363826544150765,21.1802748585287,282.1762355170809,0,8.35,1.235700932109027,323.7536442125651,-12.931024875082281,19.9218788136996,,,,,,,,,,
LLOYDSENGG_MINED_BASE_G0_C1682,,0,3,3,close_ema_3_daily_range_5_pct >= 4.683096254230115 AND close_ema_3_daily_volatility_5_daily >= 1.8141316287340417 AND close_to_close_ema_3_daily_difference_pct >= 0.37388545459352607,262,95,167,36.25954198473282,16.895715440582055,19.363826544150765,21.1802748585287,282.1762355170809,0,8.35,1.235700932109027,323.7536442125651,-12.931024875082281,19.9218788136996,,,,,,,,,,
LLOYDSENGG_MINED_BASE_G0_C1683,,0,3,3,close_ema_3_daily_volatility_5_daily >= 1.4807591382075385 AND close_ema_3_daily_range_5_pct >= 5.878821482298 AND close_ema_3_daily_slope_pct >= 0.3776715879064552,262,95,167,36.25954198473282,16.895715440582055,19.363826544150765,21.1802748585287,281.96876589762957,0,8.35,1.1665443922919192,305.63463078048284,-12.931024875082281,19.9218788136996,,,,,,,,,,
LLOYDSENGG_MINED_BASE_G0_C1684,,0,3,3,close_ema_3_daily_volatility_5_daily >= 1.4807591382075385 AND close_ema_3_daily_range_5_pct >= 5.878821482298 AND close_to_close_ema_3_daily_difference_pct >= 0.37388545459352607,262,95,167,36.25954198473282,16.895715440582055,19.363826544150765,21.1802748585287,281.96876589762957,0,8.35,1.1665443922919192,305.63463078048284,-12.931024875082281,19.9218788136996,,,,,,,,,,
LLOYDSENGG_MINED_BASE_G0_C1685,,0,3,3,close_ema_8_daily_volatility_5_daily >= 0.8645495401600428 AND close_ema_3_daily_range_5_pct >= 7.091176553732353 AND close_to_close_ema_3_daily_difference_pct >= 1.127345753351754,197,81,116,41.11675126903553,16.895715440582055,24.221035828453477,15.925626515763943,281.9368884504649,0,5.800000000000001,1.5439031027325099,304.14891123830444,-12.931024875082281,19.9218788136996,,,,,,,,,,
LLOYDSENGG_MINED_BASE_G0_C1686,,0,3,3,close_ema_8_daily_volatility_5_daily >= 0.8645495401600428 AND close_ema_3_daily_range_5_pct >= 7.091176553732353 AND close_ema_3_daily_slope_pct >= 1.1401997467767693,197,81,116,41.11675126903553,16.895715440582055,24.221035828453477,15.925626515763943,281.9368884504649,0,5.800000000000001,1.5439031027325099,304.14891123830444,-12.931024875082281,19.9218788136996,,,,,,,,,,
LLOYDSENGG_MINED_BASE_G0_C1687,,0,3,3,close_ema_3_daily_volatility_5_daily >= 1.4807591382075385 AND close_ema_13_daily_volatility_5_daily >= 0.6665343015434868 AND close_ema_3_daily_slope_pct >= 0.3776715879064552,268,96,172,35.82089552238806,16.895715440582055,18.925180081806,21.665319320937755,281.6390643131317,0,8.6,1.2043879680339156,322.77597543308934,-12.931024875082281,19.9218788136996,,,,,,,,,,
LLOYDSENGG_MINED_BASE_G0_C1688,,0,3,3,close_ema_3_daily_volatility_5_daily >= 1.4807591382075385 AND close_ema_13_daily_volatility_5_daily >= 0.6665343015434868 AND close_to_close_ema_3_daily_difference_pct >= 0.37388545459352607,268,96,172,35.82089552238806,16.895715440582055,18.925180081806,21.665319320937755,281.6390643131317,0,8.6,1.2043879680339156,322.77597543308934,-12.931024875082281,19.9218788136996,,,,,,,,,,
LLOYDSENGG_MINED_BASE_G0_C1689,,0,3,3,close_ema_8_daily_volatility_5_daily >= 0.8645495401600428 AND close_ema_3_daily_range_5_pct >= 7.091176553732353 AND close_ema_3_daily_slope_pct >= 0.3776715879064552,219,86,133,39.26940639269406,16.895715440582055,22.373690952112003,17.704122877930477,281.4817964803648,0,6.65,1.4211139066015839,311.22394554574686,-12.931024875082281,19.9218788136996,,,,,,,,,,
LLOYDSENGG_MINED_BASE_G0_C1690,,0,3,3,close_ema_8_daily_volatility_5_daily >= 0.8645495401600428 AND close_ema_3_daily_range_5_pct >= 7.091176553732353 AND close_to_close_ema_3_daily_difference_pct >= 0.37388545459352607,219,86,133,39.26940639269406,16.895715440582055,22.373690952112003,17.704122877930477,281.4817964803648,0,6.65,1.4211139066015839,311.22394554574686,-12.931024875082281,19.9218788136996,,,,,,,,,,
LLOYDSENGG_MINED_BASE_G0_C1691,,0,3,3,close_ema_8_daily_volatility_5_daily >= 0.8645495401600428 AND close_ema_8_daily_range_5_pct >= 3.117710901412895 AND close_to_close_ema_3_daily_difference_pct >= 1.127345753351754,238,90,148,37.81512605042017,16.895715440582055,20.919410609838113,19.24009700889248,281.37854780146307,0,7.4,1.3938315840908264,331.7319170136167,-12.931024875082281,19.9218788136996,,,,,,,,,,
LLOYDSENGG_MINED_BASE_G0_C1692,,0,3,3,close_ema_8_daily_volatility_5_daily >= 0.8645495401600428 AND close_ema_8_daily_range_5_pct >= 3.117710901412895 AND close_ema_3_daily_slope_pct >= 1.1401997467767693,238,90,148,37.81512605042017,16.895715440582055,20.919410609838113,19.24009700889248,281.37854780146307,0,7.4,1.3938315840908264,331.7319170136167,-12.931024875082281,19.9218788136996,,,,,,,,,,
LLOYDSENGG_MINED_BASE_G0_C1693,,0,3,3,close_ema_8_daily_range_5_pct >= 3.117710901412895 AND close_ema_8_daily_volatility_5_daily >= 1.0367159490053137 AND close_ema_3_daily_slope_pct >= 0.3776715879064552,253,93,160,36.75889328063241,16.895715440582055,19.86317784005035,20.45270816491512,281.1058805709276,0,8,1.263330456891939,319.6226055936606,-12.931024875082281,19.9218788136996,,,,,,,,,,
LLOYDSENGG_MINED_BASE_G0_C1694,,0,3,3,close_ema_8_daily_range_5_pct >= 3.117710901412895 AND close_ema_8_daily_volatility_5_daily >= 1.0367159490053137 AND close_to_close_ema_3_daily_difference_pct >= 0.37388545459352607,253,93,160,36.75889328063241,16.895715440582055,19.86317784005035,20.45270816491512,281.1058805709276,0,8,1.263330456891939,319.6226055936606,-12.931024875082281,19.9218788136996,,,,,,,,,,
LLOYDSENGG_MINED_BASE_G0_C1695,,0,3,3,close_ema_8_daily_range_5_pct >= 3.117710901412895 AND close_ema_21_daily_range_5_pct >= 1.8831689286059863 AND close_ema_8_daily_volatility_5_daily >= 1.2672772609808338,340,108,232,31.76470588235294,16.895715440582055,14.868990441770883,27.4858528698464,281.0669361512367,0,11.600000000000001,0.7739946474607763,263.15818013666393,-12.931024875082281,19.9218788136996,,,,,,,,,,
LLOYDSENGG_MINED_BASE_G0_C1696,,0,3,3,close_ema_8_daily_range_5_pct >= 3.117710901412895 AND close_ema_21_daily_volatility_5_daily >= 0.5048951676587204 AND close_ema_13_daily_volatility_5_daily >= 0.8014195041727374,431,120,311,27.842227378190255,16.895715440582055,10.9465119376082,34.84236054971706,281.05583594900173,0,15.55,0.6244254203202497,269.1273561580276,-12.931024875082281,19.9218788136996,,,,,,,,,,
LLOYDSENGG_MINED_BASE_G0_C1697,,0,2,2,close_ema_13_daily_volatility_5_daily >= 0.6665343015434868 AND close_ema_3_daily_slope_pct >= 0.3776715879064552,310,103,207,33.225806451612904,16.895715440582055,16.33009101103085,25.060630557801133,281.0161994196958,0,10.350000000000001,1.2385814548472043,383.96025100263336,-12.931024875082281,19.9218788136996,,,,,,,,,,
LLOYDSENGG_MINED_BASE_G0_C1698,,0,2,2,close_ema_13_daily_volatility_5_daily >= 0.6665343015434868 AND close_to_close_ema_3_daily_difference_pct >= 0.37388545459352607,310,103,207,33.225806451612904,16.895715440582055,16.33009101103085,25.060630557801133,281.0161994196958,0,10.350000000000001,1.2385814548472043,383.96025100263336,-12.931024875082281,19.9218788136996,,,,,,,,,,
LLOYDSENGG_MINED_BASE_G0_C1699,,0,3,3,close_ema_13_daily_volatility_5_daily >= 0.6665343015434868 AND close_ema_3_daily_slope_pct >= 0.3776715879064552 AND close_to_close_ema_3_daily_difference_pct >= 0.37388545459352607,310,103,207,33.225806451612904,16.895715440582055,16.33009101103085,25.060630557801133,281.0161994196958,0,10.350000000000001,1.2385814548472043,383.96025100263336,-12.931024875082281,19.9218788136996,,,,,,,,,,
LLOYDSENGG_MINED_BASE_G0_C1700,,0,3,3,close_ema_8_daily_volatility_5_daily >= 0.8645495401600428 AND close_ema_3_daily_range_5_pct >= 5.878821482298 AND close_ema_3_daily_slope_pct >= 0.3776715879064552,253,93,160,36.75889328063241,16.895715440582055,19.86317784005035,20.45270816491512,280.97563591581036,0,8,1.2199155718528605,308.6386396787737,-12.931024875082281,19.9218788136996,,,,,,,,,,
LLOYDSENGG_MINED_BASE_G0_C1701,,0,3,3,close_ema_8_daily_volatility_5_daily >= 0.8645495401600428 AND close_ema_3_daily_range_5_pct >= 5.878821482298 AND close_to_close_ema_3_daily_difference_pct >= 0.37388545459352607,253,93,160,36.75889328063241,16.895715440582055,19.86317784005035,20.45270816491512,280.97563591581036,0,8,1.2199155718528605,308.6386396787737,-12.931024875082281,19.9218788136996,,,,,,,,,,
LLOYDSENGG_MINED_BASE_G0_C1702,,0,3,3,close_ema_8_daily_volatility_5_daily >= 1.0367159490053137 AND close_ema_13_daily_volatility_5_daily >= 0.6665343015434868 AND close_ema_3_daily_slope_pct >= 0.3776715879064552,264,95,169,35.984848484848484,16.895715440582055,19.08913304426643,21.341956345998383,280.59124325111,0,8.450000000000001,1.1985260099259358,316.41086662044705,-12.931024875082281,19.9218788136996,,,,,,,,,,
LLOYDSENGG_MINED_BASE_G0_C1703,,0,3,3,close_ema_8_daily_volatility_5_daily >= 1.0367159490053137 AND close_ema_13_daily_volatility_5_daily >= 0.6665343015434868 AND close_to_close_ema_3_daily_difference_pct >= 0.37388545459352607,264,95,169,35.984848484848484,16.895715440582055,19.08913304426643,21.341956345998383,280.59124325111,0,8.450000000000001,1.1985260099259358,316.41086662044705,-12.931024875082281,19.9218788136996,,,,,,,,,,
LLOYDSENGG_MINED_BASE_G0_C1704,,0,2,2,close_ema_8_daily_range_5_pct >= 3.117710901412895 AND close_ema_13_daily_volatility_5_daily >= 0.6665343015434868,518,129,389,24.903474903474905,16.895715440582055,8.00775946289285,41.875505254648345,280.4448589437006,0,19.450000000000003,0.6186872097454317,320.47997464813363,-12.931024875082281,19.9218788136996,,,,,,,,,,
LLOYDSENGG_MINED_BASE_G0_C1705,,0,3,3,close_ema_3_daily_range_5_pct >= 4.683096254230115 AND close_ema_13_daily_volatility_5_daily >= 0.6665343015434868 AND close_ema_3_daily_slope_pct >= 0.3776715879064552,259,94,165,36.293436293436294,16.895715440582055,19.39772085285424,20.937752627324173,280.3905335153007,0,8.25,1.2173097503431793,315.2832253388834,-12.931024875082281,19.9218788136996,,,,,,,,,,
LLOYDSENGG_MINED_BASE_G0_C1706,,0,3,3,close_ema_3_daily_range_5_pct >= 4.683096254230115 AND close_ema_13_daily_volatility_5_daily >= 0.6665343015434868 AND close_to_close_ema_3_daily_difference_pct >= 0.37388545459352607,259,94,165,36.293436293436294,16.895715440582055,19.39772085285424,20.937752627324173,280.3905335153007,0,8.25,1.2173097503431793,315.2832253388834,-12.931024875082281,19.9218788136996,,,,,,,,,,
LLOYDSENGG_MINED_BASE_G0_C1707,,0,3,3,close_ema_3_daily_range_5_pct >= 7.091176553732353 AND close_ema_21_daily_range_5_pct >= 1.8831689286059863 AND close_ema_3_daily_slope_pct >= 0.3776715879064552,186,78,108,41.935483870967744,16.895715440582055,25.03976843038569,15.036378334680677,280.20805177065876,0,5.4,1.46973653957676,273.3709963612774,-12.931024875082281,19.9218788136996,,,,,,,,,,
LLOYDSENGG_MINED_BASE_G0_C1708,,0,3,3,close_ema_3_daily_range_5_pct >= 7.091176553732353 AND close_ema_21_daily_range_5_pct >= 1.8831689286059863 AND close_to_close_ema_3_daily_difference_pct >= 0.37388545459352607,186,78,108,41.935483870967744,16.895715440582055,25.03976843038569,15.036378334680677,280.20805177065876,0,5.4,1.46973653957676,273.3709963612774,-12.931024875082281,19.9218788136996,,,,,,,,,,
LLOYDSENGG_MINED_BASE_G0_C1709,,0,3,3,close_ema_3_daily_range_5_pct >= 4.683096254230115 AND close_ema_8_daily_volatility_5_daily >= 0.8645495401600428 AND close_ema_3_daily_slope_pct >= 0.3776715879064552,276,97,179,35.14492753623188,16.895715440582055,18.249212095649828,22.31204527081649,279.80797488203274,0,8.950000000000001,1.1706381345945263,323.09612514808924,-12.931024875082281,19.9218788136996,,,,,,,,,,
LLOYDSENGG_MINED_BASE_G0_C1710,,0,3,3,close_ema_3_daily_range_5_pct >= 4.683096254230115 AND close_ema_8_daily_volatility_5_daily >= 0.8645495401600428 AND close_to_close_ema_3_daily_difference_pct >= 0.37388545459352607,276,97,179,35.14492753623188,16.895715440582055,18.249212095649828,22.31204527081649,279.80797488203274,0,8.950000000000001,1.1706381345945263,323.09612514808924,-12.931024875082281,19.9218788136996,,,,,,,,,,
LLOYDSENGG_MINED_BASE_G0_C1711,,0,3,3,close_ema_21_daily_range_5_pct >= 1.8831689286059863 AND close_ema_13_daily_volatility_5_daily >= 0.6665343015434868 AND close_ema_3_daily_slope_pct >= 0.3776715879064552,271,96,175,35.42435424354243,16.895715440582055,18.528638802960376,21.90784155214228,279.79036971909267,0,8.75,1.2990585680969122,352.0448719542632,-12.931024875082281,19.9218788136996,,,,,,,,,,
LLOYDSENGG_MINED_BASE_G0_C1712,,0,3,3,close_ema_21_daily_range_5_pct >= 1.8831689286059863 AND close_ema_13_daily_volatility_5_daily >= 0.6665343015434868 AND close_to_close_ema_3_daily_difference_pct >= 0.37388545459352607,271,96,175,35.42435424354243,16.895715440582055,18.528638802960376,21.90784155214228,279.79036971909267,0,8.75,1.2990585680969122,352.0448719542632,-12.931024875082281,19.9218788136996,,,,,,,,,,
LLOYDSENGG_MINED_BASE_G0_C1713,,0,2,2,close_ema_3_daily_range_5_pct >= 7.091176553732353 AND close_to_close_ema_3_daily_difference_pct >= 1.127345753351754,199,81,118,40.7035175879397,16.895715440582055,23.807802147357645,16.08730800323363,279.5467233400872,0,5.9,1.4692375344329986,292.37826935216674,-12.931024875082281,19.9218788136996,,,,,,,,,,
LLOYDSENGG_MINED_BASE_G0_C1714,,0,2,2,close_ema_3_daily_range_5_pct >= 7.091176553732353 AND close_ema_3_daily_slope_pct >= 1.1401997467767693,199,81,118,40.7035175879397,16.895715440582055,23.807802147357645,16.08730800323363,279.5467233400872,0,5.9,1.4692375344329986,292.37826935216674,-12.931024875082281,19.9218788136996,,,,,,,,,,
LLOYDSENGG_MINED_BASE_G0_C1715,,0,3,3,close_ema_3_daily_volatility_5_daily >= 1.4807591382075385 AND close_ema_3_daily_range_5_pct >= 7.091176553732353 AND close_to_close_ema_3_daily_difference_pct >= 1.127345753351754,199,81,118,40.7035175879397,16.895715440582055,23.807802147357645,16.08730800323363,279.5467233400872,0,5.9,1.4692375344329986,292.37826935216674,-12.931024875082281,19.9218788136996,,,,,,,,,,
LLOYDSENGG_MINED_BASE_G0_C1716,,0,3,3,close_ema_3_daily_volatility_5_daily >= 1.4807591382075385 AND close_ema_3_daily_range_5_pct >= 7.091176553732353 AND close_ema_3_daily_slope_pct >= 1.1401997467767693,199,81,118,40.7035175879397,16.895715440582055,23.807802147357645,16.08730800323363,279.5467233400872,0,5.9,1.4692375344329986,292.37826935216674,-12.931024875082281,19.9218788136996,,,,,,,,,,
LLOYDSENGG_MINED_BASE_G0_C1717,,0,3,3,close_ema_3_daily_range_5_pct >= 7.091176553732353 AND close_to_close_ema_3_daily_difference_pct >= 1.127345753351754 AND close_ema_3_daily_slope_pct >= 1.1401997467767693,199,81,118,40.7035175879397,16.895715440582055,23.807802147357645,16.08730800323363,279.5467233400872,0,5.9,1.4692375344329986,292.37826935216674,-12.931024875082281,19.9218788136996,,,,,,,,,,
LLOYDSENGG_MINED_BASE_G0_C1718,,0,3,3,close_ema_3_daily_range_5_pct >= 7.091176553732353 AND close_to_close_ema_3_daily_difference_pct >= 1.127345753351754 AND close_ema_3_daily_slope_pct >= 0.3776715879064552,199,81,118,40.7035175879397,16.895715440582055,23.807802147357645,16.08730800323363,279.5467233400872,0,5.9,1.4692375344329986,292.37826935216674,-12.931024875082281,19.9218788136996,,,,,,,,,,
LLOYDSENGG_MINED_BASE_G0_C1719,,0,3,3,close_ema_3_daily_range_5_pct >= 7.091176553732353 AND close_ema_3_daily_slope_pct >= 1.1401997467767693 AND close_to_close_ema_3_daily_difference_pct >= 0.37388545459352607,199,81,118,40.7035175879397,16.895715440582055,23.807802147357645,16.08730800323363,279.5467233400872,0,5.9,1.4692375344329986,292.37826935216674,-12.931024875082281,19.9218788136996,,,,,,,,,,
LLOYDSENGG_MINED_BASE_G0_C1720,,0,2,2,close_ema_3_daily_range_5_pct >= 7.091176553732353 AND close_ema_3_daily_slope_pct >= 0.3776715879064552,221,86,135,38.91402714932127,16.895715440582055,22.018311708739216,17.865804365400162,279.40653551645096,0,6.75,1.3549923242516257,299.4533036596093,-12.931024875082281,19.9218788136996,,,,,,,,,,
LLOYDSENGG_MINED_BASE_G0_C1721,,0,2,2,close_ema_3_daily_range_5_pct >= 7.091176553732353 AND close_to_close_ema_3_daily_difference_pct >= 0.37388545459352607,221,86,135,38.91402714932127,16.895715440582055,22.018311708739216,17.865804365400162,279.40653551645096,0,6.75,1.3549923242516257,299.4533036596093,-12.931024875082281,19.9218788136996,,,,,,,,,,
LLOYDSENGG_MINED_BASE_G0_C1722,,0,3,3,close_ema_3_daily_volatility_5_daily >= 1.4807591382075385 AND close_ema_3_daily_range_5_pct >= 7.091176553732353 AND close_ema_3_daily_slope_pct >= 0.3776715879064552,221,86,135,38.91402714932127,16.895715440582055,22.018311708739216,17.865804365400162,279.40653551645096,0,6.75,1.3549923242516257,299.4533036596093,-12.931024875082281,19.9218788136996,,,,,,,,,,
LLOYDSENGG_MINED_BASE_G0_C1723,,0,3,3,close_ema_3_daily_volatility_5_daily >= 1.4807591382075385 AND close_ema_3_daily_range_5_pct >= 7.091176553732353 AND close_to_close_ema_3_daily_difference_pct >= 0.37388545459352607,221,86,135,38.91402714932127,16.895715440582055,22.018311708739216,17.865804365400162,279.40653551645096,0,6.75,1.3549923242516257,299.4533036596093,-12.931024875082281,19.9218788136996,,,,,,,,,,
LLOYDSENGG_MINED_BASE_G0_C1724,,0,3,3,close_ema_3_daily_range_5_pct >= 7.091176553732353 AND close_ema_3_daily_slope_pct >= 0.3776715879064552 AND close_to_close_ema_3_daily_difference_pct >= 0.37388545459352607,221,86,135,38.91402714932127,16.895715440582055,22.018311708739216,17.865804365400162,279.40653551645096,0,6.75,1.3549923242516257,299.4533036596093,-12.931024875082281,19.9218788136996,,,,,,,,,,
LLOYDSENGG_MINED_BASE_G0_C1725,,0,3,3,close_ema_3_daily_volatility_5_daily >= 1.8141316287340417 AND close_ema_3_daily_range_5_pct >= 5.878821482298 AND close_to_close_ema_3_daily_difference_pct >= 1.127345753351754,221,86,135,38.91402714932127,16.895715440582055,22.018311708739216,17.865804365400162,279.32819217337766,0,6.75,1.328877876560533,293.6820107198778,-12.931024875082281,19.9218788136996,,,,,,,,,,
LLOYDSENGG_MINED_BASE_G0_C1726,,0,3,3,close_ema_3_daily_volatility_5_daily >= 1.8141316287340417 AND close_ema_3_daily_range_5_pct >= 5.878821482298 AND close_ema_3_daily_slope_pct >= 1.1401997467767693,221,86,135,38.91402714932127,16.895715440582055,22.018311708739216,17.865804365400162,279.32819217337766,0,6.75,1.328877876560533,293.6820107198778,-12.931024875082281,19.9218788136996,,,,,,,,,,
LLOYDSENGG_MINED_BASE_G0_C1727,,0,3,3,close_ema_3_daily_range_5_pct >= 7.091176553732353 AND close_ema_13_daily_volatility_5_daily >= 0.6665343015434868 AND close_ema_3_daily_slope_pct >= 0.3776715879064552,208,83,125,39.90384615384615,16.895715440582055,23.008130713264098,16.814874696847212,279.1379591041369,0,6.25,1.4491018459388079,301.413183955272,-12.931024875082281,19.9218788136996,,,,,,,,,,
LLOYDSENGG_MINED_BASE_G0_C1728,,0,3,3,close_ema_3_daily_range_5_pct >= 7.091176553732353 AND close_ema_13_daily_volatility_5_daily >= 0.6665343015434868 AND close_to_close_ema_3_daily_difference_pct >= 0.37388545459352607,208,83,125,39.90384615384615,16.895715440582055,23.008130713264098,16.814874696847212,279.1379591041369,0,6.25,1.4491018459388079,301.413183955272,-12.931024875082281,19.9218788136996,,,,,,,,,,
LLOYDSENGG_MINED_BASE_G0_C1729,,0,3,3,close_ema_3_daily_volatility_5_daily >= 1.8141316287340417 AND close_ema_3_daily_range_5_pct >= 7.091176553732353 AND close_ema_3_daily_slope_pct >= 0.3776715879064552,217,85,132,39.1705069124424,16.895715440582055,22.274791471860343,17.54244139046079,278.9269947382197,0,6.6000000000000005,1.3843457929726801,300.4030370750716,-12.931024875082281,19.9218788136996,,,,,,,,,,
LLOYDSENGG_MINED_BASE_G0_C1730,,0,3,3,close_ema_3_daily_volatility_5_daily >= 1.8141316287340417 AND close_ema_3_daily_range_5_pct >= 7.091176553732353 AND close_to_close_ema_3_daily_difference_pct >= 0.37388545459352607,217,85,132,39.1705069124424,16.895715440582055,22.274791471860343,17.54244139046079,278.9269947382197,0,6.6000000000000005,1.3843457929726801,300.4030370750716,-12.931024875082281,19.9218788136996,,,,,,,,,,
LLOYDSENGG_MINED_BASE_G0_C1731,,0,3,3,close_ema_8_daily_range_5_pct >= 3.117710901412895 AND close_ema_13_daily_volatility_5_daily >= 0.6665343015434868 AND close_ema_3_daily_slope_pct >= 0.3776715879064552,272,96,176,35.294117647058826,16.895715440582055,18.39840220647677,21.988682295877123,278.8702825925403,0,8.8,1.2260905200521548,333.4966214541861,-12.931024875082281,19.9218788136996,,,,,,,,,,
LLOYDSENGG_MINED_BASE_G0_C1732,,0,3,3,close_ema_8_daily_range_5_pct >= 3.117710901412895 AND close_ema_13_daily_volatility_5_daily >= 0.6665343015434868 AND close_to_close_ema_3_daily_difference_pct >= 0.37388545459352607,272,96,176,35.294117647058826,16.895715440582055,18.39840220647677,21.988682295877123,278.8702825925403,0,8.8,1.2260905200521548,333.4966214541861,-12.931024875082281,19.9218788136996,,,,,,,,,,
LLOYDSENGG_MINED_BASE_G0_C1733,,0,3,3,close_ema_3_daily_volatility_5_daily >= 1.8141316287340417 AND close_ema_3_daily_range_5_pct >= 5.878821482298 AND close_ema_3_daily_slope_pct >= 0.3776715879064552,246,91,155,36.99186991869919,16.895715440582055,20.096154478117132,19.886822958771223,278.4859740136788,0,7.75,1.2517338743643642,307.9265330936336,-12.931024875082281,19.9218788136996,,,,,,,,,,
LLOYDSENGG_MINED_BASE_G0_C1734,,0,3,3,close_ema_3_daily_volatility_5_daily >= 1.8141316287340417 AND close_ema_3_daily_range_5_pct >= 5.878821482298 AND close_to_close_ema_3_daily_difference_pct >= 0.37388545459352607,246,91,155,36.99186991869919,16.895715440582055,20.096154478117132,19.886822958771223,278.4859740136788,0,7.75,1.2517338743643642,307.9265330936336,-12.931024875082281,19.9218788136996,,,,,,,,,,
LLOYDSENGG_MINED_BASE_G0_C1735,,0,3,3,close_ema_3_daily_range_5_pct >= 7.091176553732353 AND close_to_close_ema_3_daily_difference_pct >= 1.127345753351754 AND close_ema_13_daily_volatility_5_daily >= 0.6665343015434868,188,78,110,41.48936170212766,16.895715440582055,24.593646261545604,15.198059822150364,278.04236488530216,0,5.5,1.5247111925247043,286.6457041946444,-12.931024875082281,19.9218788136996,,,,,,,,,,
LLOYDSENGG_MINED_BASE_G0_C1736,,0,3,3,close_ema_3_daily_range_5_pct >= 7.091176553732353 AND close_ema_3_daily_slope_pct >= 1.1401997467767693 AND close_ema_13_daily_volatility_5_daily >= 0.6665343015434868,188,78,110,41.48936170212766,16.895715440582055,24.593646261545604,15.198059822150364,278.04236488530216,0,5.5,1.5247111925247043,286.6457041946444,-12.931024875082281,19.9218788136996,,,,,,,,,,
LLOYDSENGG_MINED_BASE_G0_C1737,,0,3,3,close_ema_8_daily_volatility_5_daily >= 0.8645495401600428 AND close_ema_21_daily_range_5_pct >= 1.8831689286059863 AND close_ema_13_daily_volatility_5_daily >= 0.6665343015434868,487,125,362,25.667351129363446,16.895715440582055,8.77163568878139,39.369442198868235,277.5254516216918,0,18.1,0.5890910592616382,286.8873458604178,-12.931024875082281,19.9218788136996,,,,,,,,,,
LLOYDSENGG_MINED_BASE_G0_C1738,,0,3,3,close_ema_8_daily_volatility_5_daily >= 0.8645495401600428 AND close_ema_13_daily_volatility_5_daily >= 0.6665343015434868 AND close_ema_3_daily_slope_pct >= 0.3776715879064552,291,99,192,34.02061855670103,16.895715440582055,17.124903116118976,23.524656426839126,277.48142973628836,0,9.600000000000001,1.152304718564493,335.32067310226745,-12.931024875082281,19.9218788136996,,,,,,,,,,
LLOYDSENGG_MINED_BASE_G0_C1739,,0,3,3,close_ema_8_daily_volatility_5_daily >= 0.8645495401600428 AND close_ema_13_daily_volatility_5_daily >= 0.6665343015434868 AND close_to_close_ema_3_daily_difference_pct >= 0.37388545459352607,291,99,192,34.02061855670103,16.895715440582055,17.124903116118976,23.524656426839126,277.48142973628836,0,9.600000000000001,1.152304718564493,335.32067310226745,-12.931024875082281,19.9218788136996,,,,,,,,,,
LLOYDSENGG_MINED_BASE_G0_C1740,,0,2,2,close_ema_8_daily_range_5_pct >= 3.117710901412895 AND close_ema_21_daily_range_5_pct >= 1.8831689286059863,489,125,364,25.562372188139058,16.895715440582055,8.666656747557003,39.531123686337914,277.0745479974746,0,18.2,0.647088086563194,316.4260743294019,-12.931024875082281,19.9218788136996,,,,,,,,,,
LLOYDSENGG_MINED_BASE_G0_C1741,,0,3,3,close_ema_8_daily_range_5_pct >= 3.117710901412895 AND close_ema_21_daily_range_5_pct >= 1.8831689286059863 AND close_ema_3_daily_slope_pct >= 0.3776715879064552,248,91,157,36.693548387096776,16.895715440582055,19.79783294651472,20.048504446240905,276.9779054597431,0,7.8500000000000005,1.2795802423898421,317.33590011268086,-12.931024875082281,19.9218788136996,,,,,,,,,,
LLOYDSENGG_MINED_BASE_G0_C1742,,0,3,3,close_ema_8_daily_range_5_pct >= 3.117710901412895 AND close_ema_21_daily_range_5_pct >= 1.8831689286059863 AND close_to_close_ema_3_daily_difference_pct >= 0.37388545459352607,248,91,157,36.693548387096776,16.895715440582055,19.79783294651472,20.048504446240905,276.9779054597431,0,7.8500000000000005,1.2795802423898421,317.33590011268086,-12.931024875082281,19.9218788136996,,,,,,,,,,
LLOYDSENGG_MINED_BASE_G0_C1743,,0,3,3,close_ema_8_daily_volatility_5_daily >= 0.8645495401600428 AND close_ema_8_daily_range_5_pct >= 3.117710901412895 AND close_ema_21_daily_range_5_pct >= 1.8831689286059863,461,122,339,26.46420824295011,16.895715440582055,9.568492802368056,37.26758286176233,276.7529524030623,0,16.95,0.6201627970739989,285.8950494511135,-12.931024875082281,19.9218788136996,,,,,,,,,,
LLOYDSENGG_MINED_BASE_G0_C1744,,0,3,3,close_ema_8_daily_volatility_5_daily >= 0.8645495401600428 AND close_ema_8_daily_range_5_pct >= 3.117710901412895 AND close_ema_13_daily_volatility_5_daily >= 0.6665343015434868,501,126,375,25.149700598802394,16.895715440582055,8.253985158220338,40.50121261115602,276.3072341249423,0,18.75,0.5957694446135255,298.4804917513763,-12.931024875082281,19.9218788136996,,,,,,,,,,
LLOYDSENGG_MINED_BASE_G0_C1745,,0,3,3,close_ema_3_daily_volatility_5_daily >= 1.8141316287340417 AND close_ema_3_daily_range_5_pct >= 7.091176553732353 AND close_to_close_ema_3_daily_difference_pct >= 1.127345753351754,198,80,118,40.4040404040404,16.895715440582055,23.508324963458346,16.006467259498788,276.0085270227356,0,5.9,1.455634068481292,288.21554555929583,-12.931024875082281,19.9218788136996,,,,,,,,,,
LLOYDSENGG_MINED_BASE_G0_C1746,,0,3,3,close_ema_3_daily_volatility_5_daily >= 1.8141316287340417 AND close_ema_3_daily_range_5_pct >= 7.091176553732353 AND close_ema_3_daily_slope_pct >= 1.1401997467767693,198,80,118,40.4040404040404,16.895715440582055,23.508324963458346,16.006467259498788,276.0085270227356,0,5.9,1.455634068481292,288.21554555929583,-12.931024875082281,19.9218788136996,,,,,,,,,,
LLOYDSENGG_MINED_BASE_G0_C1747,,0,3,3,close_ema_8_daily_volatility_5_daily >= 0.8645495401600428 AND close_ema_8_daily_range_5_pct >= 3.117710901412895 AND close_ema_3_daily_slope_pct >= 0.3776715879064552,285,97,188,34.03508771929825,16.895715440582055,17.13937227871619,23.039611964430073,273.73052671217647,0,9.4,1.1445551061984918,326.19820526657014,-12.931024875082281,19.9218788136996,,,,,,,,,,
LLOYDSENGG_MINED_BASE_G0_C1748,,0,3,3,close_ema_8_daily_volatility_5_daily >= 0.8645495401600428 AND close_ema_8_daily_range_5_pct >= 3.117710901412895 AND close_to_close_ema_3_daily_difference_pct >= 0.37388545459352607,285,97,188,34.03508771929825,16.895715440582055,17.13937227871619,23.039611964430073,273.73052671217647,0,9.4,1.1445551061984918,326.19820526657014,-12.931024875082281,19.9218788136996,,,,,,,,,,
LLOYDSENGG_MINED_BASE_G0_C1749,,0,3,3,close_ema_8_daily_range_5_pct >= 3.117710901412895 AND close_ema_21_daily_range_5_pct >= 1.8831689286059863 AND close_ema_13_daily_volatility_5_daily >= 0.8014195041727374,425,117,308,27.52941176470588,16.895715440582055,10.633696324123825,34.35731608730801,273.52309731443444,0,15.4,0.5848718979384288,248.57055662383223,-12.931024875082281,19.9218788136996,,,,,,,,,,
LLOYDSENGG_MINED_BASE_G0_C1750,,0,3,3,close_ema_8_daily_range_5_pct >= 3.117710901412895 AND close_ema_3_daily_range_5_pct >= 7.091176553732353 AND close_to_close_ema_3_daily_difference_pct >= 1.127345753351754,196,79,117,40.30612244897959,16.895715440582055,23.410407008397538,15.844785772029102,273.51473286050754,0,5.8500000000000005,1.4375659395066238,281.7629241432983,-12.931024875082281,19.9218788136996,,,,,,,,,,
LLOYDSENGG_MINED_BASE_G0_C1751,,0,3,3,close_ema_8_daily_range_5_pct >= 3.117710901412895 AND close_ema_3_daily_range_5_pct >= 7.091176553732353 AND close_ema_3_daily_slope_pct >= 1.1401997467767693,196,79,117,40.30612244897959,16.895715440582055,23.410407008397538,15.844785772029102,273.51473286050754,0,5.8500000000000005,1.4375659395066238,281.7629241432983,-12.931024875082281,19.9218788136996,,,,,,,,,,
LLOYDSENGG_MINED_BASE_G0_C1752,,0,3,3,close_ema_8_daily_range_5_pct >= 3.117710901412895 AND close_ema_3_daily_range_5_pct >= 7.091176553732353 AND close_ema_3_daily_slope_pct >= 0.3776715879064552,218,84,134,38.53211009174312,16.895715440582055,21.636394651161066,17.623282134195634,273.4568075464119,0,6.7,1.3249447635355083,288.8379584507408,-12.931024875082281,19.9218788136996,,,,,,,,,,
LLOYDSENGG_MINED_BASE_G0_C1753,,0,3,3,close_ema_8_daily_range_5_pct >= 3.117710901412895 AND close_ema_3_daily_range_5_pct >= 7.091176553732353 AND close_to_close_ema_3_daily_difference_pct >= 0.37388545459352607,218,84,134,38.53211009174312,16.895715440582055,21.636394651161066,17.623282134195634,273.4568075464119,0,6.7,1.3249447635355083,288.8379584507408,-12.931024875082281,19.9218788136996,,,,,,,,,,
LLOYDSENGG_MINED_BASE_G0_C1754,,0,3,3,close_ema_8_daily_range_5_pct >= 3.117710901412895 AND close_ema_21_daily_range_5_pct >= 1.8831689286059863 AND close_ema_13_daily_volatility_5_daily >= 0.6665343015434868,471,122,349,25.902335456475583,16.895715440582055,9.006620015893528,38.07599029911075,273.3783613747591,0,17.45,0.5984204317638165,281.8560233607576,-12.931024875082281,19.9218788136996,,,,,,,,,,